ts,board_id,color,run_id,volt_set,volt_meas,intensity,kick_pc,kick_ms,phase,measured,skip_reason,t_on_ms,t_rising_ms,on_ms,en2_ms,flash,peak_mA,settled_mA,ldr_settled_V,valid,error,pass,fail_reason,on_min,flash_max,current_min
2026-09-22 11:25:52,MLLB_000_y1.0.3,AMBER,v4_amber_MLLB_000_y103_0922_1155,4.2,4.2,6,100,12,kaba,True,,188.0,36.0,814.0,1002.0,1.052,10.623,10.099,0.774,True,,False,ON,935.0,2.5,9.5
2026-09-22 11:26:08,MLLB_000_y1.0.3,AMBER,v4_amber_MLLB_000_y103_0922_1155,4.2,4.2,6,100,16,kaba,True,,104.0,38.0,898.0,1002.0,1.046,10.6,10.135,0.7738,True,,False,ON,935.0,2.5,9.5
2026-09-22 11:26:21,MLLB_000_y1.0.3,AMBER,v4_amber_MLLB_000_y103_0922_1155,4.2,4.2,6,100,20,kaba,True,,26.0,28.0,976.0,1002.0,1.035,10.508,10.157,0.7741,True,,True,,935.0,2.5,9.5
2026-09-22 11:26:33,MLLB_000_y1.0.3,AMBER,v4_amber_MLLB_000_y103_0922_1155,4.2,4.2,6,100,24,kaba,True,,26.0,28.0,976.0,1002.0,8.724,88.503,10.145,0.7746,True,,False,FLAS,935.0,2.5,9.5
2026-09-22 11:26:48,MLLB_000_y1.0.3,AMBER,v4_amber_MLLB_000_y103_0922_1155,4.2,4.2,6,100,17,ince,True,,82.0,34.0,920.0,1002.0,1.036,10.508,10.142,0.7739,True,,False,ON,935.0,2.5,9.5
2026-09-22 11:27:04,MLLB_000_y1.0.3,AMBER,v4_amber_MLLB_000_y103_0922_1155,4.2,4.2,6,100,18,ince,True,,60.0,36.0,942.0,1002.0,1.047,10.6,10.127,0.7737,True,,True,,935.0,2.5,9.5
2026-09-22 11:27:17,MLLB_000_y1.0.3,AMBER,v4_amber_MLLB_000_y103_0922_1155,4.2,4.2,6,100,19,ince,True,,36.0,36.0,966.0,1002.0,1.046,10.6,10.136,0.7735,True,,True,,935.0,2.5,9.5
2026-09-22 11:27:32,MLLB_000_y1.0.3,AMBER,v4_amber_MLLB_000_y103_0922_1155,4.2,4.2,6,100,21,ince,True,,26.0,28.0,976.0,1002.0,2.934,29.758,10.142,0.7738,True,,False,FLAS,935.0,2.5,9.5
2026-09-22 11:27:48,MLLB_000_y1.0.3,AMBER,v4_amber_MLLB_000_y103_0922_1155,4.2,4.2,6,100,22,ince,True,,26.0,28.0,976.0,1002.0,5.101,51.688,10.132,0.7744,True,,False,FLAS,935.0,2.5,9.5
2026-09-22 11:28:04,MLLB_000_y1.0.3,AMBER,v4_amber_MLLB_000_y103_0922_1155,4.2,4.2,6,100,23,ince,True,,26.0,28.0,976.0,1002.0,7.772,78.904,10.152,0.7736,True,,False,FLAS,935.0,2.5,9.5
2026-09-22 11:28:05,MLLB_000_y1.0.3,AMBER,v4_amber_MLLB_000_y103_0922_1155,4.2,4.2,6,100,,bitti,False,,,,,,,,,,,,,,935.0,2.5,9.5
2026-09-22 11:28:20,MLLB_000_y1.0.3,AMBER,v4_amber_MLLB_000_y103_0922_1155,4.2,4.2,6,80,12,kaba,True,,228.0,36.0,774.0,1002.0,1.06,10.691,10.082,0.7729,True,,False,ON,935.0,2.5,9.5
2026-09-22 11:28:36,MLLB_000_y1.0.3,AMBER,v4_amber_MLLB_000_y103_0922_1155,4.2,4.2,6,80,16,kaba,True,,160.0,36.0,842.0,1002.0,1.051,10.623,10.111,0.7739,True,,False,ON,935.0,2.5,9.5
2026-09-22 11:28:52,MLLB_000_y1.0.3,AMBER,v4_amber_MLLB_000_y103_0922_1155,4.2,4.2,6,80,20,kaba,True,,92.0,36.0,910.0,1002.0,1.044,10.577,10.132,0.7744,True,,False,ON,935.0,2.5,9.5
2026-09-22 11:29:08,MLLB_000_y1.0.3,AMBER,v4_amber_MLLB_000_y103_0922_1155,4.2,4.2,6,80,24,kaba,True,,30.0,28.0,972.0,1002.0,1.042,10.6,10.168,0.774,True,,True,,935.0,2.5,9.5
2026-09-22 11:29:24,MLLB_000_y1.0.3,AMBER,v4_amber_MLLB_000_y103_0922_1155,4.2,4.2,6,80,28,kaba,True,,30.0,28.0,972.0,1002.0,7.775,78.902,10.148,0.7745,True,,False,FLAS,935.0,2.5,9.5
2026-09-22 11:29:41,MLLB_000_y1.0.3,AMBER,v4_amber_MLLB_000_y103_0922_1155,4.2,4.2,6,80,21,ince,True,,74.0,36.0,928.0,1002.0,1.039,10.531,10.136,0.7733,True,,False,ON,935.0,2.5,9.5
2026-09-22 11:29:56,MLLB_000_y1.0.3,AMBER,v4_amber_MLLB_000_y103_0922_1155,4.2,4.2,6,80,22,ince,True,,56.0,36.0,946.0,1002.0,1.031,10.462,10.151,0.7744,True,,True,,935.0,2.5,9.5
2026-09-22 11:30:13,MLLB_000_y1.0.3,AMBER,v4_amber_MLLB_000_y103_0922_1155,4.2,4.2,6,80,23,ince,True,,36.0,38.0,966.0,1002.0,1.037,10.531,10.157,0.7735,True,,True,,935.0,2.5,9.5
2026-09-22 11:30:28,MLLB_000_y1.0.3,AMBER,v4_amber_MLLB_000_y103_0922_1155,4.2,4.2,6,80,25,ince,True,,30.0,28.0,972.0,1002.0,2.487,25.231,10.147,0.7732,True,,True,,935.0,2.5,9.5
2026-09-22 11:30:44,MLLB_000_y1.0.3,AMBER,v4_amber_MLLB_000_y103_0922_1155,4.2,4.2,6,80,26,ince,True,,30.0,28.0,972.0,1002.0,4.167,42.247,10.138,0.7731,True,,False,FLAS,935.0,2.5,9.5
2026-09-22 11:31:00,MLLB_000_y1.0.3,AMBER,v4_amber_MLLB_000_y103_0922_1155,4.2,4.2,6,80,27,ince,True,,30.0,28.0,972.0,1002.0,5.75,58.416,10.158,0.7741,True,,False,FLAS,935.0,2.5,9.5
2026-09-22 11:31:01,MLLB_000_y1.0.3,AMBER,v4_amber_MLLB_000_y103_0922_1155,4.2,4.2,6,80,,bitti,False,,,,,,,,,,,,,,935.0,2.5,9.5
2026-09-22 11:31:16,MLLB_000_y1.0.3,AMBER,v4_amber_MLLB_000_y103_0922_1155,4.2,4.2,6,60,12,kaba,True,,272.0,36.0,730.0,1002.0,1.056,10.668,10.099,0.7736,True,,False,ON,935.0,2.5,9.5
2026-09-22 11:31:32,MLLB_000_y1.0.3,AMBER,v4_amber_MLLB_000_y103_0922_1155,4.2,4.2,6,60,16,kaba,True,,224.0,36.0,778.0,1002.0,1.05,10.6,10.092,0.774,True,,False,ON,935.0,2.5,9.5
2026-09-22 11:31:48,MLLB_000_y1.0.3,AMBER,v4_amber_MLLB_000_y103_0922_1155,4.2,4.2,6,60,20,kaba,True,,174.0,36.0,828.0,1002.0,1.056,10.691,10.123,0.7734,True,,False,ON,935.0,2.5,9.5
2026-09-22 11:32:05,MLLB_000_y1.0.3,AMBER,v4_amber_MLLB_000_y103_0922_1155,4.2,4.2,6,60,24,kaba,True,,124.0,36.0,878.0,1002.0,1.047,10.6,10.124,0.7732,True,,False,ON,935.0,2.5,9.5
2026-09-22 11:32:20,MLLB_000_y1.0.3,AMBER,v4_amber_MLLB_000_y103_0922_1155,4.2,4.2,6,60,28,kaba,True,,72.0,36.0,930.0,1002.0,1.038,10.531,10.146,0.7732,True,,False,ON,935.0,2.5,9.5
2026-09-22 11:32:37,MLLB_000_y1.0.3,AMBER,v4_amber_MLLB_000_y103_0922_1155,4.2,4.2,6,60,32,kaba,True,,38.0,28.0,964.0,1002.0,1.52,15.422,10.147,0.7739,True,,True,,935.0,2.5,9.5
2026-09-22 11:32:53,MLLB_000_y1.0.3,AMBER,v4_amber_MLLB_000_y103_0922_1155,4.2,4.2,6,60,36,kaba,True,,38.0,28.0,964.0,1002.0,5.929,60.223,10.158,0.7744,True,,False,FLAS,935.0,2.5,9.5
2026-09-22 11:33:09,MLLB_000_y1.0.3,AMBER,v4_amber_MLLB_000_y103_0922_1155,4.2,4.2,6,60,29,ince,True,,60.0,36.0,942.0,1002.0,1.037,10.531,10.151,0.7732,True,,True,,935.0,2.5,9.5
2026-09-22 11:33:25,MLLB_000_y1.0.3,AMBER,v4_amber_MLLB_000_y103_0922_1155,4.2,4.2,6,60,30,ince,True,,44.0,36.0,958.0,1002.0,1.039,10.531,10.135,0.7739,True,,True,,935.0,2.5,9.5
2026-09-22 11:33:40,MLLB_000_y1.0.3,AMBER,v4_amber_MLLB_000_y103_0922_1155,4.2,4.2,6,60,31,ince,True,,38.0,28.0,964.0,1002.0,1.041,10.554,10.142,0.7738,True,,True,,935.0,2.5,9.5
2026-09-22 11:33:56,MLLB_000_y1.0.3,AMBER,v4_amber_MLLB_000_y103_0922_1155,4.2,4.2,6,60,33,ince,True,,38.0,28.0,964.0,1002.0,2.65,26.862,10.135,0.7735,True,,False,FLAS,935.0,2.5,9.5
2026-09-22 11:34:12,MLLB_000_y1.0.3,AMBER,v4_amber_MLLB_000_y103_0922_1155,4.2,4.2,6,60,34,ince,True,,38.0,28.0,964.0,1002.0,3.846,38.907,10.117,0.7737,True,,False,FLAS,935.0,2.5,9.5
2026-09-22 11:34:28,MLLB_000_y1.0.3,AMBER,v4_amber_MLLB_000_y103_0922_1155,4.2,4.2,6,60,35,ince,True,,38.0,28.0,964.0,1002.0,4.944,50.1,10.134,0.7736,True,,False,FLAS,935.0,2.5,9.5
2026-09-22 11:34:29,MLLB_000_y1.0.3,AMBER,v4_amber_MLLB_000_y103_0922_1155,4.2,4.2,6,60,,bitti,False,,,,,,,,,,,,,,935.0,2.5,9.5
2026-09-22 11:35:02,MLLB_000_y1.0.3,AMBER,v4_amber_MLLB_000_y103_0922_1155,4.2,4.2,7,100,12,kaba,True,,156.0,32.0,846.0,1002.0,1.049,13.042,12.43,0.7738,True,,False,ON,935.0,2.5,9.5
2026-09-22 11:35:19,MLLB_000_y1.0.3,AMBER,v4_amber_MLLB_000_y103_0922_1155,4.2,4.2,7,100,16,kaba,True,,86.0,32.0,916.0,1002.0,1.039,12.949,12.468,0.773,True,,False,ON,935.0,2.5,9.5
2026-09-22 11:35:34,MLLB_000_y1.0.3,AMBER,v4_amber_MLLB_000_y103_0922_1155,4.2,4.2,7,100,20,kaba,True,,26.0,28.0,976.0,1002.0,1.042,12.995,12.467,0.7734,True,,True,,935.0,2.5,9.5
2026-09-22 11:35:50,MLLB_000_y1.0.3,AMBER,v4_amber_MLLB_000_y103_0922_1155,4.2,4.2,7,100,24,kaba,True,,26.0,28.0,976.0,1002.0,7.148,89.032,12.456,0.7741,True,,False,FLAS,935.0,2.5,9.5
2026-09-22 11:36:07,MLLB_000_y1.0.3,AMBER,v4_amber_MLLB_000_y103_0922_1155,4.2,4.2,7,100,17,ince,True,,70.0,32.0,932.0,1002.0,1.036,12.903,12.458,0.7732,True,,False,ON,935.0,2.5,9.5
2026-09-22 11:36:23,MLLB_000_y1.0.3,AMBER,v4_amber_MLLB_000_y103_0922_1155,4.2,4.2,7,100,18,ince,True,,52.0,36.0,950.0,1002.0,1.044,12.995,12.453,0.7742,True,,True,,935.0,2.5,9.5
2026-09-22 11:36:39,MLLB_000_y1.0.3,AMBER,v4_amber_MLLB_000_y103_0922_1155,4.2,4.2,7,100,19,ince,True,,32.0,34.0,970.0,1002.0,1.033,12.879,12.473,0.7741,True,,True,,935.0,2.5,9.5
2026-09-22 11:36:55,MLLB_000_y1.0.3,AMBER,v4_amber_MLLB_000_y103_0922_1155,4.2,4.2,7,100,21,ince,True,,26.0,28.0,976.0,1002.0,2.46,30.64,12.455,0.774,True,,True,,935.0,2.5,9.5
2026-09-22 11:37:11,MLLB_000_y1.0.3,AMBER,v4_amber_MLLB_000_y103_0922_1155,4.2,4.2,7,100,22,ince,True,,26.0,28.0,976.0,1002.0,4.246,52.871,12.451,0.7743,True,,False,FLAS,935.0,2.5,9.5
2026-09-22 11:37:27,MLLB_000_y1.0.3,AMBER,v4_amber_MLLB_000_y103_0922_1155,4.2,4.2,7,100,23,ince,True,,26.0,28.0,976.0,1002.0,6.398,79.652,12.449,0.7735,True,,False,FLAS,935.0,2.5,9.5
2026-09-22 11:37:27,MLLB_000_y1.0.3,AMBER,v4_amber_MLLB_000_y103_0922_1155,4.2,4.2,7,100,,bitti,False,,,,,,,,,,,,,,935.0,2.5,9.5
2026-09-22 11:37:42,MLLB_000_y1.0.3,AMBER,v4_amber_MLLB_000_y103_0922_1155,4.2,4.2,7,80,12,kaba,True,,188.0,36.0,814.0,1002.0,1.042,12.926,12.4,0.7732,True,,False,ON,935.0,2.5,9.5
2026-09-22 11:37:58,MLLB_000_y1.0.3,AMBER,v4_amber_MLLB_000_y103_0922_1155,4.2,4.2,7,80,16,kaba,True,,134.0,32.0,868.0,1002.0,1.052,13.088,12.444,0.7738,True,,False,ON,935.0,2.5,9.5
2026-09-22 11:38:15,MLLB_000_y1.0.3,AMBER,v4_amber_MLLB_000_y103_0922_1155,4.2,4.2,7,80,20,kaba,True,,78.0,32.0,924.0,1002.0,1.042,12.995,12.468,0.7739,True,,False,ON,935.0,2.5,9.5
2026-09-22 11:38:31,MLLB_000_y1.0.3,AMBER,v4_amber_MLLB_000_y103_0922_1155,4.2,4.2,7,80,24,kaba,True,,30.0,28.0,972.0,1002.0,1.04,12.972,12.477,0.7742,True,,True,,935.0,2.5,9.5
2026-09-22 11:38:46,MLLB_000_y1.0.3,AMBER,v4_amber_MLLB_000_y103_0922_1155,4.2,4.2,7,80,28,kaba,True,,30.0,28.0,972.0,1002.0,6.452,80.401,12.462,0.7741,True,,False,FLAS,935.0,2.5,9.5
2026-09-22 11:39:03,MLLB_000_y1.0.3,AMBER,v4_amber_MLLB_000_y103_0922_1155,4.2,4.2,7,80,21,ince,True,,64.0,36.0,938.0,1002.0,1.032,12.856,12.454,0.7745,True,,True,,935.0,2.5,9.5
2026-09-22 11:39:19,MLLB_000_y1.0.3,AMBER,v4_amber_MLLB_000_y103_0922_1155,4.2,4.2,7,80,22,ince,True,,50.0,32.0,952.0,1002.0,1.039,12.949,12.469,0.7742,True,,True,,935.0,2.5,9.5
2026-09-22 11:39:34,MLLB_000_y1.0.3,AMBER,v4_amber_MLLB_000_y103_0922_1155,4.2,4.2,7,80,23,ince,True,,34.0,34.0,968.0,1002.0,1.037,12.926,12.465,0.7743,True,,True,,935.0,2.5,9.5
2026-09-22 11:39:51,MLLB_000_y1.0.3,AMBER,v4_amber_MLLB_000_y103_0922_1155,4.2,4.2,7,80,25,ince,True,,30.0,28.0,972.0,1002.0,2.041,25.453,12.468,0.7741,True,,True,,935.0,2.5,9.5
2026-09-22 11:40:07,MLLB_000_y1.0.3,AMBER,v4_amber_MLLB_000_y103_0922_1155,4.2,4.2,7,80,26,ince,True,,30.0,28.0,972.0,1002.0,3.441,42.937,12.477,0.7742,True,,False,FLAS,935.0,2.5,9.5
2026-09-22 11:40:23,MLLB_000_y1.0.3,AMBER,v4_amber_MLLB_000_y103_0922_1155,4.2,4.2,7,80,27,ince,True,,30.0,28.0,972.0,1002.0,4.723,58.839,12.457,0.7738,True,,False,FLAS,935.0,2.5,9.5
2026-09-22 11:40:23,MLLB_000_y1.0.3,AMBER,v4_amber_MLLB_000_y103_0922_1155,4.2,4.2,7,80,,bitti,False,,,,,,,,,,,,,,935.0,2.5,9.5
2026-09-22 11:40:38,MLLB_000_y1.0.3,AMBER,v4_amber_MLLB_000_y103_0922_1155,4.2,4.2,7,60,12,kaba,True,,224.0,32.0,778.0,1002.0,1.052,13.042,12.399,0.7737,True,,False,ON,935.0,2.5,9.5
2026-09-22 11:40:55,MLLB_000_y1.0.3,AMBER,v4_amber_MLLB_000_y103_0922_1155,4.2,4.2,7,60,16,kaba,True,,186.0,34.0,816.0,1002.0,1.049,13.042,12.43,0.7737,True,,False,ON,935.0,2.5,9.5
2026-09-22 11:41:11,MLLB_000_y1.0.3,AMBER,v4_amber_MLLB_000_y103_0922_1155,4.2,4.2,7,60,20,kaba,True,,146.0,34.0,856.0,1002.0,1.055,13.088,12.409,0.7748,True,,False,ON,935.0,2.5,9.5
2026-09-22 11:41:26,MLLB_000_y1.0.3,AMBER,v4_amber_MLLB_000_y103_0922_1155,4.2,4.2,7,60,24,kaba,True,,106.0,34.0,896.0,1002.0,1.048,13.042,12.45,0.7732,True,,False,ON,935.0,2.5,9.5
2026-09-22 11:41:43,MLLB_000_y1.0.3,AMBER,v4_amber_MLLB_000_y103_0922_1155,4.2,4.2,7,60,28,kaba,True,,64.0,36.0,938.0,1002.0,1.04,12.949,12.453,0.7746,True,,True,,935.0,2.5,9.5
2026-09-22 11:41:55,MLLB_000_y1.0.3,AMBER,v4_amber_MLLB_000_y103_0922_1155,4.2,4.2,7,60,32,kaba,True,,38.0,28.0,964.0,1002.0,1.254,15.609,12.443,0.7734,True,,True,,935.0,2.5,9.5
2026-09-22 11:42:11,MLLB_000_y1.0.3,AMBER,v4_amber_MLLB_000_y103_0922_1155,4.2,4.2,7,60,36,kaba,True,,38.0,28.0,964.0,1002.0,4.904,61.102,12.459,0.7743,True,,False,FLAS,935.0,2.5,9.5
2026-09-22 11:42:26,MLLB_000_y1.0.3,AMBER,v4_amber_MLLB_000_y103_0922_1155,4.2,4.2,7,60,40,kaba,True,,38.0,28.0,964.0,1002.0,7.233,90.159,12.464,0.7736,True,,False,FLAS,935.0,2.5,9.5
2026-09-22 11:42:43,MLLB_000_y1.0.3,AMBER,v4_amber_MLLB_000_y103_0922_1155,4.2,4.2,7,60,25,ince,True,,96.0,32.0,906.0,1002.0,1.045,12.995,12.435,0.7739,True,,False,ON,935.0,2.5,9.5
2026-09-22 11:42:59,MLLB_000_y1.0.3,AMBER,v4_amber_MLLB_000_y103_0922_1155,4.2,4.2,7,60,26,ince,True,,84.0,36.0,918.0,1002.0,1.036,12.903,12.451,0.7741,True,,False,ON,935.0,2.5,9.5
2026-09-22 11:43:15,MLLB_000_y1.0.3,AMBER,v4_amber_MLLB_000_y103_0922_1155,4.2,4.2,7,60,27,ince,True,,76.0,32.0,926.0,1002.0,1.044,12.995,12.45,0.7733,True,,False,ON,935.0,2.5,9.5
2026-09-22 11:43:15,MLLB_000_y1.0.3,AMBER,v4_amber_MLLB_000_y103_0922_1155,4.2,4.2,7,60,29,ince,False,iki-OK-arasi-monotonluk,,,,,,,,,,,True,,935.0,2.5,9.5
2026-09-22 11:43:15,MLLB_000_y1.0.3,AMBER,v4_amber_MLLB_000_y103_0922_1155,4.2,4.2,7,60,30,ince,False,iki-OK-arasi-monotonluk,,,,,,,,,,,True,,935.0,2.5,9.5
2026-09-22 11:43:15,MLLB_000_y1.0.3,AMBER,v4_amber_MLLB_000_y103_0922_1155,4.2,4.2,7,60,31,ince,False,iki-OK-arasi-monotonluk,,,,,,,,,,,True,,935.0,2.5,9.5
2026-09-22 11:43:30,MLLB_000_y1.0.3,AMBER,v4_amber_MLLB_000_y103_0922_1155,4.2,4.2,7,60,33,ince,True,,38.0,28.0,964.0,1002.0,2.195,27.334,12.45,0.7729,True,,True,,935.0,2.5,9.5
2026-09-22 11:43:46,MLLB_000_y1.0.3,AMBER,v4_amber_MLLB_000_y103_0922_1155,4.2,4.2,7,60,34,ince,True,,38.0,28.0,964.0,1002.0,3.157,39.299,12.448,0.7742,True,,False,FLAS,935.0,2.5,9.5
2026-09-22 11:44:02,MLLB_000_y1.0.3,AMBER,v4_amber_MLLB_000_y103_0922_1155,4.2,4.2,7,60,35,ince,True,,38.0,28.0,964.0,1002.0,4.064,50.619,12.455,0.7732,True,,False,FLAS,935.0,2.5,9.5
2026-09-22 11:44:03,MLLB_000_y1.0.3,AMBER,v4_amber_MLLB_000_y103_0922_1155,4.2,4.2,7,60,,bitti,False,,,,,,,,,,,,,,935.0,2.5,9.5
2026-09-22 11:44:40,MLLB_000_y1.0.3,AMBER,v4_amber_MLLB_000_y103_0922_1155,4.2,4.2,8,100,12,kaba,True,,132.0,32.0,870.0,1002.0,1.047,15.539,14.837,0.7743,True,,False,ON,935.0,2.5,9.5
2026-09-22 11:44:57,MLLB_000_y1.0.3,AMBER,v4_amber_MLLB_000_y103_0922_1155,4.2,4.2,8,100,16,kaba,True,,76.0,32.0,926.0,1002.0,1.041,15.468,14.856,0.7734,True,,False,ON,935.0,2.5,9.5
2026-09-22 11:45:09,MLLB_000_y1.0.3,AMBER,v4_amber_MLLB_000_y103_0922_1155,4.2,4.2,8,100,20,kaba,True,,26.0,28.0,976.0,1002.0,1.04,15.468,14.868,0.7743,True,,True,,935.0,2.5,9.5
2026-09-22 11:45:25,MLLB_000_y1.0.3,AMBER,v4_amber_MLLB_000_y103_0922_1155,4.2,4.2,8,100,24,kaba,True,,26.0,28.0,976.0,1002.0,6.046,89.783,14.849,0.7737,True,,False,FLAS,935.0,2.5,9.5
2026-09-22 11:45:41,MLLB_000_y1.0.3,AMBER,v4_amber_MLLB_000_y103_0922_1155,4.2,4.2,8,100,17,ince,True,,62.0,32.0,940.0,1002.0,1.04,15.445,14.852,0.7737,True,,True,,935.0,2.5,9.5
2026-09-22 11:45:56,MLLB_000_y1.0.3,AMBER,v4_amber_MLLB_000_y103_0922_1155,4.2,4.2,8,100,18,ince,True,,48.0,32.0,954.0,1002.0,1.036,15.398,14.859,0.7733,True,,True,,935.0,2.5,9.5
2026-09-22 11:46:12,MLLB_000_y1.0.3,AMBER,v4_amber_MLLB_000_y103_0922_1155,4.2,4.2,8,100,19,ince,True,,32.0,34.0,970.0,1002.0,1.038,15.445,14.874,0.7742,True,,True,,935.0,2.5,9.5
2026-09-22 11:46:29,MLLB_000_y1.0.3,AMBER,v4_amber_MLLB_000_y103_0922_1155,4.2,4.2,8,100,21,ince,True,,26.0,28.0,976.0,1002.0,2.077,30.866,14.86,0.7732,True,,True,,935.0,2.5,9.5
2026-09-22 11:46:45,MLLB_000_y1.0.3,AMBER,v4_amber_MLLB_000_y103_0922_1155,4.2,4.2,8,100,22,ince,True,,26.0,28.0,976.0,1002.0,3.528,52.458,14.869,0.7739,True,,False,FLAS,935.0,2.5,9.5
2026-09-22 11:47:01,MLLB_000_y1.0.3,AMBER,v4_amber_MLLB_000_y103_0922_1155,4.2,4.2,8,100,23,ince,True,,26.0,28.0,976.0,1002.0,5.353,79.652,14.879,0.7738,True,,False,FLAS,935.0,2.5,9.5
2026-09-22 11:47:01,MLLB_000_y1.0.3,AMBER,v4_amber_MLLB_000_y103_0922_1155,4.2,4.2,8,100,,bitti,False,,,,,,,,,,,,,,935.0,2.5,9.5
2026-09-22 11:47:16,MLLB_000_y1.0.3,AMBER,v4_amber_MLLB_000_y103_0922_1155,4.2,4.2,8,80,12,kaba,True,,160.0,34.0,842.0,1002.0,1.044,15.492,14.838,0.7747,True,,False,ON,935.0,2.5,9.5
2026-09-22 11:47:33,MLLB_000_y1.0.3,AMBER,v4_amber_MLLB_000_y103_0922_1155,4.2,4.2,8,80,16,kaba,True,,116.0,32.0,886.0,1002.0,1.039,15.445,14.858,0.7741,True,,False,ON,935.0,2.5,9.5
2026-09-22 11:47:48,MLLB_000_y1.0.3,AMBER,v4_amber_MLLB_000_y103_0922_1155,4.2,4.2,8,80,20,kaba,True,,70.0,32.0,932.0,1002.0,1.038,15.421,14.862,0.7733,True,,False,ON,935.0,2.5,9.5
2026-09-22 11:48:05,MLLB_000_y1.0.3,AMBER,v4_amber_MLLB_000_y103_0922_1155,4.2,4.2,8,80,24,kaba,True,,30.0,28.0,972.0,1002.0,1.04,15.492,14.889,0.7745,True,,True,,935.0,2.5,9.5
2026-09-22 11:48:20,MLLB_000_y1.0.3,AMBER,v4_amber_MLLB_000_y103_0922_1155,4.2,4.2,8,80,28,kaba,True,,30.0,28.0,972.0,1002.0,5.435,80.776,14.863,0.7738,True,,False,FLAS,935.0,2.5,9.5
2026-09-22 11:48:37,MLLB_000_y1.0.3,AMBER,v4_amber_MLLB_000_y103_0922_1155,4.2,4.2,8,80,21,ince,True,,58.0,32.0,944.0,1002.0,1.043,15.492,14.856,0.7742,True,,True,,935.0,2.5,9.5
2026-09-22 11:48:52,MLLB_000_y1.0.3,AMBER,v4_amber_MLLB_000_y103_0922_1155,4.2,4.2,8,80,22,ince,True,,46.0,32.0,956.0,1002.0,1.038,15.445,14.882,0.774,True,,True,,935.0,2.5,9.5
2026-09-22 11:49:09,MLLB_000_y1.0.3,AMBER,v4_amber_MLLB_000_y103_0922_1155,4.2,4.2,8,80,23,ince,True,,34.0,34.0,968.0,1002.0,1.044,15.492,14.838,0.7737,True,,True,,935.0,2.5,9.5
2026-09-22 11:49:25,MLLB_000_y1.0.3,AMBER,v4_amber_MLLB_000_y103_0922_1155,4.2,4.2,8,80,25,ince,True,,30.0,28.0,972.0,1002.0,1.723,25.601,14.859,0.7737,True,,True,,935.0,2.5,9.5
2026-09-22 11:49:41,MLLB_000_y1.0.3,AMBER,v4_amber_MLLB_000_y103_0922_1155,4.2,4.2,8,80,26,ince,True,,30.0,28.0,972.0,1002.0,2.883,42.884,14.876,0.7743,True,,False,FLAS,935.0,2.5,9.5
2026-09-22 11:49:57,MLLB_000_y1.0.3,AMBER,v4_amber_MLLB_000_y103_0922_1155,4.2,4.2,8,80,27,ince,True,,30.0,28.0,972.0,1002.0,3.998,59.544,14.894,0.7747,True,,False,FLAS,935.0,2.5,9.5
2026-09-22 11:49:57,MLLB_000_y1.0.3,AMBER,v4_amber_MLLB_000_y103_0922_1155,4.2,4.2,8,80,,bitti,False,,,,,,,,,,,,,,935.0,2.5,9.5
2026-09-22 11:50:13,MLLB_000_y1.0.3,AMBER,v4_amber_MLLB_000_y103_0922_1155,4.2,4.2,8,60,12,kaba,True,,190.0,32.0,812.0,1002.0,1.048,15.539,14.827,0.7748,True,,False,ON,935.0,2.5,9.5
2026-09-22 11:50:29,MLLB_000_y1.0.3,AMBER,v4_amber_MLLB_000_y103_0922_1155,4.2,4.2,8,60,16,kaba,True,,160.0,32.0,842.0,1002.0,1.047,15.539,14.835,0.7739,True,,False,ON,935.0,2.5,9.5
2026-09-22 11:50:44,MLLB_000_y1.0.3,AMBER,v4_amber_MLLB_000_y103_0922_1155,4.2,4.2,8,60,20,kaba,True,,126.0,32.0,876.0,1002.0,1.048,15.562,14.843,0.7739,True,,False,ON,935.0,2.5,9.5
2026-09-22 11:51:01,MLLB_000_y1.0.3,AMBER,v4_amber_MLLB_000_y103_0922_1155,4.2,4.2,8,60,24,kaba,True,,92.0,34.0,910.0,1002.0,1.045,15.515,14.846,0.7742,True,,False,ON,935.0,2.5,9.5
2026-09-22 11:51:17,MLLB_000_y1.0.3,AMBER,v4_amber_MLLB_000_y103_0922_1155,4.2,4.2,8,60,28,kaba,True,,60.0,32.0,942.0,1002.0,1.047,15.562,14.866,0.7743,True,,True,,935.0,2.5,9.5
2026-09-22 11:51:33,MLLB_000_y1.0.3,AMBER,v4_amber_MLLB_000_y103_0922_1155,4.2,4.2,8,60,32,kaba,True,,38.0,28.0,964.0,1002.0,1.075,15.985,14.876,0.774,True,,True,,935.0,2.5,9.5
2026-09-22 11:51:49,MLLB_000_y1.0.3,AMBER,v4_amber_MLLB_000_y103_0922_1155,4.2,4.2,8,60,36,kaba,True,,38.0,28.0,964.0,1002.0,4.102,60.989,14.869,0.7746,True,,False,FLAS,935.0,2.5,9.5
2026-09-22 11:52:05,MLLB_000_y1.0.3,AMBER,v4_amber_MLLB_000_y103_0922_1155,4.2,4.2,8,60,40,kaba,True,,38.0,28.0,964.0,1002.0,6.117,90.909,14.861,0.7745,True,,False,FLAS,935.0,2.5,9.5
2026-09-22 11:52:20,MLLB_000_y1.0.3,AMBER,v4_amber_MLLB_000_y103_0922_1155,4.2,4.2,8,60,25,ince,True,,84.0,32.0,918.0,1002.0,1.048,15.586,14.865,0.7735,True,,False,ON,935.0,2.5,9.5
2026-09-22 11:52:37,MLLB_000_y1.0.3,AMBER,v4_amber_MLLB_000_y103_0922_1155,4.2,4.2,8,60,26,ince,True,,76.0,32.0,926.0,1002.0,1.043,15.515,14.871,0.7733,True,,False,ON,935.0,2.5,9.5
2026-09-22 11:52:53,MLLB_000_y1.0.3,AMBER,v4_amber_MLLB_000_y103_0922_1155,4.2,4.2,8,60,27,ince,True,,68.0,32.0,934.0,1002.0,1.038,15.421,14.853,0.7739,True,,False,ON,935.0,2.5,9.5
2026-09-22 11:52:53,MLLB_000_y1.0.3,AMBER,v4_amber_MLLB_000_y103_0922_1155,4.2,4.2,8,60,29,ince,False,iki-OK-arasi-monotonluk,,,,,,,,,,,True,,935.0,2.5,9.5
2026-09-22 11:52:53,MLLB_000_y1.0.3,AMBER,v4_amber_MLLB_000_y103_0922_1155,4.2,4.2,8,60,30,ince,False,iki-OK-arasi-monotonluk,,,,,,,,,,,True,,935.0,2.5,9.5
2026-09-22 11:52:53,MLLB_000_y1.0.3,AMBER,v4_amber_MLLB_000_y103_0922_1155,4.2,4.2,8,60,31,ince,False,iki-OK-arasi-monotonluk,,,,,,,,,,,True,,935.0,2.5,9.5
2026-09-22 11:53:09,MLLB_000_y1.0.3,AMBER,v4_amber_MLLB_000_y103_0922_1155,4.2,4.2,8,60,33,ince,True,,38.0,28.0,964.0,1002.0,1.868,27.782,14.869,0.7745,True,,True,,935.0,2.5,9.5
2026-09-22 11:53:25,MLLB_000_y1.0.3,AMBER,v4_amber_MLLB_000_y103_0922_1155,4.2,4.2,8,60,34,ince,True,,38.0,28.0,964.0,1002.0,2.669,39.613,14.842,0.7738,True,,False,FLAS,935.0,2.5,9.5
2026-09-22 11:53:41,MLLB_000_y1.0.3,AMBER,v4_amber_MLLB_000_y103_0922_1155,4.2,4.2,8,60,35,ince,True,,38.0,28.0,964.0,1002.0,3.395,50.482,14.868,0.7736,True,,False,FLAS,935.0,2.5,9.5
2026-09-22 11:53:41,MLLB_000_y1.0.3,AMBER,v4_amber_MLLB_000_y103_0922_1155,4.2,4.2,8,60,,bitti,False,,,,,,,,,,,,,,935.0,2.5,9.5
2026-09-22 11:54:18,MLLB_000_y1.0.3,AMBER,v4_amber_MLLB_000_y103_0922_1155,4.2,4.2,10,100,12,kaba,True,,106.0,28.0,896.0,1002.0,1.038,20.364,19.622,0.7747,True,,False,ON,935.0,2.5,9.5
2026-09-22 11:54:35,MLLB_000_y1.0.3,AMBER,v4_amber_MLLB_000_y103_0922_1155,4.2,4.2,10,100,16,kaba,True,,64.0,32.0,938.0,1002.0,1.037,20.364,19.635,0.7745,True,,True,,935.0,2.5,9.5
2026-09-22 11:54:51,MLLB_000_y1.0.3,AMBER,v4_amber_MLLB_000_y103_0922_1155,4.2,4.2,10,100,20,kaba,True,,26.0,28.0,976.0,1002.0,1.036,20.34,19.638,0.7746,True,,True,,935.0,2.5,9.5
2026-09-22 11:55:07,MLLB_000_y1.0.3,AMBER,v4_amber_MLLB_000_y103_0922_1155,4.2,4.2,10,100,24,kaba,True,,26.0,28.0,976.0,1002.0,4.623,90.91,19.665,0.7736,True,,False,FLAS,935.0,2.5,9.5
2026-09-22 11:55:23,MLLB_000_y1.0.3,AMBER,v4_amber_MLLB_000_y103_0922_1155,4.2,4.2,10,100,28,kaba,True,,26.0,28.0,976.0,1002.0,7.912,155.495,19.653,0.7751,True,,False,FLAS,935.0,2.5,9.5
2026-09-22 11:55:39,MLLB_000_y1.0.3,AMBER,v4_amber_MLLB_000_y103_0922_1155,4.2,4.2,10,100,13,ince,True,,94.0,32.0,908.0,1002.0,1.037,20.364,19.63,0.774,True,,False,ON,935.0,2.5,9.5
2026-09-22 11:55:55,MLLB_000_y1.0.3,AMBER,v4_amber_MLLB_000_y103_0922_1155,4.2,4.2,10,100,14,ince,True,,84.0,30.0,918.0,1002.0,1.04,20.436,19.651,0.7741,True,,False,ON,935.0,2.5,9.5
2026-09-22 11:56:10,MLLB_000_y1.0.3,AMBER,v4_amber_MLLB_000_y103_0922_1155,4.2,4.2,10,100,15,ince,True,,74.0,32.0,928.0,1002.0,1.037,20.34,19.618,0.7734,True,,False,ON,935.0,2.5,9.5
2026-09-22 11:56:11,MLLB_000_y1.0.3,AMBER,v4_amber_MLLB_000_y103_0922_1155,4.2,4.2,10,100,17,ince,False,iki-OK-arasi-monotonluk,,,,,,,,,,,True,,935.0,2.5,9.5
2026-09-22 11:56:11,MLLB_000_y1.0.3,AMBER,v4_amber_MLLB_000_y103_0922_1155,4.2,4.2,10,100,18,ince,False,iki-OK-arasi-monotonluk,,,,,,,,,,,True,,935.0,2.5,9.5
2026-09-22 11:56:11,MLLB_000_y1.0.3,AMBER,v4_amber_MLLB_000_y103_0922_1155,4.2,4.2,10,100,19,ince,False,iki-OK-arasi-monotonluk,,,,,,,,,,,True,,935.0,2.5,9.5
2026-09-22 11:56:27,MLLB_000_y1.0.3,AMBER,v4_amber_MLLB_000_y103_0922_1155,4.2,4.2,10,100,21,ince,True,,26.0,28.0,976.0,1002.0,1.604,31.524,19.652,0.7745,True,,True,,935.0,2.5,9.5
2026-09-22 11:56:43,MLLB_000_y1.0.3,AMBER,v4_amber_MLLB_000_y103_0922_1155,4.2,4.2,10,100,22,ince,True,,26.0,28.0,976.0,1002.0,2.684,52.706,19.637,0.7742,True,,False,FLAS,935.0,2.5,9.5
2026-09-22 11:56:59,MLLB_000_y1.0.3,AMBER,v4_amber_MLLB_000_y103_0922_1155,4.2,4.2,10,100,23,ince,True,,26.0,28.0,976.0,1002.0,4.033,79.277,19.655,0.7744,True,,False,FLAS,935.0,2.5,9.5
2026-09-22 11:56:59,MLLB_000_y1.0.3,AMBER,v4_amber_MLLB_000_y103_0922_1155,4.2,4.2,10,100,,bitti,False,,,,,,,,,,,,,,935.0,2.5,9.5
2026-09-22 11:57:15,MLLB_000_y1.0.3,AMBER,v4_amber_MLLB_000_y103_0922_1155,4.2,4.2,10,80,12,kaba,True,,126.0,32.0,876.0,1002.0,1.048,20.533,19.598,0.7743,True,,False,ON,935.0,2.5,9.5
2026-09-22 11:57:31,MLLB_000_y1.0.3,AMBER,v4_amber_MLLB_000_y103_0922_1155,4.2,4.2,10,80,16,kaba,True,,94.0,28.0,908.0,1002.0,1.039,20.412,19.638,0.7746,True,,False,ON,935.0,2.5,9.5
2026-09-22 11:57:47,MLLB_000_y1.0.3,AMBER,v4_amber_MLLB_000_y103_0922_1155,4.2,4.2,10,80,20,kaba,True,,60.0,32.0,942.0,1002.0,1.038,20.364,19.621,0.774,True,,True,,935.0,2.5,9.5
2026-09-22 11:57:59,MLLB_000_y1.0.3,AMBER,v4_amber_MLLB_000_y103_0922_1155,4.2,4.2,10,80,24,kaba,True,,30.0,28.0,972.0,1002.0,1.035,20.34,19.656,0.7738,True,,True,,935.0,2.5,9.5
2026-09-22 11:58:15,MLLB_000_y1.0.3,AMBER,v4_amber_MLLB_000_y103_0922_1155,4.2,4.2,10,80,28,kaba,True,,30.0,28.0,972.0,1002.0,4.056,79.652,19.639,0.774,True,,False,FLAS,935.0,2.5,9.5
2026-09-22 11:58:31,MLLB_000_y1.0.3,AMBER,v4_amber_MLLB_000_y103_0922_1155,4.2,4.2,10,80,32,kaba,True,,30.0,28.0,972.0,1002.0,5.891,115.754,19.65,0.7746,True,,False,FLAS,935.0,2.5,9.5
2026-09-22 11:58:47,MLLB_000_y1.0.3,AMBER,v4_amber_MLLB_000_y103_0922_1155,4.2,4.2,10,80,17,ince,True,,84.0,30.0,918.0,1002.0,1.038,20.388,19.65,0.7739,True,,False,ON,935.0,2.5,9.5
2026-09-22 11:59:03,MLLB_000_y1.0.3,AMBER,v4_amber_MLLB_000_y103_0922_1155,4.2,4.2,10,80,18,ince,True,,76.0,30.0,926.0,1002.0,1.036,20.34,19.639,0.7739,True,,False,ON,935.0,2.5,9.5
2026-09-22 11:59:19,MLLB_000_y1.0.3,AMBER,v4_amber_MLLB_000_y103_0922_1155,4.2,4.2,10,80,19,ince,True,,68.0,30.0,934.0,1002.0,1.04,20.46,19.665,0.7739,True,,False,ON,935.0,2.5,9.5
2026-09-22 11:59:19,MLLB_000_y1.0.3,AMBER,v4_amber_MLLB_000_y103_0922_1155,4.2,4.2,10,80,21,ince,False,iki-OK-arasi-monotonluk,,,,,,,,,,,True,,935.0,2.5,9.5
2026-09-22 11:59:19,MLLB_000_y1.0.3,AMBER,v4_amber_MLLB_000_y103_0922_1155,4.2,4.2,10,80,22,ince,False,iki-OK-arasi-monotonluk,,,,,,,,,,,True,,935.0,2.5,9.5
2026-09-22 11:59:19,MLLB_000_y1.0.3,AMBER,v4_amber_MLLB_000_y103_0922_1155,4.2,4.2,10,80,23,ince,False,iki-OK-arasi-monotonluk,,,,,,,,,,,True,,935.0,2.5,9.5
2026-09-22 11:59:35,MLLB_000_y1.0.3,AMBER,v4_amber_MLLB_000_y103_0922_1155,4.2,4.2,10,80,25,ince,True,,30.0,28.0,972.0,1002.0,1.282,25.182,19.645,0.7746,True,,True,,935.0,2.5,9.5
2026-09-22 11:59:51,MLLB_000_y1.0.3,AMBER,v4_amber_MLLB_000_y103_0922_1155,4.2,4.2,10,80,26,ince,True,,30.0,28.0,972.0,1002.0,2.161,42.486,19.664,0.7744,True,,True,,935.0,2.5,9.5
2026-09-22 12:00:07,MLLB_000_y1.0.3,AMBER,v4_amber_MLLB_000_y103_0922_1155,4.2,4.2,10,80,27,ince,True,,30.0,28.0,972.0,1002.0,2.991,58.782,19.655,0.7737,True,,False,FLAS,935.0,2.5,9.5
2026-09-22 12:00:07,MLLB_000_y1.0.3,AMBER,v4_amber_MLLB_000_y103_0922_1155,4.2,4.2,10,80,,bitti,False,,,,,,,,,,,,,,935.0,2.5,9.5
2026-09-22 12:00:22,MLLB_000_y1.0.3,AMBER,v4_amber_MLLB_000_y103_0922_1155,4.2,4.2,10,60,12,kaba,True,,150.0,32.0,852.0,1002.0,1.045,20.484,19.602,0.7738,True,,False,ON,935.0,2.5,9.5
2026-09-22 12:00:39,MLLB_000_y1.0.3,AMBER,v4_amber_MLLB_000_y103_0922_1155,4.2,4.2,10,60,16,kaba,True,,126.0,32.0,876.0,1002.0,1.046,20.533,19.621,0.7741,True,,False,ON,935.0,2.5,9.5
2026-09-22 12:00:55,MLLB_000_y1.0.3,AMBER,v4_amber_MLLB_000_y103_0922_1155,4.2,4.2,10,60,20,kaba,True,,102.0,32.0,900.0,1002.0,1.039,20.412,19.64,0.7744,True,,False,ON,935.0,2.5,9.5
2026-09-22 12:01:11,MLLB_000_y1.0.3,AMBER,v4_amber_MLLB_000_y103_0922_1155,4.2,4.2,10,60,24,kaba,True,,78.0,32.0,924.0,1002.0,1.047,20.557,19.641,0.7733,True,,False,ON,935.0,2.5,9.5
2026-09-22 12:01:26,MLLB_000_y1.0.3,AMBER,v4_amber_MLLB_000_y103_0922_1155,4.2,4.2,10,60,28,kaba,True,,54.0,34.0,948.0,1002.0,1.036,20.364,19.649,0.7733,True,,True,,935.0,2.5,9.5
2026-09-22 12:01:43,MLLB_000_y1.0.3,AMBER,v4_amber_MLLB_000_y103_0922_1155,4.2,4.2,10,60,32,kaba,True,,38.0,28.0,964.0,1002.0,1.039,20.412,19.652,0.7739,True,,True,,935.0,2.5,9.5
2026-09-22 12:01:58,MLLB_000_y1.0.3,AMBER,v4_amber_MLLB_000_y103_0922_1155,4.2,4.2,10,60,36,kaba,True,,38.0,28.0,964.0,1002.0,3.074,60.365,19.639,0.774,True,,False,FLAS,935.0,2.5,9.5
2026-09-22 12:02:15,MLLB_000_y1.0.3,AMBER,v4_amber_MLLB_000_y103_0922_1155,4.2,4.2,10,60,40,kaba,True,,38.0,28.0,964.0,1002.0,4.625,90.91,19.655,0.7739,True,,False,FLAS,935.0,2.5,9.5
2026-09-22 12:02:31,MLLB_000_y1.0.3,AMBER,v4_amber_MLLB_000_y103_0922_1155,4.2,4.2,10,60,25,ince,True,,72.0,30.0,930.0,1002.0,1.037,20.388,19.66,0.7743,True,,False,ON,935.0,2.5,9.5
2026-09-22 12:02:47,MLLB_000_y1.0.3,AMBER,v4_amber_MLLB_000_y103_0922_1155,4.2,4.2,10,60,26,ince,True,,66.0,32.0,936.0,1002.0,1.036,20.364,19.66,0.7743,True,,True,,935.0,2.5,9.5
2026-09-22 12:03:03,MLLB_000_y1.0.3,AMBER,v4_amber_MLLB_000_y103_0922_1155,4.2,4.2,10,60,27,ince,True,,60.0,30.0,942.0,1002.0,1.037,20.364,19.633,0.7737,True,,True,,935.0,2.5,9.5
2026-09-22 12:03:03,MLLB_000_y1.0.3,AMBER,v4_amber_MLLB_000_y103_0922_1155,4.2,4.2,10,60,29,ince,False,iki-OK-arasi-monotonluk,,,,,,,,,,,True,,935.0,2.5,9.5
2026-09-22 12:03:03,MLLB_000_y1.0.3,AMBER,v4_amber_MLLB_000_y103_0922_1155,4.2,4.2,10,60,30,ince,False,iki-OK-arasi-monotonluk,,,,,,,,,,,True,,935.0,2.5,9.5
2026-09-22 12:03:03,MLLB_000_y1.0.3,AMBER,v4_amber_MLLB_000_y103_0922_1155,4.2,4.2,10,60,31,ince,False,iki-OK-arasi-monotonluk,,,,,,,,,,,True,,935.0,2.5,9.5
2026-09-22 12:03:19,MLLB_000_y1.0.3,AMBER,v4_amber_MLLB_000_y103_0922_1155,4.2,4.2,10,60,33,ince,True,,38.0,28.0,964.0,1002.0,1.37,26.912,19.642,0.7744,True,,True,,935.0,2.5,9.5
2026-09-22 12:03:35,MLLB_000_y1.0.3,AMBER,v4_amber_MLLB_000_y103_0922_1155,4.2,4.2,10,60,34,ince,True,,38.0,28.0,964.0,1002.0,1.979,38.854,19.637,0.7743,True,,True,,935.0,2.5,9.5
2026-09-22 12:03:51,MLLB_000_y1.0.3,AMBER,v4_amber_MLLB_000_y103_0922_1155,4.2,4.2,10,60,35,ince,True,,38.0,28.0,964.0,1002.0,2.544,49.991,19.652,0.7736,True,,False,FLAS,935.0,2.5,9.5
2026-09-22 12:03:51,MLLB_000_y1.0.3,AMBER,v4_amber_MLLB_000_y103_0922_1155,4.2,4.2,10,60,,bitti,False,,,,,,,,,,,,,,935.0,2.5,9.5
2026-09-22 12:04:29,MLLB_000_y1.0.3,AMBER,v4_amber_MLLB_000_y103_0922_1155,4.2,4.2,15,100,12,kaba,True,,74.0,28.0,928.0,1002.0,1.034,33.252,32.146,0.7737,True,,False,ON,935.0,2.5,9.5
2026-09-22 12:04:45,MLLB_000_y1.0.3,AMBER,v4_amber_MLLB_000_y103_0922_1155,4.2,4.2,15,100,16,kaba,True,,48.0,28.0,954.0,1002.0,1.032,33.226,32.189,0.7735,True,,True,,935.0,2.5,9.5
2026-09-22 12:05:01,MLLB_000_y1.0.3,AMBER,v4_amber_MLLB_000_y103_0922_1155,4.2,4.2,15,100,20,kaba,True,,26.0,28.0,976.0,1002.0,1.033,33.226,32.176,0.774,True,,True,,935.0,2.5,9.5
2026-09-22 12:05:17,MLLB_000_y1.0.3,AMBER,v4_amber_MLLB_000_y103_0922_1155,4.2,4.2,15,100,24,kaba,True,,26.0,28.0,976.0,1002.0,2.422,89.032,36.767,0.7733,True,,True,,935.0,2.5,9.5
2026-09-22 12:05:33,MLLB_000_y1.0.3,AMBER,v4_amber_MLLB_000_y103_0922_1155,4.2,4.2,15,100,28,kaba,True,,26.0,28.0,976.0,1002.0,4.137,153.217,37.036,0.7738,True,,False,FLAS,935.0,2.5,9.5
2026-09-22 12:05:49,MLLB_000_y1.0.3,AMBER,v4_amber_MLLB_000_y103_0922_1155,4.2,4.2,15,100,32,kaba,True,,26.0,28.0,976.0,1002.0,5.055,187.099,37.012,0.7735,True,,False,FLAS,935.0,2.5,9.5
2026-09-22 12:06:05,MLLB_000_y1.0.3,AMBER,v4_amber_MLLB_000_y103_0922_1155,4.2,4.2,15,100,13,ince,True,,66.0,32.0,936.0,1002.0,1.035,33.303,32.174,0.7739,True,,True,,935.0,2.5,9.5
2026-09-22 12:06:21,MLLB_000_y1.0.3,AMBER,v4_amber_MLLB_000_y103_0922_1155,4.2,4.2,15,100,14,ince,True,,62.0,28.0,940.0,1002.0,1.034,33.303,32.206,0.7739,True,,True,,935.0,2.5,9.5
2026-09-22 12:06:37,MLLB_000_y1.0.3,AMBER,v4_amber_MLLB_000_y103_0922_1155,4.2,4.2,15,100,15,ince,True,,54.0,30.0,948.0,1002.0,1.035,33.328,32.194,0.774,True,,True,,935.0,2.5,9.5
2026-09-22 12:06:37,MLLB_000_y1.0.3,AMBER,v4_amber_MLLB_000_y103_0922_1155,4.2,4.2,15,100,17,ince,False,iki-OK-arasi-monotonluk,,,,,,,,,,,True,,935.0,2.5,9.5
2026-09-22 12:06:37,MLLB_000_y1.0.3,AMBER,v4_amber_MLLB_000_y103_0922_1155,4.2,4.2,15,100,18,ince,False,iki-OK-arasi-monotonluk,,,,,,,,,,,True,,935.0,2.5,9.5
2026-09-22 12:06:37,MLLB_000_y1.0.3,AMBER,v4_amber_MLLB_000_y103_0922_1155,4.2,4.2,15,100,19,ince,False,iki-OK-arasi-monotonluk,,,,,,,,,,,True,,935.0,2.5,9.5
2026-09-22 12:06:37,MLLB_000_y1.0.3,AMBER,v4_amber_MLLB_000_y103_0922_1155,4.2,4.2,15,100,21,ince,False,iki-OK-arasi-monotonluk,,,,,,,,,,,True,,935.0,2.5,9.5
2026-09-22 12:06:37,MLLB_000_y1.0.3,AMBER,v4_amber_MLLB_000_y103_0922_1155,4.2,4.2,15,100,22,ince,False,iki-OK-arasi-monotonluk,,,,,,,,,,,True,,935.0,2.5,9.5
2026-09-22 12:06:37,MLLB_000_y1.0.3,AMBER,v4_amber_MLLB_000_y103_0922_1155,4.2,4.2,15,100,23,ince,False,iki-OK-arasi-monotonluk,,,,,,,,,,,True,,935.0,2.5,9.5
2026-09-22 12:06:53,MLLB_000_y1.0.3,AMBER,v4_amber_MLLB_000_y103_0922_1155,4.2,4.2,15,100,25,ince,True,,26.0,28.0,976.0,1002.0,2.733,100.684,36.839,0.7745,True,,False,FLAS,935.0,2.5,9.5
2026-09-22 12:07:09,MLLB_000_y1.0.3,AMBER,v4_amber_MLLB_000_y103_0922_1155,4.2,4.2,15,100,26,ince,True,,26.0,28.0,976.0,1002.0,3.192,117.263,36.741,0.7736,True,,False,FLAS,935.0,2.5,9.5
2026-09-22 12:07:25,MLLB_000_y1.0.3,AMBER,v4_amber_MLLB_000_y103_0922_1155,4.2,4.2,15,100,27,ince,True,,26.0,28.0,976.0,1002.0,3.738,137.295,36.732,0.7738,True,,False,FLAS,935.0,2.5,9.5
2026-09-22 12:07:25,MLLB_000_y1.0.3,AMBER,v4_amber_MLLB_000_y103_0922_1155,4.2,4.2,15,100,,bitti,False,,,,,,,,,,,,,,935.0,2.5,9.5
2026-09-22 12:07:41,MLLB_000_y1.0.3,AMBER,v4_amber_MLLB_000_y103_0922_1155,4.2,4.2,15,80,12,kaba,True,,86.0,28.0,916.0,1002.0,1.039,33.405,32.149,0.7741,True,,False,ON,935.0,2.5,9.5
2026-09-22 12:07:57,MLLB_000_y1.0.3,AMBER,v4_amber_MLLB_000_y103_0922_1155,4.2,4.2,15,80,16,kaba,True,,66.0,32.0,936.0,1002.0,1.033,33.252,32.191,0.7741,True,,True,,935.0,2.5,9.5
2026-09-22 12:08:13,MLLB_000_y1.0.3,AMBER,v4_amber_MLLB_000_y103_0922_1155,4.2,4.2,15,80,20,kaba,True,,48.0,30.0,954.0,1002.0,1.035,33.303,32.181,0.7739,True,,True,,935.0,2.5,9.5
2026-09-22 12:08:29,MLLB_000_y1.0.3,AMBER,v4_amber_MLLB_000_y103_0922_1155,4.2,4.2,15,80,24,kaba,True,,30.0,28.0,972.0,1002.0,1.032,33.226,32.204,0.7729,True,,True,,935.0,2.5,9.5
2026-09-22 12:08:44,MLLB_000_y1.0.3,AMBER,v4_amber_MLLB_000_y103_0922_1155,4.2,4.2,15,80,28,kaba,True,,30.0,28.0,972.0,1002.0,2.159,79.652,36.89,0.7741,True,,True,,935.0,2.5,9.5
2026-09-22 12:09:01,MLLB_000_y1.0.3,AMBER,v4_amber_MLLB_000_y103_0922_1155,4.2,4.2,15,80,32,kaba,True,,30.0,28.0,972.0,1002.0,3.131,114.999,36.735,0.7744,True,,False,FLAS,935.0,2.5,9.5
2026-09-22 12:09:17,MLLB_000_y1.0.3,AMBER,v4_amber_MLLB_000_y103_0922_1155,4.2,4.2,15,80,36,kaba,True,,30.0,28.0,972.0,1002.0,4.201,155.116,36.924,0.7741,True,,False,FLAS,935.0,2.5,9.5
2026-09-22 12:09:33,MLLB_000_y1.0.3,AMBER,v4_amber_MLLB_000_y103_0922_1155,4.2,4.2,15,80,13,ince,True,,82.0,28.0,920.0,1002.0,1.034,33.252,32.165,0.7747,True,,False,ON,935.0,2.5,9.5
2026-09-22 12:09:49,MLLB_000_y1.0.3,AMBER,v4_amber_MLLB_000_y103_0922_1155,4.2,4.2,15,80,14,ince,True,,76.0,28.0,926.0,1002.0,1.035,33.277,32.164,0.7732,True,,False,ON,935.0,2.5,9.5
2026-09-22 12:10:05,MLLB_000_y1.0.3,AMBER,v4_amber_MLLB_000_y103_0922_1155,4.2,4.2,15,80,15,ince,True,,72.0,30.0,930.0,1002.0,1.035,33.354,32.212,0.7737,True,,False,ON,935.0,2.5,9.5
2026-09-22 12:10:05,MLLB_000_y1.0.3,AMBER,v4_amber_MLLB_000_y103_0922_1155,4.2,4.2,15,80,17,ince,False,iki-OK-arasi-monotonluk,,,,,,,,,,,True,,935.0,2.5,9.5
2026-09-22 12:10:05,MLLB_000_y1.0.3,AMBER,v4_amber_MLLB_000_y103_0922_1155,4.2,4.2,15,80,18,ince,False,iki-OK-arasi-monotonluk,,,,,,,,,,,True,,935.0,2.5,9.5
2026-09-22 12:10:05,MLLB_000_y1.0.3,AMBER,v4_amber_MLLB_000_y103_0922_1155,4.2,4.2,15,80,19,ince,False,iki-OK-arasi-monotonluk,,,,,,,,,,,True,,935.0,2.5,9.5
2026-09-22 12:10:05,MLLB_000_y1.0.3,AMBER,v4_amber_MLLB_000_y103_0922_1155,4.2,4.2,15,80,21,ince,False,iki-OK-arasi-monotonluk,,,,,,,,,,,True,,935.0,2.5,9.5
2026-09-22 12:10:05,MLLB_000_y1.0.3,AMBER,v4_amber_MLLB_000_y103_0922_1155,4.2,4.2,15,80,22,ince,False,iki-OK-arasi-monotonluk,,,,,,,,,,,True,,935.0,2.5,9.5
2026-09-22 12:10:05,MLLB_000_y1.0.3,AMBER,v4_amber_MLLB_000_y103_0922_1155,4.2,4.2,15,80,23,ince,False,iki-OK-arasi-monotonluk,,,,,,,,,,,True,,935.0,2.5,9.5
2026-09-22 12:10:05,MLLB_000_y1.0.3,AMBER,v4_amber_MLLB_000_y103_0922_1155,4.2,4.2,15,80,25,ince,False,iki-OK-arasi-monotonluk,,,,,,,,,,,True,,935.0,2.5,9.5
2026-09-22 12:10:05,MLLB_000_y1.0.3,AMBER,v4_amber_MLLB_000_y103_0922_1155,4.2,4.2,15,80,26,ince,False,iki-OK-arasi-monotonluk,,,,,,,,,,,True,,935.0,2.5,9.5
2026-09-22 12:10:05,MLLB_000_y1.0.3,AMBER,v4_amber_MLLB_000_y103_0922_1155,4.2,4.2,15,80,27,ince,False,iki-OK-arasi-monotonluk,,,,,,,,,,,True,,935.0,2.5,9.5
2026-09-22 12:10:21,MLLB_000_y1.0.3,AMBER,v4_amber_MLLB_000_y103_0922_1155,4.2,4.2,15,80,29,ince,True,,30.0,28.0,972.0,1002.0,2.359,86.781,36.786,0.7741,True,,True,,935.0,2.5,9.5
2026-09-22 12:10:36,MLLB_000_y1.0.3,AMBER,v4_amber_MLLB_000_y103_0922_1155,4.2,4.2,15,80,30,ince,True,,30.0,28.0,972.0,1002.0,2.577,95.044,36.886,0.774,True,,False,FLAS,935.0,2.5,9.5
2026-09-22 12:10:53,MLLB_000_y1.0.3,AMBER,v4_amber_MLLB_000_y103_0922_1155,4.2,4.2,15,80,31,ince,True,,30.0,28.0,972.0,1002.0,2.813,103.695,36.865,0.7736,True,,False,FLAS,935.0,2.5,9.5
2026-09-22 12:10:53,MLLB_000_y1.0.3,AMBER,v4_amber_MLLB_000_y103_0922_1155,4.2,4.2,15,80,,bitti,False,,,,,,,,,,,,,,935.0,2.5,9.5
2026-09-22 12:11:09,MLLB_000_y1.0.3,AMBER,v4_amber_MLLB_000_y103_0922_1155,4.2,4.2,15,60,12,kaba,True,,102.0,28.0,900.0,1002.0,1.035,33.277,32.14,0.7737,True,,False,ON,935.0,2.5,9.5
2026-09-22 12:11:25,MLLB_000_y1.0.3,AMBER,v4_amber_MLLB_000_y103_0922_1155,4.2,4.2,15,60,16,kaba,True,,88.0,32.0,914.0,1002.0,1.036,33.303,32.148,0.7739,True,,False,ON,935.0,2.5,9.5
2026-09-22 12:11:41,MLLB_000_y1.0.3,AMBER,v4_amber_MLLB_000_y103_0922_1155,4.2,4.2,15,60,20,kaba,True,,74.0,28.0,928.0,1002.0,1.036,33.328,32.173,0.7743,True,,False,ON,935.0,2.5,9.5
2026-09-22 12:11:57,MLLB_000_y1.0.3,AMBER,v4_amber_MLLB_000_y103_0922_1155,4.2,4.2,15,60,24,kaba,True,,60.0,28.0,942.0,1002.0,1.035,33.303,32.175,0.7736,True,,True,,935.0,2.5,9.5
2026-09-22 12:12:13,MLLB_000_y1.0.3,AMBER,v4_amber_MLLB_000_y103_0922_1155,4.2,4.2,15,60,28,kaba,True,,46.0,32.0,956.0,1002.0,1.031,33.201,32.188,0.7742,True,,True,,935.0,2.5,9.5
2026-09-22 12:12:29,MLLB_000_y1.0.3,AMBER,v4_amber_MLLB_000_y103_0922_1155,4.2,4.2,15,60,32,kaba,True,,38.0,28.0,964.0,1002.0,1.033,33.252,32.181,0.7749,True,,True,,935.0,2.5,9.5
2026-09-22 12:12:45,MLLB_000_y1.0.3,AMBER,v4_amber_MLLB_000_y103_0922_1155,4.2,4.2,15,60,36,kaba,True,,38.0,28.0,964.0,1002.0,1.863,59.968,32.186,0.7748,True,,True,,935.0,2.5,9.5
2026-09-22 12:13:01,MLLB_000_y1.0.3,AMBER,v4_amber_MLLB_000_y103_0922_1155,4.2,4.2,15,60,40,kaba,True,,38.0,28.0,964.0,1002.0,2.433,89.407,36.75,0.7752,True,,True,,935.0,2.5,9.5
2026-09-22 12:13:17,MLLB_000_y1.0.3,AMBER,v4_amber_MLLB_000_y103_0922_1155,4.2,4.2,15,60,44,kaba,True,,38.0,28.0,964.0,1002.0,2.951,108.59,36.797,0.7747,True,,False,FLAS,935.0,2.5,9.5
2026-09-22 12:13:32,MLLB_000_y1.0.3,AMBER,v4_amber_MLLB_000_y103_0922_1155,4.2,4.2,15,60,48,kaba,True,,38.0,28.0,964.0,1002.0,3.442,126.325,36.696,0.7746,True,,False,FLAS,935.0,2.5,9.5
2026-09-22 12:13:49,MLLB_000_y1.0.3,AMBER,v4_amber_MLLB_000_y103_0922_1155,4.2,4.2,15,60,21,ince,True,,70.0,32.0,932.0,1002.0,1.036,33.354,32.181,0.7746,True,,False,ON,935.0,2.5,9.5
2026-09-22 12:14:05,MLLB_000_y1.0.3,AMBER,v4_amber_MLLB_000_y103_0922_1155,4.2,4.2,15,60,22,ince,True,,68.0,30.0,934.0,1002.0,1.034,33.277,32.189,0.7743,True,,False,ON,935.0,2.5,9.5
2026-09-22 12:14:21,MLLB_000_y1.0.3,AMBER,v4_amber_MLLB_000_y103_0922_1155,4.2,4.2,15,60,23,ince,True,,64.0,30.0,938.0,1002.0,1.035,33.354,32.218,0.7744,True,,True,,935.0,2.5,9.5
2026-09-22 12:14:21,MLLB_000_y1.0.3,AMBER,v4_amber_MLLB_000_y103_0922_1155,4.2,4.2,15,60,25,ince,False,iki-OK-arasi-monotonluk,,,,,,,,,,,True,,935.0,2.5,9.5
2026-09-22 12:14:21,MLLB_000_y1.0.3,AMBER,v4_amber_MLLB_000_y103_0922_1155,4.2,4.2,15,60,26,ince,False,iki-OK-arasi-monotonluk,,,,,,,,,,,True,,935.0,2.5,9.5
2026-09-22 12:14:21,MLLB_000_y1.0.3,AMBER,v4_amber_MLLB_000_y103_0922_1155,4.2,4.2,15,60,27,ince,False,iki-OK-arasi-monotonluk,,,,,,,,,,,True,,935.0,2.5,9.5
2026-09-22 12:14:21,MLLB_000_y1.0.3,AMBER,v4_amber_MLLB_000_y103_0922_1155,4.2,4.2,15,60,29,ince,False,iki-OK-arasi-monotonluk,,,,,,,,,,,True,,935.0,2.5,9.5
2026-09-22 12:14:21,MLLB_000_y1.0.3,AMBER,v4_amber_MLLB_000_y103_0922_1155,4.2,4.2,15,60,30,ince,False,iki-OK-arasi-monotonluk,,,,,,,,,,,True,,935.0,2.5,9.5
2026-09-22 12:14:21,MLLB_000_y1.0.3,AMBER,v4_amber_MLLB_000_y103_0922_1155,4.2,4.2,15,60,31,ince,False,iki-OK-arasi-monotonluk,,,,,,,,,,,True,,935.0,2.5,9.5
2026-09-22 12:14:21,MLLB_000_y1.0.3,AMBER,v4_amber_MLLB_000_y103_0922_1155,4.2,4.2,15,60,33,ince,False,iki-OK-arasi-monotonluk,,,,,,,,,,,True,,935.0,2.5,9.5
2026-09-22 12:14:21,MLLB_000_y1.0.3,AMBER,v4_amber_MLLB_000_y103_0922_1155,4.2,4.2,15,60,34,ince,False,iki-OK-arasi-monotonluk,,,,,,,,,,,True,,935.0,2.5,9.5
2026-09-22 12:14:21,MLLB_000_y1.0.3,AMBER,v4_amber_MLLB_000_y103_0922_1155,4.2,4.2,15,60,35,ince,False,iki-OK-arasi-monotonluk,,,,,,,,,,,True,,935.0,2.5,9.5
2026-09-22 12:14:21,MLLB_000_y1.0.3,AMBER,v4_amber_MLLB_000_y103_0922_1155,4.2,4.2,15,60,37,ince,False,iki-OK-arasi-monotonluk,,,,,,,,,,,True,,935.0,2.5,9.5
2026-09-22 12:14:21,MLLB_000_y1.0.3,AMBER,v4_amber_MLLB_000_y103_0922_1155,4.2,4.2,15,60,38,ince,False,iki-OK-arasi-monotonluk,,,,,,,,,,,True,,935.0,2.5,9.5
2026-09-22 12:14:21,MLLB_000_y1.0.3,AMBER,v4_amber_MLLB_000_y103_0922_1155,4.2,4.2,15,60,39,ince,False,iki-OK-arasi-monotonluk,,,,,,,,,,,True,,935.0,2.5,9.5
2026-09-22 12:14:36,MLLB_000_y1.0.3,AMBER,v4_amber_MLLB_000_y103_0922_1155,4.2,4.2,15,60,41,ince,True,,38.0,28.0,964.0,1002.0,2.579,94.667,36.703,0.7745,True,,False,FLAS,935.0,2.5,9.5
2026-09-22 12:14:53,MLLB_000_y1.0.3,AMBER,v4_amber_MLLB_000_y103_0922_1155,4.2,4.2,15,60,42,ince,True,,38.0,28.0,964.0,1002.0,2.669,98.051,36.734,0.7734,True,,False,FLAS,935.0,2.5,9.5
2026-09-22 12:15:09,MLLB_000_y1.0.3,AMBER,v4_amber_MLLB_000_y103_0922_1155,4.2,4.2,15,60,43,ince,True,,38.0,28.0,964.0,1002.0,2.804,102.942,36.714,0.774,True,,False,FLAS,935.0,2.5,9.5
2026-09-22 12:15:09,MLLB_000_y1.0.3,AMBER,v4_amber_MLLB_000_y103_0922_1155,4.2,4.2,15,60,,bitti,False,,,,,,,,,,,,,,935.0,2.5,9.5
2026-09-22 12:15:47,MLLB_000_y1.0.3,AMBER,v4_amber_MLLB_000_y103_0922_1155,4.2,4.2,100,100,12,kaba,True,,26.0,28.0,976.0,1002.0,1.044,242.323,232.168,0.7745,True,,True,,935.0,2.5,9.5
2026-09-22 12:16:03,MLLB_000_y1.0.3,AMBER,v4_amber_MLLB_000_y103_0922_1155,4.2,4.2,100,100,16,kaba,True,,26.0,28.0,976.0,1002.0,1.042,241.937,232.188,0.7744,True,,True,,935.0,2.5,9.5
2026-09-22 12:16:19,MLLB_000_y1.0.3,AMBER,v4_amber_MLLB_000_y103_0922_1155,4.2,4.2,100,100,20,kaba,True,,26.0,28.0,976.0,1002.0,1.042,241.937,232.079,0.7749,True,,True,,935.0,2.5,9.5
2026-09-22 12:16:35,MLLB_000_y1.0.3,AMBER,v4_amber_MLLB_000_y103_0922_1155,4.2,4.2,100,100,24,kaba,True,,26.0,28.0,976.0,1002.0,1.045,242.708,232.185,0.774,True,,True,,935.0,2.5,9.5
2026-09-22 12:16:51,MLLB_000_y1.0.3,AMBER,v4_amber_MLLB_000_y103_0922_1155,4.2,4.2,100,100,28,kaba,True,,26.0,28.0,976.0,1002.0,1.042,241.938,232.262,0.7743,True,,True,,935.0,2.5,9.5
2026-09-22 12:17:07,MLLB_000_y1.0.3,AMBER,v4_amber_MLLB_000_y103_0922_1155,4.2,4.2,100,100,32,kaba,True,,26.0,28.0,976.0,1002.0,1.042,241.938,232.079,0.7736,True,,True,,935.0,2.5,9.5
2026-09-22 12:17:23,MLLB_000_y1.0.3,AMBER,v4_amber_MLLB_000_y103_0922_1155,4.2,4.2,100,100,36,kaba,True,,26.0,28.0,976.0,1002.0,1.042,241.938,232.078,0.7735,True,,True,,935.0,2.5,9.5
2026-09-22 12:17:38,MLLB_000_y1.0.3,AMBER,v4_amber_MLLB_000_y103_0922_1155,4.2,4.2,100,100,40,kaba,True,,26.0,28.0,976.0,1002.0,1.042,241.937,232.18,0.7746,True,,True,,935.0,2.5,9.5
2026-09-22 12:17:55,MLLB_000_y1.0.3,AMBER,v4_amber_MLLB_000_y103_0922_1155,4.2,4.2,100,100,44,kaba,True,,26.0,28.0,976.0,1002.0,1.045,242.323,231.853,0.7751,True,,True,,935.0,2.5,9.5
2026-09-22 12:18:11,MLLB_000_y1.0.3,AMBER,v4_amber_MLLB_000_y103_0922_1155,4.2,4.2,100,100,48,kaba,True,,26.0,28.0,976.0,1002.0,1.045,242.323,231.976,0.7742,True,,True,,935.0,2.5,9.5
2026-09-22 12:18:27,MLLB_000_y1.0.3,AMBER,v4_amber_MLLB_000_y103_0922_1155,4.2,4.2,100,100,50,kaba,True,,26.0,28.0,976.0,1002.0,1.042,241.552,231.927,0.774,True,,True,,935.0,2.5,9.5
2026-09-22 12:18:27,MLLB_000_y1.0.3,AMBER,v4_amber_MLLB_000_y103_0922_1155,4.2,4.2,100,100,13,ince,False,iki-OK-arasi-monotonluk,,,,,,,,,,,True,,935.0,2.5,9.5
2026-09-22 12:18:27,MLLB_000_y1.0.3,AMBER,v4_amber_MLLB_000_y103_0922_1155,4.2,4.2,100,100,14,ince,False,iki-OK-arasi-monotonluk,,,,,,,,,,,True,,935.0,2.5,9.5
2026-09-22 12:18:27,MLLB_000_y1.0.3,AMBER,v4_amber_MLLB_000_y103_0922_1155,4.2,4.2,100,100,15,ince,False,iki-OK-arasi-monotonluk,,,,,,,,,,,True,,935.0,2.5,9.5
2026-09-22 12:18:27,MLLB_000_y1.0.3,AMBER,v4_amber_MLLB_000_y103_0922_1155,4.2,4.2,100,100,17,ince,False,iki-OK-arasi-monotonluk,,,,,,,,,,,True,,935.0,2.5,9.5
2026-09-22 12:18:27,MLLB_000_y1.0.3,AMBER,v4_amber_MLLB_000_y103_0922_1155,4.2,4.2,100,100,18,ince,False,iki-OK-arasi-monotonluk,,,,,,,,,,,True,,935.0,2.5,9.5
2026-09-22 12:18:27,MLLB_000_y1.0.3,AMBER,v4_amber_MLLB_000_y103_0922_1155,4.2,4.2,100,100,19,ince,False,iki-OK-arasi-monotonluk,,,,,,,,,,,True,,935.0,2.5,9.5
2026-09-22 12:18:27,MLLB_000_y1.0.3,AMBER,v4_amber_MLLB_000_y103_0922_1155,4.2,4.2,100,100,21,ince,False,iki-OK-arasi-monotonluk,,,,,,,,,,,True,,935.0,2.5,9.5
2026-09-22 12:18:27,MLLB_000_y1.0.3,AMBER,v4_amber_MLLB_000_y103_0922_1155,4.2,4.2,100,100,22,ince,False,iki-OK-arasi-monotonluk,,,,,,,,,,,True,,935.0,2.5,9.5
2026-09-22 12:18:27,MLLB_000_y1.0.3,AMBER,v4_amber_MLLB_000_y103_0922_1155,4.2,4.2,100,100,23,ince,False,iki-OK-arasi-monotonluk,,,,,,,,,,,True,,935.0,2.5,9.5
2026-09-22 12:18:27,MLLB_000_y1.0.3,AMBER,v4_amber_MLLB_000_y103_0922_1155,4.2,4.2,100,100,25,ince,False,iki-OK-arasi-monotonluk,,,,,,,,,,,True,,935.0,2.5,9.5
2026-09-22 12:18:27,MLLB_000_y1.0.3,AMBER,v4_amber_MLLB_000_y103_0922_1155,4.2,4.2,100,100,26,ince,False,iki-OK-arasi-monotonluk,,,,,,,,,,,True,,935.0,2.5,9.5
2026-09-22 12:18:27,MLLB_000_y1.0.3,AMBER,v4_amber_MLLB_000_y103_0922_1155,4.2,4.2,100,100,27,ince,False,iki-OK-arasi-monotonluk,,,,,,,,,,,True,,935.0,2.5,9.5
2026-09-22 12:18:27,MLLB_000_y1.0.3,AMBER,v4_amber_MLLB_000_y103_0922_1155,4.2,4.2,100,100,29,ince,False,iki-OK-arasi-monotonluk,,,,,,,,,,,True,,935.0,2.5,9.5
2026-09-22 12:18:27,MLLB_000_y1.0.3,AMBER,v4_amber_MLLB_000_y103_0922_1155,4.2,4.2,100,100,30,ince,False,iki-OK-arasi-monotonluk,,,,,,,,,,,True,,935.0,2.5,9.5
2026-09-22 12:18:27,MLLB_000_y1.0.3,AMBER,v4_amber_MLLB_000_y103_0922_1155,4.2,4.2,100,100,31,ince,False,iki-OK-arasi-monotonluk,,,,,,,,,,,True,,935.0,2.5,9.5
2026-09-22 12:18:27,MLLB_000_y1.0.3,AMBER,v4_amber_MLLB_000_y103_0922_1155,4.2,4.2,100,100,33,ince,False,iki-OK-arasi-monotonluk,,,,,,,,,,,True,,935.0,2.5,9.5
2026-09-22 12:18:27,MLLB_000_y1.0.3,AMBER,v4_amber_MLLB_000_y103_0922_1155,4.2,4.2,100,100,34,ince,False,iki-OK-arasi-monotonluk,,,,,,,,,,,True,,935.0,2.5,9.5
2026-09-22 12:18:27,MLLB_000_y1.0.3,AMBER,v4_amber_MLLB_000_y103_0922_1155,4.2,4.2,100,100,35,ince,False,iki-OK-arasi-monotonluk,,,,,,,,,,,True,,935.0,2.5,9.5
2026-09-22 12:18:27,MLLB_000_y1.0.3,AMBER,v4_amber_MLLB_000_y103_0922_1155,4.2,4.2,100,100,37,ince,False,iki-OK-arasi-monotonluk,,,,,,,,,,,True,,935.0,2.5,9.5
2026-09-22 12:18:27,MLLB_000_y1.0.3,AMBER,v4_amber_MLLB_000_y103_0922_1155,4.2,4.2,100,100,38,ince,False,iki-OK-arasi-monotonluk,,,,,,,,,,,True,,935.0,2.5,9.5
2026-09-22 12:18:27,MLLB_000_y1.0.3,AMBER,v4_amber_MLLB_000_y103_0922_1155,4.2,4.2,100,100,39,ince,False,iki-OK-arasi-monotonluk,,,,,,,,,,,True,,935.0,2.5,9.5
2026-09-22 12:18:27,MLLB_000_y1.0.3,AMBER,v4_amber_MLLB_000_y103_0922_1155,4.2,4.2,100,100,41,ince,False,iki-OK-arasi-monotonluk,,,,,,,,,,,True,,935.0,2.5,9.5
2026-09-22 12:18:27,MLLB_000_y1.0.3,AMBER,v4_amber_MLLB_000_y103_0922_1155,4.2,4.2,100,100,42,ince,False,iki-OK-arasi-monotonluk,,,,,,,,,,,True,,935.0,2.5,9.5
2026-09-22 12:18:27,MLLB_000_y1.0.3,AMBER,v4_amber_MLLB_000_y103_0922_1155,4.2,4.2,100,100,43,ince,False,iki-OK-arasi-monotonluk,,,,,,,,,,,True,,935.0,2.5,9.5
2026-09-22 12:18:27,MLLB_000_y1.0.3,AMBER,v4_amber_MLLB_000_y103_0922_1155,4.2,4.2,100,100,45,ince,False,iki-OK-arasi-monotonluk,,,,,,,,,,,True,,935.0,2.5,9.5
2026-09-22 12:18:27,MLLB_000_y1.0.3,AMBER,v4_amber_MLLB_000_y103_0922_1155,4.2,4.2,100,100,46,ince,False,iki-OK-arasi-monotonluk,,,,,,,,,,,True,,935.0,2.5,9.5
2026-09-22 12:18:27,MLLB_000_y1.0.3,AMBER,v4_amber_MLLB_000_y103_0922_1155,4.2,4.2,100,100,47,ince,False,iki-OK-arasi-monotonluk,,,,,,,,,,,True,,935.0,2.5,9.5
2026-09-22 12:18:27,MLLB_000_y1.0.3,AMBER,v4_amber_MLLB_000_y103_0922_1155,4.2,4.2,100,100,49,ince,False,iki-OK-arasi-monotonluk,,,,,,,,,,,True,,935.0,2.5,9.5
2026-09-22 12:18:27,MLLB_000_y1.0.3,AMBER,v4_amber_MLLB_000_y103_0922_1155,4.2,4.2,100,100,,bitti,False,,,,,,,,,,,,,,935.0,2.5,9.5
2026-09-22 12:18:43,MLLB_000_y1.0.3,AMBER,v4_amber_MLLB_000_y103_0922_1155,4.2,4.2,100,80,12,kaba,True,,26.0,28.0,976.0,1002.0,1.045,242.323,231.95,0.7743,True,,True,,935.0,2.5,9.5
2026-09-22 12:18:58,MLLB_000_y1.0.3,AMBER,v4_amber_MLLB_000_y103_0922_1155,4.2,4.2,100,80,16,kaba,True,,26.0,28.0,976.0,1002.0,1.043,241.938,232.051,0.7744,True,,True,,935.0,2.5,9.5
2026-09-22 12:19:15,MLLB_000_y1.0.3,AMBER,v4_amber_MLLB_000_y103_0922_1155,4.2,4.2,100,80,20,kaba,True,,26.0,28.0,976.0,1002.0,1.044,242.323,232.17,0.7744,True,,True,,935.0,2.5,9.5
2026-09-22 12:19:31,MLLB_000_y1.0.3,AMBER,v4_amber_MLLB_000_y103_0922_1155,4.2,4.2,100,80,24,kaba,True,,26.0,28.0,976.0,1002.0,1.047,243.093,232.278,0.7739,True,,True,,935.0,2.5,9.5
2026-09-22 12:19:47,MLLB_000_y1.0.3,AMBER,v4_amber_MLLB_000_y103_0922_1155,4.2,4.2,100,80,28,kaba,True,,26.0,28.0,976.0,1002.0,1.044,242.323,232.05,0.7744,True,,True,,935.0,2.5,9.5
2026-09-22 12:20:03,MLLB_000_y1.0.3,AMBER,v4_amber_MLLB_000_y103_0922_1155,4.2,4.2,100,80,32,kaba,True,,26.0,28.0,976.0,1002.0,1.06,245.792,231.899,0.7742,True,,True,,935.0,2.5,9.5
2026-09-22 12:20:19,MLLB_000_y1.0.3,AMBER,v4_amber_MLLB_000_y103_0922_1155,4.2,4.2,100,80,36,kaba,True,,26.0,28.0,976.0,1002.0,1.044,242.323,232.143,0.774,True,,True,,935.0,2.5,9.5
2026-09-22 12:20:35,MLLB_000_y1.0.3,AMBER,v4_amber_MLLB_000_y103_0922_1155,4.2,4.2,100,80,40,kaba,True,,26.0,28.0,976.0,1002.0,1.043,241.937,232.062,0.7748,True,,True,,935.0,2.5,9.5
2026-09-22 12:20:50,MLLB_000_y1.0.3,AMBER,v4_amber_MLLB_000_y103_0922_1155,4.2,4.2,100,80,44,kaba,True,,26.0,28.0,976.0,1002.0,1.043,241.938,232.013,0.7736,True,,True,,935.0,2.5,9.5
2026-09-22 12:21:07,MLLB_000_y1.0.3,AMBER,v4_amber_MLLB_000_y103_0922_1155,4.2,4.2,100,80,48,kaba,True,,26.0,28.0,976.0,1002.0,1.051,243.864,232.073,0.774,True,,True,,935.0,2.5,9.5
2026-09-22 12:21:23,MLLB_000_y1.0.3,AMBER,v4_amber_MLLB_000_y103_0922_1155,4.2,4.2,100,80,50,kaba,True,,26.0,28.0,976.0,1002.0,1.046,242.708,232.124,0.7746,True,,True,,935.0,2.5,9.5
2026-09-22 12:21:23,MLLB_000_y1.0.3,AMBER,v4_amber_MLLB_000_y103_0922_1155,4.2,4.2,100,80,13,ince,False,iki-OK-arasi-monotonluk,,,,,,,,,,,True,,935.0,2.5,9.5
2026-09-22 12:21:23,MLLB_000_y1.0.3,AMBER,v4_amber_MLLB_000_y103_0922_1155,4.2,4.2,100,80,14,ince,False,iki-OK-arasi-monotonluk,,,,,,,,,,,True,,935.0,2.5,9.5
2026-09-22 12:21:23,MLLB_000_y1.0.3,AMBER,v4_amber_MLLB_000_y103_0922_1155,4.2,4.2,100,80,15,ince,False,iki-OK-arasi-monotonluk,,,,,,,,,,,True,,935.0,2.5,9.5
2026-09-22 12:21:23,MLLB_000_y1.0.3,AMBER,v4_amber_MLLB_000_y103_0922_1155,4.2,4.2,100,80,17,ince,False,iki-OK-arasi-monotonluk,,,,,,,,,,,True,,935.0,2.5,9.5
2026-09-22 12:21:23,MLLB_000_y1.0.3,AMBER,v4_amber_MLLB_000_y103_0922_1155,4.2,4.2,100,80,18,ince,False,iki-OK-arasi-monotonluk,,,,,,,,,,,True,,935.0,2.5,9.5
2026-09-22 12:21:23,MLLB_000_y1.0.3,AMBER,v4_amber_MLLB_000_y103_0922_1155,4.2,4.2,100,80,19,ince,False,iki-OK-arasi-monotonluk,,,,,,,,,,,True,,935.0,2.5,9.5
2026-09-22 12:21:23,MLLB_000_y1.0.3,AMBER,v4_amber_MLLB_000_y103_0922_1155,4.2,4.2,100,80,21,ince,False,iki-OK-arasi-monotonluk,,,,,,,,,,,True,,935.0,2.5,9.5
2026-09-22 12:21:23,MLLB_000_y1.0.3,AMBER,v4_amber_MLLB_000_y103_0922_1155,4.2,4.2,100,80,22,ince,False,iki-OK-arasi-monotonluk,,,,,,,,,,,True,,935.0,2.5,9.5
2026-09-22 12:21:23,MLLB_000_y1.0.3,AMBER,v4_amber_MLLB_000_y103_0922_1155,4.2,4.2,100,80,23,ince,False,iki-OK-arasi-monotonluk,,,,,,,,,,,True,,935.0,2.5,9.5
2026-09-22 12:21:23,MLLB_000_y1.0.3,AMBER,v4_amber_MLLB_000_y103_0922_1155,4.2,4.2,100,80,25,ince,False,iki-OK-arasi-monotonluk,,,,,,,,,,,True,,935.0,2.5,9.5
2026-09-22 12:21:23,MLLB_000_y1.0.3,AMBER,v4_amber_MLLB_000_y103_0922_1155,4.2,4.2,100,80,26,ince,False,iki-OK-arasi-monotonluk,,,,,,,,,,,True,,935.0,2.5,9.5
2026-09-22 12:21:23,MLLB_000_y1.0.3,AMBER,v4_amber_MLLB_000_y103_0922_1155,4.2,4.2,100,80,27,ince,False,iki-OK-arasi-monotonluk,,,,,,,,,,,True,,935.0,2.5,9.5
2026-09-22 12:21:23,MLLB_000_y1.0.3,AMBER,v4_amber_MLLB_000_y103_0922_1155,4.2,4.2,100,80,29,ince,False,iki-OK-arasi-monotonluk,,,,,,,,,,,True,,935.0,2.5,9.5
2026-09-22 12:21:23,MLLB_000_y1.0.3,AMBER,v4_amber_MLLB_000_y103_0922_1155,4.2,4.2,100,80,30,ince,False,iki-OK-arasi-monotonluk,,,,,,,,,,,True,,935.0,2.5,9.5
2026-09-22 12:21:23,MLLB_000_y1.0.3,AMBER,v4_amber_MLLB_000_y103_0922_1155,4.2,4.2,100,80,31,ince,False,iki-OK-arasi-monotonluk,,,,,,,,,,,True,,935.0,2.5,9.5
2026-09-22 12:21:23,MLLB_000_y1.0.3,AMBER,v4_amber_MLLB_000_y103_0922_1155,4.2,4.2,100,80,33,ince,False,iki-OK-arasi-monotonluk,,,,,,,,,,,True,,935.0,2.5,9.5
2026-09-22 12:21:23,MLLB_000_y1.0.3,AMBER,v4_amber_MLLB_000_y103_0922_1155,4.2,4.2,100,80,34,ince,False,iki-OK-arasi-monotonluk,,,,,,,,,,,True,,935.0,2.5,9.5
2026-09-22 12:21:23,MLLB_000_y1.0.3,AMBER,v4_amber_MLLB_000_y103_0922_1155,4.2,4.2,100,80,35,ince,False,iki-OK-arasi-monotonluk,,,,,,,,,,,True,,935.0,2.5,9.5
2026-09-22 12:21:23,MLLB_000_y1.0.3,AMBER,v4_amber_MLLB_000_y103_0922_1155,4.2,4.2,100,80,37,ince,False,iki-OK-arasi-monotonluk,,,,,,,,,,,True,,935.0,2.5,9.5
2026-09-22 12:21:23,MLLB_000_y1.0.3,AMBER,v4_amber_MLLB_000_y103_0922_1155,4.2,4.2,100,80,38,ince,False,iki-OK-arasi-monotonluk,,,,,,,,,,,True,,935.0,2.5,9.5
2026-09-22 12:21:23,MLLB_000_y1.0.3,AMBER,v4_amber_MLLB_000_y103_0922_1155,4.2,4.2,100,80,39,ince,False,iki-OK-arasi-monotonluk,,,,,,,,,,,True,,935.0,2.5,9.5
2026-09-22 12:21:23,MLLB_000_y1.0.3,AMBER,v4_amber_MLLB_000_y103_0922_1155,4.2,4.2,100,80,41,ince,False,iki-OK-arasi-monotonluk,,,,,,,,,,,True,,935.0,2.5,9.5
2026-09-22 12:21:23,MLLB_000_y1.0.3,AMBER,v4_amber_MLLB_000_y103_0922_1155,4.2,4.2,100,80,42,ince,False,iki-OK-arasi-monotonluk,,,,,,,,,,,True,,935.0,2.5,9.5
2026-09-22 12:21:23,MLLB_000_y1.0.3,AMBER,v4_amber_MLLB_000_y103_0922_1155,4.2,4.2,100,80,43,ince,False,iki-OK-arasi-monotonluk,,,,,,,,,,,True,,935.0,2.5,9.5
2026-09-22 12:21:23,MLLB_000_y1.0.3,AMBER,v4_amber_MLLB_000_y103_0922_1155,4.2,4.2,100,80,45,ince,False,iki-OK-arasi-monotonluk,,,,,,,,,,,True,,935.0,2.5,9.5
2026-09-22 12:21:23,MLLB_000_y1.0.3,AMBER,v4_amber_MLLB_000_y103_0922_1155,4.2,4.2,100,80,46,ince,False,iki-OK-arasi-monotonluk,,,,,,,,,,,True,,935.0,2.5,9.5
2026-09-22 12:21:23,MLLB_000_y1.0.3,AMBER,v4_amber_MLLB_000_y103_0922_1155,4.2,4.2,100,80,47,ince,False,iki-OK-arasi-monotonluk,,,,,,,,,,,True,,935.0,2.5,9.5
2026-09-22 12:21:23,MLLB_000_y1.0.3,AMBER,v4_amber_MLLB_000_y103_0922_1155,4.2,4.2,100,80,49,ince,False,iki-OK-arasi-monotonluk,,,,,,,,,,,True,,935.0,2.5,9.5
2026-09-22 12:21:23,MLLB_000_y1.0.3,AMBER,v4_amber_MLLB_000_y103_0922_1155,4.2,4.2,100,80,,bitti,False,,,,,,,,,,,,,,935.0,2.5,9.5
2026-09-22 12:21:39,MLLB_000_y1.0.3,AMBER,v4_amber_MLLB_000_y103_0922_1155,4.2,4.2,100,60,12,kaba,True,,26.0,28.0,976.0,1002.0,1.044,242.323,232.047,0.7744,True,,True,,935.0,2.5,9.5
2026-09-22 12:21:55,MLLB_000_y1.0.3,AMBER,v4_amber_MLLB_000_y103_0922_1155,4.2,4.2,100,60,16,kaba,True,,26.0,28.0,976.0,1002.0,1.045,242.323,231.995,0.7748,True,,True,,935.0,2.5,9.5
2026-09-22 12:22:11,MLLB_000_y1.0.3,AMBER,v4_amber_MLLB_000_y103_0922_1155,4.2,4.2,100,60,20,kaba,True,,26.0,28.0,976.0,1002.0,1.047,243.093,232.094,0.7745,True,,True,,935.0,2.5,9.5
2026-09-22 12:22:27,MLLB_000_y1.0.3,AMBER,v4_amber_MLLB_000_y103_0922_1155,4.2,4.2,100,60,24,kaba,True,,26.0,28.0,976.0,1002.0,1.044,242.323,232.131,0.7732,True,,True,,935.0,2.5,9.5
2026-09-22 12:22:39,MLLB_000_y1.0.3,AMBER,v4_amber_MLLB_000_y103_0922_1155,4.2,4.2,100,60,28,kaba,True,,26.0,28.0,976.0,1002.0,1.044,242.323,232.1,0.7743,True,,True,,935.0,2.5,9.5
2026-09-22 12:22:54,MLLB_000_y1.0.3,AMBER,v4_amber_MLLB_000_y103_0922_1155,4.2,4.2,100,60,32,kaba,True,,26.0,28.0,976.0,1002.0,1.048,243.093,232.01,0.7747,True,,True,,935.0,2.5,9.5
2026-09-22 12:23:11,MLLB_000_y1.0.3,AMBER,v4_amber_MLLB_000_y103_0922_1155,4.2,4.2,100,60,36,kaba,True,,26.0,28.0,976.0,1002.0,1.051,243.864,232.085,0.7738,True,,True,,935.0,2.5,9.5
2026-09-22 12:23:26,MLLB_000_y1.0.3,AMBER,v4_amber_MLLB_000_y103_0922_1155,4.2,4.2,100,60,40,kaba,True,,26.0,28.0,976.0,1002.0,1.051,243.864,232.031,0.7746,True,,True,,935.0,2.5,9.5
2026-09-22 12:23:43,MLLB_000_y1.0.3,AMBER,v4_amber_MLLB_000_y103_0922_1155,4.2,4.2,100,60,44,kaba,True,,26.0,28.0,976.0,1002.0,1.05,243.864,232.249,0.7744,True,,True,,935.0,2.5,9.5
2026-09-22 12:23:59,MLLB_000_y1.0.3,AMBER,v4_amber_MLLB_000_y103_0922_1155,4.2,4.2,100,60,48,kaba,True,,26.0,28.0,976.0,1002.0,1.068,247.719,231.957,0.7732,True,,True,,935.0,2.5,9.5
2026-09-22 12:24:15,MLLB_000_y1.0.3,AMBER,v4_amber_MLLB_000_y103_0922_1155,4.2,4.2,100,60,50,kaba,True,,26.0,28.0,976.0,1002.0,1.091,253.12,232.051,0.7737,True,,True,,935.0,2.5,9.5
2026-09-22 12:24:15,MLLB_000_y1.0.3,AMBER,v4_amber_MLLB_000_y103_0922_1155,4.2,4.2,100,60,13,ince,False,iki-OK-arasi-monotonluk,,,,,,,,,,,True,,935.0,2.5,9.5
2026-09-22 12:24:15,MLLB_000_y1.0.3,AMBER,v4_amber_MLLB_000_y103_0922_1155,4.2,4.2,100,60,14,ince,False,iki-OK-arasi-monotonluk,,,,,,,,,,,True,,935.0,2.5,9.5
2026-09-22 12:24:15,MLLB_000_y1.0.3,AMBER,v4_amber_MLLB_000_y103_0922_1155,4.2,4.2,100,60,15,ince,False,iki-OK-arasi-monotonluk,,,,,,,,,,,True,,935.0,2.5,9.5
2026-09-22 12:24:15,MLLB_000_y1.0.3,AMBER,v4_amber_MLLB_000_y103_0922_1155,4.2,4.2,100,60,17,ince,False,iki-OK-arasi-monotonluk,,,,,,,,,,,True,,935.0,2.5,9.5
2026-09-22 12:24:15,MLLB_000_y1.0.3,AMBER,v4_amber_MLLB_000_y103_0922_1155,4.2,4.2,100,60,18,ince,False,iki-OK-arasi-monotonluk,,,,,,,,,,,True,,935.0,2.5,9.5
2026-09-22 12:24:15,MLLB_000_y1.0.3,AMBER,v4_amber_MLLB_000_y103_0922_1155,4.2,4.2,100,60,19,ince,False,iki-OK-arasi-monotonluk,,,,,,,,,,,True,,935.0,2.5,9.5
2026-09-22 12:24:15,MLLB_000_y1.0.3,AMBER,v4_amber_MLLB_000_y103_0922_1155,4.2,4.2,100,60,21,ince,False,iki-OK-arasi-monotonluk,,,,,,,,,,,True,,935.0,2.5,9.5
2026-09-22 12:24:15,MLLB_000_y1.0.3,AMBER,v4_amber_MLLB_000_y103_0922_1155,4.2,4.2,100,60,22,ince,False,iki-OK-arasi-monotonluk,,,,,,,,,,,True,,935.0,2.5,9.5
2026-09-22 12:24:15,MLLB_000_y1.0.3,AMBER,v4_amber_MLLB_000_y103_0922_1155,4.2,4.2,100,60,23,ince,False,iki-OK-arasi-monotonluk,,,,,,,,,,,True,,935.0,2.5,9.5
2026-09-22 12:24:15,MLLB_000_y1.0.3,AMBER,v4_amber_MLLB_000_y103_0922_1155,4.2,4.2,100,60,25,ince,False,iki-OK-arasi-monotonluk,,,,,,,,,,,True,,935.0,2.5,9.5
2026-09-22 12:24:15,MLLB_000_y1.0.3,AMBER,v4_amber_MLLB_000_y103_0922_1155,4.2,4.2,100,60,26,ince,False,iki-OK-arasi-monotonluk,,,,,,,,,,,True,,935.0,2.5,9.5
2026-09-22 12:24:15,MLLB_000_y1.0.3,AMBER,v4_amber_MLLB_000_y103_0922_1155,4.2,4.2,100,60,27,ince,False,iki-OK-arasi-monotonluk,,,,,,,,,,,True,,935.0,2.5,9.5
2026-09-22 12:24:15,MLLB_000_y1.0.3,AMBER,v4_amber_MLLB_000_y103_0922_1155,4.2,4.2,100,60,29,ince,False,iki-OK-arasi-monotonluk,,,,,,,,,,,True,,935.0,2.5,9.5
2026-09-22 12:24:15,MLLB_000_y1.0.3,AMBER,v4_amber_MLLB_000_y103_0922_1155,4.2,4.2,100,60,30,ince,False,iki-OK-arasi-monotonluk,,,,,,,,,,,True,,935.0,2.5,9.5
2026-09-22 12:24:15,MLLB_000_y1.0.3,AMBER,v4_amber_MLLB_000_y103_0922_1155,4.2,4.2,100,60,31,ince,False,iki-OK-arasi-monotonluk,,,,,,,,,,,True,,935.0,2.5,9.5
2026-09-22 12:24:15,MLLB_000_y1.0.3,AMBER,v4_amber_MLLB_000_y103_0922_1155,4.2,4.2,100,60,33,ince,False,iki-OK-arasi-monotonluk,,,,,,,,,,,True,,935.0,2.5,9.5
2026-09-22 12:24:15,MLLB_000_y1.0.3,AMBER,v4_amber_MLLB_000_y103_0922_1155,4.2,4.2,100,60,34,ince,False,iki-OK-arasi-monotonluk,,,,,,,,,,,True,,935.0,2.5,9.5
2026-09-22 12:24:15,MLLB_000_y1.0.3,AMBER,v4_amber_MLLB_000_y103_0922_1155,4.2,4.2,100,60,35,ince,False,iki-OK-arasi-monotonluk,,,,,,,,,,,True,,935.0,2.5,9.5
2026-09-22 12:24:15,MLLB_000_y1.0.3,AMBER,v4_amber_MLLB_000_y103_0922_1155,4.2,4.2,100,60,37,ince,False,iki-OK-arasi-monotonluk,,,,,,,,,,,True,,935.0,2.5,9.5
2026-09-22 12:24:15,MLLB_000_y1.0.3,AMBER,v4_amber_MLLB_000_y103_0922_1155,4.2,4.2,100,60,38,ince,False,iki-OK-arasi-monotonluk,,,,,,,,,,,True,,935.0,2.5,9.5
2026-09-22 12:24:15,MLLB_000_y1.0.3,AMBER,v4_amber_MLLB_000_y103_0922_1155,4.2,4.2,100,60,39,ince,False,iki-OK-arasi-monotonluk,,,,,,,,,,,True,,935.0,2.5,9.5
2026-09-22 12:24:15,MLLB_000_y1.0.3,AMBER,v4_amber_MLLB_000_y103_0922_1155,4.2,4.2,100,60,41,ince,False,iki-OK-arasi-monotonluk,,,,,,,,,,,True,,935.0,2.5,9.5
2026-09-22 12:24:15,MLLB_000_y1.0.3,AMBER,v4_amber_MLLB_000_y103_0922_1155,4.2,4.2,100,60,42,ince,False,iki-OK-arasi-monotonluk,,,,,,,,,,,True,,935.0,2.5,9.5
2026-09-22 12:24:15,MLLB_000_y1.0.3,AMBER,v4_amber_MLLB_000_y103_0922_1155,4.2,4.2,100,60,43,ince,False,iki-OK-arasi-monotonluk,,,,,,,,,,,True,,935.0,2.5,9.5
2026-09-22 12:24:15,MLLB_000_y1.0.3,AMBER,v4_amber_MLLB_000_y103_0922_1155,4.2,4.2,100,60,45,ince,False,iki-OK-arasi-monotonluk,,,,,,,,,,,True,,935.0,2.5,9.5
2026-09-22 12:24:15,MLLB_000_y1.0.3,AMBER,v4_amber_MLLB_000_y103_0922_1155,4.2,4.2,100,60,46,ince,False,iki-OK-arasi-monotonluk,,,,,,,,,,,True,,935.0,2.5,9.5
2026-09-22 12:24:15,MLLB_000_y1.0.3,AMBER,v4_amber_MLLB_000_y103_0922_1155,4.2,4.2,100,60,47,ince,False,iki-OK-arasi-monotonluk,,,,,,,,,,,True,,935.0,2.5,9.5
2026-09-22 12:24:15,MLLB_000_y1.0.3,AMBER,v4_amber_MLLB_000_y103_0922_1155,4.2,4.2,100,60,49,ince,False,iki-OK-arasi-monotonluk,,,,,,,,,,,True,,935.0,2.5,9.5
2026-09-22 12:24:15,MLLB_000_y1.0.3,AMBER,v4_amber_MLLB_000_y103_0922_1155,4.2,4.2,100,60,,bitti,False,,,,,,,,,,,,,,935.0,2.5,9.5
2026-09-22 12:24:45,MLLB_000_y1.0.3,AMBER,v4_amber_MLLB_000_y103_0922_1155,3.6,3.608,6,100,12,kaba,True,,260.0,36.0,742.0,1002.0,1.042,10.371,9.956,0.7735,True,,False,ON,935.0,2.5,9.5
2026-09-22 12:25:01,MLLB_000_y1.0.3,AMBER,v4_amber_MLLB_000_y103_0922_1155,3.6,3.608,6,100,16,kaba,True,,176.0,36.0,826.0,1002.0,1.038,10.348,9.974,0.7734,True,,False,ON,935.0,2.5,9.5
2026-09-22 12:25:17,MLLB_000_y1.0.3,AMBER,v4_amber_MLLB_000_y103_0922_1155,3.6,3.608,6,100,20,kaba,True,,90.0,40.0,912.0,1002.0,1.026,10.234,9.976,0.7737,True,,False,ON,935.0,2.5,9.5
2026-09-22 12:25:33,MLLB_000_y1.0.3,AMBER,v4_amber_MLLB_000_y103_0922_1155,3.6,3.608,6,100,24,kaba,True,,30.0,28.0,972.0,1002.0,1.848,18.473,9.994,0.7744,True,,True,,935.0,2.5,9.5
2026-09-22 12:25:48,MLLB_000_y1.0.3,AMBER,v4_amber_MLLB_000_y103_0922_1155,3.6,3.608,6,100,28,kaba,True,,30.0,28.0,972.0,1002.0,6.222,62.241,10.004,0.7745,True,,False,FLAS,935.0,2.5,9.5
2026-09-22 12:26:05,MLLB_000_y1.0.3,AMBER,v4_amber_MLLB_000_y103_0922_1155,3.6,3.608,6,100,21,ince,True,,68.0,36.0,934.0,1002.0,1.018,10.188,10.003,0.7737,True,,False,ON,935.0,2.5,9.5
2026-09-22 12:26:20,MLLB_000_y1.0.3,AMBER,v4_amber_MLLB_000_y103_0922_1155,3.6,3.608,6,100,22,ince,True,,46.0,40.0,956.0,1002.0,1.029,10.279,9.995,0.7741,True,,True,,935.0,2.5,9.5
2026-09-22 12:26:37,MLLB_000_y1.0.3,AMBER,v4_amber_MLLB_000_y103_0922_1155,3.6,3.608,6,100,23,ince,True,,30.0,28.0,972.0,1002.0,1.029,10.302,10.011,0.7737,True,,True,,935.0,2.5,9.5
2026-09-22 12:26:53,MLLB_000_y1.0.3,AMBER,v4_amber_MLLB_000_y103_0922_1155,3.6,3.608,6,100,25,ince,True,,30.0,28.0,972.0,1002.0,3.162,31.625,10.002,0.7736,True,,False,FLAS,935.0,2.5,9.5
2026-09-22 12:27:05,MLLB_000_y1.0.3,AMBER,v4_amber_MLLB_000_y103_0922_1155,3.6,3.608,6,100,26,ince,True,,30.0,28.0,972.0,1002.0,4.319,43.176,9.997,0.7744,True,,False,FLAS,935.0,2.5,9.5
2026-09-22 12:27:20,MLLB_000_y1.0.3,AMBER,v4_amber_MLLB_000_y103_0922_1155,3.6,3.608,6,100,27,ince,True,,30.0,28.0,972.0,1002.0,4.961,49.581,9.993,0.7737,True,,False,FLAS,935.0,2.5,9.5
2026-09-22 12:27:21,MLLB_000_y1.0.3,AMBER,v4_amber_MLLB_000_y103_0922_1155,3.6,3.608,6,100,,bitti,False,,,,,,,,,,,,,,935.0,2.5,9.5
2026-09-22 12:27:37,MLLB_000_y1.0.3,AMBER,v4_amber_MLLB_000_y103_0922_1155,3.6,3.608,6,80,12,kaba,True,,302.0,38.0,700.0,1002.0,1.043,10.371,9.943,0.7739,True,,False,ON,935.0,2.5,9.5
2026-09-22 12:27:53,MLLB_000_y1.0.3,AMBER,v4_amber_MLLB_000_y103_0922_1155,3.6,3.608,6,80,16,kaba,True,,234.0,40.0,768.0,1002.0,1.044,10.417,9.974,0.7748,True,,False,ON,935.0,2.5,9.5
2026-09-22 12:28:09,MLLB_000_y1.0.3,AMBER,v4_amber_MLLB_000_y103_0922_1155,3.6,3.608,6,80,20,kaba,True,,166.0,42.0,836.0,1002.0,1.046,10.439,9.977,0.7742,True,,False,ON,935.0,2.5,9.5
2026-09-22 12:28:25,MLLB_000_y1.0.3,AMBER,v4_amber_MLLB_000_y103_0922_1155,3.6,3.608,6,80,24,kaba,True,,96.0,36.0,906.0,1002.0,1.028,10.279,9.996,0.7744,True,,False,ON,935.0,2.5,9.5
2026-09-22 12:28:41,MLLB_000_y1.0.3,AMBER,v4_amber_MLLB_000_y103_0922_1155,3.6,3.608,6,80,28,kaba,True,,34.0,28.0,968.0,1002.0,1.039,10.417,10.027,0.7739,True,,True,,935.0,2.5,9.5
2026-09-22 12:28:57,MLLB_000_y1.0.3,AMBER,v4_amber_MLLB_000_y103_0922_1155,3.6,3.608,6,80,32,kaba,True,,34.0,28.0,968.0,1002.0,4.606,46.09,10.007,0.7745,True,,False,FLAS,935.0,2.5,9.5
2026-09-22 12:29:13,MLLB_000_y1.0.3,AMBER,v4_amber_MLLB_000_y103_0922_1155,3.6,3.608,6,80,36,kaba,True,,34.0,28.0,968.0,1002.0,11.119,111.229,10.004,0.7742,True,,False,FLAS,935.0,2.5,9.5
2026-09-22 12:29:28,MLLB_000_y1.0.3,AMBER,v4_amber_MLLB_000_y103_0922_1155,3.6,3.608,6,80,25,ince,True,,78.0,40.0,924.0,1002.0,1.029,10.279,9.994,0.7747,True,,False,ON,935.0,2.5,9.5
2026-09-22 12:29:45,MLLB_000_y1.0.3,AMBER,v4_amber_MLLB_000_y103_0922_1155,3.6,3.608,6,80,26,ince,True,,60.0,36.0,942.0,1002.0,1.022,10.234,10.01,0.7737,True,,True,,935.0,2.5,9.5
2026-09-22 12:30:01,MLLB_000_y1.0.3,AMBER,v4_amber_MLLB_000_y103_0922_1155,3.6,3.608,6,80,27,ince,True,,40.0,40.0,962.0,1002.0,1.03,10.302,10.001,0.7736,True,,True,,935.0,2.5,9.5
2026-09-22 12:30:17,MLLB_000_y1.0.3,AMBER,v4_amber_MLLB_000_y103_0922_1155,3.6,3.608,6,80,29,ince,True,,34.0,28.0,968.0,1002.0,1.832,18.306,9.992,0.774,True,,True,,935.0,2.5,9.5
2026-09-22 12:30:32,MLLB_000_y1.0.3,AMBER,v4_amber_MLLB_000_y103_0922_1155,3.6,3.608,6,80,30,ince,True,,34.0,28.0,968.0,1002.0,2.915,29.181,10.009,0.7742,True,,False,FLAS,935.0,2.5,9.5
2026-09-22 12:30:48,MLLB_000_y1.0.3,AMBER,v4_amber_MLLB_000_y103_0922_1155,3.6,3.608,6,80,31,ince,True,,34.0,28.0,968.0,1002.0,3.922,39.273,10.014,0.7742,True,,False,FLAS,935.0,2.5,9.5
2026-09-22 12:30:49,MLLB_000_y1.0.3,AMBER,v4_amber_MLLB_000_y103_0922_1155,3.6,3.608,6,80,,bitti,False,,,,,,,,,,,,,,935.0,2.5,9.5
2026-09-22 12:31:05,MLLB_000_y1.0.3,AMBER,v4_amber_MLLB_000_y103_0922_1155,3.6,3.608,6,60,12,kaba,True,,348.0,36.0,654.0,1002.0,1.045,10.371,9.926,0.7732,True,,False,ON,935.0,2.5,9.5
2026-09-22 12:31:21,MLLB_000_y1.0.3,AMBER,v4_amber_MLLB_000_y103_0922_1155,3.6,3.608,6,60,16,kaba,True,,300.0,38.0,702.0,1002.0,1.049,10.417,9.927,0.7739,True,,False,ON,935.0,2.5,9.5
2026-09-22 12:31:37,MLLB_000_y1.0.3,AMBER,v4_amber_MLLB_000_y103_0922_1155,3.6,3.608,6,60,20,kaba,True,,248.0,36.0,754.0,1002.0,1.043,10.371,9.947,0.7737,True,,False,ON,935.0,2.5,9.5
2026-09-22 12:31:52,MLLB_000_y1.0.3,AMBER,v4_amber_MLLB_000_y103_0922_1155,3.6,3.608,6,60,24,kaba,True,,198.0,40.0,804.0,1002.0,1.035,10.302,9.952,0.7739,True,,False,ON,935.0,2.5,9.5
2026-09-22 13:02:07,MLLB_000_y1.0.3,AMBER,v4_amber_MLLB_000_y103_0922_1155,3.6,3.608,6,60,28,kaba,True,,150.0,40.0,852.0,1002.0,0.966,9.823,10.169,0.7737,True,,False,ON,935.0,2.5,9.5
2026-09-22 13:02:25,MLLB_000_y1.0.3,AMBER,v4_amber_MLLB_000_y103_0922_1155,3.6,3.608,6,60,32,kaba,True,,150.0,40.0,852.0,1002.0,1.044,10.394,9.954,0.7732,True,,False,ON,935.0,2.5,9.5
2026-09-22 13:02:41,MLLB_000_y1.0.3,AMBER,v4_amber_MLLB_000_y103_0922_1155,3.6,3.608,6,60,36,kaba,True,,150.0,40.0,852.0,1002.0,1.043,10.394,9.962,0.7743,True,,False,ON,935.0,2.5,9.5
2026-09-22 13:02:57,MLLB_000_y1.0.3,AMBER,v4_amber_MLLB_000_y103_0922_1155,3.6,3.608,6,60,40,kaba,True,,150.0,40.0,852.0,1002.0,1.04,10.348,9.95,0.7739,True,,False,ON,935.0,2.5,9.5
2026-09-22 13:03:13,MLLB_000_y1.0.3,AMBER,v4_amber_MLLB_000_y103_0922_1155,3.6,3.608,6,60,44,kaba,True,,150.0,36.0,852.0,1002.0,1.04,10.371,9.976,0.7736,True,,False,ON,935.0,2.5,9.5
2026-09-22 13:03:29,MLLB_000_y1.0.3,AMBER,v4_amber_MLLB_000_y103_0922_1155,3.6,3.608,6,60,48,kaba,True,,150.0,40.0,852.0,1002.0,1.043,10.417,9.984,0.7738,True,,False,ON,935.0,2.5,9.5
2026-09-22 13:03:45,MLLB_000_y1.0.3,AMBER,v4_amber_MLLB_000_y103_0922_1155,3.6,3.608,6,60,50,kaba,True,,150.0,36.0,852.0,1002.0,1.043,10.371,9.947,0.773,True,,False,ON,935.0,2.5,9.5
2026-09-22 13:03:45,MLLB_000_y1.0.3,AMBER,v4_amber_MLLB_000_y103_0922_1155,3.6,3.608,6,60,,bitti,False,,,,,,,,,,,,,,935.0,2.5,9.5
2026-09-22 13:04:17,MLLB_000_y1.0.3,AMBER,v4_amber_MLLB_000_y103_0922_1155,3.6,3.608,7,100,12,kaba,True,,218.0,34.0,784.0,1002.0,1.04,12.74,12.254,0.774,True,,False,ON,935.0,2.5,9.5
2026-09-22 13:04:29,MLLB_000_y1.0.3,AMBER,v4_amber_MLLB_000_y103_0922_1155,3.6,3.608,7,100,16,kaba,True,,150.0,36.0,852.0,1002.0,1.034,12.717,12.302,0.7734,True,,False,ON,935.0,2.5,9.5
2026-09-22 13:04:45,MLLB_000_y1.0.3,AMBER,v4_amber_MLLB_000_y103_0922_1155,3.6,3.608,7,100,20,kaba,True,,80.0,36.0,922.0,1002.0,1.028,12.648,12.298,0.774,True,,False,ON,935.0,2.5,9.5
2026-09-22 13:05:01,MLLB_000_y1.0.3,AMBER,v4_amber_MLLB_000_y103_0922_1155,3.6,3.608,7,100,24,kaba,True,,30.0,28.0,972.0,1002.0,1.319,16.245,12.311,0.7738,True,,True,,935.0,2.5,9.5
2026-09-22 13:05:17,MLLB_000_y1.0.3,AMBER,v4_amber_MLLB_000_y103_0922_1155,3.6,3.608,7,100,28,kaba,True,,30.0,28.0,972.0,1002.0,4.846,59.63,12.306,0.7734,True,,False,FLAS,935.0,2.5,9.5
2026-09-22 13:05:33,MLLB_000_y1.0.3,AMBER,v4_amber_MLLB_000_y103_0922_1155,3.6,3.608,7,100,32,kaba,True,,30.0,28.0,972.0,1002.0,15.33,188.626,12.304,0.774,True,,False,FLAS,935.0,2.5,9.5
2026-09-22 13:05:49,MLLB_000_y1.0.3,AMBER,v4_amber_MLLB_000_y103_0922_1155,3.6,3.608,7,100,21,ince,True,,64.0,36.0,938.0,1002.0,1.025,12.602,12.295,0.7741,True,,True,,935.0,2.5,9.5
2026-09-22 13:06:05,MLLB_000_y1.0.3,AMBER,v4_amber_MLLB_000_y103_0922_1155,3.6,3.608,7,100,22,ince,True,,46.0,36.0,956.0,1002.0,1.023,12.578,12.292,0.774,True,,True,,935.0,2.5,9.5
2026-09-22 13:06:21,MLLB_000_y1.0.3,AMBER,v4_amber_MLLB_000_y103_0922_1155,3.6,3.608,7,100,23,ince,True,,30.0,28.0,972.0,1002.0,1.032,12.694,12.3,0.7741,True,,True,,935.0,2.5,9.5
2026-09-22 13:06:37,MLLB_000_y1.0.3,AMBER,v4_amber_MLLB_000_y103_0922_1155,3.6,3.608,7,100,25,ince,True,,30.0,28.0,972.0,1002.0,2.391,29.431,12.311,0.774,True,,True,,935.0,2.5,9.5
2026-09-22 13:06:53,MLLB_000_y1.0.3,AMBER,v4_amber_MLLB_000_y103_0922_1155,3.6,3.608,7,100,26,ince,True,,30.0,28.0,972.0,1002.0,3.4,41.85,12.309,0.7735,True,,False,FLAS,935.0,2.5,9.5
2026-09-22 13:07:09,MLLB_000_y1.0.3,AMBER,v4_amber_MLLB_000_y103_0922_1155,3.6,3.608,7,100,27,ince,True,,30.0,28.0,972.0,1002.0,3.952,48.575,12.29,0.7736,True,,False,FLAS,935.0,2.5,9.5
2026-09-22 13:07:09,MLLB_000_y1.0.3,AMBER,v4_amber_MLLB_000_y103_0922_1155,3.6,3.608,7,100,,bitti,False,,,,,,,,,,,,,,935.0,2.5,9.5
2026-09-22 13:07:25,MLLB_000_y1.0.3,AMBER,v4_amber_MLLB_000_y103_0922_1155,3.6,3.608,7,80,12,kaba,True,,252.0,36.0,750.0,1002.0,1.05,12.856,12.248,0.7739,True,,False,ON,935.0,2.5,9.5
2026-09-22 13:07:41,MLLB_000_y1.0.3,AMBER,v4_amber_MLLB_000_y103_0922_1155,3.6,3.608,7,80,16,kaba,True,,196.0,36.0,806.0,1002.0,1.036,12.694,12.252,0.7739,True,,False,ON,935.0,2.5,9.5
2026-09-22 13:07:57,MLLB_000_y1.0.3,AMBER,v4_amber_MLLB_000_y103_0922_1155,3.6,3.608,7,80,20,kaba,True,,142.0,36.0,860.0,1002.0,1.039,12.764,12.289,0.7729,True,,False,ON,935.0,2.5,9.5
2026-09-22 13:08:13,MLLB_000_y1.0.3,AMBER,v4_amber_MLLB_000_y103_0922_1155,3.6,3.608,7,80,24,kaba,True,,86.0,34.0,916.0,1002.0,1.04,12.787,12.292,0.7739,True,,False,ON,935.0,2.5,9.5
2026-09-22 13:08:29,MLLB_000_y1.0.3,AMBER,v4_amber_MLLB_000_y103_0922_1155,3.6,3.608,7,80,28,kaba,True,,34.0,28.0,968.0,1002.0,1.03,12.671,12.297,0.7744,True,,True,,935.0,2.5,9.5
2026-09-22 13:08:45,MLLB_000_y1.0.3,AMBER,v4_amber_MLLB_000_y103_0922_1155,3.6,3.608,7,80,32,kaba,True,,34.0,28.0,968.0,1002.0,3.642,44.883,12.325,0.7739,True,,False,FLAS,935.0,2.5,9.5
2026-09-22 13:09:01,MLLB_000_y1.0.3,AMBER,v4_amber_MLLB_000_y103_0922_1155,3.6,3.608,7,80,36,kaba,True,,34.0,28.0,968.0,1002.0,8.848,108.968,12.316,0.7732,True,,False,FLAS,935.0,2.5,9.5
2026-09-22 13:09:17,MLLB_000_y1.0.3,AMBER,v4_amber_MLLB_000_y103_0922_1155,3.6,3.608,7,80,25,ince,True,,72.0,36.0,930.0,1002.0,1.025,12.625,12.313,0.7742,True,,False,ON,935.0,2.5,9.5
2026-09-22 13:09:33,MLLB_000_y1.0.3,AMBER,v4_amber_MLLB_000_y103_0922_1155,3.6,3.608,7,80,26,ince,True,,56.0,36.0,946.0,1002.0,1.032,12.694,12.296,0.7735,True,,True,,935.0,2.5,9.5
2026-09-22 13:09:49,MLLB_000_y1.0.3,AMBER,v4_amber_MLLB_000_y103_0922_1155,3.6,3.608,7,80,27,ince,True,,42.0,34.0,960.0,1002.0,1.025,12.625,12.314,0.7742,True,,True,,935.0,2.5,9.5
2026-09-22 13:10:05,MLLB_000_y1.0.3,AMBER,v4_amber_MLLB_000_y103_0922_1155,3.6,3.608,7,80,29,ince,True,,34.0,28.0,968.0,1002.0,1.348,16.598,12.314,0.7741,True,,True,,935.0,2.5,9.5
2026-09-22 13:10:21,MLLB_000_y1.0.3,AMBER,v4_amber_MLLB_000_y103_0922_1155,3.6,3.608,7,80,30,ince,True,,34.0,28.0,968.0,1002.0,2.223,27.359,12.305,0.774,True,,True,,935.0,2.5,9.5
2026-09-22 13:10:37,MLLB_000_y1.0.3,AMBER,v4_amber_MLLB_000_y103_0922_1155,3.6,3.608,7,80,31,ince,True,,34.0,28.0,968.0,1002.0,3.068,37.76,12.307,0.7735,True,,False,FLAS,935.0,2.5,9.5
2026-09-22 13:10:37,MLLB_000_y1.0.3,AMBER,v4_amber_MLLB_000_y103_0922_1155,3.6,3.608,7,80,,bitti,False,,,,,,,,,,,,,,935.0,2.5,9.5
2026-09-22 13:10:49,MLLB_000_y1.0.3,AMBER,v4_amber_MLLB_000_y103_0922_1155,3.6,3.608,7,60,12,kaba,True,,288.0,36.0,714.0,1002.0,1.043,12.764,12.238,0.7744,True,,False,ON,935.0,2.5,9.5
2026-09-22 13:11:05,MLLB_000_y1.0.3,AMBER,v4_amber_MLLB_000_y103_0922_1155,3.6,3.608,7,60,16,kaba,True,,248.0,36.0,754.0,1002.0,1.043,12.764,12.232,0.7741,True,,False,ON,935.0,2.5,9.5
2026-09-22 13:11:21,MLLB_000_y1.0.3,AMBER,v4_amber_MLLB_000_y103_0922_1155,3.6,3.608,7,60,20,kaba,True,,208.0,36.0,794.0,1002.0,1.035,12.694,12.259,0.7741,True,,False,ON,935.0,2.5,9.5
2026-09-22 13:11:37,MLLB_000_y1.0.3,AMBER,v4_amber_MLLB_000_y103_0922_1155,3.6,3.608,7,60,24,kaba,True,,168.0,36.0,834.0,1002.0,1.036,12.717,12.27,0.7746,True,,False,ON,935.0,2.5,9.5
2026-09-22 13:11:53,MLLB_000_y1.0.3,AMBER,v4_amber_MLLB_000_y103_0922_1155,3.6,3.608,7,60,28,kaba,True,,128.0,36.0,874.0,1002.0,1.032,12.694,12.296,0.7742,True,,False,ON,935.0,2.5,9.5
2026-09-22 13:12:09,MLLB_000_y1.0.3,AMBER,v4_amber_MLLB_000_y103_0922_1155,3.6,3.608,7,60,32,kaba,True,,88.0,34.0,914.0,1002.0,1.031,12.694,12.309,0.7737,True,,False,ON,935.0,2.5,9.5
2026-09-22 13:12:25,MLLB_000_y1.0.3,AMBER,v4_amber_MLLB_000_y103_0922_1155,3.6,3.608,7,60,36,kaba,True,,46.0,32.0,956.0,1002.0,1.034,12.717,12.3,0.7744,True,,True,,935.0,2.5,9.5
2026-09-22 13:12:41,MLLB_000_y1.0.3,AMBER,v4_amber_MLLB_000_y103_0922_1155,3.6,3.608,7,60,40,kaba,True,,46.0,28.0,956.0,1002.0,2.465,30.337,12.308,0.7738,True,,True,,935.0,2.5,9.5
2026-09-22 13:12:57,MLLB_000_y1.0.3,AMBER,v4_amber_MLLB_000_y103_0922_1155,3.6,3.608,7,60,44,kaba,True,,46.0,28.0,956.0,1002.0,4.052,49.854,12.304,0.7735,True,,False,FLAS,935.0,2.5,9.5
2026-09-22 13:13:13,MLLB_000_y1.0.3,AMBER,v4_amber_MLLB_000_y103_0922_1155,3.6,3.608,7,60,48,kaba,True,,46.0,28.0,956.0,1002.0,7.72,95.043,12.312,0.7738,True,,False,FLAS,935.0,2.5,9.5
2026-09-22 13:13:29,MLLB_000_y1.0.3,AMBER,v4_amber_MLLB_000_y103_0922_1155,3.6,3.608,7,60,33,ince,True,,76.0,36.0,926.0,1002.0,1.033,12.717,12.311,0.7739,True,,False,ON,935.0,2.5,9.5
2026-09-22 13:13:45,MLLB_000_y1.0.3,AMBER,v4_amber_MLLB_000_y103_0922_1155,3.6,3.608,7,60,34,ince,True,,66.0,34.0,936.0,1002.0,1.027,12.648,12.32,0.7738,True,,True,,935.0,2.5,9.5
2026-09-22 13:14:01,MLLB_000_y1.0.3,AMBER,v4_amber_MLLB_000_y103_0922_1155,3.6,3.608,7,60,35,ince,True,,56.0,36.0,946.0,1002.0,1.028,12.671,12.322,0.7734,True,,True,,935.0,2.5,9.5
2026-09-22 13:14:01,MLLB_000_y1.0.3,AMBER,v4_amber_MLLB_000_y103_0922_1155,3.6,3.608,7,60,37,ince,False,iki-OK-arasi-monotonluk,,,,,,,,,,,True,,935.0,2.5,9.5
2026-09-22 13:14:01,MLLB_000_y1.0.3,AMBER,v4_amber_MLLB_000_y103_0922_1155,3.6,3.608,7,60,38,ince,False,iki-OK-arasi-monotonluk,,,,,,,,,,,True,,935.0,2.5,9.5
2026-09-22 13:14:01,MLLB_000_y1.0.3,AMBER,v4_amber_MLLB_000_y103_0922_1155,3.6,3.608,7,60,39,ince,False,iki-OK-arasi-monotonluk,,,,,,,,,,,True,,935.0,2.5,9.5
2026-09-22 13:14:17,MLLB_000_y1.0.3,AMBER,v4_amber_MLLB_000_y103_0922_1155,3.6,3.608,7,60,41,ince,True,,46.0,28.0,956.0,1002.0,3.067,37.708,12.294,0.7738,True,,False,FLAS,935.0,2.5,9.5
2026-09-22 13:14:33,MLLB_000_y1.0.3,AMBER,v4_amber_MLLB_000_y103_0922_1155,3.6,3.608,7,60,42,ince,True,,46.0,28.0,956.0,1002.0,3.505,43.096,12.297,0.7738,True,,False,FLAS,935.0,2.5,9.5
2026-09-22 13:14:49,MLLB_000_y1.0.3,AMBER,v4_amber_MLLB_000_y103_0922_1155,3.6,3.608,7,60,43,ince,True,,46.0,28.0,956.0,1002.0,3.781,46.493,12.297,0.7735,True,,False,FLAS,935.0,2.5,9.5
2026-09-22 13:14:49,MLLB_000_y1.0.3,AMBER,v4_amber_MLLB_000_y103_0922_1155,3.6,3.608,7,60,,bitti,False,,,,,,,,,,,,,,935.0,2.5,9.5
2026-09-22 13:15:11,MLLB_000_y1.0.3,AMBER,v4_amber_MLLB_000_y103_0922_1155,3.6,3.608,8,100,12,kaba,True,,184.0,34.0,818.0,1002.0,1.035,15.187,14.676,0.7738,True,,False,ON,935.0,2.5,9.5
2026-09-22 13:15:27,MLLB_000_y1.0.3,AMBER,v4_amber_MLLB_000_y103_0922_1155,3.6,3.608,8,100,16,kaba,True,,130.0,34.0,872.0,1002.0,1.034,15.187,14.685,0.7735,True,,False,ON,935.0,2.5,9.5
2026-09-22 13:15:43,MLLB_000_y1.0.3,AMBER,v4_amber_MLLB_000_y103_0922_1155,3.6,3.608,8,100,20,kaba,True,,72.0,36.0,930.0,1002.0,1.025,15.093,14.727,0.7734,True,,False,ON,935.0,2.5,9.5
2026-09-22 13:15:59,MLLB_000_y1.0.3,AMBER,v4_amber_MLLB_000_y103_0922_1155,3.6,3.608,8,100,24,kaba,True,,30.0,28.0,972.0,1002.0,1.082,15.915,14.715,0.774,True,,True,,935.0,2.5,9.5
2026-09-22 13:16:15,MLLB_000_y1.0.3,AMBER,v4_amber_MLLB_000_y103_0922_1155,3.6,3.608,8,100,28,kaba,True,,30.0,28.0,972.0,1002.0,3.986,58.726,14.734,0.7745,True,,False,FLAS,935.0,2.5,9.5
2026-09-22 13:16:31,MLLB_000_y1.0.3,AMBER,v4_amber_MLLB_000_y103_0922_1155,3.6,3.608,8,100,32,kaba,True,,30.0,28.0,972.0,1002.0,12.773,187.862,14.708,0.774,True,,False,FLAS,935.0,2.5,9.5
2026-09-22 13:16:47,MLLB_000_y1.0.3,AMBER,v4_amber_MLLB_000_y103_0922_1155,3.6,3.608,8,100,21,ince,True,,58.0,32.0,944.0,1002.0,1.03,15.163,14.715,0.7739,True,,True,,935.0,2.5,9.5
2026-09-22 13:17:03,MLLB_000_y1.0.3,AMBER,v4_amber_MLLB_000_y103_0922_1155,3.6,3.608,8,100,22,ince,True,,42.0,32.0,960.0,1002.0,1.026,15.116,14.731,0.7738,True,,True,,935.0,2.5,9.5
2026-09-22 13:17:19,MLLB_000_y1.0.3,AMBER,v4_amber_MLLB_000_y103_0922_1155,3.6,3.608,8,100,23,ince,True,,30.0,28.0,972.0,1002.0,1.031,15.187,14.734,0.7744,True,,True,,935.0,2.5,9.5
2026-09-22 13:17:35,MLLB_000_y1.0.3,AMBER,v4_amber_MLLB_000_y103_0922_1155,3.6,3.608,8,100,25,ince,True,,30.0,28.0,972.0,1002.0,1.978,29.156,14.737,0.7739,True,,True,,935.0,2.5,9.5
2026-09-22 13:17:51,MLLB_000_y1.0.3,AMBER,v4_amber_MLLB_000_y103_0922_1155,3.6,3.608,8,100,26,ince,True,,30.0,28.0,972.0,1002.0,2.837,41.745,14.713,0.7741,True,,False,FLAS,935.0,2.5,9.5
2026-09-22 13:18:07,MLLB_000_y1.0.3,AMBER,v4_amber_MLLB_000_y103_0922_1155,3.6,3.608,8,100,27,ince,True,,30.0,28.0,972.0,1002.0,3.299,48.575,14.724,0.7739,True,,False,FLAS,935.0,2.5,9.5
2026-09-22 13:18:07,MLLB_000_y1.0.3,AMBER,v4_amber_MLLB_000_y103_0922_1155,3.6,3.608,8,100,,bitti,False,,,,,,,,,,,,,,935.0,2.5,9.5
2026-09-22 13:18:23,MLLB_000_y1.0.3,AMBER,v4_amber_MLLB_000_y103_0922_1155,3.6,3.608,8,80,12,kaba,True,,212.0,34.0,790.0,1002.0,1.039,15.234,14.663,0.7741,True,,False,ON,935.0,2.5,9.5
2026-09-22 13:18:39,MLLB_000_y1.0.3,AMBER,v4_amber_MLLB_000_y103_0922_1155,3.6,3.608,8,80,16,kaba,True,,168.0,32.0,834.0,1002.0,1.044,15.327,14.677,0.7745,True,,False,ON,935.0,2.5,9.5
2026-09-22 13:18:55,MLLB_000_y1.0.3,AMBER,v4_amber_MLLB_000_y103_0922_1155,3.6,3.608,8,80,20,kaba,True,,122.0,32.0,880.0,1002.0,1.032,15.187,14.716,0.7732,True,,False,ON,935.0,2.5,9.5
2026-09-22 13:19:11,MLLB_000_y1.0.3,AMBER,v4_amber_MLLB_000_y103_0922_1155,3.6,3.608,8,80,24,kaba,True,,76.0,36.0,926.0,1002.0,1.034,15.21,14.713,0.773,True,,False,ON,935.0,2.5,9.5
2026-09-22 13:19:27,MLLB_000_y1.0.3,AMBER,v4_amber_MLLB_000_y103_0922_1155,3.6,3.608,8,80,28,kaba,True,,34.0,28.0,968.0,1002.0,1.035,15.257,14.748,0.7735,True,,True,,935.0,2.5,9.5
2026-09-22 13:19:43,MLLB_000_y1.0.3,AMBER,v4_amber_MLLB_000_y103_0922_1155,3.6,3.608,8,80,32,kaba,True,,34.0,28.0,968.0,1002.0,3.042,44.803,14.728,0.7739,True,,False,FLAS,935.0,2.5,9.5
2026-09-22 13:19:59,MLLB_000_y1.0.3,AMBER,v4_amber_MLLB_000_y103_0922_1155,3.6,3.608,8,80,36,kaba,True,,34.0,28.0,968.0,1002.0,7.372,108.591,14.73,0.7741,True,,False,FLAS,935.0,2.5,9.5
2026-09-22 13:20:15,MLLB_000_y1.0.3,AMBER,v4_amber_MLLB_000_y103_0922_1155,3.6,3.608,8,80,25,ince,True,,64.0,36.0,938.0,1002.0,1.027,15.116,14.714,0.7745,True,,True,,935.0,2.5,9.5
2026-09-22 13:20:31,MLLB_000_y1.0.3,AMBER,v4_amber_MLLB_000_y103_0922_1155,3.6,3.608,8,80,26,ince,True,,52.0,36.0,950.0,1002.0,1.027,15.116,14.715,0.7738,True,,True,,935.0,2.5,9.5
2026-09-22 13:20:47,MLLB_000_y1.0.3,AMBER,v4_amber_MLLB_000_y103_0922_1155,3.6,3.608,8,80,27,ince,True,,40.0,34.0,962.0,1002.0,1.032,15.187,14.722,0.7735,True,,True,,935.0,2.5,9.5
2026-09-22 13:21:03,MLLB_000_y1.0.3,AMBER,v4_amber_MLLB_000_y103_0922_1155,3.6,3.608,8,80,29,ince,True,,34.0,28.0,968.0,1002.0,1.132,16.669,14.729,0.7739,True,,True,,935.0,2.5,9.5
2026-09-22 13:21:19,MLLB_000_y1.0.3,AMBER,v4_amber_MLLB_000_y103_0922_1155,3.6,3.608,8,80,30,ince,True,,34.0,28.0,968.0,1002.0,1.855,27.309,14.718,0.7739,True,,True,,935.0,2.5,9.5
2026-09-22 13:21:35,MLLB_000_y1.0.3,AMBER,v4_amber_MLLB_000_y103_0922_1155,3.6,3.608,8,80,31,ince,True,,34.0,28.0,968.0,1002.0,2.556,37.63,14.719,0.774,True,,False,FLAS,935.0,2.5,9.5
2026-09-22 13:21:35,MLLB_000_y1.0.3,AMBER,v4_amber_MLLB_000_y103_0922_1155,3.6,3.608,8,80,,bitti,False,,,,,,,,,,,,,,935.0,2.5,9.5
2026-09-22 13:26:05,MLLB_000_y1.0.3,AMBER,v4_amber_MLLB_000_y103_0922_1155,3.6,3.608,10,100,12,kaba,True,,144.0,30.0,858.0,1002.0,1.029,20.028,19.458,0.774,True,,False,ON,935.0,2.5,9.5
2026-09-22 13:26:21,MLLB_000_y1.0.3,AMBER,v4_amber_MLLB_000_y103_0922_1155,3.6,3.608,10,100,16,kaba,True,,102.0,32.0,900.0,1002.0,1.029,20.028,19.465,0.7733,True,,False,ON,935.0,2.5,9.5
2026-09-22 13:30:35,MLLB_000_y1.0.3,AMBER,v4_amber_MLLB_000_y103_0922_1155,3.6,3.609,8,60,12,kaba,True,,244.0,32.0,758.0,1002.0,1.029,15.07,14.644,0.7735,True,,False,ON,935.0,2.5,9.5
2026-09-22 13:30:51,MLLB_000_y1.0.3,AMBER,v4_amber_MLLB_000_y103_0922_1155,3.6,3.609,8,60,16,kaba,True,,212.0,32.0,790.0,1002.0,1.024,15.046,14.688,0.7733,True,,False,ON,935.0,2.5,9.5
2026-09-22 13:31:07,MLLB_000_y1.0.3,AMBER,v4_amber_MLLB_000_y103_0922_1155,3.6,3.609,8,60,20,kaba,True,,178.0,32.0,824.0,1002.0,1.028,15.093,14.677,0.7737,True,,False,ON,935.0,2.5,9.5
2026-09-22 13:31:23,MLLB_000_y1.0.3,AMBER,v4_amber_MLLB_000_y103_0922_1155,3.6,3.609,8,60,24,kaba,True,,146.0,34.0,856.0,1002.0,1.01,14.812,14.664,0.7724,True,,False,ON,935.0,2.5,9.5
2026-09-22 13:31:39,MLLB_000_y1.0.3,AMBER,v4_amber_MLLB_000_y103_0922_1155,3.6,3.609,8,60,28,kaba,True,,112.0,36.0,890.0,1002.0,1.004,14.742,14.689,0.7742,True,,False,ON,935.0,2.5,9.5
2026-09-22 13:31:55,MLLB_000_y1.0.3,AMBER,v4_amber_MLLB_000_y103_0922_1155,3.6,3.609,8,60,32,kaba,True,,80.0,34.0,922.0,1002.0,1.004,14.742,14.677,0.7739,True,,False,ON,935.0,2.5,9.5
2026-09-22 13:32:11,MLLB_000_y1.0.3,AMBER,v4_amber_MLLB_000_y103_0922_1155,3.6,3.609,8,60,36,kaba,True,,46.0,32.0,956.0,1002.0,1.012,14.859,14.682,0.7741,True,,True,,935.0,2.5,9.5
2026-09-22 13:32:27,MLLB_000_y1.0.3,AMBER,v4_amber_MLLB_000_y103_0922_1155,3.6,3.609,8,60,40,kaba,True,,46.0,28.0,956.0,1002.0,1.444,21.208,14.683,0.7736,True,,True,,935.0,2.5,9.5
2026-09-22 13:32:43,MLLB_000_y1.0.3,AMBER,v4_amber_MLLB_000_y103_0922_1155,3.6,3.609,8,60,44,kaba,True,,46.0,28.0,956.0,1002.0,2.285,33.76,14.778,0.7741,True,,True,,935.0,2.5,9.5
2026-09-22 13:32:59,MLLB_000_y1.0.3,AMBER,v4_amber_MLLB_000_y103_0922_1155,3.6,3.609,8,60,48,kaba,True,,46.0,28.0,956.0,1002.0,5.52,81.152,14.703,0.7735,True,,False,FLAS,935.0,2.5,9.5
2026-09-22 13:33:15,MLLB_000_y1.0.3,AMBER,v4_amber_MLLB_000_y103_0922_1155,3.6,3.609,8,60,33,ince,True,,70.0,32.0,932.0,1002.0,1.015,14.929,14.706,0.7741,True,,False,ON,935.0,2.5,9.5
2026-09-22 13:33:31,MLLB_000_y1.0.3,AMBER,v4_amber_MLLB_000_y103_0922_1155,3.6,3.609,8,60,34,ince,True,,62.0,34.0,940.0,1002.0,1.015,14.929,14.705,0.7737,True,,True,,935.0,2.5,9.5
2026-09-22 13:33:47,MLLB_000_y1.0.3,AMBER,v4_amber_MLLB_000_y103_0922_1155,3.6,3.609,8,60,35,ince,True,,52.0,34.0,950.0,1002.0,1.023,15.046,14.714,0.7734,True,,True,,935.0,2.5,9.5
2026-09-22 13:33:47,MLLB_000_y1.0.3,AMBER,v4_amber_MLLB_000_y103_0922_1155,3.6,3.609,8,60,37,ince,False,iki-OK-arasi-monotonluk,,,,,,,,,,,True,,935.0,2.5,9.5
2026-09-22 13:33:47,MLLB_000_y1.0.3,AMBER,v4_amber_MLLB_000_y103_0922_1155,3.6,3.609,8,60,38,ince,False,iki-OK-arasi-monotonluk,,,,,,,,,,,True,,935.0,2.5,9.5
2026-09-22 13:33:47,MLLB_000_y1.0.3,AMBER,v4_amber_MLLB_000_y103_0922_1155,3.6,3.609,8,60,39,ince,False,iki-OK-arasi-monotonluk,,,,,,,,,,,True,,935.0,2.5,9.5
2026-09-22 13:33:47,MLLB_000_y1.0.3,AMBER,v4_amber_MLLB_000_y103_0922_1155,3.6,3.609,8,60,41,ince,False,iki-OK-arasi-monotonluk,,,,,,,,,,,True,,935.0,2.5,9.5
2026-09-22 13:33:47,MLLB_000_y1.0.3,AMBER,v4_amber_MLLB_000_y103_0922_1155,3.6,3.609,8,60,42,ince,False,iki-OK-arasi-monotonluk,,,,,,,,,,,True,,935.0,2.5,9.5
2026-09-22 13:33:47,MLLB_000_y1.0.3,AMBER,v4_amber_MLLB_000_y103_0922_1155,3.6,3.609,8,60,43,ince,False,iki-OK-arasi-monotonluk,,,,,,,,,,,True,,935.0,2.5,9.5
2026-09-22 13:34:03,MLLB_000_y1.0.3,AMBER,v4_amber_MLLB_000_y103_0922_1155,3.6,3.609,8,60,45,ince,True,,46.0,28.0,956.0,1002.0,3.032,44.615,14.716,0.7732,True,,False,FLAS,935.0,2.5,9.5
2026-09-22 13:34:19,MLLB_000_y1.0.3,AMBER,v4_amber_MLLB_000_y103_0922_1155,3.6,3.609,8,60,46,ince,True,,46.0,28.0,956.0,1002.0,3.409,50.128,14.707,0.7735,True,,False,FLAS,935.0,2.5,9.5
2026-09-22 13:34:35,MLLB_000_y1.0.3,AMBER,v4_amber_MLLB_000_y103_0922_1155,3.6,3.609,8,60,47,ince,True,,46.0,28.0,956.0,1002.0,4.078,59.997,14.711,0.7743,True,,False,FLAS,935.0,2.5,9.5
2026-09-22 13:34:35,MLLB_000_y1.0.3,AMBER,v4_amber_MLLB_000_y103_0922_1155,3.6,3.609,8,60,,bitti,False,,,,,,,,,,,,,,935.0,2.5,9.5
2026-09-22 13:34:57,MLLB_000_y1.0.3,AMBER,v4_amber_MLLB_000_y103_0922_1155,3.6,3.609,10,100,12,kaba,True,,144.0,32.0,858.0,1002.0,1.031,20.076,19.467,0.7745,True,,False,ON,935.0,2.5,9.5
2026-09-22 13:35:13,MLLB_000_y1.0.3,AMBER,v4_amber_MLLB_000_y103_0922_1155,3.6,3.609,10,100,16,kaba,True,,104.0,32.0,898.0,1002.0,1.027,19.98,19.446,0.7742,True,,False,ON,935.0,2.5,9.5
2026-09-22 13:35:29,MLLB_000_y1.0.3,AMBER,v4_amber_MLLB_000_y103_0922_1155,3.6,3.609,10,100,20,kaba,True,,60.0,34.0,942.0,1002.0,1.026,19.98,19.478,0.7736,True,,True,,935.0,2.5,9.5
2026-09-22 13:35:45,MLLB_000_y1.0.3,AMBER,v4_amber_MLLB_000_y103_0922_1155,3.6,3.609,10,100,24,kaba,True,,30.0,28.0,972.0,1002.0,1.026,20.004,19.503,0.7744,True,,True,,935.0,2.5,9.5
2026-09-22 13:36:01,MLLB_000_y1.0.3,AMBER,v4_amber_MLLB_000_y103_0922_1155,3.6,3.609,10,100,28,kaba,True,,30.0,28.0,972.0,1002.0,2.711,52.844,19.489,0.7734,True,,False,FLAS,935.0,2.5,9.5
2026-09-22 13:36:17,MLLB_000_y1.0.3,AMBER,v4_amber_MLLB_000_y103_0922_1155,3.6,3.609,10,100,32,kaba,True,,30.0,28.0,972.0,1002.0,9.221,179.849,19.505,0.7741,True,,False,FLAS,935.0,2.5,9.5
2026-09-22 13:36:33,MLLB_000_y1.0.3,AMBER,v4_amber_MLLB_000_y103_0922_1155,3.6,3.609,10,100,17,ince,True,,92.0,30.0,910.0,1002.0,1.026,19.98,19.47,0.7736,True,,False,ON,935.0,2.5,9.5
2026-09-22 13:36:49,MLLB_000_y1.0.3,AMBER,v4_amber_MLLB_000_y103_0922_1155,3.6,3.609,10,100,18,ince,True,,82.0,32.0,920.0,1002.0,1.029,20.028,19.466,0.7741,True,,False,ON,935.0,2.5,9.5
2026-09-22 13:37:05,MLLB_000_y1.0.3,AMBER,v4_amber_MLLB_000_y103_0922_1155,3.6,3.609,10,100,19,ince,True,,72.0,32.0,930.0,1002.0,1.021,19.908,19.494,0.7743,True,,False,ON,935.0,2.5,9.5
2026-09-22 13:37:05,MLLB_000_y1.0.3,AMBER,v4_amber_MLLB_000_y103_0922_1155,3.6,3.609,10,100,21,ince,False,iki-OK-arasi-monotonluk,,,,,,,,,,,True,,935.0,2.5,9.5
2026-09-22 13:37:05,MLLB_000_y1.0.3,AMBER,v4_amber_MLLB_000_y103_0922_1155,3.6,3.609,10,100,22,ince,False,iki-OK-arasi-monotonluk,,,,,,,,,,,True,,935.0,2.5,9.5
2026-09-22 13:37:05,MLLB_000_y1.0.3,AMBER,v4_amber_MLLB_000_y103_0922_1155,3.6,3.609,10,100,23,ince,False,iki-OK-arasi-monotonluk,,,,,,,,,,,True,,935.0,2.5,9.5
2026-09-22 13:37:21,MLLB_000_y1.0.3,AMBER,v4_amber_MLLB_000_y103_0922_1155,3.6,3.609,10,100,25,ince,True,,30.0,28.0,972.0,1002.0,1.415,27.582,19.494,0.7746,True,,True,,935.0,2.5,9.5
2026-09-22 13:37:37,MLLB_000_y1.0.3,AMBER,v4_amber_MLLB_000_y103_0922_1155,3.6,3.609,10,100,26,ince,True,,30.0,28.0,972.0,1002.0,2.005,39.09,19.499,0.7743,True,,True,,935.0,2.5,9.5
2026-09-22 13:37:53,MLLB_000_y1.0.3,AMBER,v4_amber_MLLB_000_y103_0922_1155,3.6,3.609,10,100,27,ince,True,,30.0,28.0,972.0,1002.0,2.324,45.311,19.496,0.7738,True,,True,,935.0,2.5,9.5
2026-09-22 13:37:53,MLLB_000_y1.0.3,AMBER,v4_amber_MLLB_000_y103_0922_1155,3.6,3.609,10,100,,bitti,False,,,,,,,,,,,,,,935.0,2.5,9.5
2026-09-22 13:38:09,MLLB_000_y1.0.3,AMBER,v4_amber_MLLB_000_y103_0922_1155,3.6,3.609,10,80,12,kaba,True,,166.0,32.0,836.0,1002.0,1.034,20.124,19.454,0.7745,True,,False,ON,935.0,2.5,9.5
2026-09-22 13:38:25,MLLB_000_y1.0.3,AMBER,v4_amber_MLLB_000_y103_0922_1155,3.6,3.609,10,80,16,kaba,True,,132.0,36.0,870.0,1002.0,1.024,19.932,19.458,0.7745,True,,False,ON,935.0,2.5,9.5
2026-09-22 13:38:41,MLLB_000_y1.0.3,AMBER,v4_amber_MLLB_000_y103_0922_1155,3.6,3.609,10,80,20,kaba,True,,100.0,32.0,902.0,1002.0,1.028,20.028,19.474,0.7748,True,,False,ON,935.0,2.5,9.5
2026-09-22 13:38:57,MLLB_000_y1.0.3,AMBER,v4_amber_MLLB_000_y103_0922_1155,3.6,3.609,10,80,24,kaba,True,,66.0,32.0,936.0,1002.0,1.025,19.98,19.488,0.7741,True,,True,,935.0,2.5,9.5
2026-09-22 13:39:13,MLLB_000_y1.0.3,AMBER,v4_amber_MLLB_000_y103_0922_1155,3.6,3.609,10,80,28,kaba,True,,34.0,28.0,968.0,1002.0,1.025,20.004,19.512,0.7744,True,,True,,935.0,2.5,9.5
2026-09-22 13:39:29,MLLB_000_y1.0.3,AMBER,v4_amber_MLLB_000_y103_0922_1155,3.6,3.609,10,80,32,kaba,True,,34.0,28.0,968.0,1002.0,2.135,41.612,19.489,0.7742,True,,True,,935.0,2.5,9.5
2026-09-22 13:39:45,MLLB_000_y1.0.3,AMBER,v4_amber_MLLB_000_y103_0922_1155,3.6,3.609,10,80,36,kaba,True,,34.0,28.0,968.0,1002.0,5.169,100.684,19.48,0.7733,True,,False,FLAS,935.0,2.5,9.5
2026-09-22 13:40:01,MLLB_000_y1.0.3,AMBER,v4_amber_MLLB_000_y103_0922_1155,3.6,3.609,10,80,21,ince,True,,90.0,32.0,912.0,1002.0,1.024,19.932,19.464,0.7739,True,,False,ON,935.0,2.5,9.5
2026-09-22 13:40:17,MLLB_000_y1.0.3,AMBER,v4_amber_MLLB_000_y103_0922_1155,3.6,3.609,10,80,22,ince,True,,82.0,32.0,920.0,1002.0,1.025,19.956,19.46,0.7741,True,,False,ON,935.0,2.5,9.5
2026-09-22 13:40:33,MLLB_000_y1.0.3,AMBER,v4_amber_MLLB_000_y103_0922_1155,3.6,3.609,10,80,23,ince,True,,74.0,32.0,928.0,1002.0,1.02,19.884,19.491,0.7733,True,,False,ON,935.0,2.5,9.5
2026-09-22 13:40:33,MLLB_000_y1.0.3,AMBER,v4_amber_MLLB_000_y103_0922_1155,3.6,3.609,10,80,25,ince,False,iki-OK-arasi-monotonluk,,,,,,,,,,,True,,935.0,2.5,9.5
2026-09-22 13:40:33,MLLB_000_y1.0.3,AMBER,v4_amber_MLLB_000_y103_0922_1155,3.6,3.609,10,80,26,ince,False,iki-OK-arasi-monotonluk,,,,,,,,,,,True,,935.0,2.5,9.5
2026-09-22 13:40:33,MLLB_000_y1.0.3,AMBER,v4_amber_MLLB_000_y103_0922_1155,3.6,3.609,10,80,27,ince,False,iki-OK-arasi-monotonluk,,,,,,,,,,,True,,935.0,2.5,9.5
2026-09-22 13:40:33,MLLB_000_y1.0.3,AMBER,v4_amber_MLLB_000_y103_0922_1155,3.6,3.609,10,80,29,ince,False,iki-OK-arasi-monotonluk,,,,,,,,,,,True,,935.0,2.5,9.5
2026-09-22 13:40:33,MLLB_000_y1.0.3,AMBER,v4_amber_MLLB_000_y103_0922_1155,3.6,3.609,10,80,30,ince,False,iki-OK-arasi-monotonluk,,,,,,,,,,,True,,935.0,2.5,9.5
2026-09-22 13:40:33,MLLB_000_y1.0.3,AMBER,v4_amber_MLLB_000_y103_0922_1155,3.6,3.609,10,80,31,ince,False,iki-OK-arasi-monotonluk,,,,,,,,,,,True,,935.0,2.5,9.5
2026-09-22 13:40:49,MLLB_000_y1.0.3,AMBER,v4_amber_MLLB_000_y103_0922_1155,3.6,3.609,10,80,33,ince,True,,34.0,28.0,968.0,1002.0,2.328,45.365,19.487,0.7743,True,,True,,935.0,2.5,9.5
2026-09-22 13:41:05,MLLB_000_y1.0.3,AMBER,v4_amber_MLLB_000_y103_0922_1155,3.6,3.609,10,80,34,ince,True,,34.0,28.0,968.0,1002.0,2.706,52.761,19.499,0.7738,True,,False,FLAS,935.0,2.5,9.5
2026-09-22 13:41:21,MLLB_000_y1.0.3,AMBER,v4_amber_MLLB_000_y103_0922_1155,3.6,3.609,10,80,35,ince,True,,34.0,28.0,968.0,1002.0,4.046,78.902,19.501,0.774,True,,False,FLAS,935.0,2.5,9.5
2026-09-22 13:41:21,MLLB_000_y1.0.3,AMBER,v4_amber_MLLB_000_y103_0922_1155,3.6,3.609,10,80,,bitti,False,,,,,,,,,,,,,,935.0,2.5,9.5
2026-09-22 13:41:37,MLLB_000_y1.0.3,AMBER,v4_amber_MLLB_000_y103_0922_1155,3.6,3.609,10,60,12,kaba,True,,190.0,32.0,812.0,1002.0,1.03,20.028,19.439,0.7738,True,,False,ON,935.0,2.5,9.5
2026-09-22 13:41:53,MLLB_000_y1.0.3,AMBER,v4_amber_MLLB_000_y103_0922_1155,3.6,3.609,10,60,16,kaba,True,,166.0,32.0,836.0,1002.0,1.026,19.956,19.446,0.7742,True,,False,ON,935.0,2.5,9.5
2026-09-22 13:42:09,MLLB_000_y1.0.3,AMBER,v4_amber_MLLB_000_y103_0922_1155,3.6,3.609,10,60,20,kaba,True,,142.0,32.0,860.0,1002.0,1.029,20.004,19.447,0.774,True,,False,ON,935.0,2.5,9.5
2026-09-22 13:42:25,MLLB_000_y1.0.3,AMBER,v4_amber_MLLB_000_y103_0922_1155,3.6,3.609,10,60,24,kaba,True,,118.0,32.0,884.0,1002.0,1.025,19.932,19.452,0.7738,True,,False,ON,935.0,2.5,9.5
2026-09-22 13:42:41,MLLB_000_y1.0.3,AMBER,v4_amber_MLLB_000_y103_0922_1155,3.6,3.609,10,60,28,kaba,True,,94.0,32.0,908.0,1002.0,1.026,19.98,19.465,0.7739,True,,False,ON,935.0,2.5,9.5
2026-09-22 13:42:57,MLLB_000_y1.0.3,AMBER,v4_amber_MLLB_000_y103_0922_1155,3.6,3.609,10,60,32,kaba,True,,70.0,32.0,932.0,1002.0,1.019,19.836,19.473,0.7743,True,,False,ON,935.0,2.5,9.5
2026-09-22 13:43:13,MLLB_000_y1.0.3,AMBER,v4_amber_MLLB_000_y103_0922_1155,3.6,3.609,10,60,36,kaba,True,,46.0,28.0,956.0,1002.0,1.031,20.052,19.454,0.774,True,,True,,935.0,2.5,9.5
2026-09-22 13:43:29,MLLB_000_y1.0.3,AMBER,v4_amber_MLLB_000_y103_0922_1155,3.6,3.609,10,60,40,kaba,True,,46.0,28.0,956.0,1002.0,1.401,27.309,19.486,0.7735,True,,True,,935.0,2.5,9.5
2026-09-22 13:43:45,MLLB_000_y1.0.3,AMBER,v4_amber_MLLB_000_y103_0922_1155,3.6,3.609,10,60,44,kaba,True,,46.0,28.0,956.0,1002.0,2.313,45.07,19.488,0.7745,True,,True,,935.0,2.5,9.5
2026-09-22 13:44:01,MLLB_000_y1.0.3,AMBER,v4_amber_MLLB_000_y103_0922_1155,3.6,3.609,10,60,48,kaba,True,,46.0,28.0,956.0,1002.0,4.591,89.407,19.475,0.7749,True,,False,FLAS,935.0,2.5,9.5
2026-09-22 13:44:17,MLLB_000_y1.0.3,AMBER,v4_amber_MLLB_000_y103_0922_1155,3.6,3.609,10,60,50,kaba,True,,46.0,28.0,956.0,1002.0,5.521,107.461,19.464,0.7742,True,,False,FLAS,935.0,2.5,9.5
2026-09-22 13:44:33,MLLB_000_y1.0.3,AMBER,v4_amber_MLLB_000_y103_0922_1155,3.6,3.609,10,60,33,ince,True,,64.0,32.0,938.0,1002.0,1.018,19.812,19.463,0.7739,True,,True,,935.0,2.5,9.5
2026-09-22 13:44:49,MLLB_000_y1.0.3,AMBER,v4_amber_MLLB_000_y103_0922_1155,3.6,3.609,10,60,34,ince,True,,56.0,34.0,946.0,1002.0,1.018,19.812,19.466,0.7738,True,,True,,935.0,2.5,9.5
2026-09-22 13:45:05,MLLB_000_y1.0.3,AMBER,v4_amber_MLLB_000_y103_0922_1155,3.6,3.609,10,60,35,ince,True,,50.0,32.0,952.0,1002.0,1.017,19.788,19.448,0.7741,True,,True,,935.0,2.5,9.5
2026-09-22 13:45:05,MLLB_000_y1.0.3,AMBER,v4_amber_MLLB_000_y103_0922_1155,3.6,3.609,10,60,37,ince,False,iki-OK-arasi-monotonluk,,,,,,,,,,,True,,935.0,2.5,9.5
2026-09-22 13:45:05,MLLB_000_y1.0.3,AMBER,v4_amber_MLLB_000_y103_0922_1155,3.6,3.609,10,60,38,ince,False,iki-OK-arasi-monotonluk,,,,,,,,,,,True,,935.0,2.5,9.5
2026-09-22 13:45:05,MLLB_000_y1.0.3,AMBER,v4_amber_MLLB_000_y103_0922_1155,3.6,3.609,10,60,39,ince,False,iki-OK-arasi-monotonluk,,,,,,,,,,,True,,935.0,2.5,9.5
2026-09-22 13:45:05,MLLB_000_y1.0.3,AMBER,v4_amber_MLLB_000_y103_0922_1155,3.6,3.609,10,60,41,ince,False,iki-OK-arasi-monotonluk,,,,,,,,,,,True,,935.0,2.5,9.5
2026-09-22 13:45:05,MLLB_000_y1.0.3,AMBER,v4_amber_MLLB_000_y103_0922_1155,3.6,3.609,10,60,42,ince,False,iki-OK-arasi-monotonluk,,,,,,,,,,,True,,935.0,2.5,9.5
2026-09-22 13:45:05,MLLB_000_y1.0.3,AMBER,v4_amber_MLLB_000_y103_0922_1155,3.6,3.609,10,60,43,ince,False,iki-OK-arasi-monotonluk,,,,,,,,,,,True,,935.0,2.5,9.5
2026-09-22 13:45:21,MLLB_000_y1.0.3,AMBER,v4_amber_MLLB_000_y103_0922_1155,3.6,3.609,10,60,45,ince,True,,46.0,28.0,956.0,1002.0,2.358,45.875,19.458,0.7735,True,,True,,935.0,2.5,9.5
2026-09-22 13:45:37,MLLB_000_y1.0.3,AMBER,v4_amber_MLLB_000_y103_0922_1155,3.6,3.609,10,60,46,ince,True,,46.0,28.0,956.0,1002.0,2.773,54.032,19.486,0.774,True,,False,FLAS,935.0,2.5,9.5
2026-09-22 13:45:53,MLLB_000_y1.0.3,AMBER,v4_amber_MLLB_000_y103_0922_1155,3.6,3.609,10,60,47,ince,True,,46.0,28.0,956.0,1002.0,3.783,73.656,19.469,0.7744,True,,False,FLAS,935.0,2.5,9.5
2026-09-22 13:45:53,MLLB_000_y1.0.3,AMBER,v4_amber_MLLB_000_y103_0922_1155,3.6,3.609,10,60,,bitti,False,,,,,,,,,,,,,,935.0,2.5,9.5
2026-09-22 13:46:15,MLLB_000_y1.0.3,AMBER,v4_amber_MLLB_000_y103_0922_1155,3.6,3.609,15,100,12,kaba,True,,98.0,28.0,904.0,1002.0,1.02,32.59,31.963,0.7738,True,,False,ON,935.0,2.5,9.5
2026-09-22 13:46:31,MLLB_000_y1.0.3,AMBER,v4_amber_MLLB_000_y103_0922_1155,3.6,3.609,15,100,16,kaba,True,,74.0,28.0,928.0,1002.0,1.02,32.615,31.984,0.7742,True,,False,ON,935.0,2.5,9.5
2026-09-22 13:46:47,MLLB_000_y1.0.3,AMBER,v4_amber_MLLB_000_y103_0922_1155,3.6,3.609,15,100,20,kaba,True,,48.0,30.0,954.0,1002.0,1.017,32.539,32.001,0.7743,True,,True,,935.0,2.5,9.5
2026-09-22 13:47:03,MLLB_000_y1.0.3,AMBER,v4_amber_MLLB_000_y103_0922_1155,3.6,3.609,15,100,24,kaba,True,,30.0,28.0,972.0,1002.0,1.019,32.64,32.017,0.7747,True,,True,,935.0,2.5,9.5
2026-09-22 13:47:19,MLLB_000_y1.0.3,AMBER,v4_amber_MLLB_000_y103_0922_1155,3.6,3.609,15,100,28,kaba,True,,30.0,28.0,972.0,1002.0,1.538,49.227,32.016,0.7745,True,,True,,935.0,2.5,9.5
2026-09-22 13:47:35,MLLB_000_y1.0.3,AMBER,v4_amber_MLLB_000_y103_0922_1155,3.6,3.609,15,100,32,kaba,True,,30.0,28.0,972.0,1002.0,4.592,169.185,36.847,0.7742,True,,False,FLAS,935.0,2.5,9.5
2026-09-22 13:47:51,MLLB_000_y1.0.3,AMBER,v4_amber_MLLB_000_y103_0922_1155,3.6,3.609,15,100,36,kaba,True,,30.0,28.0,972.0,1002.0,5.806,213.882,36.838,0.7746,True,,False,FLAS,935.0,2.5,9.5
2026-09-22 13:48:07,MLLB_000_y1.0.3,AMBER,v4_amber_MLLB_000_y103_0922_1155,3.6,3.609,15,100,17,ince,True,,66.0,32.0,936.0,1002.0,1.021,32.666,32.0,0.7742,True,,True,,935.0,2.5,9.5
2026-09-22 13:48:23,MLLB_000_y1.0.3,AMBER,v4_amber_MLLB_000_y103_0922_1155,3.6,3.609,15,100,18,ince,True,,60.0,28.0,942.0,1002.0,1.021,32.666,32.009,0.7741,True,,True,,935.0,2.5,9.5
2026-09-22 13:48:39,MLLB_000_y1.0.3,AMBER,v4_amber_MLLB_000_y103_0922_1155,3.6,3.609,15,100,19,ince,True,,54.0,32.0,948.0,1002.0,1.02,32.64,31.986,0.7746,True,,True,,935.0,2.5,9.5
2026-09-22 13:48:39,MLLB_000_y1.0.3,AMBER,v4_amber_MLLB_000_y103_0922_1155,3.6,3.609,15,100,21,ince,False,iki-OK-arasi-monotonluk,,,,,,,,,,,True,,935.0,2.5,9.5
2026-09-22 13:48:39,MLLB_000_y1.0.3,AMBER,v4_amber_MLLB_000_y103_0922_1155,3.6,3.609,15,100,22,ince,False,iki-OK-arasi-monotonluk,,,,,,,,,,,True,,935.0,2.5,9.5
2026-09-22 13:48:39,MLLB_000_y1.0.3,AMBER,v4_amber_MLLB_000_y103_0922_1155,3.6,3.609,15,100,23,ince,False,iki-OK-arasi-monotonluk,,,,,,,,,,,True,,935.0,2.5,9.5
2026-09-22 13:48:39,MLLB_000_y1.0.3,AMBER,v4_amber_MLLB_000_y103_0922_1155,3.6,3.609,15,100,25,ince,False,iki-OK-arasi-monotonluk,,,,,,,,,,,True,,935.0,2.5,9.5
2026-09-22 13:48:39,MLLB_000_y1.0.3,AMBER,v4_amber_MLLB_000_y103_0922_1155,3.6,3.609,15,100,26,ince,False,iki-OK-arasi-monotonluk,,,,,,,,,,,True,,935.0,2.5,9.5
2026-09-22 13:48:39,MLLB_000_y1.0.3,AMBER,v4_amber_MLLB_000_y103_0922_1155,3.6,3.609,15,100,27,ince,False,iki-OK-arasi-monotonluk,,,,,,,,,,,True,,935.0,2.5,9.5
2026-09-22 13:48:55,MLLB_000_y1.0.3,AMBER,v4_amber_MLLB_000_y103_0922_1155,3.6,3.609,15,100,29,ince,True,,30.0,28.0,972.0,1002.0,2.318,85.278,36.791,0.7746,True,,True,,935.0,2.5,9.5
2026-09-22 13:49:11,MLLB_000_y1.0.3,AMBER,v4_amber_MLLB_000_y103_0922_1155,3.6,3.609,15,100,30,ince,True,,30.0,28.0,972.0,1002.0,3.401,124.814,36.695,0.7739,True,,False,FLAS,935.0,2.5,9.5
2026-09-22 13:49:27,MLLB_000_y1.0.3,AMBER,v4_amber_MLLB_000_y103_0922_1155,3.6,3.609,15,100,31,ince,True,,30.0,28.0,972.0,1002.0,4.073,150.559,36.966,0.7738,True,,False,FLAS,935.0,2.5,9.5
2026-09-22 13:49:27,MLLB_000_y1.0.3,AMBER,v4_amber_MLLB_000_y103_0922_1155,3.6,3.609,15,100,,bitti,False,,,,,,,,,,,,,,935.0,2.5,9.5
2026-09-22 13:49:43,MLLB_000_y1.0.3,AMBER,v4_amber_MLLB_000_y103_0922_1155,3.6,3.609,15,80,12,kaba,True,,110.0,32.0,892.0,1002.0,1.026,32.819,31.973,0.7742,True,,False,ON,935.0,2.5,9.5
2026-09-22 13:49:59,MLLB_000_y1.0.3,AMBER,v4_amber_MLLB_000_y103_0922_1155,3.6,3.609,15,80,16,kaba,True,,92.0,30.0,910.0,1002.0,1.024,32.742,31.981,0.7742,True,,False,ON,935.0,2.5,9.5
2026-09-22 13:50:15,MLLB_000_y1.0.3,AMBER,v4_amber_MLLB_000_y103_0922_1155,3.6,3.609,15,80,20,kaba,True,,72.0,30.0,930.0,1002.0,1.021,32.666,31.992,0.7737,True,,False,ON,935.0,2.5,9.5
2026-09-22 13:50:31,MLLB_000_y1.0.3,AMBER,v4_amber_MLLB_000_y103_0922_1155,3.6,3.609,15,80,24,kaba,True,,52.0,30.0,950.0,1002.0,1.02,32.666,32.027,0.7741,True,,True,,935.0,2.5,9.5
2026-09-22 13:50:47,MLLB_000_y1.0.3,AMBER,v4_amber_MLLB_000_y103_0922_1155,3.6,3.609,15,80,28,kaba,True,,34.0,28.0,968.0,1002.0,1.025,32.793,32.001,0.7733,True,,True,,935.0,2.5,9.5
2026-09-22 13:51:03,MLLB_000_y1.0.3,AMBER,v4_amber_MLLB_000_y103_0922_1155,3.6,3.609,15,80,32,kaba,True,,34.0,28.0,968.0,1002.0,1.279,40.927,32.01,0.7744,True,,True,,935.0,2.5,9.5
2026-09-22 13:51:19,MLLB_000_y1.0.3,AMBER,v4_amber_MLLB_000_y103_0922_1155,3.6,3.609,15,80,36,kaba,True,,34.0,28.0,968.0,1002.0,2.718,99.931,36.767,0.7744,True,,False,FLAS,935.0,2.5,9.5
2026-09-22 13:51:35,MLLB_000_y1.0.3,AMBER,v4_amber_MLLB_000_y103_0922_1155,3.6,3.609,15,80,40,kaba,True,,34.0,30.0,968.0,1002.0,4.458,163.856,36.755,0.7738,True,,False,FLAS,935.0,2.5,9.5
2026-09-22 13:51:51,MLLB_000_y1.0.3,AMBER,v4_amber_MLLB_000_y103_0922_1155,3.6,3.609,15,80,21,ince,True,,68.0,30.0,934.0,1002.0,1.022,32.691,31.996,0.7739,True,,False,ON,935.0,2.5,9.5
2026-09-22 13:52:07,MLLB_000_y1.0.3,AMBER,v4_amber_MLLB_000_y103_0922_1155,3.6,3.609,15,80,22,ince,True,,62.0,32.0,940.0,1002.0,1.025,32.793,31.989,0.7738,True,,True,,935.0,2.5,9.5
2026-09-22 13:52:23,MLLB_000_y1.0.3,AMBER,v4_amber_MLLB_000_y103_0922_1155,3.6,3.609,15,80,23,ince,True,,58.0,28.0,944.0,1002.0,1.022,32.742,32.032,0.7744,True,,True,,935.0,2.5,9.5
2026-09-22 13:52:23,MLLB_000_y1.0.3,AMBER,v4_amber_MLLB_000_y103_0922_1155,3.6,3.609,15,80,25,ince,False,iki-OK-arasi-monotonluk,,,,,,,,,,,True,,935.0,2.5,9.5
2026-09-22 13:52:23,MLLB_000_y1.0.3,AMBER,v4_amber_MLLB_000_y103_0922_1155,3.6,3.609,15,80,26,ince,False,iki-OK-arasi-monotonluk,,,,,,,,,,,True,,935.0,2.5,9.5
2026-09-22 13:52:23,MLLB_000_y1.0.3,AMBER,v4_amber_MLLB_000_y103_0922_1155,3.6,3.609,15,80,27,ince,False,iki-OK-arasi-monotonluk,,,,,,,,,,,True,,935.0,2.5,9.5
2026-09-22 13:52:23,MLLB_000_y1.0.3,AMBER,v4_amber_MLLB_000_y103_0922_1155,3.6,3.609,15,80,29,ince,False,iki-OK-arasi-monotonluk,,,,,,,,,,,True,,935.0,2.5,9.5
2026-09-22 13:52:23,MLLB_000_y1.0.3,AMBER,v4_amber_MLLB_000_y103_0922_1155,3.6,3.609,15,80,30,ince,False,iki-OK-arasi-monotonluk,,,,,,,,,,,True,,935.0,2.5,9.5
2026-09-22 13:52:23,MLLB_000_y1.0.3,AMBER,v4_amber_MLLB_000_y103_0922_1155,3.6,3.609,15,80,31,ince,False,iki-OK-arasi-monotonluk,,,,,,,,,,,True,,935.0,2.5,9.5
2026-09-22 13:52:39,MLLB_000_y1.0.3,AMBER,v4_amber_MLLB_000_y103_0922_1155,3.6,3.609,15,80,33,ince,True,,34.0,28.0,968.0,1002.0,1.413,45.258,32.026,0.7738,True,,True,,935.0,2.5,9.5
2026-09-22 13:52:55,MLLB_000_y1.0.3,AMBER,v4_amber_MLLB_000_y103_0922_1155,3.6,3.609,15,80,34,ince,True,,34.0,28.0,968.0,1002.0,1.651,52.871,32.018,0.7742,True,,True,,935.0,2.5,9.5
2026-09-22 13:53:11,MLLB_000_y1.0.3,AMBER,v4_amber_MLLB_000_y103_0922_1155,3.6,3.609,15,80,35,ince,True,,34.0,30.0,968.0,1002.0,2.138,78.902,36.898,0.7738,True,,True,,935.0,2.5,9.5
2026-09-22 13:53:11,MLLB_000_y1.0.3,AMBER,v4_amber_MLLB_000_y103_0922_1155,3.6,3.609,15,80,,bitti,False,,,,,,,,,,,,,,935.0,2.5,9.5
2026-09-22 13:53:27,MLLB_000_y1.0.3,AMBER,v4_amber_MLLB_000_y103_0922_1155,3.6,3.609,15,60,12,kaba,True,,126.0,28.0,876.0,1002.0,1.027,32.844,31.968,0.7745,True,,False,ON,935.0,2.5,9.5
2026-09-22 13:53:43,MLLB_000_y1.0.3,AMBER,v4_amber_MLLB_000_y103_0922_1155,3.6,3.609,15,60,16,kaba,True,,112.0,30.0,890.0,1002.0,1.023,32.742,31.991,0.7736,True,,False,ON,935.0,2.5,9.5
2026-09-22 13:53:59,MLLB_000_y1.0.3,AMBER,v4_amber_MLLB_000_y103_0922_1155,3.6,3.609,15,60,20,kaba,True,,98.0,32.0,904.0,1002.0,1.025,32.768,31.983,0.7734,True,,False,ON,935.0,2.5,9.5
2026-09-22 13:54:15,MLLB_000_y1.0.3,AMBER,v4_amber_MLLB_000_y103_0922_1155,3.6,3.609,15,60,24,kaba,True,,86.0,28.0,916.0,1002.0,1.024,32.742,31.99,0.7738,True,,False,ON,935.0,2.5,9.5
2026-09-22 13:54:31,MLLB_000_y1.0.3,AMBER,v4_amber_MLLB_000_y103_0922_1155,3.6,3.609,15,60,28,kaba,True,,72.0,30.0,930.0,1002.0,1.023,32.768,32.016,0.7746,True,,False,ON,935.0,2.5,9.5
2026-09-22 13:54:47,MLLB_000_y1.0.3,AMBER,v4_amber_MLLB_000_y103_0922_1155,3.6,3.609,15,60,32,kaba,True,,58.0,28.0,944.0,1002.0,1.021,32.691,32.021,0.7742,True,,True,,935.0,2.5,9.5
2026-09-22 13:55:03,MLLB_000_y1.0.3,AMBER,v4_amber_MLLB_000_y103_0922_1155,3.6,3.609,15,60,36,kaba,True,,46.0,28.0,956.0,1002.0,1.022,32.742,32.042,0.7744,True,,True,,935.0,2.5,9.5
2026-09-22 13:55:19,MLLB_000_y1.0.3,AMBER,v4_amber_MLLB_000_y103_0922_1155,3.6,3.609,15,60,40,kaba,True,,46.0,28.0,956.0,1002.0,1.028,32.895,32.015,0.7744,True,,True,,935.0,2.5,9.5
2026-09-22 13:55:35,MLLB_000_y1.0.3,AMBER,v4_amber_MLLB_000_y103_0922_1155,3.6,3.609,15,60,44,kaba,True,,46.0,28.0,956.0,1002.0,1.419,45.445,32.026,0.7742,True,,True,,935.0,2.5,9.5
2026-09-22 13:55:51,MLLB_000_y1.0.3,AMBER,v4_amber_MLLB_000_y103_0922_1155,3.6,3.609,15,60,48,kaba,True,,46.0,28.0,956.0,1002.0,2.487,91.664,36.854,0.7742,True,,True,,935.0,2.5,9.5
2026-09-22 13:56:07,MLLB_000_y1.0.3,AMBER,v4_amber_MLLB_000_y103_0922_1155,3.6,3.609,15,60,50,kaba,True,,46.0,28.0,956.0,1002.0,3.139,116.131,36.99,0.7745,True,,False,FLAS,935.0,2.5,9.5
2026-09-22 13:56:23,MLLB_000_y1.0.3,AMBER,v4_amber_MLLB_000_y103_0922_1155,3.6,3.609,15,60,29,ince,True,,68.0,30.0,934.0,1002.0,1.023,32.717,31.995,0.7744,True,,False,ON,935.0,2.5,9.5
2026-09-22 13:56:39,MLLB_000_y1.0.3,AMBER,v4_amber_MLLB_000_y103_0922_1155,3.6,3.609,15,60,30,ince,True,,64.0,28.0,938.0,1002.0,1.022,32.717,32.013,0.774,True,,True,,935.0,2.5,9.5
2026-09-22 13:56:55,MLLB_000_y1.0.3,AMBER,v4_amber_MLLB_000_y103_0922_1155,3.6,3.609,15,60,31,ince,True,,62.0,28.0,940.0,1002.0,1.022,32.742,32.037,0.774,True,,True,,935.0,2.5,9.5
2026-09-22 13:56:55,MLLB_000_y1.0.3,AMBER,v4_amber_MLLB_000_y103_0922_1155,3.6,3.609,15,60,33,ince,False,iki-OK-arasi-monotonluk,,,,,,,,,,,True,,935.0,2.5,9.5
2026-09-22 13:56:55,MLLB_000_y1.0.3,AMBER,v4_amber_MLLB_000_y103_0922_1155,3.6,3.609,15,60,34,ince,False,iki-OK-arasi-monotonluk,,,,,,,,,,,True,,935.0,2.5,9.5
2026-09-22 13:56:55,MLLB_000_y1.0.3,AMBER,v4_amber_MLLB_000_y103_0922_1155,3.6,3.609,15,60,35,ince,False,iki-OK-arasi-monotonluk,,,,,,,,,,,True,,935.0,2.5,9.5
2026-09-22 13:56:55,MLLB_000_y1.0.3,AMBER,v4_amber_MLLB_000_y103_0922_1155,3.6,3.609,15,60,37,ince,False,iki-OK-arasi-monotonluk,,,,,,,,,,,True,,935.0,2.5,9.5
2026-09-22 13:56:55,MLLB_000_y1.0.3,AMBER,v4_amber_MLLB_000_y103_0922_1155,3.6,3.609,15,60,38,ince,False,iki-OK-arasi-monotonluk,,,,,,,,,,,True,,935.0,2.5,9.5
2026-09-22 13:56:55,MLLB_000_y1.0.3,AMBER,v4_amber_MLLB_000_y103_0922_1155,3.6,3.609,15,60,39,ince,False,iki-OK-arasi-monotonluk,,,,,,,,,,,True,,935.0,2.5,9.5
2026-09-22 13:56:55,MLLB_000_y1.0.3,AMBER,v4_amber_MLLB_000_y103_0922_1155,3.6,3.609,15,60,41,ince,False,iki-OK-arasi-monotonluk,,,,,,,,,,,True,,935.0,2.5,9.5
2026-09-22 13:56:55,MLLB_000_y1.0.3,AMBER,v4_amber_MLLB_000_y103_0922_1155,3.6,3.609,15,60,42,ince,False,iki-OK-arasi-monotonluk,,,,,,,,,,,True,,935.0,2.5,9.5
2026-09-22 13:56:55,MLLB_000_y1.0.3,AMBER,v4_amber_MLLB_000_y103_0922_1155,3.6,3.609,15,60,43,ince,False,iki-OK-arasi-monotonluk,,,,,,,,,,,True,,935.0,2.5,9.5
2026-09-22 13:56:55,MLLB_000_y1.0.3,AMBER,v4_amber_MLLB_000_y103_0922_1155,3.6,3.609,15,60,45,ince,False,iki-OK-arasi-monotonluk,,,,,,,,,,,True,,935.0,2.5,9.5
2026-09-22 13:56:55,MLLB_000_y1.0.3,AMBER,v4_amber_MLLB_000_y103_0922_1155,3.6,3.609,15,60,46,ince,False,iki-OK-arasi-monotonluk,,,,,,,,,,,True,,935.0,2.5,9.5
2026-09-22 13:56:55,MLLB_000_y1.0.3,AMBER,v4_amber_MLLB_000_y103_0922_1155,3.6,3.609,15,60,47,ince,False,iki-OK-arasi-monotonluk,,,,,,,,,,,True,,935.0,2.5,9.5
2026-09-22 13:57:11,MLLB_000_y1.0.3,AMBER,v4_amber_MLLB_000_y103_0922_1155,3.6,3.609,15,60,49,ince,True,,46.0,28.0,956.0,1002.0,2.821,103.695,36.765,0.7735,True,,False,FLAS,935.0,2.5,9.5
2026-09-22 13:57:11,MLLB_000_y1.0.3,AMBER,v4_amber_MLLB_000_y103_0922_1155,3.6,3.609,15,60,,bitti,False,,,,,,,,,,,,,,935.0,2.5,9.5
2026-09-22 13:57:33,MLLB_000_y1.0.3,AMBER,v4_amber_MLLB_000_y103_0922_1155,3.6,3.609,100,100,12,kaba,True,,30.0,28.0,972.0,1002.0,1.057,246.947,233.64,0.7734,True,,True,,935.0,2.5,9.5
2026-09-22 13:57:49,MLLB_000_y1.0.3,AMBER,v4_amber_MLLB_000_y103_0922_1155,3.6,3.609,100,100,16,kaba,True,,30.0,28.0,972.0,1002.0,1.068,249.261,233.393,0.7739,True,,True,,935.0,2.5,9.5
2026-09-22 13:58:05,MLLB_000_y1.0.3,AMBER,v4_amber_MLLB_000_y103_0922_1155,3.6,3.609,100,100,20,kaba,True,,30.0,28.0,972.0,1002.0,1.08,251.962,233.369,0.7741,True,,True,,935.0,2.5,9.5
2026-09-22 13:58:21,MLLB_000_y1.0.3,AMBER,v4_amber_MLLB_000_y103_0922_1155,3.6,3.609,100,100,24,kaba,True,,30.0,28.0,972.0,1002.0,1.062,247.719,233.332,0.7742,True,,True,,935.0,2.5,9.5
2026-09-22 13:58:37,MLLB_000_y1.0.3,AMBER,v4_amber_MLLB_000_y103_0922_1155,3.6,3.609,100,100,28,kaba,True,,30.0,28.0,972.0,1002.0,1.053,245.791,233.431,0.7736,True,,True,,935.0,2.5,9.5
2026-09-22 13:58:53,MLLB_000_y1.0.3,AMBER,v4_amber_MLLB_000_y103_0922_1155,3.6,3.609,100,100,32,kaba,True,,30.0,28.0,972.0,1002.0,1.054,245.791,233.264,0.7736,True,,True,,935.0,2.5,9.5
2026-09-22 13:59:09,MLLB_000_y1.0.3,AMBER,v4_amber_MLLB_000_y103_0922_1155,3.6,3.609,100,100,36,kaba,True,,30.0,28.0,972.0,1002.0,1.046,244.249,233.465,0.7742,True,,True,,935.0,2.5,9.5
2026-09-22 13:59:25,MLLB_000_y1.0.3,AMBER,v4_amber_MLLB_000_y103_0922_1155,3.6,3.609,100,100,40,kaba,True,,30.0,28.0,972.0,1002.0,1.048,244.635,233.352,0.7738,True,,True,,935.0,2.5,9.5
2026-09-22 13:59:41,MLLB_000_y1.0.3,AMBER,v4_amber_MLLB_000_y103_0922_1155,3.6,3.609,100,100,44,kaba,True,,30.0,28.0,972.0,1002.0,1.047,244.249,233.263,0.774,True,,True,,935.0,2.5,9.5
2026-09-22 13:59:57,MLLB_000_y1.0.3,AMBER,v4_amber_MLLB_000_y103_0922_1155,3.6,3.609,100,100,48,kaba,True,,30.0,28.0,972.0,1002.0,1.044,243.864,233.58,0.7736,True,,True,,935.0,2.5,9.5
2026-09-22 14:00:13,MLLB_000_y1.0.3,AMBER,v4_amber_MLLB_000_y103_0922_1155,3.6,3.609,100,100,50,kaba,True,,30.0,28.0,972.0,1002.0,1.043,243.479,233.492,0.774,True,,True,,935.0,2.5,9.5
2026-09-22 14:00:13,MLLB_000_y1.0.3,AMBER,v4_amber_MLLB_000_y103_0922_1155,3.6,3.609,100,100,13,ince,False,iki-OK-arasi-monotonluk,,,,,,,,,,,True,,935.0,2.5,9.5
2026-09-22 14:00:13,MLLB_000_y1.0.3,AMBER,v4_amber_MLLB_000_y103_0922_1155,3.6,3.609,100,100,14,ince,False,iki-OK-arasi-monotonluk,,,,,,,,,,,True,,935.0,2.5,9.5
2026-09-22 14:00:13,MLLB_000_y1.0.3,AMBER,v4_amber_MLLB_000_y103_0922_1155,3.6,3.609,100,100,15,ince,False,iki-OK-arasi-monotonluk,,,,,,,,,,,True,,935.0,2.5,9.5
2026-09-22 14:00:13,MLLB_000_y1.0.3,AMBER,v4_amber_MLLB_000_y103_0922_1155,3.6,3.609,100,100,17,ince,False,iki-OK-arasi-monotonluk,,,,,,,,,,,True,,935.0,2.5,9.5
2026-09-22 14:00:13,MLLB_000_y1.0.3,AMBER,v4_amber_MLLB_000_y103_0922_1155,3.6,3.609,100,100,18,ince,False,iki-OK-arasi-monotonluk,,,,,,,,,,,True,,935.0,2.5,9.5
2026-09-22 14:00:13,MLLB_000_y1.0.3,AMBER,v4_amber_MLLB_000_y103_0922_1155,3.6,3.609,100,100,19,ince,False,iki-OK-arasi-monotonluk,,,,,,,,,,,True,,935.0,2.5,9.5
2026-09-22 14:00:13,MLLB_000_y1.0.3,AMBER,v4_amber_MLLB_000_y103_0922_1155,3.6,3.609,100,100,21,ince,False,iki-OK-arasi-monotonluk,,,,,,,,,,,True,,935.0,2.5,9.5
2026-09-22 14:00:13,MLLB_000_y1.0.3,AMBER,v4_amber_MLLB_000_y103_0922_1155,3.6,3.609,100,100,22,ince,False,iki-OK-arasi-monotonluk,,,,,,,,,,,True,,935.0,2.5,9.5
2026-09-22 14:00:13,MLLB_000_y1.0.3,AMBER,v4_amber_MLLB_000_y103_0922_1155,3.6,3.609,100,100,23,ince,False,iki-OK-arasi-monotonluk,,,,,,,,,,,True,,935.0,2.5,9.5
2026-09-22 14:00:13,MLLB_000_y1.0.3,AMBER,v4_amber_MLLB_000_y103_0922_1155,3.6,3.609,100,100,25,ince,False,iki-OK-arasi-monotonluk,,,,,,,,,,,True,,935.0,2.5,9.5
2026-09-22 14:00:13,MLLB_000_y1.0.3,AMBER,v4_amber_MLLB_000_y103_0922_1155,3.6,3.609,100,100,26,ince,False,iki-OK-arasi-monotonluk,,,,,,,,,,,True,,935.0,2.5,9.5
2026-09-22 14:00:13,MLLB_000_y1.0.3,AMBER,v4_amber_MLLB_000_y103_0922_1155,3.6,3.609,100,100,27,ince,False,iki-OK-arasi-monotonluk,,,,,,,,,,,True,,935.0,2.5,9.5
2026-09-22 14:00:13,MLLB_000_y1.0.3,AMBER,v4_amber_MLLB_000_y103_0922_1155,3.6,3.609,100,100,29,ince,False,iki-OK-arasi-monotonluk,,,,,,,,,,,True,,935.0,2.5,9.5
2026-09-22 14:00:13,MLLB_000_y1.0.3,AMBER,v4_amber_MLLB_000_y103_0922_1155,3.6,3.609,100,100,30,ince,False,iki-OK-arasi-monotonluk,,,,,,,,,,,True,,935.0,2.5,9.5
2026-09-22 14:00:13,MLLB_000_y1.0.3,AMBER,v4_amber_MLLB_000_y103_0922_1155,3.6,3.609,100,100,31,ince,False,iki-OK-arasi-monotonluk,,,,,,,,,,,True,,935.0,2.5,9.5
2026-09-22 14:00:13,MLLB_000_y1.0.3,AMBER,v4_amber_MLLB_000_y103_0922_1155,3.6,3.609,100,100,33,ince,False,iki-OK-arasi-monotonluk,,,,,,,,,,,True,,935.0,2.5,9.5
2026-09-22 14:00:13,MLLB_000_y1.0.3,AMBER,v4_amber_MLLB_000_y103_0922_1155,3.6,3.609,100,100,34,ince,False,iki-OK-arasi-monotonluk,,,,,,,,,,,True,,935.0,2.5,9.5
2026-09-22 14:00:13,MLLB_000_y1.0.3,AMBER,v4_amber_MLLB_000_y103_0922_1155,3.6,3.609,100,100,35,ince,False,iki-OK-arasi-monotonluk,,,,,,,,,,,True,,935.0,2.5,9.5
2026-09-22 14:00:13,MLLB_000_y1.0.3,AMBER,v4_amber_MLLB_000_y103_0922_1155,3.6,3.609,100,100,37,ince,False,iki-OK-arasi-monotonluk,,,,,,,,,,,True,,935.0,2.5,9.5
2026-09-22 14:00:13,MLLB_000_y1.0.3,AMBER,v4_amber_MLLB_000_y103_0922_1155,3.6,3.609,100,100,38,ince,False,iki-OK-arasi-monotonluk,,,,,,,,,,,True,,935.0,2.5,9.5
2026-09-22 14:00:13,MLLB_000_y1.0.3,AMBER,v4_amber_MLLB_000_y103_0922_1155,3.6,3.609,100,100,39,ince,False,iki-OK-arasi-monotonluk,,,,,,,,,,,True,,935.0,2.5,9.5
2026-09-22 14:00:13,MLLB_000_y1.0.3,AMBER,v4_amber_MLLB_000_y103_0922_1155,3.6,3.609,100,100,41,ince,False,iki-OK-arasi-monotonluk,,,,,,,,,,,True,,935.0,2.5,9.5
2026-09-22 14:00:13,MLLB_000_y1.0.3,AMBER,v4_amber_MLLB_000_y103_0922_1155,3.6,3.609,100,100,42,ince,False,iki-OK-arasi-monotonluk,,,,,,,,,,,True,,935.0,2.5,9.5
2026-09-22 14:00:13,MLLB_000_y1.0.3,AMBER,v4_amber_MLLB_000_y103_0922_1155,3.6,3.609,100,100,43,ince,False,iki-OK-arasi-monotonluk,,,,,,,,,,,True,,935.0,2.5,9.5
2026-09-22 14:00:13,MLLB_000_y1.0.3,AMBER,v4_amber_MLLB_000_y103_0922_1155,3.6,3.609,100,100,45,ince,False,iki-OK-arasi-monotonluk,,,,,,,,,,,True,,935.0,2.5,9.5
2026-09-22 14:00:13,MLLB_000_y1.0.3,AMBER,v4_amber_MLLB_000_y103_0922_1155,3.6,3.609,100,100,46,ince,False,iki-OK-arasi-monotonluk,,,,,,,,,,,True,,935.0,2.5,9.5
2026-09-22 14:00:13,MLLB_000_y1.0.3,AMBER,v4_amber_MLLB_000_y103_0922_1155,3.6,3.609,100,100,47,ince,False,iki-OK-arasi-monotonluk,,,,,,,,,,,True,,935.0,2.5,9.5
2026-09-22 14:00:13,MLLB_000_y1.0.3,AMBER,v4_amber_MLLB_000_y103_0922_1155,3.6,3.609,100,100,49,ince,False,iki-OK-arasi-monotonluk,,,,,,,,,,,True,,935.0,2.5,9.5
2026-09-22 14:00:13,MLLB_000_y1.0.3,AMBER,v4_amber_MLLB_000_y103_0922_1155,3.6,3.609,100,100,,bitti,False,,,,,,,,,,,,,,935.0,2.5,9.5
2026-09-22 14:00:29,MLLB_000_y1.0.3,AMBER,v4_amber_MLLB_000_y103_0922_1155,3.6,3.609,100,80,12,kaba,True,,30.0,28.0,972.0,1002.0,1.048,244.635,233.485,0.7739,True,,True,,935.0,2.5,9.5
2026-09-22 14:00:45,MLLB_000_y1.0.3,AMBER,v4_amber_MLLB_000_y103_0922_1155,3.6,3.609,100,80,16,kaba,True,,30.0,28.0,972.0,1002.0,1.044,243.864,233.572,0.7746,True,,True,,935.0,2.5,9.5
2026-09-22 14:01:01,MLLB_000_y1.0.3,AMBER,v4_amber_MLLB_000_y103_0922_1155,3.6,3.609,100,80,20,kaba,True,,30.0,28.0,972.0,1002.0,1.039,242.323,233.236,0.774,True,,True,,935.0,2.5,9.5
2026-09-22 14:01:17,MLLB_000_y1.0.3,AMBER,v4_amber_MLLB_000_y103_0922_1155,3.6,3.609,100,80,24,kaba,True,,30.0,28.0,972.0,1002.0,1.044,243.864,233.526,0.7736,True,,True,,935.0,2.5,9.5
2026-09-22 14:01:33,MLLB_000_y1.0.3,AMBER,v4_amber_MLLB_000_y103_0922_1155,3.6,3.609,100,80,28,kaba,True,,30.0,28.0,972.0,1002.0,1.045,243.864,233.417,0.7736,True,,True,,935.0,2.5,9.5
2026-09-22 14:01:49,MLLB_000_y1.0.3,AMBER,v4_amber_MLLB_000_y103_0922_1155,3.6,3.609,100,80,32,kaba,True,,30.0,28.0,972.0,1002.0,1.044,243.864,233.551,0.7746,True,,True,,935.0,2.5,9.5
2026-09-22 14:02:05,MLLB_000_y1.0.3,AMBER,v4_amber_MLLB_000_y103_0922_1155,3.6,3.609,100,80,36,kaba,True,,30.0,28.0,972.0,1002.0,1.045,243.864,233.438,0.774,True,,True,,935.0,2.5,9.5
2026-09-22 14:02:21,MLLB_000_y1.0.3,AMBER,v4_amber_MLLB_000_y103_0922_1155,3.6,3.609,100,80,40,kaba,True,,30.0,28.0,972.0,1002.0,1.044,243.864,233.55,0.774,True,,True,,935.0,2.5,9.5
2026-09-22 14:02:37,MLLB_000_y1.0.3,AMBER,v4_amber_MLLB_000_y103_0922_1155,3.6,3.609,100,80,44,kaba,True,,30.0,28.0,972.0,1002.0,1.044,243.864,233.511,0.7742,True,,True,,935.0,2.5,9.5
2026-09-22 14:02:53,MLLB_000_y1.0.3,AMBER,v4_amber_MLLB_000_y103_0922_1155,3.6,3.609,100,80,48,kaba,True,,30.0,28.0,972.0,1002.0,1.045,243.864,233.419,0.774,True,,True,,935.0,2.5,9.5
2026-09-22 14:03:09,MLLB_000_y1.0.3,AMBER,v4_amber_MLLB_000_y103_0922_1155,3.6,3.609,100,80,50,kaba,True,,30.0,28.0,972.0,1002.0,1.045,243.864,233.459,0.7733,True,,True,,935.0,2.5,9.5
2026-09-22 14:03:09,MLLB_000_y1.0.3,AMBER,v4_amber_MLLB_000_y103_0922_1155,3.6,3.609,100,80,13,ince,False,iki-OK-arasi-monotonluk,,,,,,,,,,,True,,935.0,2.5,9.5
2026-09-22 14:03:09,MLLB_000_y1.0.3,AMBER,v4_amber_MLLB_000_y103_0922_1155,3.6,3.609,100,80,14,ince,False,iki-OK-arasi-monotonluk,,,,,,,,,,,True,,935.0,2.5,9.5
2026-09-22 14:03:09,MLLB_000_y1.0.3,AMBER,v4_amber_MLLB_000_y103_0922_1155,3.6,3.609,100,80,15,ince,False,iki-OK-arasi-monotonluk,,,,,,,,,,,True,,935.0,2.5,9.5
2026-09-22 14:03:09,MLLB_000_y1.0.3,AMBER,v4_amber_MLLB_000_y103_0922_1155,3.6,3.609,100,80,17,ince,False,iki-OK-arasi-monotonluk,,,,,,,,,,,True,,935.0,2.5,9.5
2026-09-22 14:03:09,MLLB_000_y1.0.3,AMBER,v4_amber_MLLB_000_y103_0922_1155,3.6,3.609,100,80,18,ince,False,iki-OK-arasi-monotonluk,,,,,,,,,,,True,,935.0,2.5,9.5
2026-09-22 14:03:09,MLLB_000_y1.0.3,AMBER,v4_amber_MLLB_000_y103_0922_1155,3.6,3.609,100,80,19,ince,False,iki-OK-arasi-monotonluk,,,,,,,,,,,True,,935.0,2.5,9.5
2026-09-22 14:03:09,MLLB_000_y1.0.3,AMBER,v4_amber_MLLB_000_y103_0922_1155,3.6,3.609,100,80,21,ince,False,iki-OK-arasi-monotonluk,,,,,,,,,,,True,,935.0,2.5,9.5
2026-09-22 14:03:09,MLLB_000_y1.0.3,AMBER,v4_amber_MLLB_000_y103_0922_1155,3.6,3.609,100,80,22,ince,False,iki-OK-arasi-monotonluk,,,,,,,,,,,True,,935.0,2.5,9.5
2026-09-22 14:03:09,MLLB_000_y1.0.3,AMBER,v4_amber_MLLB_000_y103_0922_1155,3.6,3.609,100,80,23,ince,False,iki-OK-arasi-monotonluk,,,,,,,,,,,True,,935.0,2.5,9.5
2026-09-22 14:03:09,MLLB_000_y1.0.3,AMBER,v4_amber_MLLB_000_y103_0922_1155,3.6,3.609,100,80,25,ince,False,iki-OK-arasi-monotonluk,,,,,,,,,,,True,,935.0,2.5,9.5
2026-09-22 14:03:09,MLLB_000_y1.0.3,AMBER,v4_amber_MLLB_000_y103_0922_1155,3.6,3.609,100,80,26,ince,False,iki-OK-arasi-monotonluk,,,,,,,,,,,True,,935.0,2.5,9.5
2026-09-22 14:03:09,MLLB_000_y1.0.3,AMBER,v4_amber_MLLB_000_y103_0922_1155,3.6,3.609,100,80,27,ince,False,iki-OK-arasi-monotonluk,,,,,,,,,,,True,,935.0,2.5,9.5
2026-09-22 14:03:09,MLLB_000_y1.0.3,AMBER,v4_amber_MLLB_000_y103_0922_1155,3.6,3.609,100,80,29,ince,False,iki-OK-arasi-monotonluk,,,,,,,,,,,True,,935.0,2.5,9.5
2026-09-22 14:03:09,MLLB_000_y1.0.3,AMBER,v4_amber_MLLB_000_y103_0922_1155,3.6,3.609,100,80,30,ince,False,iki-OK-arasi-monotonluk,,,,,,,,,,,True,,935.0,2.5,9.5
2026-09-22 14:03:09,MLLB_000_y1.0.3,AMBER,v4_amber_MLLB_000_y103_0922_1155,3.6,3.609,100,80,31,ince,False,iki-OK-arasi-monotonluk,,,,,,,,,,,True,,935.0,2.5,9.5
2026-09-22 14:03:09,MLLB_000_y1.0.3,AMBER,v4_amber_MLLB_000_y103_0922_1155,3.6,3.609,100,80,33,ince,False,iki-OK-arasi-monotonluk,,,,,,,,,,,True,,935.0,2.5,9.5
2026-09-22 14:03:09,MLLB_000_y1.0.3,AMBER,v4_amber_MLLB_000_y103_0922_1155,3.6,3.609,100,80,34,ince,False,iki-OK-arasi-monotonluk,,,,,,,,,,,True,,935.0,2.5,9.5
2026-09-22 14:03:09,MLLB_000_y1.0.3,AMBER,v4_amber_MLLB_000_y103_0922_1155,3.6,3.609,100,80,35,ince,False,iki-OK-arasi-monotonluk,,,,,,,,,,,True,,935.0,2.5,9.5
2026-09-22 14:03:09,MLLB_000_y1.0.3,AMBER,v4_amber_MLLB_000_y103_0922_1155,3.6,3.609,100,80,37,ince,False,iki-OK-arasi-monotonluk,,,,,,,,,,,True,,935.0,2.5,9.5
2026-09-22 14:03:09,MLLB_000_y1.0.3,AMBER,v4_amber_MLLB_000_y103_0922_1155,3.6,3.609,100,80,38,ince,False,iki-OK-arasi-monotonluk,,,,,,,,,,,True,,935.0,2.5,9.5
2026-09-22 14:03:09,MLLB_000_y1.0.3,AMBER,v4_amber_MLLB_000_y103_0922_1155,3.6,3.609,100,80,39,ince,False,iki-OK-arasi-monotonluk,,,,,,,,,,,True,,935.0,2.5,9.5
2026-09-22 14:03:09,MLLB_000_y1.0.3,AMBER,v4_amber_MLLB_000_y103_0922_1155,3.6,3.609,100,80,41,ince,False,iki-OK-arasi-monotonluk,,,,,,,,,,,True,,935.0,2.5,9.5
2026-09-22 14:03:09,MLLB_000_y1.0.3,AMBER,v4_amber_MLLB_000_y103_0922_1155,3.6,3.609,100,80,42,ince,False,iki-OK-arasi-monotonluk,,,,,,,,,,,True,,935.0,2.5,9.5
2026-09-22 14:03:09,MLLB_000_y1.0.3,AMBER,v4_amber_MLLB_000_y103_0922_1155,3.6,3.609,100,80,43,ince,False,iki-OK-arasi-monotonluk,,,,,,,,,,,True,,935.0,2.5,9.5
2026-09-22 14:03:09,MLLB_000_y1.0.3,AMBER,v4_amber_MLLB_000_y103_0922_1155,3.6,3.609,100,80,45,ince,False,iki-OK-arasi-monotonluk,,,,,,,,,,,True,,935.0,2.5,9.5
2026-09-22 14:03:09,MLLB_000_y1.0.3,AMBER,v4_amber_MLLB_000_y103_0922_1155,3.6,3.609,100,80,46,ince,False,iki-OK-arasi-monotonluk,,,,,,,,,,,True,,935.0,2.5,9.5
2026-09-22 14:03:09,MLLB_000_y1.0.3,AMBER,v4_amber_MLLB_000_y103_0922_1155,3.6,3.609,100,80,47,ince,False,iki-OK-arasi-monotonluk,,,,,,,,,,,True,,935.0,2.5,9.5
2026-09-22 14:03:09,MLLB_000_y1.0.3,AMBER,v4_amber_MLLB_000_y103_0922_1155,3.6,3.609,100,80,49,ince,False,iki-OK-arasi-monotonluk,,,,,,,,,,,True,,935.0,2.5,9.5
2026-09-22 14:03:09,MLLB_000_y1.0.3,AMBER,v4_amber_MLLB_000_y103_0922_1155,3.6,3.609,100,80,,bitti,False,,,,,,,,,,,,,,935.0,2.5,9.5
2026-09-22 14:03:25,MLLB_000_y1.0.3,AMBER,v4_amber_MLLB_000_y103_0922_1155,3.6,3.609,100,60,12,kaba,True,,30.0,28.0,972.0,1002.0,1.045,243.864,233.302,0.7734,True,,True,,935.0,2.5,9.5
2026-09-22 14:03:41,MLLB_000_y1.0.3,AMBER,v4_amber_MLLB_000_y103_0922_1155,3.6,3.609,100,60,16,kaba,True,,30.0,28.0,972.0,1002.0,1.046,243.864,233.177,0.7741,True,,True,,935.0,2.5,9.5
2026-09-22 14:03:57,MLLB_000_y1.0.3,AMBER,v4_amber_MLLB_000_y103_0922_1155,3.6,3.609,100,60,20,kaba,True,,30.0,28.0,972.0,1002.0,1.046,243.864,233.212,0.7738,True,,True,,935.0,2.5,9.5
2026-09-22 14:04:13,MLLB_000_y1.0.3,AMBER,v4_amber_MLLB_000_y103_0922_1155,3.6,3.609,100,60,24,kaba,True,,30.0,28.0,972.0,1002.0,1.045,243.864,233.34,0.7737,True,,True,,935.0,2.5,9.5
2026-09-22 14:04:29,MLLB_000_y1.0.3,AMBER,v4_amber_MLLB_000_y103_0922_1155,3.6,3.609,100,60,28,kaba,True,,30.0,28.0,972.0,1002.0,1.048,244.635,233.451,0.7735,True,,True,,935.0,2.5,9.5
2026-09-22 14:04:45,MLLB_000_y1.0.3,AMBER,v4_amber_MLLB_000_y103_0922_1155,3.6,3.609,100,60,32,kaba,True,,30.0,28.0,972.0,1002.0,1.044,243.479,233.321,0.7736,True,,True,,935.0,2.5,9.5
2026-09-22 14:05:01,MLLB_000_y1.0.3,AMBER,v4_amber_MLLB_000_y103_0922_1155,3.6,3.609,100,60,36,kaba,True,,30.0,28.0,972.0,1002.0,1.045,243.864,233.327,0.7732,True,,True,,935.0,2.5,9.5
2026-09-22 14:05:17,MLLB_000_y1.0.3,AMBER,v4_amber_MLLB_000_y103_0922_1155,3.6,3.609,100,60,40,kaba,True,,30.0,28.0,972.0,1002.0,1.045,243.864,233.266,0.7734,True,,True,,935.0,2.5,9.5
2026-09-22 14:05:33,MLLB_000_y1.0.3,AMBER,v4_amber_MLLB_000_y103_0922_1155,3.6,3.609,100,60,44,kaba,True,,30.0,28.0,972.0,1002.0,1.045,243.864,233.259,0.7738,True,,True,,935.0,2.5,9.5
2026-09-22 14:05:49,MLLB_000_y1.0.3,AMBER,v4_amber_MLLB_000_y103_0922_1155,3.6,3.609,100,60,48,kaba,True,,30.0,28.0,972.0,1002.0,1.044,243.479,233.184,0.774,True,,True,,935.0,2.5,9.5
2026-09-22 14:06:05,MLLB_000_y1.0.3,AMBER,v4_amber_MLLB_000_y103_0922_1155,3.6,3.609,100,60,50,kaba,True,,30.0,28.0,972.0,1002.0,1.046,243.864,233.123,0.7736,True,,True,,935.0,2.5,9.5
2026-09-22 14:06:05,MLLB_000_y1.0.3,AMBER,v4_amber_MLLB_000_y103_0922_1155,3.6,3.609,100,60,13,ince,False,iki-OK-arasi-monotonluk,,,,,,,,,,,True,,935.0,2.5,9.5
2026-09-22 14:06:05,MLLB_000_y1.0.3,AMBER,v4_amber_MLLB_000_y103_0922_1155,3.6,3.609,100,60,14,ince,False,iki-OK-arasi-monotonluk,,,,,,,,,,,True,,935.0,2.5,9.5
2026-09-22 14:06:05,MLLB_000_y1.0.3,AMBER,v4_amber_MLLB_000_y103_0922_1155,3.6,3.609,100,60,15,ince,False,iki-OK-arasi-monotonluk,,,,,,,,,,,True,,935.0,2.5,9.5
2026-09-22 14:06:05,MLLB_000_y1.0.3,AMBER,v4_amber_MLLB_000_y103_0922_1155,3.6,3.609,100,60,17,ince,False,iki-OK-arasi-monotonluk,,,,,,,,,,,True,,935.0,2.5,9.5
2026-09-22 14:06:05,MLLB_000_y1.0.3,AMBER,v4_amber_MLLB_000_y103_0922_1155,3.6,3.609,100,60,18,ince,False,iki-OK-arasi-monotonluk,,,,,,,,,,,True,,935.0,2.5,9.5
2026-09-22 14:06:05,MLLB_000_y1.0.3,AMBER,v4_amber_MLLB_000_y103_0922_1155,3.6,3.609,100,60,19,ince,False,iki-OK-arasi-monotonluk,,,,,,,,,,,True,,935.0,2.5,9.5
2026-09-22 14:06:05,MLLB_000_y1.0.3,AMBER,v4_amber_MLLB_000_y103_0922_1155,3.6,3.609,100,60,21,ince,False,iki-OK-arasi-monotonluk,,,,,,,,,,,True,,935.0,2.5,9.5
2026-09-22 14:06:05,MLLB_000_y1.0.3,AMBER,v4_amber_MLLB_000_y103_0922_1155,3.6,3.609,100,60,22,ince,False,iki-OK-arasi-monotonluk,,,,,,,,,,,True,,935.0,2.5,9.5
2026-09-22 14:06:05,MLLB_000_y1.0.3,AMBER,v4_amber_MLLB_000_y103_0922_1155,3.6,3.609,100,60,23,ince,False,iki-OK-arasi-monotonluk,,,,,,,,,,,True,,935.0,2.5,9.5
2026-09-22 14:06:05,MLLB_000_y1.0.3,AMBER,v4_amber_MLLB_000_y103_0922_1155,3.6,3.609,100,60,25,ince,False,iki-OK-arasi-monotonluk,,,,,,,,,,,True,,935.0,2.5,9.5
2026-09-22 14:06:05,MLLB_000_y1.0.3,AMBER,v4_amber_MLLB_000_y103_0922_1155,3.6,3.609,100,60,26,ince,False,iki-OK-arasi-monotonluk,,,,,,,,,,,True,,935.0,2.5,9.5
2026-09-22 14:06:05,MLLB_000_y1.0.3,AMBER,v4_amber_MLLB_000_y103_0922_1155,3.6,3.609,100,60,27,ince,False,iki-OK-arasi-monotonluk,,,,,,,,,,,True,,935.0,2.5,9.5
2026-09-22 14:06:05,MLLB_000_y1.0.3,AMBER,v4_amber_MLLB_000_y103_0922_1155,3.6,3.609,100,60,29,ince,False,iki-OK-arasi-monotonluk,,,,,,,,,,,True,,935.0,2.5,9.5
2026-09-22 14:06:05,MLLB_000_y1.0.3,AMBER,v4_amber_MLLB_000_y103_0922_1155,3.6,3.609,100,60,30,ince,False,iki-OK-arasi-monotonluk,,,,,,,,,,,True,,935.0,2.5,9.5
2026-09-22 14:06:05,MLLB_000_y1.0.3,AMBER,v4_amber_MLLB_000_y103_0922_1155,3.6,3.609,100,60,31,ince,False,iki-OK-arasi-monotonluk,,,,,,,,,,,True,,935.0,2.5,9.5
2026-09-22 14:06:05,MLLB_000_y1.0.3,AMBER,v4_amber_MLLB_000_y103_0922_1155,3.6,3.609,100,60,33,ince,False,iki-OK-arasi-monotonluk,,,,,,,,,,,True,,935.0,2.5,9.5
2026-09-22 14:06:05,MLLB_000_y1.0.3,AMBER,v4_amber_MLLB_000_y103_0922_1155,3.6,3.609,100,60,34,ince,False,iki-OK-arasi-monotonluk,,,,,,,,,,,True,,935.0,2.5,9.5
2026-09-22 14:06:05,MLLB_000_y1.0.3,AMBER,v4_amber_MLLB_000_y103_0922_1155,3.6,3.609,100,60,35,ince,False,iki-OK-arasi-monotonluk,,,,,,,,,,,True,,935.0,2.5,9.5
2026-09-22 14:06:05,MLLB_000_y1.0.3,AMBER,v4_amber_MLLB_000_y103_0922_1155,3.6,3.609,100,60,37,ince,False,iki-OK-arasi-monotonluk,,,,,,,,,,,True,,935.0,2.5,9.5
2026-09-22 14:06:05,MLLB_000_y1.0.3,AMBER,v4_amber_MLLB_000_y103_0922_1155,3.6,3.609,100,60,38,ince,False,iki-OK-arasi-monotonluk,,,,,,,,,,,True,,935.0,2.5,9.5
2026-09-22 14:06:05,MLLB_000_y1.0.3,AMBER,v4_amber_MLLB_000_y103_0922_1155,3.6,3.609,100,60,39,ince,False,iki-OK-arasi-monotonluk,,,,,,,,,,,True,,935.0,2.5,9.5
2026-09-22 14:06:05,MLLB_000_y1.0.3,AMBER,v4_amber_MLLB_000_y103_0922_1155,3.6,3.609,100,60,41,ince,False,iki-OK-arasi-monotonluk,,,,,,,,,,,True,,935.0,2.5,9.5
2026-09-22 14:06:05,MLLB_000_y1.0.3,AMBER,v4_amber_MLLB_000_y103_0922_1155,3.6,3.609,100,60,42,ince,False,iki-OK-arasi-monotonluk,,,,,,,,,,,True,,935.0,2.5,9.5
2026-09-22 14:06:05,MLLB_000_y1.0.3,AMBER,v4_amber_MLLB_000_y103_0922_1155,3.6,3.609,100,60,43,ince,False,iki-OK-arasi-monotonluk,,,,,,,,,,,True,,935.0,2.5,9.5
2026-09-22 14:06:05,MLLB_000_y1.0.3,AMBER,v4_amber_MLLB_000_y103_0922_1155,3.6,3.609,100,60,45,ince,False,iki-OK-arasi-monotonluk,,,,,,,,,,,True,,935.0,2.5,9.5
2026-09-22 14:06:05,MLLB_000_y1.0.3,AMBER,v4_amber_MLLB_000_y103_0922_1155,3.6,3.609,100,60,46,ince,False,iki-OK-arasi-monotonluk,,,,,,,,,,,True,,935.0,2.5,9.5
2026-09-22 14:06:05,MLLB_000_y1.0.3,AMBER,v4_amber_MLLB_000_y103_0922_1155,3.6,3.609,100,60,47,ince,False,iki-OK-arasi-monotonluk,,,,,,,,,,,True,,935.0,2.5,9.5
2026-09-22 14:06:05,MLLB_000_y1.0.3,AMBER,v4_amber_MLLB_000_y103_0922_1155,3.6,3.609,100,60,49,ince,False,iki-OK-arasi-monotonluk,,,,,,,,,,,True,,935.0,2.5,9.5
2026-09-22 14:06:05,MLLB_000_y1.0.3,AMBER,v4_amber_MLLB_000_y103_0922_1155,3.6,3.609,100,60,,bitti,False,,,,,,,,,,,,,,935.0,2.5,9.5
2026-09-22 14:06:35,MLLB_000_y1.0.3,AMBER,v4_amber_MLLB_000_y103_0922_1155,3.4,3.408,6,100,12,kaba,True,,290.0,40.0,712.0,1002.0,1.033,10.234,9.911,0.7741,True,,False,ON,935.0,2.5,9.5
2026-09-22 14:06:51,MLLB_000_y1.0.3,AMBER,v4_amber_MLLB_000_y103_0922_1155,3.4,3.408,6,100,16,kaba,True,,206.0,40.0,796.0,1002.0,1.03,10.234,9.937,0.7734,True,,False,ON,935.0,2.5,9.5
2026-09-22 14:07:07,MLLB_000_y1.0.3,AMBER,v4_amber_MLLB_000_y103_0922_1155,3.4,3.408,6,100,20,kaba,True,,122.0,40.0,880.0,1002.0,1.02,10.142,9.94,0.7741,True,,False,ON,935.0,2.5,9.5
2026-09-22 14:07:23,MLLB_000_y1.0.3,AMBER,v4_amber_MLLB_000_y103_0922_1155,3.4,3.408,6,100,24,kaba,True,,34.0,32.0,968.0,1002.0,1.026,10.234,9.976,0.7739,True,,True,,935.0,2.5,9.5
2026-09-22 14:07:39,MLLB_000_y1.0.3,AMBER,v4_amber_MLLB_000_y103_0922_1155,3.4,3.408,6,100,28,kaba,True,,34.0,28.0,968.0,1002.0,3.938,39.325,9.987,0.7745,True,,False,FLAS,935.0,2.5,9.5
2026-09-22 14:07:55,MLLB_000_y1.0.3,AMBER,v4_amber_MLLB_000_y103_0922_1155,3.4,3.408,6,100,32,kaba,True,,34.0,28.0,968.0,1002.0,18.703,186.717,9.984,0.7745,True,,False,FLAS,935.0,2.5,9.5
2026-09-22 14:08:11,MLLB_000_y1.0.3,AMBER,v4_amber_MLLB_000_y103_0922_1155,3.4,3.408,6,100,21,ince,True,,100.0,36.0,902.0,1002.0,1.029,10.28,9.986,0.7745,True,,False,ON,935.0,2.5,9.5
2026-09-22 14:08:27,MLLB_000_y1.0.3,AMBER,v4_amber_MLLB_000_y103_0922_1155,3.4,3.408,6,100,22,ince,True,,78.0,40.0,924.0,1002.0,1.015,10.12,9.973,0.7739,True,,False,ON,935.0,2.5,9.5
2026-09-22 14:08:43,MLLB_000_y1.0.3,AMBER,v4_amber_MLLB_000_y103_0922_1155,3.4,3.408,6,100,23,ince,True,,56.0,42.0,946.0,1002.0,1.009,10.074,9.983,0.7744,True,,True,,935.0,2.5,9.5
2026-09-22 14:08:59,MLLB_000_y1.0.3,AMBER,v4_amber_MLLB_000_y103_0922_1155,3.4,3.408,6,100,25,ince,True,,34.0,28.0,968.0,1002.0,1.164,11.61,9.973,0.7745,True,,True,,935.0,2.5,9.5
2026-09-22 14:09:15,MLLB_000_y1.0.3,AMBER,v4_amber_MLLB_000_y103_0922_1155,3.4,3.408,6,100,26,ince,True,,34.0,28.0,968.0,1002.0,2.466,24.641,9.991,0.7733,True,,True,,935.0,2.5,9.5
2026-09-22 14:09:31,MLLB_000_y1.0.3,AMBER,v4_amber_MLLB_000_y103_0922_1155,3.4,3.408,6,100,27,ince,True,,34.0,28.0,968.0,1002.0,3.18,31.726,9.978,0.7741,True,,False,FLAS,935.0,2.5,9.5
2026-09-22 14:09:31,MLLB_000_y1.0.3,AMBER,v4_amber_MLLB_000_y103_0922_1155,3.4,3.408,6,100,,bitti,False,,,,,,,,,,,,,,935.0,2.5,9.5
2026-09-22 14:09:47,MLLB_000_y1.0.3,AMBER,v4_amber_MLLB_000_y103_0922_1155,3.4,3.408,6,80,12,kaba,True,,334.0,42.0,668.0,1002.0,1.035,10.234,9.885,0.774,True,,False,ON,935.0,2.5,9.5
2026-09-22 14:10:03,MLLB_000_y1.0.3,AMBER,v4_amber_MLLB_000_y103_0922_1155,3.4,3.408,6,80,16,kaba,True,,264.0,36.0,738.0,1002.0,1.031,10.234,9.922,0.7744,True,,False,ON,935.0,2.5,9.5
2026-09-22 14:10:19,MLLB_000_y1.0.3,AMBER,v4_amber_MLLB_000_y103_0922_1155,3.4,3.408,6,80,20,kaba,True,,196.0,36.0,806.0,1002.0,1.032,10.257,9.936,0.7743,True,,False,ON,935.0,2.5,9.5
2026-09-22 14:10:35,MLLB_000_y1.0.3,AMBER,v4_amber_MLLB_000_y103_0922_1155,3.4,3.408,6,80,24,kaba,True,,126.0,40.0,876.0,1002.0,1.022,10.188,9.968,0.7736,True,,False,ON,935.0,2.5,9.5
2026-09-22 14:10:51,MLLB_000_y1.0.3,AMBER,v4_amber_MLLB_000_y103_0922_1155,3.4,3.408,6,80,28,kaba,True,,56.0,38.0,946.0,1002.0,1.021,10.188,9.979,0.7733,True,,True,,935.0,2.5,9.5
2026-09-22 14:11:07,MLLB_000_y1.0.3,AMBER,v4_amber_MLLB_000_y103_0922_1155,3.4,3.408,6,80,32,kaba,True,,38.0,28.0,964.0,1002.0,2.842,28.38,9.985,0.774,True,,False,FLAS,935.0,2.5,9.5
2026-09-22 14:11:23,MLLB_000_y1.0.3,AMBER,v4_amber_MLLB_000_y103_0922_1155,3.4,3.408,6,80,36,kaba,True,,38.0,28.0,964.0,1002.0,11.09,110.853,9.996,0.774,True,,False,FLAS,935.0,2.5,9.5
2026-09-22 14:11:39,MLLB_000_y1.0.3,AMBER,v4_amber_MLLB_000_y103_0922_1155,3.4,3.408,6,80,25,ince,True,,110.0,40.0,892.0,1002.0,1.022,10.188,9.973,0.7741,True,,False,ON,935.0,2.5,9.5
2026-09-22 14:11:55,MLLB_000_y1.0.3,AMBER,v4_amber_MLLB_000_y103_0922_1155,3.4,3.408,6,80,26,ince,True,,92.0,42.0,910.0,1002.0,1.021,10.188,9.981,0.7742,True,,False,ON,935.0,2.5,9.5
2026-09-22 14:12:11,MLLB_000_y1.0.3,AMBER,v4_amber_MLLB_000_y103_0922_1155,3.4,3.408,6,80,27,ince,True,,74.0,40.0,928.0,1002.0,1.012,10.097,9.976,0.7739,True,,False,ON,935.0,2.5,9.5
2026-09-22 14:12:27,MLLB_000_y1.0.3,AMBER,v4_amber_MLLB_000_y103_0922_1155,3.4,3.408,6,80,29,ince,True,,38.0,32.0,964.0,1002.0,1.024,10.234,9.997,0.774,True,,True,,935.0,2.5,9.5
2026-09-22 14:12:43,MLLB_000_y1.0.3,AMBER,v4_amber_MLLB_000_y103_0922_1155,3.4,3.408,6,80,30,ince,True,,38.0,28.0,964.0,1002.0,1.029,10.279,9.993,0.7744,True,,True,,935.0,2.5,9.5
2026-09-22 14:12:59,MLLB_000_y1.0.3,AMBER,v4_amber_MLLB_000_y103_0922_1155,3.4,3.408,6,80,31,ince,True,,38.0,28.0,964.0,1002.0,2.043,20.412,9.993,0.7737,True,,True,,935.0,2.5,9.5
2026-09-22 14:12:59,MLLB_000_y1.0.3,AMBER,v4_amber_MLLB_000_y103_0922_1155,3.4,3.408,6,80,,bitti,False,,,,,,,,,,,,,,935.0,2.5,9.5
2026-09-22 14:13:15,MLLB_000_y1.0.3,AMBER,v4_amber_MLLB_000_y103_0922_1155,3.4,3.408,6,60,12,kaba,True,,376.0,36.0,626.0,1002.0,1.034,10.234,9.898,0.7739,True,,False,ON,935.0,2.5,9.5
2026-09-22 14:13:31,MLLB_000_y1.0.3,AMBER,v4_amber_MLLB_000_y103_0922_1155,3.4,3.408,6,60,16,kaba,True,,328.0,36.0,674.0,1002.0,1.034,10.234,9.894,0.7742,True,,False,ON,935.0,2.5,9.5
2026-09-22 14:13:47,MLLB_000_y1.0.3,AMBER,v4_amber_MLLB_000_y103_0922_1155,3.4,3.408,6,60,20,kaba,True,,278.0,40.0,724.0,1002.0,1.035,10.279,9.929,0.7744,True,,False,ON,935.0,2.5,9.5
2026-09-22 14:14:03,MLLB_000_y1.0.3,AMBER,v4_amber_MLLB_000_y103_0922_1155,3.4,3.408,6,60,24,kaba,True,,228.0,36.0,774.0,1002.0,1.036,10.28,9.927,0.7743,True,,False,ON,935.0,2.5,9.5
2026-09-22 14:14:19,MLLB_000_y1.0.3,AMBER,v4_amber_MLLB_000_y103_0922_1155,3.4,3.408,6,60,28,kaba,True,,178.0,40.0,824.0,1002.0,1.016,10.12,9.959,0.7745,True,,False,ON,935.0,2.5,9.5
2026-09-22 14:14:35,MLLB_000_y1.0.3,AMBER,v4_amber_MLLB_000_y103_0922_1155,3.4,3.408,6,60,32,kaba,True,,126.0,40.0,876.0,1002.0,1.024,10.234,9.991,0.7746,True,,False,ON,935.0,2.5,9.5
2026-09-22 14:14:51,MLLB_000_y1.0.3,AMBER,v4_amber_MLLB_000_y103_0922_1155,3.4,3.408,6,60,36,kaba,True,,74.0,40.0,928.0,1002.0,1.018,10.165,9.988,0.7725,True,,False,ON,935.0,2.5,9.5
2026-09-22 14:15:07,MLLB_000_y1.0.3,AMBER,v4_amber_MLLB_000_y103_0922_1155,3.4,3.408,6,60,40,kaba,True,,46.0,28.0,956.0,1002.0,1.348,13.413,9.953,0.7745,True,,True,,935.0,2.5,9.5
2026-09-22 14:15:23,MLLB_000_y1.0.3,AMBER,v4_amber_MLLB_000_y103_0922_1155,3.4,3.408,6,60,44,kaba,True,,46.0,28.0,956.0,1002.0,3.333,33.303,9.991,0.7751,True,,False,FLAS,935.0,2.5,9.5
2026-09-22 14:15:39,MLLB_000_y1.0.3,AMBER,v4_amber_MLLB_000_y103_0922_1155,3.4,3.408,6,60,48,kaba,True,,46.0,28.0,956.0,1002.0,10.628,105.954,9.969,0.774,True,,False,FLAS,935.0,2.5,9.5
2026-09-22 14:15:55,MLLB_000_y1.0.3,AMBER,v4_amber_MLLB_000_y103_0922_1155,3.4,3.408,6,60,37,ince,True,,62.0,40.0,940.0,1002.0,1.015,10.12,9.975,0.7746,True,,True,,935.0,2.5,9.5
2026-09-22 14:16:11,MLLB_000_y1.0.3,AMBER,v4_amber_MLLB_000_y103_0922_1155,3.4,3.408,6,60,38,ince,True,,48.0,36.0,954.0,1002.0,1.027,10.257,9.99,0.774,True,,True,,935.0,2.5,9.5
2026-09-22 14:16:27,MLLB_000_y1.0.3,AMBER,v4_amber_MLLB_000_y103_0922_1155,3.4,3.408,6,60,39,ince,True,,46.0,28.0,956.0,1002.0,1.026,10.234,9.971,0.774,True,,True,,935.0,2.5,9.5
2026-09-22 14:16:43,MLLB_000_y1.0.3,AMBER,v4_amber_MLLB_000_y103_0922_1155,3.4,3.408,6,60,41,ince,True,,46.0,28.0,956.0,1002.0,2.151,21.474,9.982,0.7739,True,,True,,935.0,2.5,9.5
2026-09-22 14:16:59,MLLB_000_y1.0.3,AMBER,v4_amber_MLLB_000_y103_0922_1155,3.4,3.408,6,60,42,ince,True,,46.0,28.0,956.0,1002.0,2.707,27.011,9.977,0.7742,True,,False,FLAS,935.0,2.5,9.5
2026-09-22 14:17:15,MLLB_000_y1.0.3,AMBER,v4_amber_MLLB_000_y103_0922_1155,3.4,3.408,6,60,43,ince,True,,46.0,28.0,956.0,1002.0,3.081,30.74,9.976,0.7747,True,,False,FLAS,935.0,2.5,9.5
2026-09-22 14:17:15,MLLB_000_y1.0.3,AMBER,v4_amber_MLLB_000_y103_0922_1155,3.4,3.408,6,60,,bitti,False,,,,,,,,,,,,,,935.0,2.5,9.5
2026-09-22 14:17:39,MLLB_000_y1.0.3,AMBER,v4_amber_MLLB_000_y103_0922_1155,3.4,3.408,7,100,12,kaba,True,,240.0,36.0,762.0,1002.0,1.03,12.602,12.229,0.7743,True,,False,ON,935.0,2.5,9.5
2026-09-22 14:17:55,MLLB_000_y1.0.3,AMBER,v4_amber_MLLB_000_y103_0922_1155,3.4,3.408,7,100,16,kaba,True,,172.0,36.0,830.0,1002.0,1.028,12.602,12.261,0.7745,True,,False,ON,935.0,2.5,9.5
2026-09-22 14:18:11,MLLB_000_y1.0.3,AMBER,v4_amber_MLLB_000_y103_0922_1155,3.4,3.408,7,100,20,kaba,True,,104.0,36.0,898.0,1002.0,1.021,12.555,12.292,0.7742,True,,False,ON,935.0,2.5,9.5
2026-09-22 14:18:27,MLLB_000_y1.0.3,AMBER,v4_amber_MLLB_000_y103_0922_1155,3.4,3.408,7,100,24,kaba,True,,34.0,32.0,968.0,1002.0,1.024,12.625,12.324,0.7745,True,,True,,935.0,2.5,9.5
2026-09-22 14:18:43,MLLB_000_y1.0.3,AMBER,v4_amber_MLLB_000_y103_0922_1155,3.4,3.408,7,100,28,kaba,True,,34.0,28.0,968.0,1002.0,3.158,38.88,12.311,0.7744,True,,False,FLAS,935.0,2.5,9.5
2026-09-22 14:18:59,MLLB_000_y1.0.3,AMBER,v4_amber_MLLB_000_y103_0922_1155,3.4,3.408,7,100,32,kaba,True,,34.0,28.0,968.0,1002.0,14.895,183.283,12.305,0.7738,True,,False,FLAS,935.0,2.5,9.5
2026-09-22 14:19:15,MLLB_000_y1.0.3,AMBER,v4_amber_MLLB_000_y103_0922_1155,3.4,3.408,7,100,21,ince,True,,88.0,36.0,914.0,1002.0,1.018,12.509,12.291,0.7744,True,,False,ON,935.0,2.5,9.5
2026-09-22 14:19:31,MLLB_000_y1.0.3,AMBER,v4_amber_MLLB_000_y103_0922_1155,3.4,3.408,7,100,22,ince,True,,68.0,36.0,934.0,1002.0,1.016,12.486,12.295,0.7741,True,,False,ON,935.0,2.5,9.5
2026-09-22 14:19:47,MLLB_000_y1.0.3,AMBER,v4_amber_MLLB_000_y103_0922_1155,3.4,3.408,7,100,23,ince,True,,52.0,36.0,950.0,1002.0,1.012,12.44,12.294,0.7737,True,,True,,935.0,2.5,9.5
2026-09-22 14:20:03,MLLB_000_y1.0.3,AMBER,v4_amber_MLLB_000_y103_0922_1155,3.4,3.408,7,100,25,ince,True,,34.0,28.0,968.0,1002.0,1.025,12.625,12.314,0.774,True,,True,,935.0,2.5,9.5
2026-09-22 14:20:19,MLLB_000_y1.0.3,AMBER,v4_amber_MLLB_000_y103_0922_1155,3.4,3.408,7,100,26,ince,True,,34.0,28.0,968.0,1002.0,1.949,24.004,12.313,0.7739,True,,True,,935.0,2.5,9.5
2026-09-22 14:20:35,MLLB_000_y1.0.3,AMBER,v4_amber_MLLB_000_y103_0922_1155,3.4,3.408,7,100,27,ince,True,,34.0,28.0,968.0,1002.0,2.533,31.169,12.304,0.774,True,,False,FLAS,935.0,2.5,9.5
2026-09-22 14:20:35,MLLB_000_y1.0.3,AMBER,v4_amber_MLLB_000_y103_0922_1155,3.4,3.408,7,100,,bitti,False,,,,,,,,,,,,,,935.0,2.5,9.5
2026-09-22 14:20:51,MLLB_000_y1.0.3,AMBER,v4_amber_MLLB_000_y103_0922_1155,3.4,3.408,7,80,12,kaba,True,,274.0,36.0,728.0,1002.0,1.036,12.648,12.208,0.7746,True,,False,ON,935.0,2.5,9.5
2026-09-22 14:21:07,MLLB_000_y1.0.3,AMBER,v4_amber_MLLB_000_y103_0922_1155,3.4,3.408,7,80,16,kaba,True,,220.0,38.0,782.0,1002.0,1.036,12.694,12.258,0.7739,True,,False,ON,935.0,2.5,9.5
2026-09-22 14:21:23,MLLB_000_y1.0.3,AMBER,v4_amber_MLLB_000_y103_0922_1155,3.4,3.408,7,80,20,kaba,True,,164.0,36.0,838.0,1002.0,1.03,12.625,12.252,0.7748,True,,False,ON,935.0,2.5,9.5
2026-09-22 14:21:39,MLLB_000_y1.0.3,AMBER,v4_amber_MLLB_000_y103_0922_1155,3.4,3.408,7,80,24,kaba,True,,108.0,36.0,894.0,1002.0,1.03,12.625,12.258,0.7743,True,,False,ON,935.0,2.5,9.5
2026-09-22 14:21:55,MLLB_000_y1.0.3,AMBER,v4_amber_MLLB_000_y103_0922_1155,3.4,3.408,7,80,28,kaba,True,,52.0,36.0,950.0,1002.0,1.017,12.486,12.282,0.7744,True,,True,,935.0,2.5,9.5
2026-09-22 14:22:11,MLLB_000_y1.0.3,AMBER,v4_amber_MLLB_000_y103_0922_1155,3.4,3.408,7,80,32,kaba,True,,38.0,28.0,964.0,1002.0,2.257,27.757,12.3,0.7744,True,,True,,935.0,2.5,9.5
2026-09-22 14:22:27,MLLB_000_y1.0.3,AMBER,v4_amber_MLLB_000_y103_0922_1155,3.4,3.408,7,80,36,kaba,True,,38.0,28.0,964.0,1002.0,8.962,110.098,12.285,0.7737,True,,False,FLAS,935.0,2.5,9.5
2026-09-22 14:22:43,MLLB_000_y1.0.3,AMBER,v4_amber_MLLB_000_y103_0922_1155,3.4,3.408,7,80,25,ince,True,,94.0,36.0,908.0,1002.0,1.021,12.532,12.269,0.7741,True,,False,ON,935.0,2.5,9.5
2026-09-22 14:22:59,MLLB_000_y1.0.3,AMBER,v4_amber_MLLB_000_y103_0922_1155,3.4,3.408,7,80,26,ince,True,,80.0,36.0,922.0,1002.0,1.028,12.648,12.303,0.7743,True,,False,ON,935.0,2.5,9.5
2026-09-22 14:23:15,MLLB_000_y1.0.3,AMBER,v4_amber_MLLB_000_y103_0922_1155,3.4,3.408,7,80,27,ince,True,,66.0,36.0,936.0,1002.0,1.017,12.509,12.301,0.7745,True,,True,,935.0,2.5,9.5
2026-09-22 14:23:15,MLLB_000_y1.0.3,AMBER,v4_amber_MLLB_000_y103_0922_1155,3.4,3.408,7,80,29,ince,False,iki-OK-arasi-monotonluk,,,,,,,,,,,True,,935.0,2.5,9.5
2026-09-22 14:23:15,MLLB_000_y1.0.3,AMBER,v4_amber_MLLB_000_y103_0922_1155,3.4,3.408,7,80,30,ince,False,iki-OK-arasi-monotonluk,,,,,,,,,,,True,,935.0,2.5,9.5
2026-09-22 14:23:15,MLLB_000_y1.0.3,AMBER,v4_amber_MLLB_000_y103_0922_1155,3.4,3.408,7,80,31,ince,False,iki-OK-arasi-monotonluk,,,,,,,,,,,True,,935.0,2.5,9.5
2026-09-22 14:23:31,MLLB_000_y1.0.3,AMBER,v4_amber_MLLB_000_y103_0922_1155,3.4,3.408,7,80,33,ince,True,,38.0,28.0,964.0,1002.0,2.63,32.335,12.297,0.7744,True,,False,FLAS,935.0,2.5,9.5
2026-09-22 14:23:47,MLLB_000_y1.0.3,AMBER,v4_amber_MLLB_000_y103_0922_1155,3.4,3.408,7,80,34,ince,True,,38.0,28.0,964.0,1002.0,3.204,39.377,12.29,0.7742,True,,False,FLAS,935.0,2.5,9.5
2026-09-22 14:24:03,MLLB_000_y1.0.3,AMBER,v4_amber_MLLB_000_y103_0922_1155,3.4,3.408,7,80,35,ince,True,,38.0,28.0,964.0,1002.0,4.884,60.025,12.289,0.7741,True,,False,FLAS,935.0,2.5,9.5
2026-09-22 14:24:03,MLLB_000_y1.0.3,AMBER,v4_amber_MLLB_000_y103_0922_1155,3.4,3.408,7,80,,bitti,False,,,,,,,,,,,,,,935.0,2.5,9.5
2026-09-22 14:24:19,MLLB_000_y1.0.3,AMBER,v4_amber_MLLB_000_y103_0922_1155,3.4,3.408,7,60,12,kaba,True,,310.0,36.0,692.0,1002.0,1.039,12.671,12.2,0.7744,True,,False,ON,935.0,2.5,9.5
2026-09-22 14:24:35,MLLB_000_y1.0.3,AMBER,v4_amber_MLLB_000_y103_0922_1155,3.4,3.408,7,60,16,kaba,True,,272.0,38.0,730.0,1002.0,1.037,12.648,12.197,0.7743,True,,False,ON,935.0,2.5,9.5
2026-09-22 14:24:51,MLLB_000_y1.0.3,AMBER,v4_amber_MLLB_000_y103_0922_1155,3.4,3.408,7,60,20,kaba,True,,232.0,36.0,770.0,1002.0,1.027,12.579,12.25,0.7743,True,,False,ON,935.0,2.5,9.5
2026-09-22 14:25:07,MLLB_000_y1.0.3,AMBER,v4_amber_MLLB_000_y103_0922_1155,3.4,3.408,7,60,24,kaba,True,,192.0,36.0,810.0,1002.0,1.035,12.671,12.246,0.7742,True,,False,ON,935.0,2.5,9.5
2026-09-22 14:25:23,MLLB_000_y1.0.3,AMBER,v4_amber_MLLB_000_y103_0922_1155,3.4,3.408,7,60,28,kaba,True,,152.0,36.0,850.0,1002.0,1.029,12.625,12.269,0.7744,True,,False,ON,935.0,2.5,9.5
2026-09-22 14:25:39,MLLB_000_y1.0.3,AMBER,v4_amber_MLLB_000_y103_0922_1155,3.4,3.408,7,60,32,kaba,True,,110.0,32.0,892.0,1002.0,1.03,12.648,12.275,0.7739,True,,False,ON,935.0,2.5,9.5
2026-09-22 14:25:55,MLLB_000_y1.0.3,AMBER,v4_amber_MLLB_000_y103_0922_1155,3.4,3.408,7,60,36,kaba,True,,68.0,36.0,934.0,1002.0,1.016,12.486,12.285,0.7736,True,,False,ON,935.0,2.5,9.5
2026-09-22 14:26:11,MLLB_000_y1.0.3,AMBER,v4_amber_MLLB_000_y103_0922_1155,3.4,3.408,7,60,40,kaba,True,,46.0,28.0,956.0,1002.0,1.056,12.949,12.267,0.7737,True,,True,,935.0,2.5,9.5
2026-09-22 14:26:27,MLLB_000_y1.0.3,AMBER,v4_amber_MLLB_000_y103_0922_1155,3.4,3.408,7,60,44,kaba,True,,46.0,28.0,956.0,1002.0,2.682,32.921,12.276,0.7736,True,,False,FLAS,935.0,2.5,9.5
2026-09-22 14:26:43,MLLB_000_y1.0.3,AMBER,v4_amber_MLLB_000_y103_0922_1155,3.4,3.408,7,60,48,kaba,True,,46.0,28.0,956.0,1002.0,8.436,103.695,12.292,0.7744,True,,False,FLAS,935.0,2.5,9.5
2026-09-22 14:26:59,MLLB_000_y1.0.3,AMBER,v4_amber_MLLB_000_y103_0922_1155,3.4,3.408,7,60,37,ince,True,,58.0,36.0,944.0,1002.0,1.022,12.555,12.291,0.7743,True,,True,,935.0,2.5,9.5
2026-09-22 14:27:15,MLLB_000_y1.0.3,AMBER,v4_amber_MLLB_000_y103_0922_1155,3.4,3.408,7,60,38,ince,True,,48.0,34.0,954.0,1002.0,1.026,12.625,12.308,0.7744,True,,True,,935.0,2.5,9.5
2026-09-22 14:27:31,MLLB_000_y1.0.3,AMBER,v4_amber_MLLB_000_y103_0922_1155,3.4,3.408,7,60,39,ince,True,,46.0,28.0,956.0,1002.0,1.027,12.625,12.291,0.7744,True,,True,,935.0,2.5,9.5
2026-09-22 14:27:47,MLLB_000_y1.0.3,AMBER,v4_amber_MLLB_000_y103_0922_1155,3.4,3.408,7,60,41,ince,True,,46.0,28.0,956.0,1002.0,1.686,20.725,12.293,0.7746,True,,True,,935.0,2.5,9.5
2026-09-22 14:28:03,MLLB_000_y1.0.3,AMBER,v4_amber_MLLB_000_y103_0922_1155,3.4,3.408,7,60,42,ince,True,,46.0,28.0,956.0,1002.0,2.148,26.367,12.278,0.7743,True,,True,,935.0,2.5,9.5
2026-09-22 14:28:19,MLLB_000_y1.0.3,AMBER,v4_amber_MLLB_000_y103_0922_1155,3.4,3.408,7,60,43,ince,True,,46.0,28.0,956.0,1002.0,2.467,30.337,12.296,0.7744,True,,True,,935.0,2.5,9.5
2026-09-22 14:28:19,MLLB_000_y1.0.3,AMBER,v4_amber_MLLB_000_y103_0922_1155,3.4,3.408,7,60,,bitti,False,,,,,,,,,,,,,,935.0,2.5,9.5
2026-09-22 14:28:41,MLLB_000_y1.0.3,AMBER,v4_amber_MLLB_000_y103_0922_1155,3.4,3.408,8,100,12,kaba,True,,204.0,36.0,798.0,1002.0,1.038,15.187,14.631,0.7747,True,,False,ON,935.0,2.5,9.5
2026-09-22 14:28:57,MLLB_000_y1.0.3,AMBER,v4_amber_MLLB_000_y103_0922_1155,3.4,3.408,8,100,16,kaba,True,,148.0,36.0,854.0,1002.0,1.035,15.163,14.653,0.7742,True,,False,ON,935.0,2.5,9.5
2026-09-22 14:29:13,MLLB_000_y1.0.3,AMBER,v4_amber_MLLB_000_y103_0922_1155,3.4,3.408,8,100,20,kaba,True,,92.0,36.0,910.0,1002.0,1.031,15.14,14.679,0.7742,True,,False,ON,935.0,2.5,9.5
2026-09-22 14:29:29,MLLB_000_y1.0.3,AMBER,v4_amber_MLLB_000_y103_0922_1155,3.4,3.408,8,100,24,kaba,True,,34.0,32.0,968.0,1002.0,1.029,15.116,14.694,0.7743,True,,True,,935.0,2.5,9.5
2026-09-22 14:29:45,MLLB_000_y1.0.3,AMBER,v4_amber_MLLB_000_y103_0922_1155,3.4,3.408,8,100,28,kaba,True,,34.0,28.0,968.0,1002.0,2.6,38.176,14.682,0.774,True,,False,FLAS,935.0,2.5,9.5
2026-09-22 14:30:01,MLLB_000_y1.0.3,AMBER,v4_amber_MLLB_000_y103_0922_1155,3.4,3.408,8,100,32,kaba,True,,34.0,28.0,968.0,1002.0,12.285,180.231,14.671,0.7747,True,,False,FLAS,935.0,2.5,9.5
2026-09-22 14:30:17,MLLB_000_y1.0.3,AMBER,v4_amber_MLLB_000_y103_0922_1155,3.4,3.408,8,100,21,ince,True,,78.0,32.0,924.0,1002.0,1.026,15.046,14.661,0.7741,True,,False,ON,935.0,2.5,9.5
2026-09-22 14:30:33,MLLB_000_y1.0.3,AMBER,v4_amber_MLLB_000_y103_0922_1155,3.4,3.408,8,100,22,ince,True,,64.0,32.0,938.0,1002.0,1.026,15.046,14.668,0.7749,True,,True,,935.0,2.5,9.5
2026-09-22 14:30:49,MLLB_000_y1.0.3,AMBER,v4_amber_MLLB_000_y103_0922_1155,3.4,3.408,8,100,23,ince,True,,48.0,36.0,954.0,1002.0,1.024,15.046,14.69,0.774,True,,True,,935.0,2.5,9.5
2026-09-22 14:31:05,MLLB_000_y1.0.3,AMBER,v4_amber_MLLB_000_y103_0922_1155,3.4,3.408,8,100,25,ince,True,,34.0,28.0,968.0,1002.0,1.033,15.163,14.685,0.7741,True,,True,,935.0,2.5,9.5
2026-09-22 14:31:21,MLLB_000_y1.0.3,AMBER,v4_amber_MLLB_000_y103_0922_1155,3.4,3.408,8,100,26,ince,True,,34.0,28.0,968.0,1002.0,1.594,23.417,14.692,0.7743,True,,True,,935.0,2.5,9.5
2026-09-22 14:31:37,MLLB_000_y1.0.3,AMBER,v4_amber_MLLB_000_y103_0922_1155,3.4,3.408,8,100,27,ince,True,,34.0,28.0,968.0,1002.0,2.112,31.018,14.685,0.7747,True,,True,,935.0,2.5,9.5
2026-09-22 14:31:37,MLLB_000_y1.0.3,AMBER,v4_amber_MLLB_000_y103_0922_1155,3.4,3.408,8,100,,bitti,False,,,,,,,,,,,,,,935.0,2.5,9.5
2026-09-22 14:31:53,MLLB_000_y1.0.3,AMBER,v4_amber_MLLB_000_y103_0922_1155,3.4,3.408,8,80,12,kaba,True,,232.0,36.0,770.0,1002.0,1.038,15.163,14.61,0.7719,True,,False,ON,935.0,2.5,9.5
2026-09-22 14:32:09,MLLB_000_y1.0.3,AMBER,v4_amber_MLLB_000_y103_0922_1155,3.4,3.408,8,80,16,kaba,True,,188.0,36.0,814.0,1002.0,1.028,15.046,14.634,0.7742,True,,False,ON,935.0,2.5,9.5
2026-09-22 14:32:25,MLLB_000_y1.0.3,AMBER,v4_amber_MLLB_000_y103_0922_1155,3.4,3.408,8,80,20,kaba,True,,142.0,32.0,860.0,1002.0,1.033,15.14,14.659,0.7744,True,,False,ON,935.0,2.5,9.5
2026-09-22 14:32:41,MLLB_000_y1.0.3,AMBER,v4_amber_MLLB_000_y103_0922_1155,3.4,3.408,8,80,24,kaba,True,,96.0,36.0,906.0,1002.0,1.032,15.14,14.671,0.7744,True,,False,ON,935.0,2.5,9.5
2026-09-22 14:32:57,MLLB_000_y1.0.3,AMBER,v4_amber_MLLB_000_y103_0922_1155,3.4,3.408,8,80,28,kaba,True,,50.0,34.0,952.0,1002.0,1.024,15.023,14.672,0.774,True,,True,,935.0,2.5,9.5
2026-09-22 14:33:13,MLLB_000_y1.0.3,AMBER,v4_amber_MLLB_000_y103_0922_1155,3.4,3.408,8,80,32,kaba,True,,38.0,28.0,964.0,1002.0,1.868,27.458,14.697,0.774,True,,True,,935.0,2.5,9.5
2026-09-22 14:33:29,MLLB_000_y1.0.3,AMBER,v4_amber_MLLB_000_y103_0922_1155,3.4,3.408,8,80,36,kaba,True,,38.0,28.0,964.0,1002.0,7.29,107.084,14.688,0.7744,True,,False,FLAS,935.0,2.5,9.5
2026-09-22 14:33:45,MLLB_000_y1.0.3,AMBER,v4_amber_MLLB_000_y103_0922_1155,3.4,3.408,8,80,25,ince,True,,84.0,34.0,918.0,1002.0,1.028,15.093,14.679,0.7742,True,,False,ON,935.0,2.5,9.5
2026-09-22 14:34:01,MLLB_000_y1.0.3,AMBER,v4_amber_MLLB_000_y103_0922_1155,3.4,3.408,8,80,26,ince,True,,74.0,34.0,928.0,1002.0,1.024,15.046,14.693,0.7741,True,,False,ON,935.0,2.5,9.5
2026-09-22 14:34:17,MLLB_000_y1.0.3,AMBER,v4_amber_MLLB_000_y103_0922_1155,3.4,3.408,8,80,27,ince,True,,62.0,34.0,940.0,1002.0,1.024,15.046,14.694,0.7742,True,,True,,935.0,2.5,9.5
2026-09-22 14:34:17,MLLB_000_y1.0.3,AMBER,v4_amber_MLLB_000_y103_0922_1155,3.4,3.408,8,80,29,ince,False,iki-OK-arasi-monotonluk,,,,,,,,,,,True,,935.0,2.5,9.5
2026-09-22 14:34:17,MLLB_000_y1.0.3,AMBER,v4_amber_MLLB_000_y103_0922_1155,3.4,3.408,8,80,30,ince,False,iki-OK-arasi-monotonluk,,,,,,,,,,,True,,935.0,2.5,9.5
2026-09-22 14:34:17,MLLB_000_y1.0.3,AMBER,v4_amber_MLLB_000_y103_0922_1155,3.4,3.408,8,80,31,ince,False,iki-OK-arasi-monotonluk,,,,,,,,,,,True,,935.0,2.5,9.5
2026-09-22 14:34:33,MLLB_000_y1.0.3,AMBER,v4_amber_MLLB_000_y103_0922_1155,3.4,3.408,8,80,33,ince,True,,38.0,28.0,964.0,1002.0,2.175,31.955,14.69,0.7743,True,,True,,935.0,2.5,9.5
2026-09-22 14:34:49,MLLB_000_y1.0.3,AMBER,v4_amber_MLLB_000_y103_0922_1155,3.4,3.408,8,80,34,ince,True,,38.0,28.0,964.0,1002.0,2.624,38.593,14.707,0.774,True,,False,FLAS,935.0,2.5,9.5
2026-09-22 14:35:05,MLLB_000_y1.0.3,AMBER,v4_amber_MLLB_000_y103_0922_1155,3.4,3.408,8,80,35,ince,True,,38.0,28.0,964.0,1002.0,3.927,57.77,14.711,0.7747,True,,False,FLAS,935.0,2.5,9.5
2026-09-22 14:35:06,MLLB_000_y1.0.3,AMBER,v4_amber_MLLB_000_y103_0922_1155,3.4,3.408,8,80,,bitti,False,,,,,,,,,,,,,,935.0,2.5,9.5
2026-09-22 14:35:22,MLLB_000_y1.0.3,AMBER,v4_amber_MLLB_000_y103_0922_1155,3.4,3.408,8,60,12,kaba,True,,262.0,32.0,740.0,1002.0,1.017,14.977,14.727,0.7739,True,,False,ON,935.0,2.5,9.5
2026-09-22 14:35:39,MLLB_000_y1.0.3,AMBER,v4_amber_MLLB_000_y103_0922_1155,3.4,3.408,8,60,16,kaba,True,,232.0,32.0,770.0,1002.0,1.035,15.116,14.604,0.774,True,,False,ON,935.0,2.5,9.5
2026-09-22 14:35:55,MLLB_000_y1.0.3,AMBER,v4_amber_MLLB_000_y103_0922_1155,3.4,3.408,8,60,20,kaba,True,,198.0,32.0,804.0,1002.0,1.028,15.046,14.634,0.7741,True,,False,ON,935.0,2.5,9.5
2026-09-22 14:36:11,MLLB_000_y1.0.3,AMBER,v4_amber_MLLB_000_y103_0922_1155,3.4,3.408,8,60,24,kaba,True,,166.0,34.0,836.0,1002.0,1.037,15.21,14.668,0.7742,True,,False,ON,935.0,2.5,9.5
2026-09-22 14:36:27,MLLB_000_y1.0.3,AMBER,v4_amber_MLLB_000_y103_0922_1155,3.4,3.408,8,60,28,kaba,True,,132.0,36.0,870.0,1002.0,1.036,15.187,14.66,0.7739,True,,False,ON,935.0,2.5,9.5
2026-09-22 14:36:43,MLLB_000_y1.0.3,AMBER,v4_amber_MLLB_000_y103_0922_1155,3.4,3.408,8,60,32,kaba,True,,98.0,32.0,904.0,1002.0,1.032,15.14,14.669,0.7744,True,,False,ON,935.0,2.5,9.5
2026-09-22 14:36:59,MLLB_000_y1.0.3,AMBER,v4_amber_MLLB_000_y103_0922_1155,3.4,3.408,8,60,36,kaba,True,,64.0,36.0,938.0,1002.0,1.025,15.046,14.684,0.7743,True,,True,,935.0,2.5,9.5
2026-09-22 14:37:15,MLLB_000_y1.0.3,AMBER,v4_amber_MLLB_000_y103_0922_1155,3.4,3.408,8,60,40,kaba,True,,46.0,28.0,956.0,1002.0,1.034,15.187,14.683,0.7742,True,,True,,935.0,2.5,9.5
2026-09-22 14:37:31,MLLB_000_y1.0.3,AMBER,v4_amber_MLLB_000_y103_0922_1155,3.4,3.408,8,60,44,kaba,True,,46.0,28.0,956.0,1002.0,2.222,32.64,14.69,0.774,True,,True,,935.0,2.5,9.5
2026-09-22 14:37:47,MLLB_000_y1.0.3,AMBER,v4_amber_MLLB_000_y103_0922_1155,3.4,3.408,8,60,48,kaba,True,,46.0,28.0,956.0,1002.0,6.906,101.437,14.689,0.7746,True,,False,FLAS,935.0,2.5,9.5
2026-09-22 14:38:03,MLLB_000_y1.0.3,AMBER,v4_amber_MLLB_000_y103_0922_1155,3.4,3.408,8,60,33,ince,True,,90.0,32.0,912.0,1002.0,1.027,15.093,14.698,0.7733,True,,False,ON,935.0,2.5,9.5
2026-09-22 14:38:19,MLLB_000_y1.0.3,AMBER,v4_amber_MLLB_000_y103_0922_1155,3.4,3.408,8,60,34,ince,True,,82.0,32.0,920.0,1002.0,1.033,15.163,14.686,0.7741,True,,False,ON,935.0,2.5,9.5
2026-09-22 14:38:35,MLLB_000_y1.0.3,AMBER,v4_amber_MLLB_000_y103_0922_1155,3.4,3.408,8,60,35,ince,True,,74.0,34.0,928.0,1002.0,1.028,15.116,14.702,0.7737,True,,False,ON,935.0,2.5,9.5
2026-09-22 14:38:35,MLLB_000_y1.0.3,AMBER,v4_amber_MLLB_000_y103_0922_1155,3.4,3.408,8,60,37,ince,False,iki-OK-arasi-monotonluk,,,,,,,,,,,True,,935.0,2.5,9.5
2026-09-22 14:38:35,MLLB_000_y1.0.3,AMBER,v4_amber_MLLB_000_y103_0922_1155,3.4,3.408,8,60,38,ince,False,iki-OK-arasi-monotonluk,,,,,,,,,,,True,,935.0,2.5,9.5
2026-09-22 14:38:35,MLLB_000_y1.0.3,AMBER,v4_amber_MLLB_000_y103_0922_1155,3.4,3.408,8,60,39,ince,False,iki-OK-arasi-monotonluk,,,,,,,,,,,True,,935.0,2.5,9.5
2026-09-22 14:38:35,MLLB_000_y1.0.3,AMBER,v4_amber_MLLB_000_y103_0922_1155,3.4,3.408,8,60,41,ince,False,iki-OK-arasi-monotonluk,,,,,,,,,,,True,,935.0,2.5,9.5
2026-09-22 14:38:35,MLLB_000_y1.0.3,AMBER,v4_amber_MLLB_000_y103_0922_1155,3.4,3.408,8,60,42,ince,False,iki-OK-arasi-monotonluk,,,,,,,,,,,True,,935.0,2.5,9.5
2026-09-22 14:38:35,MLLB_000_y1.0.3,AMBER,v4_amber_MLLB_000_y103_0922_1155,3.4,3.408,8,60,43,ince,False,iki-OK-arasi-monotonluk,,,,,,,,,,,True,,935.0,2.5,9.5
2026-09-22 14:38:51,MLLB_000_y1.0.3,AMBER,v4_amber_MLLB_000_y103_0922_1155,3.4,3.408,8,60,45,ince,True,,46.0,28.0,956.0,1002.0,2.546,37.37,14.681,0.7733,True,,False,FLAS,935.0,2.5,9.5
2026-09-22 14:39:07,MLLB_000_y1.0.3,AMBER,v4_amber_MLLB_000_y103_0922_1155,3.4,3.408,8,60,46,ince,True,,46.0,28.0,956.0,1002.0,3.121,45.875,14.697,0.7741,True,,False,FLAS,935.0,2.5,9.5
2026-09-22 14:39:23,MLLB_000_y1.0.3,AMBER,v4_amber_MLLB_000_y103_0922_1155,3.4,3.408,8,60,47,ince,True,,46.0,28.0,956.0,1002.0,5.391,79.277,14.707,0.7736,True,,False,FLAS,935.0,2.5,9.5
2026-09-22 14:39:23,MLLB_000_y1.0.3,AMBER,v4_amber_MLLB_000_y103_0922_1155,3.4,3.408,8,60,,bitti,False,,,,,,,,,,,,,,935.0,2.5,9.5
2026-09-22 14:39:45,MLLB_000_y1.0.3,AMBER,v4_amber_MLLB_000_y103_0922_1155,3.4,3.408,10,100,12,kaba,True,,160.0,30.0,842.0,1002.0,1.028,19.98,19.427,0.774,True,,False,ON,935.0,2.5,9.5
2026-09-22 14:40:01,MLLB_000_y1.0.3,AMBER,v4_amber_MLLB_000_y103_0922_1155,3.4,3.408,10,100,16,kaba,True,,118.0,32.0,884.0,1002.0,1.03,20.028,19.443,0.774,True,,False,ON,935.0,2.5,9.5
2026-09-22 14:40:17,MLLB_000_y1.0.3,AMBER,v4_amber_MLLB_000_y103_0922_1155,3.4,3.408,10,100,20,kaba,True,,76.0,30.0,926.0,1002.0,1.028,19.98,19.438,0.7739,True,,False,ON,935.0,2.5,9.5
2026-09-22 14:40:33,MLLB_000_y1.0.3,AMBER,v4_amber_MLLB_000_y103_0922_1155,3.4,3.408,10,100,24,kaba,True,,34.0,30.0,968.0,1002.0,1.027,19.98,19.462,0.7739,True,,True,,935.0,2.5,9.5
2026-09-22 14:40:49,MLLB_000_y1.0.3,AMBER,v4_amber_MLLB_000_y103_0922_1155,3.4,3.408,10,100,28,kaba,True,,34.0,28.0,968.0,1002.0,1.918,37.292,19.444,0.7738,True,,True,,935.0,2.5,9.5
2026-09-22 14:41:05,MLLB_000_y1.0.3,AMBER,v4_amber_MLLB_000_y103_0922_1155,3.4,3.408,10,100,32,kaba,True,,34.0,28.0,968.0,1002.0,9.088,176.8,19.455,0.7739,True,,False,FLAS,935.0,2.5,9.5
2026-09-22 14:41:21,MLLB_000_y1.0.3,AMBER,v4_amber_MLLB_000_y103_0922_1155,3.4,3.408,10,100,21,ince,True,,66.0,34.0,936.0,1002.0,1.025,19.908,19.43,0.774,True,,True,,935.0,2.5,9.5
2026-09-22 14:41:37,MLLB_000_y1.0.3,AMBER,v4_amber_MLLB_000_y103_0922_1155,3.4,3.408,10,100,22,ince,True,,56.0,32.0,946.0,1002.0,1.025,19.956,19.471,0.7745,True,,True,,935.0,2.5,9.5
2026-09-22 14:41:53,MLLB_000_y1.0.3,AMBER,v4_amber_MLLB_000_y103_0922_1155,3.4,3.408,10,100,23,ince,True,,44.0,32.0,958.0,1002.0,1.023,19.908,19.468,0.7742,True,,True,,935.0,2.5,9.5
2026-09-22 14:41:54,MLLB_000_y1.0.3,AMBER,v4_amber_MLLB_000_y103_0922_1155,3.4,3.408,10,100,25,ince,False,iki-OK-arasi-monotonluk,,,,,,,,,,,True,,935.0,2.5,9.5
2026-09-22 14:41:54,MLLB_000_y1.0.3,AMBER,v4_amber_MLLB_000_y103_0922_1155,3.4,3.408,10,100,26,ince,False,iki-OK-arasi-monotonluk,,,,,,,,,,,True,,935.0,2.5,9.5
2026-09-22 14:41:54,MLLB_000_y1.0.3,AMBER,v4_amber_MLLB_000_y103_0922_1155,3.4,3.408,10,100,27,ince,False,iki-OK-arasi-monotonluk,,,,,,,,,,,True,,935.0,2.5,9.5
2026-09-22 14:42:09,MLLB_000_y1.0.3,AMBER,v4_amber_MLLB_000_y103_0922_1155,3.4,3.408,10,100,29,ince,True,,34.0,28.0,968.0,1002.0,3.957,77.028,19.465,0.7737,True,,False,FLAS,935.0,2.5,9.5
2026-09-22 14:42:25,MLLB_000_y1.0.3,AMBER,v4_amber_MLLB_000_y103_0922_1155,3.4,3.408,10,100,30,ince,True,,34.0,28.0,968.0,1002.0,6.144,119.527,19.455,0.7736,True,,False,FLAS,935.0,2.5,9.5
2026-09-22 14:42:41,MLLB_000_y1.0.3,AMBER,v4_amber_MLLB_000_y103_0922_1155,3.4,3.408,10,100,31,ince,True,,34.0,28.0,968.0,1002.0,8.205,159.674,19.462,0.7735,True,,False,FLAS,935.0,2.5,9.5
2026-09-22 14:42:41,MLLB_000_y1.0.3,AMBER,v4_amber_MLLB_000_y103_0922_1155,3.4,3.408,10,100,,bitti,False,,,,,,,,,,,,,,935.0,2.5,9.5
2026-09-22 14:42:57,MLLB_000_y1.0.3,AMBER,v4_amber_MLLB_000_y103_0922_1155,3.4,3.408,10,80,12,kaba,True,,182.0,32.0,820.0,1002.0,1.029,19.98,19.412,0.7728,True,,False,ON,935.0,2.5,9.5
2026-09-22 14:43:13,MLLB_000_y1.0.3,AMBER,v4_amber_MLLB_000_y103_0922_1155,3.4,3.408,10,80,16,kaba,True,,148.0,30.0,854.0,1002.0,1.028,19.98,19.427,0.7741,True,,False,ON,935.0,2.5,9.5
2026-09-22 14:43:29,MLLB_000_y1.0.3,AMBER,v4_amber_MLLB_000_y103_0922_1155,3.4,3.408,10,80,20,kaba,True,,114.0,32.0,888.0,1002.0,1.028,19.98,19.435,0.774,True,,False,ON,935.0,2.5,9.5
2026-09-22 14:43:45,MLLB_000_y1.0.3,AMBER,v4_amber_MLLB_000_y103_0922_1155,3.4,3.408,10,80,24,kaba,True,,80.0,32.0,922.0,1002.0,1.025,19.932,19.442,0.774,True,,False,ON,935.0,2.5,9.5
2026-09-22 14:44:01,MLLB_000_y1.0.3,AMBER,v4_amber_MLLB_000_y103_0922_1155,3.4,3.408,10,80,28,kaba,True,,46.0,32.0,956.0,1002.0,1.026,19.956,19.455,0.774,True,,True,,935.0,2.5,9.5
2026-09-22 14:44:17,MLLB_000_y1.0.3,AMBER,v4_amber_MLLB_000_y103_0922_1155,3.4,3.408,10,80,32,kaba,True,,38.0,28.0,964.0,1002.0,1.382,26.887,19.455,0.7736,True,,True,,935.0,2.5,9.5
2026-09-22 14:44:33,MLLB_000_y1.0.3,AMBER,v4_amber_MLLB_000_y103_0922_1155,3.4,3.408,10,80,36,kaba,True,,38.0,28.0,964.0,1002.0,5.371,104.448,19.448,0.7745,True,,False,FLAS,935.0,2.5,9.5
2026-09-22 14:44:49,MLLB_000_y1.0.3,AMBER,v4_amber_MLLB_000_y103_0922_1155,3.4,3.408,10,80,25,ince,True,,72.0,32.0,930.0,1002.0,1.023,19.908,19.463,0.7734,True,,False,ON,935.0,2.5,9.5
2026-09-22 14:45:05,MLLB_000_y1.0.3,AMBER,v4_amber_MLLB_000_y103_0922_1155,3.4,3.408,10,80,26,ince,True,,64.0,32.0,938.0,1002.0,1.022,19.86,19.433,0.7745,True,,True,,935.0,2.5,9.5
2026-09-22 14:45:21,MLLB_000_y1.0.3,AMBER,v4_amber_MLLB_000_y103_0922_1155,3.4,3.408,10,80,27,ince,True,,54.0,32.0,948.0,1002.0,1.025,19.932,19.445,0.7741,True,,True,,935.0,2.5,9.5
2026-09-22 14:45:21,MLLB_000_y1.0.3,AMBER,v4_amber_MLLB_000_y103_0922_1155,3.4,3.408,10,80,29,ince,False,iki-OK-arasi-monotonluk,,,,,,,,,,,True,,935.0,2.5,9.5
2026-09-22 14:45:21,MLLB_000_y1.0.3,AMBER,v4_amber_MLLB_000_y103_0922_1155,3.4,3.408,10,80,30,ince,False,iki-OK-arasi-monotonluk,,,,,,,,,,,True,,935.0,2.5,9.5
2026-09-22 14:45:21,MLLB_000_y1.0.3,AMBER,v4_amber_MLLB_000_y103_0922_1155,3.4,3.408,10,80,31,ince,False,iki-OK-arasi-monotonluk,,,,,,,,,,,True,,935.0,2.5,9.5
2026-09-22 14:45:37,MLLB_000_y1.0.3,AMBER,v4_amber_MLLB_000_y103_0922_1155,3.4,3.408,10,80,33,ince,True,,38.0,28.0,964.0,1002.0,1.619,31.524,19.469,0.7744,True,,True,,935.0,2.5,9.5
2026-09-22 14:45:53,MLLB_000_y1.0.3,AMBER,v4_amber_MLLB_000_y103_0922_1155,3.4,3.408,10,80,34,ince,True,,38.0,28.0,964.0,1002.0,1.953,38.02,19.464,0.775,True,,True,,935.0,2.5,9.5
2026-09-22 14:46:09,MLLB_000_y1.0.3,AMBER,v4_amber_MLLB_000_y103_0922_1155,3.4,3.408,10,80,35,ince,True,,38.0,28.0,964.0,1002.0,2.918,56.733,19.443,0.7741,True,,False,FLAS,935.0,2.5,9.5
2026-09-22 14:46:09,MLLB_000_y1.0.3,AMBER,v4_amber_MLLB_000_y103_0922_1155,3.4,3.408,10,80,,bitti,False,,,,,,,,,,,,,,935.0,2.5,9.5
2026-09-22 14:46:25,MLLB_000_y1.0.3,AMBER,v4_amber_MLLB_000_y103_0922_1155,3.4,3.408,10,60,12,kaba,True,,204.0,30.0,798.0,1002.0,1.033,19.98,19.35,0.774,True,,False,ON,935.0,2.5,9.5
2026-09-22 14:46:41,MLLB_000_y1.0.3,AMBER,v4_amber_MLLB_000_y103_0922_1155,3.4,3.408,10,60,16,kaba,True,,180.0,34.0,822.0,1002.0,1.027,19.932,19.41,0.7743,True,,False,ON,935.0,2.5,9.5
2026-09-22 14:46:57,MLLB_000_y1.0.3,AMBER,v4_amber_MLLB_000_y103_0922_1155,3.4,3.408,10,60,20,kaba,True,,156.0,34.0,846.0,1002.0,1.034,20.076,19.414,0.7746,True,,False,ON,935.0,2.5,9.5
2026-09-22 14:47:13,MLLB_000_y1.0.3,AMBER,v4_amber_MLLB_000_y103_0922_1155,3.4,3.408,10,60,24,kaba,True,,132.0,34.0,870.0,1002.0,1.025,19.908,19.421,0.7747,True,,False,ON,935.0,2.5,9.5
2026-09-22 14:47:29,MLLB_000_y1.0.3,AMBER,v4_amber_MLLB_000_y103_0922_1155,3.4,3.408,10,60,28,kaba,True,,108.0,34.0,894.0,1002.0,1.028,19.98,19.437,0.7738,True,,False,ON,935.0,2.5,9.5
2026-09-22 14:47:45,MLLB_000_y1.0.3,AMBER,v4_amber_MLLB_000_y103_0922_1155,3.4,3.408,10,60,32,kaba,True,,84.0,32.0,918.0,1002.0,1.023,19.884,19.433,0.7744,True,,False,ON,935.0,2.5,9.5
2026-09-22 14:48:01,MLLB_000_y1.0.3,AMBER,v4_amber_MLLB_000_y103_0922_1155,3.4,3.408,10,60,36,kaba,True,,60.0,32.0,942.0,1002.0,1.022,19.884,19.452,0.7745,True,,True,,935.0,2.5,9.5
2026-09-22 14:48:17,MLLB_000_y1.0.3,AMBER,v4_amber_MLLB_000_y103_0922_1155,3.4,3.408,10,60,40,kaba,True,,46.0,28.0,956.0,1002.0,1.03,20.028,19.445,0.7745,True,,True,,935.0,2.5,9.5
2026-09-22 14:48:33,MLLB_000_y1.0.3,AMBER,v4_amber_MLLB_000_y103_0922_1155,3.4,3.408,10,60,44,kaba,True,,46.0,28.0,956.0,1002.0,1.646,32.056,19.47,0.7742,True,,True,,935.0,2.5,9.5
2026-09-22 14:48:49,MLLB_000_y1.0.3,AMBER,v4_amber_MLLB_000_y103_0922_1155,3.4,3.408,10,60,48,kaba,True,,46.0,28.0,956.0,1002.0,5.179,100.684,19.441,0.774,True,,False,FLAS,935.0,2.5,9.5
2026-09-22 14:49:05,MLLB_000_y1.0.3,AMBER,v4_amber_MLLB_000_y103_0922_1155,3.4,3.408,10,60,33,ince,True,,78.0,32.0,924.0,1002.0,1.027,19.98,19.449,0.7737,True,,False,ON,935.0,2.5,9.5
2026-09-22 14:49:21,MLLB_000_y1.0.3,AMBER,v4_amber_MLLB_000_y103_0922_1155,3.4,3.408,10,60,34,ince,True,,72.0,30.0,930.0,1002.0,1.028,19.98,19.432,0.7743,True,,False,ON,935.0,2.5,9.5
2026-09-22 14:49:37,MLLB_000_y1.0.3,AMBER,v4_amber_MLLB_000_y103_0922_1155,3.4,3.408,10,60,35,ince,True,,66.0,32.0,936.0,1002.0,1.03,20.028,19.442,0.7741,True,,True,,935.0,2.5,9.5
2026-09-22 14:49:37,MLLB_000_y1.0.3,AMBER,v4_amber_MLLB_000_y103_0922_1155,3.4,3.408,10,60,37,ince,False,iki-OK-arasi-monotonluk,,,,,,,,,,,True,,935.0,2.5,9.5
2026-09-22 14:49:37,MLLB_000_y1.0.3,AMBER,v4_amber_MLLB_000_y103_0922_1155,3.4,3.408,10,60,38,ince,False,iki-OK-arasi-monotonluk,,,,,,,,,,,True,,935.0,2.5,9.5
2026-09-22 14:49:37,MLLB_000_y1.0.3,AMBER,v4_amber_MLLB_000_y103_0922_1155,3.4,3.408,10,60,39,ince,False,iki-OK-arasi-monotonluk,,,,,,,,,,,True,,935.0,2.5,9.5
2026-09-22 14:49:37,MLLB_000_y1.0.3,AMBER,v4_amber_MLLB_000_y103_0922_1155,3.4,3.408,10,60,41,ince,False,iki-OK-arasi-monotonluk,,,,,,,,,,,True,,935.0,2.5,9.5
2026-09-22 14:49:37,MLLB_000_y1.0.3,AMBER,v4_amber_MLLB_000_y103_0922_1155,3.4,3.408,10,60,42,ince,False,iki-OK-arasi-monotonluk,,,,,,,,,,,True,,935.0,2.5,9.5
2026-09-22 14:49:37,MLLB_000_y1.0.3,AMBER,v4_amber_MLLB_000_y103_0922_1155,3.4,3.408,10,60,43,ince,False,iki-OK-arasi-monotonluk,,,,,,,,,,,True,,935.0,2.5,9.5
2026-09-22 14:49:53,MLLB_000_y1.0.3,AMBER,v4_amber_MLLB_000_y103_0922_1155,3.4,3.408,10,60,45,ince,True,,46.0,28.0,956.0,1002.0,1.877,36.515,19.457,0.7739,True,,True,,935.0,2.5,9.5
2026-09-22 14:50:09,MLLB_000_y1.0.3,AMBER,v4_amber_MLLB_000_y103_0922_1155,3.4,3.408,10,60,46,ince,True,,46.0,28.0,956.0,1002.0,2.318,45.097,19.453,0.7738,True,,True,,935.0,2.5,9.5
2026-09-22 14:50:25,MLLB_000_y1.0.3,AMBER,v4_amber_MLLB_000_y103_0922_1155,3.4,3.408,10,60,47,ince,True,,46.0,28.0,956.0,1002.0,4.055,78.902,19.457,0.7741,True,,False,FLAS,935.0,2.5,9.5
2026-09-22 14:50:25,MLLB_000_y1.0.3,AMBER,v4_amber_MLLB_000_y103_0922_1155,3.4,3.408,10,60,,bitti,False,,,,,,,,,,,,,,935.0,2.5,9.5
2026-09-22 14:50:47,MLLB_000_y1.0.3,AMBER,v4_amber_MLLB_000_y103_0922_1155,3.4,3.408,15,100,12,kaba,True,,106.0,32.0,896.0,1002.0,0.986,31.65,32.104,0.7741,True,,False,ON,935.0,2.5,9.5
2026-09-22 14:51:03,MLLB_000_y1.0.3,AMBER,v4_amber_MLLB_000_y103_0922_1155,3.4,3.408,15,100,16,kaba,True,,82.0,32.0,920.0,1002.0,0.983,31.574,32.134,0.7743,True,,False,ON,935.0,2.5,9.5
2026-09-22 14:51:19,MLLB_000_y1.0.3,AMBER,v4_amber_MLLB_000_y103_0922_1155,3.4,3.408,15,100,20,kaba,True,,58.0,28.0,944.0,1002.0,0.983,31.6,32.144,0.7748,True,,True,,935.0,2.5,9.5
2026-09-22 14:51:35,MLLB_000_y1.0.3,AMBER,v4_amber_MLLB_000_y103_0922_1155,3.4,3.408,15,100,24,kaba,True,,34.0,28.0,968.0,1002.0,0.983,31.625,32.177,0.7745,True,,True,,935.0,2.5,9.5
2026-09-22 14:51:51,MLLB_000_y1.0.3,AMBER,v4_amber_MLLB_000_y103_0922_1155,3.4,3.408,15,100,28,kaba,True,,34.0,28.0,968.0,1002.0,1.15,36.955,32.13,0.7745,True,,True,,935.0,2.5,9.5
2026-09-22 14:52:07,MLLB_000_y1.0.3,AMBER,v4_amber_MLLB_000_y103_0922_1155,3.4,3.408,15,100,32,kaba,True,,34.0,28.0,968.0,1002.0,4.613,169.943,36.84,0.7748,True,,False,FLAS,935.0,2.5,9.5
2026-09-22 14:52:23,MLLB_000_y1.0.3,AMBER,v4_amber_MLLB_000_y103_0922_1155,3.4,3.408,15,100,36,kaba,True,,34.0,28.0,968.0,1002.0,5.555,205.068,36.913,0.7743,True,,False,FLAS,935.0,2.5,9.5
2026-09-22 14:52:39,MLLB_000_y1.0.3,AMBER,v4_amber_MLLB_000_y103_0922_1155,3.4,3.408,15,100,17,ince,True,,76.0,30.0,926.0,1002.0,0.985,31.65,32.14,0.7738,True,,False,ON,935.0,2.5,9.5
2026-09-22 14:52:55,MLLB_000_y1.0.3,AMBER,v4_amber_MLLB_000_y103_0922_1155,3.4,3.408,15,100,18,ince,True,,70.0,32.0,932.0,1002.0,0.983,31.625,32.157,0.7742,True,,False,ON,935.0,2.5,9.5
2026-09-22 14:53:11,MLLB_000_y1.0.3,AMBER,v4_amber_MLLB_000_y103_0922_1155,3.4,3.408,15,100,19,ince,True,,64.0,30.0,938.0,1002.0,0.985,31.676,32.142,0.7737,True,,True,,935.0,2.5,9.5
2026-09-22 14:53:11,MLLB_000_y1.0.3,AMBER,v4_amber_MLLB_000_y103_0922_1155,3.4,3.408,15,100,21,ince,False,iki-OK-arasi-monotonluk,,,,,,,,,,,True,,935.0,2.5,9.5
2026-09-22 14:53:11,MLLB_000_y1.0.3,AMBER,v4_amber_MLLB_000_y103_0922_1155,3.4,3.408,15,100,22,ince,False,iki-OK-arasi-monotonluk,,,,,,,,,,,True,,935.0,2.5,9.5
2026-09-22 14:53:11,MLLB_000_y1.0.3,AMBER,v4_amber_MLLB_000_y103_0922_1155,3.4,3.408,15,100,23,ince,False,iki-OK-arasi-monotonluk,,,,,,,,,,,True,,935.0,2.5,9.5
2026-09-22 14:53:11,MLLB_000_y1.0.3,AMBER,v4_amber_MLLB_000_y103_0922_1155,3.4,3.408,15,100,25,ince,False,iki-OK-arasi-monotonluk,,,,,,,,,,,True,,935.0,2.5,9.5
2026-09-22 14:53:11,MLLB_000_y1.0.3,AMBER,v4_amber_MLLB_000_y103_0922_1155,3.4,3.408,15,100,26,ince,False,iki-OK-arasi-monotonluk,,,,,,,,,,,True,,935.0,2.5,9.5
2026-09-22 14:53:11,MLLB_000_y1.0.3,AMBER,v4_amber_MLLB_000_y103_0922_1155,3.4,3.408,15,100,27,ince,False,iki-OK-arasi-monotonluk,,,,,,,,,,,True,,935.0,2.5,9.5
2026-09-22 14:53:27,MLLB_000_y1.0.3,AMBER,v4_amber_MLLB_000_y103_0922_1155,3.4,3.408,15,100,29,ince,True,,34.0,28.0,968.0,1002.0,2.073,76.28,36.795,0.774,True,,True,,935.0,2.5,9.5
2026-09-22 14:53:43,MLLB_000_y1.0.3,AMBER,v4_amber_MLLB_000_y103_0922_1155,3.4,3.408,15,100,30,ince,True,,34.0,28.0,968.0,1002.0,3.224,118.395,36.723,0.774,True,,False,FLAS,935.0,2.5,9.5
2026-09-22 14:53:59,MLLB_000_y1.0.3,AMBER,v4_amber_MLLB_000_y103_0922_1155,3.4,3.408,15,100,31,ince,True,,34.0,28.0,968.0,1002.0,4.242,156.635,36.923,0.774,True,,False,FLAS,935.0,2.5,9.5
2026-09-22 14:53:59,MLLB_000_y1.0.3,AMBER,v4_amber_MLLB_000_y103_0922_1155,3.4,3.408,15,100,,bitti,False,,,,,,,,,,,,,,935.0,2.5,9.5
2026-09-22 14:54:15,MLLB_000_y1.0.3,AMBER,v4_amber_MLLB_000_y103_0922_1155,3.4,3.408,15,80,12,kaba,True,,120.0,30.0,882.0,1002.0,0.979,31.473,32.158,0.7748,True,,False,ON,935.0,2.5,9.5
2026-09-22 14:54:31,MLLB_000_y1.0.3,AMBER,v4_amber_MLLB_000_y103_0922_1155,3.4,3.408,15,80,16,kaba,True,,102.0,28.0,900.0,1002.0,0.979,31.448,32.136,0.7746,True,,False,ON,935.0,2.5,9.5
2026-09-22 14:54:47,MLLB_000_y1.0.3,AMBER,v4_amber_MLLB_000_y103_0922_1155,3.4,3.408,15,80,20,kaba,True,,82.0,28.0,920.0,1002.0,0.982,31.574,32.154,0.7748,True,,False,ON,935.0,2.5,9.5
2026-09-22 14:55:03,MLLB_000_y1.0.3,AMBER,v4_amber_MLLB_000_y103_0922_1155,3.4,3.408,15,80,24,kaba,True,,62.0,32.0,940.0,1002.0,0.978,31.422,32.135,0.7749,True,,True,,935.0,2.5,9.5
2026-09-22 14:55:19,MLLB_000_y1.0.3,AMBER,v4_amber_MLLB_000_y103_0922_1155,3.4,3.408,15,80,28,kaba,True,,42.0,32.0,960.0,1002.0,0.977,31.448,32.178,0.7742,True,,True,,935.0,2.5,9.5
2026-09-22 14:55:35,MLLB_000_y1.0.3,AMBER,v4_amber_MLLB_000_y103_0922_1155,3.4,3.408,15,80,32,kaba,True,,38.0,28.0,964.0,1002.0,0.992,31.904,32.166,0.7741,True,,True,,935.0,2.5,9.5
2026-09-22 14:55:51,MLLB_000_y1.0.3,AMBER,v4_amber_MLLB_000_y103_0922_1155,3.4,3.408,15,80,36,kaba,True,,38.0,28.0,964.0,1002.0,2.759,101.437,36.766,0.7742,True,,False,FLAS,935.0,2.5,9.5
2026-09-22 14:56:07,MLLB_000_y1.0.3,AMBER,v4_amber_MLLB_000_y103_0922_1155,3.4,3.408,15,80,40,kaba,True,,38.0,28.0,964.0,1002.0,4.667,170.705,36.58,0.7749,True,,False,FLAS,935.0,2.5,9.5
2026-09-22 14:56:23,MLLB_000_y1.0.3,AMBER,v4_amber_MLLB_000_y103_0922_1155,3.4,3.408,15,80,21,ince,True,,76.0,28.0,926.0,1002.0,0.979,31.448,32.116,0.7736,True,,False,ON,935.0,2.5,9.5
2026-09-22 14:56:39,MLLB_000_y1.0.3,AMBER,v4_amber_MLLB_000_y103_0922_1155,3.4,3.408,15,80,22,ince,True,,72.0,30.0,930.0,1002.0,0.979,31.448,32.136,0.7743,True,,False,ON,935.0,2.5,9.5
2026-09-22 14:56:55,MLLB_000_y1.0.3,AMBER,v4_amber_MLLB_000_y103_0922_1155,3.4,3.408,15,80,23,ince,True,,66.0,32.0,936.0,1002.0,0.977,31.397,32.14,0.7737,True,,True,,935.0,2.5,9.5
2026-09-22 14:56:55,MLLB_000_y1.0.3,AMBER,v4_amber_MLLB_000_y103_0922_1155,3.4,3.408,15,80,25,ince,False,iki-OK-arasi-monotonluk,,,,,,,,,,,True,,935.0,2.5,9.5
2026-09-22 14:56:55,MLLB_000_y1.0.3,AMBER,v4_amber_MLLB_000_y103_0922_1155,3.4,3.408,15,80,26,ince,False,iki-OK-arasi-monotonluk,,,,,,,,,,,True,,935.0,2.5,9.5
2026-09-22 14:56:55,MLLB_000_y1.0.3,AMBER,v4_amber_MLLB_000_y103_0922_1155,3.4,3.408,15,80,27,ince,False,iki-OK-arasi-monotonluk,,,,,,,,,,,True,,935.0,2.5,9.5
2026-09-22 14:56:55,MLLB_000_y1.0.3,AMBER,v4_amber_MLLB_000_y103_0922_1155,3.4,3.408,15,80,29,ince,False,iki-OK-arasi-monotonluk,,,,,,,,,,,True,,935.0,2.5,9.5
2026-09-22 14:56:55,MLLB_000_y1.0.3,AMBER,v4_amber_MLLB_000_y103_0922_1155,3.4,3.408,15,80,30,ince,False,iki-OK-arasi-monotonluk,,,,,,,,,,,True,,935.0,2.5,9.5
2026-09-22 14:56:55,MLLB_000_y1.0.3,AMBER,v4_amber_MLLB_000_y103_0922_1155,3.4,3.408,15,80,31,ince,False,iki-OK-arasi-monotonluk,,,,,,,,,,,True,,935.0,2.5,9.5
2026-09-22 14:57:11,MLLB_000_y1.0.3,AMBER,v4_amber_MLLB_000_y103_0922_1155,3.4,3.408,15,80,33,ince,True,,38.0,28.0,964.0,1002.0,1.006,32.361,32.172,0.7745,True,,True,,935.0,2.5,9.5
2026-09-22 14:57:27,MLLB_000_y1.0.3,AMBER,v4_amber_MLLB_000_y103_0922_1155,3.4,3.408,15,80,34,ince,True,,38.0,28.0,964.0,1002.0,1.161,37.318,32.156,0.7743,True,,True,,935.0,2.5,9.5
2026-09-22 14:57:43,MLLB_000_y1.0.3,AMBER,v4_amber_MLLB_000_y103_0922_1155,3.4,3.408,15,80,35,ince,True,,38.0,28.0,964.0,1002.0,1.708,54.948,32.176,0.7745,True,,True,,935.0,2.5,9.5
2026-09-22 14:57:43,MLLB_000_y1.0.3,AMBER,v4_amber_MLLB_000_y103_0922_1155,3.4,3.408,15,80,,bitti,False,,,,,,,,,,,,,,935.0,2.5,9.5
2026-09-22 14:57:59,MLLB_000_y1.0.3,AMBER,v4_amber_MLLB_000_y103_0922_1155,3.4,3.408,15,60,12,kaba,True,,134.0,32.0,868.0,1002.0,0.982,31.524,32.088,0.7744,True,,False,ON,935.0,2.5,9.5
2026-09-22 14:58:15,MLLB_000_y1.0.3,AMBER,v4_amber_MLLB_000_y103_0922_1155,3.4,3.408,15,60,16,kaba,True,,122.0,28.0,880.0,1002.0,0.981,31.498,32.116,0.7737,True,,False,ON,935.0,2.5,9.5
2026-09-22 14:58:31,MLLB_000_y1.0.3,AMBER,v4_amber_MLLB_000_y103_0922_1155,3.4,3.408,15,60,20,kaba,True,,108.0,30.0,894.0,1002.0,0.979,31.448,32.123,0.7744,True,,False,ON,935.0,2.5,9.5
2026-09-22 14:58:47,MLLB_000_y1.0.3,AMBER,v4_amber_MLLB_000_y103_0922_1155,3.4,3.408,15,60,24,kaba,True,,94.0,32.0,908.0,1002.0,0.962,30.942,32.179,0.7736,True,,False,ON,935.0,2.5,9.5
2026-09-22 14:59:03,MLLB_000_y1.0.3,AMBER,v4_amber_MLLB_000_y103_0922_1155,3.4,3.408,15,60,28,kaba,True,,82.0,28.0,920.0,1002.0,0.963,30.967,32.154,0.7749,True,,False,ON,935.0,2.5,9.5
2026-09-22 14:59:19,MLLB_000_y1.0.3,AMBER,v4_amber_MLLB_000_y103_0922_1155,3.4,3.408,15,60,32,kaba,True,,68.0,30.0,934.0,1002.0,0.969,31.195,32.188,0.7746,True,,False,ON,935.0,2.5,9.5
2026-09-22 14:59:35,MLLB_000_y1.0.3,AMBER,v4_amber_MLLB_000_y103_0922_1155,3.4,3.408,15,60,36,kaba,True,,54.0,28.0,948.0,1002.0,0.97,31.22,32.193,0.7738,True,,True,,935.0,2.5,9.5
2026-09-22 14:59:51,MLLB_000_y1.0.3,AMBER,v4_amber_MLLB_000_y103_0922_1155,3.4,3.408,15,60,40,kaba,True,,46.0,28.0,956.0,1002.0,0.978,31.473,32.191,0.7746,True,,True,,935.0,2.5,9.5
2026-09-22 15:00:07,MLLB_000_y1.0.3,AMBER,v4_amber_MLLB_000_y103_0922_1155,3.4,3.408,15,60,44,kaba,True,,46.0,28.0,956.0,1002.0,1.019,32.768,32.166,0.7746,True,,True,,935.0,2.5,9.5
2026-09-22 15:00:23,MLLB_000_y1.0.3,AMBER,v4_amber_MLLB_000_y103_0922_1155,3.4,3.408,15,60,48,kaba,True,,46.0,28.0,956.0,1002.0,2.57,94.667,36.835,0.7747,True,,False,FLAS,935.0,2.5,9.5
2026-09-22 15:00:39,MLLB_000_y1.0.3,AMBER,v4_amber_MLLB_000_y103_0922_1155,3.4,3.408,15,60,50,kaba,True,,46.0,28.0,956.0,1002.0,3.046,112.361,36.885,0.7744,True,,False,FLAS,935.0,2.5,9.5
2026-09-22 15:00:55,MLLB_000_y1.0.3,AMBER,v4_amber_MLLB_000_y103_0922_1155,3.4,3.408,15,60,33,ince,True,,64.0,30.0,938.0,1002.0,0.979,31.473,32.145,0.775,True,,True,,935.0,2.5,9.5
2026-09-22 15:01:11,MLLB_000_y1.0.3,AMBER,v4_amber_MLLB_000_y103_0922_1155,3.4,3.408,15,60,34,ince,True,,60.0,30.0,942.0,1002.0,0.975,31.372,32.167,0.774,True,,True,,935.0,2.5,9.5
2026-09-22 15:01:27,MLLB_000_y1.0.3,AMBER,v4_amber_MLLB_000_y103_0922_1155,3.4,3.408,15,60,35,ince,True,,58.0,28.0,944.0,1002.0,0.98,31.524,32.178,0.7737,True,,True,,935.0,2.5,9.5
2026-09-22 15:01:28,MLLB_000_y1.0.3,AMBER,v4_amber_MLLB_000_y103_0922_1155,3.4,3.408,15,60,37,ince,False,iki-OK-arasi-monotonluk,,,,,,,,,,,True,,935.0,2.5,9.5
2026-09-22 15:01:28,MLLB_000_y1.0.3,AMBER,v4_amber_MLLB_000_y103_0922_1155,3.4,3.408,15,60,38,ince,False,iki-OK-arasi-monotonluk,,,,,,,,,,,True,,935.0,2.5,9.5
2026-09-22 15:01:28,MLLB_000_y1.0.3,AMBER,v4_amber_MLLB_000_y103_0922_1155,3.4,3.408,15,60,39,ince,False,iki-OK-arasi-monotonluk,,,,,,,,,,,True,,935.0,2.5,9.5
2026-09-22 15:01:28,MLLB_000_y1.0.3,AMBER,v4_amber_MLLB_000_y103_0922_1155,3.4,3.408,15,60,41,ince,False,iki-OK-arasi-monotonluk,,,,,,,,,,,True,,935.0,2.5,9.5
2026-09-22 15:01:28,MLLB_000_y1.0.3,AMBER,v4_amber_MLLB_000_y103_0922_1155,3.4,3.408,15,60,42,ince,False,iki-OK-arasi-monotonluk,,,,,,,,,,,True,,935.0,2.5,9.5
2026-09-22 15:01:28,MLLB_000_y1.0.3,AMBER,v4_amber_MLLB_000_y103_0922_1155,3.4,3.408,15,60,43,ince,False,iki-OK-arasi-monotonluk,,,,,,,,,,,True,,935.0,2.5,9.5
2026-09-22 15:01:43,MLLB_000_y1.0.3,AMBER,v4_amber_MLLB_000_y103_0922_1155,3.4,3.408,15,60,45,ince,True,,46.0,28.0,956.0,1002.0,1.124,36.127,32.143,0.7741,True,,True,,935.0,2.5,9.5
2026-09-22 15:01:59,MLLB_000_y1.0.3,AMBER,v4_amber_MLLB_000_y103_0922_1155,3.4,3.408,15,60,46,ince,True,,46.0,28.0,956.0,1002.0,1.367,43.974,32.165,0.7742,True,,True,,935.0,2.5,9.5
2026-09-22 15:02:15,MLLB_000_y1.0.3,AMBER,v4_amber_MLLB_000_y103_0922_1155,3.4,3.408,15,60,47,ince,True,,46.0,28.0,956.0,1002.0,2.088,76.654,36.713,0.7738,True,,True,,935.0,2.5,9.5
2026-09-22 15:02:15,MLLB_000_y1.0.3,AMBER,v4_amber_MLLB_000_y103_0922_1155,3.4,3.408,15,60,,bitti,False,,,,,,,,,,,,,,935.0,2.5,9.5
2026-09-22 15:02:37,MLLB_000_y1.0.3,AMBER,v4_amber_MLLB_000_y103_0922_1155,3.4,3.408,100,100,12,kaba,True,,34.0,28.0,968.0,1002.0,1.044,243.864,233.61,0.7741,True,,True,,935.0,2.5,9.5
2026-09-22 15:02:53,MLLB_000_y1.0.3,AMBER,v4_amber_MLLB_000_y103_0922_1155,3.4,3.408,100,100,16,kaba,True,,34.0,28.0,968.0,1002.0,1.042,243.479,233.624,0.7738,True,,True,,935.0,2.5,9.5
2026-09-22 15:03:09,MLLB_000_y1.0.3,AMBER,v4_amber_MLLB_000_y103_0922_1155,3.4,3.408,100,100,20,kaba,True,,34.0,28.0,968.0,1002.0,1.043,243.864,233.77,0.7748,True,,True,,935.0,2.5,9.5
2026-09-22 15:03:25,MLLB_000_y1.0.3,AMBER,v4_amber_MLLB_000_y103_0922_1155,3.4,3.408,100,100,24,kaba,True,,34.0,28.0,968.0,1002.0,1.045,244.249,233.775,0.7738,True,,True,,935.0,2.5,9.5
2026-09-22 15:03:41,MLLB_000_y1.0.3,AMBER,v4_amber_MLLB_000_y103_0922_1155,3.4,3.408,100,100,28,kaba,True,,34.0,28.0,968.0,1002.0,1.043,243.864,233.729,0.7743,True,,True,,935.0,2.5,9.5
2026-09-22 15:03:57,MLLB_000_y1.0.3,AMBER,v4_amber_MLLB_000_y103_0922_1155,3.4,3.408,100,100,32,kaba,True,,34.0,28.0,968.0,1002.0,1.043,243.864,233.727,0.7742,True,,True,,935.0,2.5,9.5
2026-09-22 15:04:13,MLLB_000_y1.0.3,AMBER,v4_amber_MLLB_000_y103_0922_1155,3.4,3.408,100,100,36,kaba,True,,34.0,28.0,968.0,1002.0,1.053,246.176,233.675,0.7741,True,,True,,935.0,2.5,9.5
2026-09-22 15:04:29,MLLB_000_y1.0.3,AMBER,v4_amber_MLLB_000_y103_0922_1155,3.4,3.408,100,100,40,kaba,True,,34.0,28.0,968.0,1002.0,1.054,246.176,233.495,0.7741,True,,True,,935.0,2.5,9.5
2026-09-22 15:04:45,MLLB_000_y1.0.3,AMBER,v4_amber_MLLB_000_y103_0922_1155,3.4,3.408,100,100,44,kaba,True,,34.0,28.0,968.0,1002.0,1.051,245.405,233.514,0.7743,True,,True,,935.0,2.5,9.5
2026-09-22 15:05:01,MLLB_000_y1.0.3,AMBER,v4_amber_MLLB_000_y103_0922_1155,3.4,3.408,100,100,48,kaba,True,,34.0,28.0,968.0,1002.0,1.058,246.947,233.507,0.774,True,,True,,935.0,2.5,9.5
2026-09-22 15:05:17,MLLB_000_y1.0.3,AMBER,v4_amber_MLLB_000_y103_0922_1155,3.4,3.408,100,100,50,kaba,True,,34.0,28.0,968.0,1002.0,1.044,243.864,233.629,0.7733,True,,True,,935.0,2.5,9.5
2026-09-22 15:05:17,MLLB_000_y1.0.3,AMBER,v4_amber_MLLB_000_y103_0922_1155,3.4,3.408,100,100,13,ince,False,iki-OK-arasi-monotonluk,,,,,,,,,,,True,,935.0,2.5,9.5
2026-09-22 15:05:17,MLLB_000_y1.0.3,AMBER,v4_amber_MLLB_000_y103_0922_1155,3.4,3.408,100,100,14,ince,False,iki-OK-arasi-monotonluk,,,,,,,,,,,True,,935.0,2.5,9.5
2026-09-22 15:05:17,MLLB_000_y1.0.3,AMBER,v4_amber_MLLB_000_y103_0922_1155,3.4,3.408,100,100,15,ince,False,iki-OK-arasi-monotonluk,,,,,,,,,,,True,,935.0,2.5,9.5
2026-09-22 15:05:17,MLLB_000_y1.0.3,AMBER,v4_amber_MLLB_000_y103_0922_1155,3.4,3.408,100,100,17,ince,False,iki-OK-arasi-monotonluk,,,,,,,,,,,True,,935.0,2.5,9.5
2026-09-22 15:05:17,MLLB_000_y1.0.3,AMBER,v4_amber_MLLB_000_y103_0922_1155,3.4,3.408,100,100,18,ince,False,iki-OK-arasi-monotonluk,,,,,,,,,,,True,,935.0,2.5,9.5
2026-09-22 15:05:17,MLLB_000_y1.0.3,AMBER,v4_amber_MLLB_000_y103_0922_1155,3.4,3.408,100,100,19,ince,False,iki-OK-arasi-monotonluk,,,,,,,,,,,True,,935.0,2.5,9.5
2026-09-22 15:05:17,MLLB_000_y1.0.3,AMBER,v4_amber_MLLB_000_y103_0922_1155,3.4,3.408,100,100,21,ince,False,iki-OK-arasi-monotonluk,,,,,,,,,,,True,,935.0,2.5,9.5
2026-09-22 15:05:17,MLLB_000_y1.0.3,AMBER,v4_amber_MLLB_000_y103_0922_1155,3.4,3.408,100,100,22,ince,False,iki-OK-arasi-monotonluk,,,,,,,,,,,True,,935.0,2.5,9.5
2026-09-22 15:05:17,MLLB_000_y1.0.3,AMBER,v4_amber_MLLB_000_y103_0922_1155,3.4,3.408,100,100,23,ince,False,iki-OK-arasi-monotonluk,,,,,,,,,,,True,,935.0,2.5,9.5
2026-09-22 15:05:17,MLLB_000_y1.0.3,AMBER,v4_amber_MLLB_000_y103_0922_1155,3.4,3.408,100,100,25,ince,False,iki-OK-arasi-monotonluk,,,,,,,,,,,True,,935.0,2.5,9.5
2026-09-22 15:05:17,MLLB_000_y1.0.3,AMBER,v4_amber_MLLB_000_y103_0922_1155,3.4,3.408,100,100,26,ince,False,iki-OK-arasi-monotonluk,,,,,,,,,,,True,,935.0,2.5,9.5
2026-09-22 15:05:17,MLLB_000_y1.0.3,AMBER,v4_amber_MLLB_000_y103_0922_1155,3.4,3.408,100,100,27,ince,False,iki-OK-arasi-monotonluk,,,,,,,,,,,True,,935.0,2.5,9.5
2026-09-22 15:05:17,MLLB_000_y1.0.3,AMBER,v4_amber_MLLB_000_y103_0922_1155,3.4,3.408,100,100,29,ince,False,iki-OK-arasi-monotonluk,,,,,,,,,,,True,,935.0,2.5,9.5
2026-09-22 15:05:17,MLLB_000_y1.0.3,AMBER,v4_amber_MLLB_000_y103_0922_1155,3.4,3.408,100,100,30,ince,False,iki-OK-arasi-monotonluk,,,,,,,,,,,True,,935.0,2.5,9.5
2026-09-22 15:05:17,MLLB_000_y1.0.3,AMBER,v4_amber_MLLB_000_y103_0922_1155,3.4,3.408,100,100,31,ince,False,iki-OK-arasi-monotonluk,,,,,,,,,,,True,,935.0,2.5,9.5
2026-09-22 15:05:17,MLLB_000_y1.0.3,AMBER,v4_amber_MLLB_000_y103_0922_1155,3.4,3.408,100,100,33,ince,False,iki-OK-arasi-monotonluk,,,,,,,,,,,True,,935.0,2.5,9.5
2026-09-22 15:05:17,MLLB_000_y1.0.3,AMBER,v4_amber_MLLB_000_y103_0922_1155,3.4,3.408,100,100,34,ince,False,iki-OK-arasi-monotonluk,,,,,,,,,,,True,,935.0,2.5,9.5
2026-09-22 15:05:17,MLLB_000_y1.0.3,AMBER,v4_amber_MLLB_000_y103_0922_1155,3.4,3.408,100,100,35,ince,False,iki-OK-arasi-monotonluk,,,,,,,,,,,True,,935.0,2.5,9.5
2026-09-22 15:05:17,MLLB_000_y1.0.3,AMBER,v4_amber_MLLB_000_y103_0922_1155,3.4,3.408,100,100,37,ince,False,iki-OK-arasi-monotonluk,,,,,,,,,,,True,,935.0,2.5,9.5
2026-09-22 15:05:17,MLLB_000_y1.0.3,AMBER,v4_amber_MLLB_000_y103_0922_1155,3.4,3.408,100,100,38,ince,False,iki-OK-arasi-monotonluk,,,,,,,,,,,True,,935.0,2.5,9.5
2026-09-22 15:05:17,MLLB_000_y1.0.3,AMBER,v4_amber_MLLB_000_y103_0922_1155,3.4,3.408,100,100,39,ince,False,iki-OK-arasi-monotonluk,,,,,,,,,,,True,,935.0,2.5,9.5
2026-09-22 15:05:17,MLLB_000_y1.0.3,AMBER,v4_amber_MLLB_000_y103_0922_1155,3.4,3.408,100,100,41,ince,False,iki-OK-arasi-monotonluk,,,,,,,,,,,True,,935.0,2.5,9.5
2026-09-22 15:05:17,MLLB_000_y1.0.3,AMBER,v4_amber_MLLB_000_y103_0922_1155,3.4,3.408,100,100,42,ince,False,iki-OK-arasi-monotonluk,,,,,,,,,,,True,,935.0,2.5,9.5
2026-09-22 15:05:17,MLLB_000_y1.0.3,AMBER,v4_amber_MLLB_000_y103_0922_1155,3.4,3.408,100,100,43,ince,False,iki-OK-arasi-monotonluk,,,,,,,,,,,True,,935.0,2.5,9.5
2026-09-22 15:05:17,MLLB_000_y1.0.3,AMBER,v4_amber_MLLB_000_y103_0922_1155,3.4,3.408,100,100,45,ince,False,iki-OK-arasi-monotonluk,,,,,,,,,,,True,,935.0,2.5,9.5
2026-09-22 15:05:17,MLLB_000_y1.0.3,AMBER,v4_amber_MLLB_000_y103_0922_1155,3.4,3.408,100,100,46,ince,False,iki-OK-arasi-monotonluk,,,,,,,,,,,True,,935.0,2.5,9.5
2026-09-22 15:05:17,MLLB_000_y1.0.3,AMBER,v4_amber_MLLB_000_y103_0922_1155,3.4,3.408,100,100,47,ince,False,iki-OK-arasi-monotonluk,,,,,,,,,,,True,,935.0,2.5,9.5
2026-09-22 15:05:17,MLLB_000_y1.0.3,AMBER,v4_amber_MLLB_000_y103_0922_1155,3.4,3.408,100,100,49,ince,False,iki-OK-arasi-monotonluk,,,,,,,,,,,True,,935.0,2.5,9.5
2026-09-22 15:05:17,MLLB_000_y1.0.3,AMBER,v4_amber_MLLB_000_y103_0922_1155,3.4,3.408,100,100,,bitti,False,,,,,,,,,,,,,,935.0,2.5,9.5
2026-09-22 15:05:33,MLLB_000_y1.0.3,AMBER,v4_amber_MLLB_000_y103_0922_1155,3.4,3.408,100,80,12,kaba,True,,34.0,28.0,968.0,1002.0,1.044,243.864,233.594,0.7736,True,,True,,935.0,2.5,9.5
2026-09-22 15:05:49,MLLB_000_y1.0.3,AMBER,v4_amber_MLLB_000_y103_0922_1155,3.4,3.408,100,80,16,kaba,True,,34.0,28.0,968.0,1002.0,1.043,243.864,233.706,0.7739,True,,True,,935.0,2.5,9.5
2026-09-22 15:06:05,MLLB_000_y1.0.3,AMBER,v4_amber_MLLB_000_y103_0922_1155,3.4,3.408,100,80,20,kaba,True,,34.0,28.0,968.0,1002.0,1.043,243.864,233.734,0.7736,True,,True,,935.0,2.5,9.5
2026-09-22 15:06:21,MLLB_000_y1.0.3,AMBER,v4_amber_MLLB_000_y103_0922_1155,3.4,3.408,100,80,24,kaba,True,,34.0,28.0,968.0,1002.0,1.044,243.864,233.598,0.7737,True,,True,,935.0,2.5,9.5
2026-09-22 15:06:37,MLLB_000_y1.0.3,AMBER,v4_amber_MLLB_000_y103_0922_1155,3.4,3.408,100,80,28,kaba,True,,34.0,28.0,968.0,1002.0,1.044,243.864,233.633,0.774,True,,True,,935.0,2.5,9.5
2026-09-22 15:06:53,MLLB_000_y1.0.3,AMBER,v4_amber_MLLB_000_y103_0922_1155,3.4,3.408,100,80,32,kaba,True,,34.0,28.0,968.0,1002.0,1.044,243.864,233.635,0.7738,True,,True,,935.0,2.5,9.5
2026-09-22 15:07:09,MLLB_000_y1.0.3,AMBER,v4_amber_MLLB_000_y103_0922_1155,3.4,3.408,100,80,36,kaba,True,,34.0,28.0,968.0,1002.0,1.044,243.864,233.639,0.7737,True,,True,,935.0,2.5,9.5
2026-09-22 15:07:25,MLLB_000_y1.0.3,AMBER,v4_amber_MLLB_000_y103_0922_1155,3.4,3.408,100,80,40,kaba,True,,34.0,28.0,968.0,1002.0,1.044,243.864,233.615,0.7734,True,,True,,935.0,2.5,9.5
2026-09-22 15:07:41,MLLB_000_y1.0.3,AMBER,v4_amber_MLLB_000_y103_0922_1155,3.4,3.408,100,80,44,kaba,True,,34.0,28.0,968.0,1002.0,1.044,243.864,233.664,0.7738,True,,True,,935.0,2.5,9.5
2026-09-22 15:07:57,MLLB_000_y1.0.3,AMBER,v4_amber_MLLB_000_y103_0922_1155,3.4,3.408,100,80,48,kaba,True,,34.0,28.0,968.0,1002.0,1.046,244.249,233.617,0.7739,True,,True,,935.0,2.5,9.5
2026-09-22 15:08:13,MLLB_000_y1.0.3,AMBER,v4_amber_MLLB_000_y103_0922_1155,3.4,3.408,100,80,50,kaba,True,,34.0,28.0,968.0,1002.0,1.047,244.634,233.696,0.7742,True,,True,,935.0,2.5,9.5
2026-09-22 15:08:13,MLLB_000_y1.0.3,AMBER,v4_amber_MLLB_000_y103_0922_1155,3.4,3.408,100,80,13,ince,False,iki-OK-arasi-monotonluk,,,,,,,,,,,True,,935.0,2.5,9.5
2026-09-22 15:08:13,MLLB_000_y1.0.3,AMBER,v4_amber_MLLB_000_y103_0922_1155,3.4,3.408,100,80,14,ince,False,iki-OK-arasi-monotonluk,,,,,,,,,,,True,,935.0,2.5,9.5
2026-09-22 15:08:13,MLLB_000_y1.0.3,AMBER,v4_amber_MLLB_000_y103_0922_1155,3.4,3.408,100,80,15,ince,False,iki-OK-arasi-monotonluk,,,,,,,,,,,True,,935.0,2.5,9.5
2026-09-22 15:08:13,MLLB_000_y1.0.3,AMBER,v4_amber_MLLB_000_y103_0922_1155,3.4,3.408,100,80,17,ince,False,iki-OK-arasi-monotonluk,,,,,,,,,,,True,,935.0,2.5,9.5
2026-09-22 15:08:13,MLLB_000_y1.0.3,AMBER,v4_amber_MLLB_000_y103_0922_1155,3.4,3.408,100,80,18,ince,False,iki-OK-arasi-monotonluk,,,,,,,,,,,True,,935.0,2.5,9.5
2026-09-22 15:08:13,MLLB_000_y1.0.3,AMBER,v4_amber_MLLB_000_y103_0922_1155,3.4,3.408,100,80,19,ince,False,iki-OK-arasi-monotonluk,,,,,,,,,,,True,,935.0,2.5,9.5
2026-09-22 15:08:13,MLLB_000_y1.0.3,AMBER,v4_amber_MLLB_000_y103_0922_1155,3.4,3.408,100,80,21,ince,False,iki-OK-arasi-monotonluk,,,,,,,,,,,True,,935.0,2.5,9.5
2026-09-22 15:08:13,MLLB_000_y1.0.3,AMBER,v4_amber_MLLB_000_y103_0922_1155,3.4,3.408,100,80,22,ince,False,iki-OK-arasi-monotonluk,,,,,,,,,,,True,,935.0,2.5,9.5
2026-09-22 15:08:13,MLLB_000_y1.0.3,AMBER,v4_amber_MLLB_000_y103_0922_1155,3.4,3.408,100,80,23,ince,False,iki-OK-arasi-monotonluk,,,,,,,,,,,True,,935.0,2.5,9.5
2026-09-22 15:08:13,MLLB_000_y1.0.3,AMBER,v4_amber_MLLB_000_y103_0922_1155,3.4,3.408,100,80,25,ince,False,iki-OK-arasi-monotonluk,,,,,,,,,,,True,,935.0,2.5,9.5
2026-09-22 15:08:13,MLLB_000_y1.0.3,AMBER,v4_amber_MLLB_000_y103_0922_1155,3.4,3.408,100,80,26,ince,False,iki-OK-arasi-monotonluk,,,,,,,,,,,True,,935.0,2.5,9.5
2026-09-22 15:08:13,MLLB_000_y1.0.3,AMBER,v4_amber_MLLB_000_y103_0922_1155,3.4,3.408,100,80,27,ince,False,iki-OK-arasi-monotonluk,,,,,,,,,,,True,,935.0,2.5,9.5
2026-09-22 15:08:13,MLLB_000_y1.0.3,AMBER,v4_amber_MLLB_000_y103_0922_1155,3.4,3.408,100,80,29,ince,False,iki-OK-arasi-monotonluk,,,,,,,,,,,True,,935.0,2.5,9.5
2026-09-22 15:08:13,MLLB_000_y1.0.3,AMBER,v4_amber_MLLB_000_y103_0922_1155,3.4,3.408,100,80,30,ince,False,iki-OK-arasi-monotonluk,,,,,,,,,,,True,,935.0,2.5,9.5
2026-09-22 15:08:13,MLLB_000_y1.0.3,AMBER,v4_amber_MLLB_000_y103_0922_1155,3.4,3.408,100,80,31,ince,False,iki-OK-arasi-monotonluk,,,,,,,,,,,True,,935.0,2.5,9.5
2026-09-22 15:08:13,MLLB_000_y1.0.3,AMBER,v4_amber_MLLB_000_y103_0922_1155,3.4,3.408,100,80,33,ince,False,iki-OK-arasi-monotonluk,,,,,,,,,,,True,,935.0,2.5,9.5
2026-09-22 15:08:13,MLLB_000_y1.0.3,AMBER,v4_amber_MLLB_000_y103_0922_1155,3.4,3.408,100,80,34,ince,False,iki-OK-arasi-monotonluk,,,,,,,,,,,True,,935.0,2.5,9.5
2026-09-22 15:08:13,MLLB_000_y1.0.3,AMBER,v4_amber_MLLB_000_y103_0922_1155,3.4,3.408,100,80,35,ince,False,iki-OK-arasi-monotonluk,,,,,,,,,,,True,,935.0,2.5,9.5
2026-09-22 15:08:13,MLLB_000_y1.0.3,AMBER,v4_amber_MLLB_000_y103_0922_1155,3.4,3.408,100,80,37,ince,False,iki-OK-arasi-monotonluk,,,,,,,,,,,True,,935.0,2.5,9.5
2026-09-22 15:08:13,MLLB_000_y1.0.3,AMBER,v4_amber_MLLB_000_y103_0922_1155,3.4,3.408,100,80,38,ince,False,iki-OK-arasi-monotonluk,,,,,,,,,,,True,,935.0,2.5,9.5
2026-09-22 15:08:13,MLLB_000_y1.0.3,AMBER,v4_amber_MLLB_000_y103_0922_1155,3.4,3.408,100,80,39,ince,False,iki-OK-arasi-monotonluk,,,,,,,,,,,True,,935.0,2.5,9.5
2026-09-22 15:08:14,MLLB_000_y1.0.3,AMBER,v4_amber_MLLB_000_y103_0922_1155,3.4,3.408,100,80,41,ince,False,iki-OK-arasi-monotonluk,,,,,,,,,,,True,,935.0,2.5,9.5
2026-09-22 15:08:14,MLLB_000_y1.0.3,AMBER,v4_amber_MLLB_000_y103_0922_1155,3.4,3.408,100,80,42,ince,False,iki-OK-arasi-monotonluk,,,,,,,,,,,True,,935.0,2.5,9.5
2026-09-22 15:08:14,MLLB_000_y1.0.3,AMBER,v4_amber_MLLB_000_y103_0922_1155,3.4,3.408,100,80,43,ince,False,iki-OK-arasi-monotonluk,,,,,,,,,,,True,,935.0,2.5,9.5
2026-09-22 15:08:14,MLLB_000_y1.0.3,AMBER,v4_amber_MLLB_000_y103_0922_1155,3.4,3.408,100,80,45,ince,False,iki-OK-arasi-monotonluk,,,,,,,,,,,True,,935.0,2.5,9.5
2026-09-22 15:08:14,MLLB_000_y1.0.3,AMBER,v4_amber_MLLB_000_y103_0922_1155,3.4,3.408,100,80,46,ince,False,iki-OK-arasi-monotonluk,,,,,,,,,,,True,,935.0,2.5,9.5
2026-09-22 15:08:14,MLLB_000_y1.0.3,AMBER,v4_amber_MLLB_000_y103_0922_1155,3.4,3.408,100,80,47,ince,False,iki-OK-arasi-monotonluk,,,,,,,,,,,True,,935.0,2.5,9.5
2026-09-22 15:08:14,MLLB_000_y1.0.3,AMBER,v4_amber_MLLB_000_y103_0922_1155,3.4,3.408,100,80,49,ince,False,iki-OK-arasi-monotonluk,,,,,,,,,,,True,,935.0,2.5,9.5
2026-09-22 15:08:14,MLLB_000_y1.0.3,AMBER,v4_amber_MLLB_000_y103_0922_1155,3.4,3.408,100,80,,bitti,False,,,,,,,,,,,,,,935.0,2.5,9.5
2026-09-22 15:08:29,MLLB_000_y1.0.3,AMBER,v4_amber_MLLB_000_y103_0922_1155,3.4,3.408,100,60,12,kaba,True,,34.0,28.0,968.0,1002.0,1.043,243.864,233.761,0.7736,True,,True,,935.0,2.5,9.5
2026-09-22 15:08:45,MLLB_000_y1.0.3,AMBER,v4_amber_MLLB_000_y103_0922_1155,3.4,3.408,100,60,16,kaba,True,,34.0,28.0,968.0,1002.0,1.044,243.864,233.498,0.7741,True,,True,,935.0,2.5,9.5
2026-09-22 15:09:01,MLLB_000_y1.0.3,AMBER,v4_amber_MLLB_000_y103_0922_1155,3.4,3.408,100,60,20,kaba,True,,34.0,28.0,968.0,1002.0,1.045,243.864,233.444,0.7743,True,,True,,935.0,2.5,9.5
2026-09-22 15:09:17,MLLB_000_y1.0.3,AMBER,v4_amber_MLLB_000_y103_0922_1155,3.4,3.408,100,60,24,kaba,True,,34.0,28.0,968.0,1002.0,1.044,243.864,233.555,0.7736,True,,True,,935.0,2.5,9.5
2026-09-22 15:09:33,MLLB_000_y1.0.3,AMBER,v4_amber_MLLB_000_y103_0922_1155,3.4,3.408,100,60,28,kaba,True,,34.0,28.0,968.0,1002.0,1.044,243.864,233.648,0.7741,True,,True,,935.0,2.5,9.5
2026-09-22 15:09:49,MLLB_000_y1.0.3,AMBER,v4_amber_MLLB_000_y103_0922_1155,3.4,3.408,100,60,32,kaba,True,,34.0,28.0,968.0,1002.0,1.044,243.864,233.554,0.7741,True,,True,,935.0,2.5,9.5
2026-09-22 15:10:05,MLLB_000_y1.0.3,AMBER,v4_amber_MLLB_000_y103_0922_1155,3.4,3.408,100,60,36,kaba,True,,34.0,28.0,968.0,1002.0,1.044,243.864,233.583,0.7743,True,,True,,935.0,2.5,9.5
2026-09-22 15:10:21,MLLB_000_y1.0.3,AMBER,v4_amber_MLLB_000_y103_0922_1155,3.4,3.408,100,60,40,kaba,True,,34.0,28.0,968.0,1002.0,1.045,243.864,233.436,0.7738,True,,True,,935.0,2.5,9.5
2026-09-22 15:10:37,MLLB_000_y1.0.3,AMBER,v4_amber_MLLB_000_y103_0922_1155,3.4,3.408,100,60,44,kaba,True,,34.0,28.0,968.0,1002.0,1.041,243.093,233.573,0.7744,True,,True,,935.0,2.5,9.5
2026-09-22 15:10:53,MLLB_000_y1.0.3,AMBER,v4_amber_MLLB_000_y103_0922_1155,3.4,3.408,100,60,48,kaba,True,,34.0,28.0,968.0,1002.0,1.043,243.479,233.417,0.774,True,,True,,935.0,2.5,9.5
2026-09-22 15:11:09,MLLB_000_y1.0.3,AMBER,v4_amber_MLLB_000_y103_0922_1155,3.4,3.408,100,60,50,kaba,True,,34.0,28.0,968.0,1002.0,1.044,243.864,233.63,0.7741,True,,True,,935.0,2.5,9.5
2026-09-22 15:11:09,MLLB_000_y1.0.3,AMBER,v4_amber_MLLB_000_y103_0922_1155,3.4,3.408,100,60,13,ince,False,iki-OK-arasi-monotonluk,,,,,,,,,,,True,,935.0,2.5,9.5
2026-09-22 15:11:09,MLLB_000_y1.0.3,AMBER,v4_amber_MLLB_000_y103_0922_1155,3.4,3.408,100,60,14,ince,False,iki-OK-arasi-monotonluk,,,,,,,,,,,True,,935.0,2.5,9.5
2026-09-22 15:11:09,MLLB_000_y1.0.3,AMBER,v4_amber_MLLB_000_y103_0922_1155,3.4,3.408,100,60,15,ince,False,iki-OK-arasi-monotonluk,,,,,,,,,,,True,,935.0,2.5,9.5
2026-09-22 15:11:09,MLLB_000_y1.0.3,AMBER,v4_amber_MLLB_000_y103_0922_1155,3.4,3.408,100,60,17,ince,False,iki-OK-arasi-monotonluk,,,,,,,,,,,True,,935.0,2.5,9.5
2026-09-22 15:11:09,MLLB_000_y1.0.3,AMBER,v4_amber_MLLB_000_y103_0922_1155,3.4,3.408,100,60,18,ince,False,iki-OK-arasi-monotonluk,,,,,,,,,,,True,,935.0,2.5,9.5
2026-09-22 15:11:09,MLLB_000_y1.0.3,AMBER,v4_amber_MLLB_000_y103_0922_1155,3.4,3.408,100,60,19,ince,False,iki-OK-arasi-monotonluk,,,,,,,,,,,True,,935.0,2.5,9.5
2026-09-22 15:11:09,MLLB_000_y1.0.3,AMBER,v4_amber_MLLB_000_y103_0922_1155,3.4,3.408,100,60,21,ince,False,iki-OK-arasi-monotonluk,,,,,,,,,,,True,,935.0,2.5,9.5
2026-09-22 15:11:09,MLLB_000_y1.0.3,AMBER,v4_amber_MLLB_000_y103_0922_1155,3.4,3.408,100,60,22,ince,False,iki-OK-arasi-monotonluk,,,,,,,,,,,True,,935.0,2.5,9.5
2026-09-22 15:11:09,MLLB_000_y1.0.3,AMBER,v4_amber_MLLB_000_y103_0922_1155,3.4,3.408,100,60,23,ince,False,iki-OK-arasi-monotonluk,,,,,,,,,,,True,,935.0,2.5,9.5
2026-09-22 15:11:09,MLLB_000_y1.0.3,AMBER,v4_amber_MLLB_000_y103_0922_1155,3.4,3.408,100,60,25,ince,False,iki-OK-arasi-monotonluk,,,,,,,,,,,True,,935.0,2.5,9.5
2026-09-22 15:11:09,MLLB_000_y1.0.3,AMBER,v4_amber_MLLB_000_y103_0922_1155,3.4,3.408,100,60,26,ince,False,iki-OK-arasi-monotonluk,,,,,,,,,,,True,,935.0,2.5,9.5
2026-09-22 15:11:09,MLLB_000_y1.0.3,AMBER,v4_amber_MLLB_000_y103_0922_1155,3.4,3.408,100,60,27,ince,False,iki-OK-arasi-monotonluk,,,,,,,,,,,True,,935.0,2.5,9.5
2026-09-22 15:11:09,MLLB_000_y1.0.3,AMBER,v4_amber_MLLB_000_y103_0922_1155,3.4,3.408,100,60,29,ince,False,iki-OK-arasi-monotonluk,,,,,,,,,,,True,,935.0,2.5,9.5
2026-09-22 15:11:09,MLLB_000_y1.0.3,AMBER,v4_amber_MLLB_000_y103_0922_1155,3.4,3.408,100,60,30,ince,False,iki-OK-arasi-monotonluk,,,,,,,,,,,True,,935.0,2.5,9.5
2026-09-22 15:11:09,MLLB_000_y1.0.3,AMBER,v4_amber_MLLB_000_y103_0922_1155,3.4,3.408,100,60,31,ince,False,iki-OK-arasi-monotonluk,,,,,,,,,,,True,,935.0,2.5,9.5
2026-09-22 15:11:09,MLLB_000_y1.0.3,AMBER,v4_amber_MLLB_000_y103_0922_1155,3.4,3.408,100,60,33,ince,False,iki-OK-arasi-monotonluk,,,,,,,,,,,True,,935.0,2.5,9.5
2026-09-22 15:11:09,MLLB_000_y1.0.3,AMBER,v4_amber_MLLB_000_y103_0922_1155,3.4,3.408,100,60,34,ince,False,iki-OK-arasi-monotonluk,,,,,,,,,,,True,,935.0,2.5,9.5
2026-09-22 15:11:09,MLLB_000_y1.0.3,AMBER,v4_amber_MLLB_000_y103_0922_1155,3.4,3.408,100,60,35,ince,False,iki-OK-arasi-monotonluk,,,,,,,,,,,True,,935.0,2.5,9.5
2026-09-22 15:11:09,MLLB_000_y1.0.3,AMBER,v4_amber_MLLB_000_y103_0922_1155,3.4,3.408,100,60,37,ince,False,iki-OK-arasi-monotonluk,,,,,,,,,,,True,,935.0,2.5,9.5
2026-09-22 15:11:09,MLLB_000_y1.0.3,AMBER,v4_amber_MLLB_000_y103_0922_1155,3.4,3.408,100,60,38,ince,False,iki-OK-arasi-monotonluk,,,,,,,,,,,True,,935.0,2.5,9.5
2026-09-22 15:11:09,MLLB_000_y1.0.3,AMBER,v4_amber_MLLB_000_y103_0922_1155,3.4,3.408,100,60,39,ince,False,iki-OK-arasi-monotonluk,,,,,,,,,,,True,,935.0,2.5,9.5
2026-09-22 15:11:09,MLLB_000_y1.0.3,AMBER,v4_amber_MLLB_000_y103_0922_1155,3.4,3.408,100,60,41,ince,False,iki-OK-arasi-monotonluk,,,,,,,,,,,True,,935.0,2.5,9.5
2026-09-22 15:11:09,MLLB_000_y1.0.3,AMBER,v4_amber_MLLB_000_y103_0922_1155,3.4,3.408,100,60,42,ince,False,iki-OK-arasi-monotonluk,,,,,,,,,,,True,,935.0,2.5,9.5
2026-09-22 15:11:09,MLLB_000_y1.0.3,AMBER,v4_amber_MLLB_000_y103_0922_1155,3.4,3.408,100,60,43,ince,False,iki-OK-arasi-monotonluk,,,,,,,,,,,True,,935.0,2.5,9.5
2026-09-22 15:11:09,MLLB_000_y1.0.3,AMBER,v4_amber_MLLB_000_y103_0922_1155,3.4,3.408,100,60,45,ince,False,iki-OK-arasi-monotonluk,,,,,,,,,,,True,,935.0,2.5,9.5
2026-09-22 15:11:09,MLLB_000_y1.0.3,AMBER,v4_amber_MLLB_000_y103_0922_1155,3.4,3.408,100,60,46,ince,False,iki-OK-arasi-monotonluk,,,,,,,,,,,True,,935.0,2.5,9.5
2026-09-22 15:11:09,MLLB_000_y1.0.3,AMBER,v4_amber_MLLB_000_y103_0922_1155,3.4,3.408,100,60,47,ince,False,iki-OK-arasi-monotonluk,,,,,,,,,,,True,,935.0,2.5,9.5
2026-09-22 15:11:09,MLLB_000_y1.0.3,AMBER,v4_amber_MLLB_000_y103_0922_1155,3.4,3.408,100,60,49,ince,False,iki-OK-arasi-monotonluk,,,,,,,,,,,True,,935.0,2.5,9.5
2026-09-22 15:11:09,MLLB_000_y1.0.3,AMBER,v4_amber_MLLB_000_y103_0922_1155,3.4,3.408,100,60,,bitti,False,,,,,,,,,,,,,,935.0,2.5,9.5
2026-09-22 15:11:39,MLLB_000_y1.0.3,AMBER,v4_amber_MLLB_000_y103_0922_1155,3.2,3.208,6,100,12,kaba,True,,324.0,38.0,678.0,1002.0,1.014,10.005,9.872,0.7743,True,,False,ON,935.0,2.5,9.5
2026-09-22 15:11:55,MLLB_000_y1.0.3,AMBER,v4_amber_MLLB_000_y103_0922_1155,3.2,3.208,6,100,16,kaba,True,,240.0,38.0,762.0,1002.0,1.014,10.006,9.871,0.7738,True,,False,ON,935.0,2.5,9.5
2026-09-22 15:12:11,MLLB_000_y1.0.3,AMBER,v4_amber_MLLB_000_y103_0922_1155,3.2,3.208,6,100,20,kaba,True,,156.0,36.0,846.0,1002.0,1.012,10.005,9.891,0.7742,True,,False,ON,935.0,2.5,9.5
2026-09-22 15:12:27,MLLB_000_y1.0.3,AMBER,v4_amber_MLLB_000_y103_0922_1155,3.2,3.208,6,100,24,kaba,True,,70.0,40.0,932.0,1002.0,0.999,9.891,9.898,0.7741,True,,False,ON,935.0,2.5,9.5
2026-09-22 15:12:43,MLLB_000_y1.0.3,AMBER,v4_amber_MLLB_000_y103_0922_1155,3.2,3.208,6,100,28,kaba,True,,34.0,28.0,968.0,1002.0,2.035,20.196,9.922,0.7739,True,,True,,935.0,2.5,9.5
2026-09-22 15:12:59,MLLB_000_y1.0.3,AMBER,v4_amber_MLLB_000_y103_0922_1155,3.2,3.208,6,100,32,kaba,True,,34.0,28.0,968.0,1002.0,15.978,158.534,9.922,0.7741,True,,False,FLAS,935.0,2.5,9.5
2026-09-22 15:13:15,MLLB_000_y1.0.3,AMBER,v4_amber_MLLB_000_y103_0922_1155,3.2,3.208,6,100,25,ince,True,,46.0,40.0,956.0,1002.0,1.016,10.08,9.923,0.774,True,,True,,935.0,2.5,9.5
2026-09-22 15:13:31,MLLB_000_y1.0.3,AMBER,v4_amber_MLLB_000_y103_0922_1155,3.2,3.208,6,100,26,ince,True,,34.0,28.0,968.0,1002.0,1.014,10.051,9.914,0.774,True,,True,,935.0,2.5,9.5
2026-09-22 15:13:47,MLLB_000_y1.0.3,AMBER,v4_amber_MLLB_000_y103_0922_1155,3.2,3.208,6,100,27,ince,True,,34.0,28.0,968.0,1002.0,1.451,14.391,9.916,0.7744,True,,True,,935.0,2.5,9.5
2026-09-22 15:14:03,MLLB_000_y1.0.3,AMBER,v4_amber_MLLB_000_y103_0922_1155,3.2,3.208,6,100,29,ince,True,,34.0,28.0,968.0,1002.0,5.132,50.975,9.933,0.7738,True,,False,FLAS,935.0,2.5,9.5
2026-09-22 15:14:19,MLLB_000_y1.0.3,AMBER,v4_amber_MLLB_000_y103_0922_1155,3.2,3.208,6,100,30,ince,True,,34.0,28.0,968.0,1002.0,10.848,107.46,9.906,0.7733,True,,False,FLAS,935.0,2.5,9.5
2026-09-22 15:14:35,MLLB_000_y1.0.3,AMBER,v4_amber_MLLB_000_y103_0922_1155,3.2,3.208,6,100,31,ince,True,,34.0,28.0,968.0,1002.0,14.508,143.735,9.907,0.7735,True,,False,FLAS,935.0,2.5,9.5
2026-09-22 15:14:36,MLLB_000_y1.0.3,AMBER,v4_amber_MLLB_000_y103_0922_1155,3.2,3.208,6,100,,bitti,False,,,,,,,,,,,,,,935.0,2.5,9.5
2026-09-22 15:14:51,MLLB_000_y1.0.3,AMBER,v4_amber_MLLB_000_y103_0922_1155,3.2,3.208,6,80,12,kaba,True,,368.0,36.0,634.0,1002.0,1.02,10.006,9.813,0.7744,True,,False,ON,935.0,2.5,9.5
2026-09-22 15:15:07,MLLB_000_y1.0.3,AMBER,v4_amber_MLLB_000_y103_0922_1155,3.2,3.208,6,80,16,kaba,True,,298.0,40.0,704.0,1002.0,1.014,9.983,9.843,0.7741,True,,False,ON,935.0,2.5,9.5
2026-09-22 15:15:23,MLLB_000_y1.0.3,AMBER,v4_amber_MLLB_000_y103_0922_1155,3.2,3.208,6,80,20,kaba,True,,230.0,40.0,772.0,1002.0,1.015,10.005,9.861,0.7734,True,,False,ON,935.0,2.5,9.5
2026-09-22 15:15:39,MLLB_000_y1.0.3,AMBER,v4_amber_MLLB_000_y103_0922_1155,3.2,3.208,6,80,24,kaba,True,,162.0,36.0,840.0,1002.0,1.015,10.051,9.907,0.7737,True,,False,ON,935.0,2.5,9.5
2026-09-22 15:15:55,MLLB_000_y1.0.3,AMBER,v4_amber_MLLB_000_y103_0922_1155,3.2,3.208,6,80,28,kaba,True,,92.0,36.0,910.0,1002.0,0.999,9.891,9.904,0.7734,True,,False,ON,935.0,2.5,9.5
2026-09-22 15:16:11,MLLB_000_y1.0.3,AMBER,v4_amber_MLLB_000_y103_0922_1155,3.2,3.208,6,80,32,kaba,True,,38.0,28.0,964.0,1002.0,1.098,10.874,9.906,0.7743,True,,True,,935.0,2.5,9.5
2026-09-22 15:16:27,MLLB_000_y1.0.3,AMBER,v4_amber_MLLB_000_y103_0922_1155,3.2,3.208,6,80,36,kaba,True,,38.0,28.0,964.0,1002.0,9.141,90.534,9.904,0.7739,True,,False,FLAS,935.0,2.5,9.5
2026-09-22 15:16:43,MLLB_000_y1.0.3,AMBER,v4_amber_MLLB_000_y103_0922_1155,3.2,3.208,6,80,29,ince,True,,74.0,40.0,928.0,1002.0,0.996,9.869,9.91,0.7739,True,,False,ON,935.0,2.5,9.5
2026-09-22 15:16:59,MLLB_000_y1.0.3,AMBER,v4_amber_MLLB_000_y103_0922_1155,3.2,3.208,6,80,30,ince,True,,56.0,40.0,946.0,1002.0,1.009,10.005,9.917,0.7747,True,,True,,935.0,2.5,9.5
2026-09-22 15:17:15,MLLB_000_y1.0.3,AMBER,v4_amber_MLLB_000_y103_0922_1155,3.2,3.208,6,80,31,ince,True,,38.0,28.0,964.0,1002.0,1.014,10.051,9.916,0.774,True,,True,,935.0,2.5,9.5
2026-09-22 15:17:31,MLLB_000_y1.0.3,AMBER,v4_amber_MLLB_000_y103_0922_1155,3.2,3.208,6,80,33,ince,True,,38.0,28.0,964.0,1002.0,1.615,16.009,9.915,0.7735,True,,True,,935.0,2.5,9.5
2026-09-22 15:17:47,MLLB_000_y1.0.3,AMBER,v4_amber_MLLB_000_y103_0922_1155,3.2,3.208,6,80,34,ince,True,,38.0,28.0,964.0,1002.0,2.106,20.846,9.899,0.7735,True,,True,,935.0,2.5,9.5
2026-09-22 15:18:03,MLLB_000_y1.0.3,AMBER,v4_amber_MLLB_000_y103_0922_1155,3.2,3.208,6,80,35,ince,True,,38.0,28.0,964.0,1002.0,4.871,48.331,9.921,0.7732,True,,False,FLAS,935.0,2.5,9.5
2026-09-22 15:18:03,MLLB_000_y1.0.3,AMBER,v4_amber_MLLB_000_y103_0922_1155,3.2,3.208,6,80,,bitti,False,,,,,,,,,,,,,,935.0,2.5,9.5
2026-09-22 15:18:19,MLLB_000_y1.0.3,AMBER,v4_amber_MLLB_000_y103_0922_1155,3.2,3.208,6,60,12,kaba,True,,410.0,40.0,592.0,1002.0,1.027,10.097,9.828,0.7735,True,,False,ON,935.0,2.5,9.5
2026-09-22 15:18:35,MLLB_000_y1.0.3,AMBER,v4_amber_MLLB_000_y103_0922_1155,3.2,3.208,6,60,16,kaba,True,,362.0,40.0,640.0,1002.0,1.024,10.051,9.814,0.7736,True,,False,ON,935.0,2.5,9.5
2026-09-22 15:18:51,MLLB_000_y1.0.3,AMBER,v4_amber_MLLB_000_y103_0922_1155,3.2,3.208,6,60,20,kaba,True,,314.0,36.0,688.0,1002.0,1.034,10.173,9.84,0.7736,True,,False,ON,935.0,2.5,9.5
2026-09-22 15:19:07,MLLB_000_y1.0.3,AMBER,v4_amber_MLLB_000_y103_0922_1155,3.2,3.208,6,60,24,kaba,True,,264.0,40.0,738.0,1002.0,1.015,10.028,9.877,0.7735,True,,False,ON,935.0,2.5,9.5
2026-09-22 15:19:23,MLLB_000_y1.0.3,AMBER,v4_amber_MLLB_000_y103_0922_1155,3.2,3.208,6,60,28,kaba,True,,214.0,36.0,788.0,1002.0,1.014,10.006,9.869,0.7743,True,,False,ON,935.0,2.5,9.5
2026-09-22 15:19:39,MLLB_000_y1.0.3,AMBER,v4_amber_MLLB_000_y103_0922_1155,3.2,3.208,6,60,32,kaba,True,,162.0,40.0,840.0,1002.0,1.002,9.914,9.891,0.7734,True,,False,ON,935.0,2.5,9.5
2026-09-22 15:19:55,MLLB_000_y1.0.3,AMBER,v4_amber_MLLB_000_y103_0922_1155,3.2,3.208,6,60,36,kaba,True,,110.0,40.0,892.0,1002.0,1.006,9.96,9.898,0.7736,True,,False,ON,935.0,2.5,9.5
2026-09-22 15:20:11,MLLB_000_y1.0.3,AMBER,v4_amber_MLLB_000_y103_0922_1155,3.2,3.208,6,60,40,kaba,True,,58.0,40.0,944.0,1002.0,1.017,10.074,9.904,0.7742,True,,True,,935.0,2.5,9.5
2026-09-22 15:20:27,MLLB_000_y1.0.3,AMBER,v4_amber_MLLB_000_y103_0922_1155,3.2,3.208,6,60,44,kaba,True,,50.0,28.0,952.0,1002.0,1.727,17.119,9.915,0.7743,True,,True,,935.0,2.5,9.5
2026-09-22 15:20:43,MLLB_000_y1.0.3,AMBER,v4_amber_MLLB_000_y103_0922_1155,3.2,3.208,6,60,48,kaba,True,,50.0,28.0,952.0,1002.0,9.084,90.157,9.924,0.7742,True,,False,FLAS,935.0,2.5,9.5
2026-09-22 15:20:59,MLLB_000_y1.0.3,AMBER,v4_amber_MLLB_000_y103_0922_1155,3.2,3.208,6,60,37,ince,True,,98.0,40.0,904.0,1002.0,1.006,9.952,9.894,0.7733,True,,False,ON,935.0,2.5,9.5
2026-09-22 15:21:15,MLLB_000_y1.0.3,AMBER,v4_amber_MLLB_000_y103_0922_1155,3.2,3.208,6,60,38,ince,True,,84.0,36.0,918.0,1002.0,0.996,9.869,9.906,0.7742,True,,False,ON,935.0,2.5,9.5
2026-09-22 15:21:31,MLLB_000_y1.0.3,AMBER,v4_amber_MLLB_000_y103_0922_1155,3.2,3.208,6,60,39,ince,True,,72.0,40.0,930.0,1002.0,0.997,9.891,9.918,0.7742,True,,False,ON,935.0,2.5,9.5
2026-09-22 15:21:32,MLLB_000_y1.0.3,AMBER,v4_amber_MLLB_000_y103_0922_1155,3.2,3.208,6,60,41,ince,False,iki-OK-arasi-monotonluk,,,,,,,,,,,True,,935.0,2.5,9.5
2026-09-22 15:21:32,MLLB_000_y1.0.3,AMBER,v4_amber_MLLB_000_y103_0922_1155,3.2,3.208,6,60,42,ince,False,iki-OK-arasi-monotonluk,,,,,,,,,,,True,,935.0,2.5,9.5
2026-09-22 15:21:32,MLLB_000_y1.0.3,AMBER,v4_amber_MLLB_000_y103_0922_1155,3.2,3.208,6,60,43,ince,False,iki-OK-arasi-monotonluk,,,,,,,,,,,True,,935.0,2.5,9.5
2026-09-22 15:21:47,MLLB_000_y1.0.3,AMBER,v4_amber_MLLB_000_y103_0922_1155,3.2,3.208,6,60,45,ince,True,,50.0,28.0,952.0,1002.0,2.138,21.184,9.909,0.7737,True,,True,,935.0,2.5,9.5
2026-09-22 15:22:03,MLLB_000_y1.0.3,AMBER,v4_amber_MLLB_000_y103_0922_1155,3.2,3.208,6,60,46,ince,True,,50.0,28.0,952.0,1002.0,3.389,33.61,9.916,0.7741,True,,False,FLAS,935.0,2.5,9.5
2026-09-22 15:22:19,MLLB_000_y1.0.3,AMBER,v4_amber_MLLB_000_y103_0922_1155,3.2,3.208,6,60,47,ince,True,,50.0,28.0,952.0,1002.0,6.163,61.074,9.91,0.7732,True,,False,FLAS,935.0,2.5,9.5
2026-09-22 15:22:19,MLLB_000_y1.0.3,AMBER,v4_amber_MLLB_000_y103_0922_1155,3.2,3.208,6,60,,bitti,False,,,,,,,,,,,,,,935.0,2.5,9.5
2026-09-22 15:22:41,MLLB_000_y1.0.3,AMBER,v4_amber_MLLB_000_y103_0922_1155,3.2,3.208,7,100,12,kaba,True,,268.0,36.0,734.0,1002.0,1.008,12.255,12.159,0.7737,True,,False,ON,935.0,2.5,9.5
2026-09-22 15:22:57,MLLB_000_y1.0.3,AMBER,v4_amber_MLLB_000_y103_0922_1155,3.2,3.208,7,100,16,kaba,True,,200.0,36.0,802.0,1002.0,1.011,12.301,12.173,0.7744,True,,False,ON,935.0,2.5,9.5
2026-09-22 15:23:13,MLLB_000_y1.0.3,AMBER,v4_amber_MLLB_000_y103_0922_1155,3.2,3.208,7,100,20,kaba,True,,132.0,36.0,870.0,1002.0,1.004,12.255,12.211,0.7735,True,,False,ON,935.0,2.5,9.5
2026-09-22 15:23:29,MLLB_000_y1.0.3,AMBER,v4_amber_MLLB_000_y103_0922_1155,3.2,3.208,7,100,24,kaba,True,,64.0,36.0,938.0,1002.0,0.994,12.163,12.234,0.7734,True,,True,,935.0,2.5,9.5
2026-09-22 15:23:45,MLLB_000_y1.0.3,AMBER,v4_amber_MLLB_000_y103_0922_1155,3.2,3.208,7,100,28,kaba,True,,34.0,28.0,968.0,1002.0,1.617,19.788,12.241,0.7737,True,,True,,935.0,2.5,9.5
2026-09-22 15:24:01,MLLB_000_y1.0.3,AMBER,v4_amber_MLLB_000_y103_0922_1155,3.2,3.208,7,100,32,kaba,True,,34.0,28.0,968.0,1002.0,13.052,159.674,12.234,0.7742,True,,False,FLAS,935.0,2.5,9.5
2026-09-22 15:24:17,MLLB_000_y1.0.3,AMBER,v4_amber_MLLB_000_y103_0922_1155,3.2,3.208,7,100,21,ince,True,,116.0,36.0,886.0,1002.0,1.008,12.301,12.199,0.7744,True,,False,ON,935.0,2.5,9.5
2026-09-22 15:24:33,MLLB_000_y1.0.3,AMBER,v4_amber_MLLB_000_y103_0922_1155,3.2,3.208,7,100,22,ince,True,,100.0,36.0,902.0,1002.0,1.003,12.255,12.222,0.774,True,,False,ON,935.0,2.5,9.5
2026-09-22 15:24:49,MLLB_000_y1.0.3,AMBER,v4_amber_MLLB_000_y103_0922_1155,3.2,3.208,7,100,23,ince,True,,80.0,36.0,922.0,1002.0,0.999,12.209,12.224,0.7735,True,,False,ON,935.0,2.5,9.5
2026-09-22 15:24:49,MLLB_000_y1.0.3,AMBER,v4_amber_MLLB_000_y103_0922_1155,3.2,3.208,7,100,25,ince,False,iki-OK-arasi-monotonluk,,,,,,,,,,,True,,935.0,2.5,9.5
2026-09-22 15:24:49,MLLB_000_y1.0.3,AMBER,v4_amber_MLLB_000_y103_0922_1155,3.2,3.208,7,100,26,ince,False,iki-OK-arasi-monotonluk,,,,,,,,,,,True,,935.0,2.5,9.5
2026-09-22 15:24:49,MLLB_000_y1.0.3,AMBER,v4_amber_MLLB_000_y103_0922_1155,3.2,3.208,7,100,27,ince,False,iki-OK-arasi-monotonluk,,,,,,,,,,,True,,935.0,2.5,9.5
2026-09-22 15:25:05,MLLB_000_y1.0.3,AMBER,v4_amber_MLLB_000_y103_0922_1155,3.2,3.208,7,100,29,ince,True,,34.0,28.0,968.0,1002.0,4.095,50.045,12.222,0.7739,True,,False,FLAS,935.0,2.5,9.5
2026-09-22 15:25:21,MLLB_000_y1.0.3,AMBER,v4_amber_MLLB_000_y103_0922_1155,3.2,3.208,7,100,30,ince,True,,34.0,28.0,968.0,1002.0,8.682,106.331,12.247,0.7742,True,,False,FLAS,935.0,2.5,9.5
2026-09-22 15:25:37,MLLB_000_y1.0.3,AMBER,v4_amber_MLLB_000_y103_0922_1155,3.2,3.208,7,100,31,ince,True,,34.0,28.0,968.0,1002.0,11.699,142.977,12.222,0.7741,True,,False,FLAS,935.0,2.5,9.5
2026-09-22 15:25:37,MLLB_000_y1.0.3,AMBER,v4_amber_MLLB_000_y103_0922_1155,3.2,3.208,7,100,,bitti,False,,,,,,,,,,,,,,935.0,2.5,9.5
2026-09-22 15:25:53,MLLB_000_y1.0.3,AMBER,v4_amber_MLLB_000_y103_0922_1155,3.2,3.208,7,80,12,kaba,True,,302.0,32.0,700.0,1002.0,1.012,12.278,12.138,0.7737,True,,False,ON,935.0,2.5,9.5
2026-09-22 15:26:09,MLLB_000_y1.0.3,AMBER,v4_amber_MLLB_000_y103_0922_1155,3.2,3.208,7,80,16,kaba,True,,248.0,36.0,754.0,1002.0,1.008,12.255,12.16,0.7741,True,,False,ON,935.0,2.5,9.5
2026-09-22 15:26:25,MLLB_000_y1.0.3,AMBER,v4_amber_MLLB_000_y103_0922_1155,3.2,3.208,7,80,20,kaba,True,,192.0,36.0,810.0,1002.0,1.006,12.255,12.176,0.7739,True,,False,ON,935.0,2.5,9.5
2026-09-22 15:26:41,MLLB_000_y1.0.3,AMBER,v4_amber_MLLB_000_y103_0922_1155,3.2,3.208,7,80,24,kaba,True,,138.0,36.0,864.0,1002.0,1.0,12.209,12.207,0.7742,True,,False,ON,935.0,2.5,9.5
2026-09-22 15:26:57,MLLB_000_y1.0.3,AMBER,v4_amber_MLLB_000_y103_0922_1155,3.2,3.208,7,80,28,kaba,True,,82.0,36.0,920.0,1002.0,0.999,12.209,12.227,0.7735,True,,False,ON,935.0,2.5,9.5
2026-09-22 15:27:13,MLLB_000_y1.0.3,AMBER,v4_amber_MLLB_000_y103_0922_1155,3.2,3.208,7,80,32,kaba,True,,38.0,28.0,964.0,1002.0,1.016,12.44,12.24,0.7737,True,,True,,935.0,2.5,9.5
2026-09-22 15:27:29,MLLB_000_y1.0.3,AMBER,v4_amber_MLLB_000_y103_0922_1155,3.2,3.208,7,80,36,kaba,True,,38.0,28.0,964.0,1002.0,7.207,88.281,12.25,0.7733,True,,False,FLAS,935.0,2.5,9.5
2026-09-22 15:27:45,MLLB_000_y1.0.3,AMBER,v4_amber_MLLB_000_y103_0922_1155,3.2,3.208,7,80,29,ince,True,,68.0,36.0,934.0,1002.0,0.987,12.07,12.233,0.7741,True,,False,ON,935.0,2.5,9.5
2026-09-22 15:28:01,MLLB_000_y1.0.3,AMBER,v4_amber_MLLB_000_y103_0922_1155,3.2,3.208,7,80,30,ince,True,,52.0,36.0,950.0,1002.0,1.003,12.255,12.215,0.774,True,,True,,935.0,2.5,9.5
2026-09-22 15:28:17,MLLB_000_y1.0.3,AMBER,v4_amber_MLLB_000_y103_0922_1155,3.2,3.208,7,80,31,ince,True,,38.0,32.0,964.0,1002.0,1.003,12.278,12.238,0.7743,True,,True,,935.0,2.5,9.5
2026-09-22 15:28:33,MLLB_000_y1.0.3,AMBER,v4_amber_MLLB_000_y103_0922_1155,3.2,3.208,7,80,33,ince,True,,38.0,28.0,964.0,1002.0,1.295,15.821,12.219,0.774,True,,True,,935.0,2.5,9.5
2026-09-22 15:28:49,MLLB_000_y1.0.3,AMBER,v4_amber_MLLB_000_y103_0922_1155,3.2,3.208,7,80,34,ince,True,,38.0,28.0,964.0,1002.0,1.679,20.557,12.244,0.7736,True,,True,,935.0,2.5,9.5
2026-09-22 15:29:05,MLLB_000_y1.0.3,AMBER,v4_amber_MLLB_000_y103_0922_1155,3.2,3.208,7,80,35,ince,True,,38.0,28.0,964.0,1002.0,3.461,42.333,12.231,0.7747,True,,False,FLAS,935.0,2.5,9.5
2026-09-22 15:29:05,MLLB_000_y1.0.3,AMBER,v4_amber_MLLB_000_y103_0922_1155,3.2,3.208,7,80,,bitti,False,,,,,,,,,,,,,,935.0,2.5,9.5
2026-09-22 15:29:21,MLLB_000_y1.0.3,AMBER,v4_amber_MLLB_000_y103_0922_1155,3.2,3.208,7,60,12,kaba,True,,338.0,34.0,664.0,1002.0,1.013,12.301,12.14,0.7745,True,,False,ON,935.0,2.5,9.5
2026-09-22 15:29:37,MLLB_000_y1.0.3,AMBER,v4_amber_MLLB_000_y103_0922_1155,3.2,3.208,7,60,16,kaba,True,,300.0,36.0,702.0,1002.0,1.012,12.278,12.135,0.7741,True,,False,ON,935.0,2.5,9.5
2026-09-22 15:29:53,MLLB_000_y1.0.3,AMBER,v4_amber_MLLB_000_y103_0922_1155,3.2,3.208,7,60,20,kaba,True,,260.0,36.0,742.0,1002.0,1.012,12.301,12.16,0.7738,True,,False,ON,935.0,2.5,9.5
2026-09-22 15:30:09,MLLB_000_y1.0.3,AMBER,v4_amber_MLLB_000_y103_0922_1155,3.2,3.208,7,60,24,kaba,True,,220.0,36.0,782.0,1002.0,1.006,12.255,12.186,0.7743,True,,False,ON,935.0,2.5,9.5
2026-09-22 15:30:25,MLLB_000_y1.0.3,AMBER,v4_amber_MLLB_000_y103_0922_1155,3.2,3.208,7,60,28,kaba,True,,180.0,36.0,822.0,1002.0,1.01,12.301,12.179,0.7741,True,,False,ON,935.0,2.5,9.5
2026-09-22 15:30:41,MLLB_000_y1.0.3,AMBER,v4_amber_MLLB_000_y103_0922_1155,3.2,3.208,7,60,32,kaba,True,,140.0,36.0,862.0,1002.0,0.999,12.209,12.218,0.7742,True,,False,ON,935.0,2.5,9.5
2026-09-22 15:30:57,MLLB_000_y1.0.3,AMBER,v4_amber_MLLB_000_y103_0922_1155,3.2,3.208,7,60,36,kaba,True,,98.0,34.0,904.0,1002.0,1.004,12.255,12.206,0.774,True,,False,ON,935.0,2.5,9.5
2026-09-22 15:31:13,MLLB_000_y1.0.3,AMBER,v4_amber_MLLB_000_y103_0922_1155,3.2,3.208,7,60,40,kaba,True,,54.0,36.0,948.0,1002.0,1.006,12.278,12.207,0.7749,True,,True,,935.0,2.5,9.5
2026-09-22 15:31:29,MLLB_000_y1.0.3,AMBER,v4_amber_MLLB_000_y103_0922_1155,3.2,3.208,7,60,44,kaba,True,,50.0,28.0,952.0,1002.0,1.394,17.048,12.231,0.7742,True,,True,,935.0,2.5,9.5
2026-09-22 15:31:45,MLLB_000_y1.0.3,AMBER,v4_amber_MLLB_000_y103_0922_1155,3.2,3.208,7,60,48,kaba,True,,50.0,28.0,952.0,1002.0,7.199,87.906,12.211,0.7744,True,,False,FLAS,935.0,2.5,9.5
2026-09-22 15:32:01,MLLB_000_y1.0.3,AMBER,v4_amber_MLLB_000_y103_0922_1155,3.2,3.208,7,60,37,ince,True,,88.0,36.0,914.0,1002.0,0.99,12.116,12.234,0.7743,True,,False,ON,935.0,2.5,9.5
2026-09-22 15:32:17,MLLB_000_y1.0.3,AMBER,v4_amber_MLLB_000_y103_0922_1155,3.2,3.208,7,60,38,ince,True,,78.0,36.0,924.0,1002.0,1.002,12.255,12.225,0.7741,True,,False,ON,935.0,2.5,9.5
2026-09-22 15:32:33,MLLB_000_y1.0.3,AMBER,v4_amber_MLLB_000_y103_0922_1155,3.2,3.208,7,60,39,ince,True,,68.0,36.0,934.0,1002.0,0.991,12.116,12.226,0.7738,True,,False,ON,935.0,2.5,9.5
2026-09-22 15:32:33,MLLB_000_y1.0.3,AMBER,v4_amber_MLLB_000_y103_0922_1155,3.2,3.208,7,60,41,ince,False,iki-OK-arasi-monotonluk,,,,,,,,,,,True,,935.0,2.5,9.5
2026-09-22 15:32:33,MLLB_000_y1.0.3,AMBER,v4_amber_MLLB_000_y103_0922_1155,3.2,3.208,7,60,42,ince,False,iki-OK-arasi-monotonluk,,,,,,,,,,,True,,935.0,2.5,9.5
2026-09-22 15:32:33,MLLB_000_y1.0.3,AMBER,v4_amber_MLLB_000_y103_0922_1155,3.2,3.208,7,60,43,ince,False,iki-OK-arasi-monotonluk,,,,,,,,,,,True,,935.0,2.5,9.5
2026-09-22 15:32:49,MLLB_000_y1.0.3,AMBER,v4_amber_MLLB_000_y103_0922_1155,3.2,3.208,7,60,45,ince,True,,50.0,28.0,952.0,1002.0,1.708,20.87,12.221,0.7739,True,,True,,935.0,2.5,9.5
2026-09-22 15:33:05,MLLB_000_y1.0.3,AMBER,v4_amber_MLLB_000_y103_0922_1155,3.2,3.208,7,60,46,ince,True,,50.0,28.0,952.0,1002.0,2.528,30.942,12.24,0.7735,True,,False,FLAS,935.0,2.5,9.5
2026-09-22 15:33:21,MLLB_000_y1.0.3,AMBER,v4_amber_MLLB_000_y103_0922_1155,3.2,3.208,7,60,47,ince,True,,50.0,28.0,952.0,1002.0,4.885,59.77,12.235,0.7739,True,,False,FLAS,935.0,2.5,9.5
2026-09-22 15:33:22,MLLB_000_y1.0.3,AMBER,v4_amber_MLLB_000_y103_0922_1155,3.2,3.208,7,60,,bitti,False,,,,,,,,,,,,,,935.0,2.5,9.5
2026-09-22 15:33:43,MLLB_000_y1.0.3,AMBER,v4_amber_MLLB_000_y103_0922_1155,3.2,3.208,8,100,12,kaba,True,,228.0,36.0,774.0,1002.0,0.998,14.555,14.589,0.7737,True,,False,ON,935.0,2.5,9.5
2026-09-22 15:33:59,MLLB_000_y1.0.3,AMBER,v4_amber_MLLB_000_y103_0922_1155,3.2,3.208,8,100,16,kaba,True,,172.0,36.0,830.0,1002.0,0.999,14.601,14.62,0.7743,True,,False,ON,935.0,2.5,9.5
2026-09-22 15:34:15,MLLB_000_y1.0.3,AMBER,v4_amber_MLLB_000_y103_0922_1155,3.2,3.208,8,100,20,kaba,True,,116.0,36.0,886.0,1002.0,0.998,14.602,14.629,0.7747,True,,False,ON,935.0,2.5,9.5
2026-09-22 15:34:31,MLLB_000_y1.0.3,AMBER,v4_amber_MLLB_000_y103_0922_1155,3.2,3.208,8,100,24,kaba,True,,58.0,32.0,944.0,1002.0,0.985,14.438,14.66,0.7738,True,,True,,935.0,2.5,9.5
2026-09-22 15:34:47,MLLB_000_y1.0.3,AMBER,v4_amber_MLLB_000_y103_0922_1155,3.2,3.208,8,100,28,kaba,True,,34.0,28.0,968.0,1002.0,1.306,19.117,14.635,0.7741,True,,True,,935.0,2.5,9.5
2026-09-22 15:35:03,MLLB_000_y1.0.3,AMBER,v4_amber_MLLB_000_y103_0922_1155,3.2,3.208,8,100,32,kaba,True,,34.0,28.0,968.0,1002.0,10.848,158.914,14.649,0.774,True,,False,FLAS,935.0,2.5,9.5
2026-09-22 15:35:19,MLLB_000_y1.0.3,AMBER,v4_amber_MLLB_000_y103_0922_1155,3.2,3.208,8,100,21,ince,True,,102.0,32.0,900.0,1002.0,0.989,14.485,14.648,0.7735,True,,False,ON,935.0,2.5,9.5
2026-09-22 15:35:35,MLLB_000_y1.0.3,AMBER,v4_amber_MLLB_000_y103_0922_1155,3.2,3.208,8,100,22,ince,True,,88.0,36.0,914.0,1002.0,0.992,14.531,14.649,0.7736,True,,False,ON,935.0,2.5,9.5
2026-09-22 15:35:51,MLLB_000_y1.0.3,AMBER,v4_amber_MLLB_000_y103_0922_1155,3.2,3.208,8,100,23,ince,True,,74.0,34.0,928.0,1002.0,0.992,14.531,14.641,0.7734,True,,False,ON,935.0,2.5,9.5
2026-09-22 15:35:51,MLLB_000_y1.0.3,AMBER,v4_amber_MLLB_000_y103_0922_1155,3.2,3.208,8,100,25,ince,False,iki-OK-arasi-monotonluk,,,,,,,,,,,True,,935.0,2.5,9.5
2026-09-22 15:35:51,MLLB_000_y1.0.3,AMBER,v4_amber_MLLB_000_y103_0922_1155,3.2,3.208,8,100,26,ince,False,iki-OK-arasi-monotonluk,,,,,,,,,,,True,,935.0,2.5,9.5
2026-09-22 15:35:51,MLLB_000_y1.0.3,AMBER,v4_amber_MLLB_000_y103_0922_1155,3.2,3.208,8,100,27,ince,False,iki-OK-arasi-monotonluk,,,,,,,,,,,True,,935.0,2.5,9.5
2026-09-22 15:36:07,MLLB_000_y1.0.3,AMBER,v4_amber_MLLB_000_y103_0922_1155,3.2,3.208,8,100,29,ince,True,,34.0,28.0,968.0,1002.0,3.35,49.064,14.647,0.7739,True,,False,FLAS,935.0,2.5,9.5
2026-09-22 15:36:23,MLLB_000_y1.0.3,AMBER,v4_amber_MLLB_000_y103_0922_1155,3.2,3.208,8,100,30,ince,True,,34.0,28.0,968.0,1002.0,7.154,104.824,14.653,0.7742,True,,False,FLAS,935.0,2.5,9.5
2026-09-22 15:36:39,MLLB_000_y1.0.3,AMBER,v4_amber_MLLB_000_y103_0922_1155,3.2,3.208,8,100,31,ince,True,,34.0,28.0,968.0,1002.0,9.815,143.734,14.645,0.7736,True,,False,FLAS,935.0,2.5,9.5
2026-09-22 15:36:39,MLLB_000_y1.0.3,AMBER,v4_amber_MLLB_000_y103_0922_1155,3.2,3.208,8,100,,bitti,False,,,,,,,,,,,,,,935.0,2.5,9.5
2026-09-22 15:36:55,MLLB_000_y1.0.3,AMBER,v4_amber_MLLB_000_y103_0922_1155,3.2,3.208,8,80,12,kaba,True,,256.0,36.0,746.0,1002.0,1.0,14.578,14.572,0.7734,True,,False,ON,935.0,2.5,9.5
2026-09-22 15:37:11,MLLB_000_y1.0.3,AMBER,v4_amber_MLLB_000_y103_0922_1155,3.2,3.208,8,80,16,kaba,True,,210.0,32.0,792.0,1002.0,1.003,14.625,14.583,0.7739,True,,False,ON,935.0,2.5,9.5
2026-09-22 15:37:27,MLLB_000_y1.0.3,AMBER,v4_amber_MLLB_000_y103_0922_1155,3.2,3.208,8,80,20,kaba,True,,166.0,34.0,836.0,1002.0,0.999,14.601,14.618,0.7742,True,,False,ON,935.0,2.5,9.5
2026-09-22 15:37:43,MLLB_000_y1.0.3,AMBER,v4_amber_MLLB_000_y103_0922_1155,3.2,3.208,8,80,24,kaba,True,,120.0,36.0,882.0,1002.0,0.993,14.531,14.63,0.7732,True,,False,ON,935.0,2.5,9.5
2026-09-22 15:37:59,MLLB_000_y1.0.3,AMBER,v4_amber_MLLB_000_y103_0922_1155,3.2,3.208,8,80,28,kaba,True,,74.0,32.0,928.0,1002.0,0.995,14.555,14.627,0.7739,True,,False,ON,935.0,2.5,9.5
2026-09-22 15:38:15,MLLB_000_y1.0.3,AMBER,v4_amber_MLLB_000_y103_0922_1155,3.2,3.208,8,80,32,kaba,True,,38.0,28.0,964.0,1002.0,1.012,14.812,14.631,0.7739,True,,True,,935.0,2.5,9.5
2026-09-22 15:38:31,MLLB_000_y1.0.3,AMBER,v4_amber_MLLB_000_y103_0922_1155,3.2,3.208,8,80,36,kaba,True,,38.0,28.0,964.0,1002.0,5.929,86.779,14.636,0.7734,True,,False,FLAS,935.0,2.5,9.5
2026-09-22 15:38:47,MLLB_000_y1.0.3,AMBER,v4_amber_MLLB_000_y103_0922_1155,3.2,3.208,8,80,29,ince,True,,62.0,32.0,940.0,1002.0,0.989,14.461,14.629,0.7736,True,,True,,935.0,2.5,9.5
2026-09-22 15:39:03,MLLB_000_y1.0.3,AMBER,v4_amber_MLLB_000_y103_0922_1155,3.2,3.208,8,80,30,ince,True,,50.0,32.0,952.0,1002.0,0.993,14.531,14.632,0.7739,True,,True,,935.0,2.5,9.5
2026-09-22 15:39:19,MLLB_000_y1.0.3,AMBER,v4_amber_MLLB_000_y103_0922_1155,3.2,3.208,8,80,31,ince,True,,38.0,32.0,964.0,1002.0,1.003,14.695,14.657,0.7735,True,,True,,935.0,2.5,9.5
2026-09-22 15:39:35,MLLB_000_y1.0.3,AMBER,v4_amber_MLLB_000_y103_0922_1155,3.2,3.208,8,80,33,ince,True,,38.0,28.0,964.0,1002.0,1.069,15.656,14.639,0.7737,True,,True,,935.0,2.5,9.5
2026-09-22 15:39:51,MLLB_000_y1.0.3,AMBER,v4_amber_MLLB_000_y103_0922_1155,3.2,3.208,8,80,34,ince,True,,38.0,28.0,964.0,1002.0,1.381,20.244,14.658,0.7736,True,,True,,935.0,2.5,9.5
2026-09-22 15:40:07,MLLB_000_y1.0.3,AMBER,v4_amber_MLLB_000_y103_0922_1155,3.2,3.208,8,80,35,ince,True,,38.0,28.0,964.0,1002.0,2.932,42.98,14.66,0.7738,True,,False,FLAS,935.0,2.5,9.5
2026-09-22 15:40:07,MLLB_000_y1.0.3,AMBER,v4_amber_MLLB_000_y103_0922_1155,3.2,3.208,8,80,,bitti,False,,,,,,,,,,,,,,935.0,2.5,9.5
2026-09-22 15:40:23,MLLB_000_y1.0.3,AMBER,v4_amber_MLLB_000_y103_0922_1155,3.2,3.208,8,60,12,kaba,True,,286.0,32.0,716.0,1002.0,1.005,14.625,14.554,0.7736,True,,False,ON,935.0,2.5,9.5
2026-09-22 15:40:39,MLLB_000_y1.0.3,AMBER,v4_amber_MLLB_000_y103_0922_1155,3.2,3.208,8,60,16,kaba,True,,256.0,32.0,746.0,1002.0,0.998,14.531,14.564,0.7743,True,,False,ON,935.0,2.5,9.5
2026-09-22 15:40:55,MLLB_000_y1.0.3,AMBER,v4_amber_MLLB_000_y103_0922_1155,3.2,3.208,8,60,20,kaba,True,,222.0,32.0,780.0,1002.0,1.004,14.625,14.564,0.7735,True,,False,ON,935.0,2.5,9.5
2026-09-22 15:41:11,MLLB_000_y1.0.3,AMBER,v4_amber_MLLB_000_y103_0922_1155,3.2,3.208,8,60,24,kaba,True,,188.0,36.0,814.0,1002.0,1.002,14.625,14.594,0.7735,True,,False,ON,935.0,2.5,9.5
2026-09-22 15:41:27,MLLB_000_y1.0.3,AMBER,v4_amber_MLLB_000_y103_0922_1155,3.2,3.208,8,60,28,kaba,True,,156.0,36.0,846.0,1002.0,1.0,14.602,14.603,0.7733,True,,False,ON,935.0,2.5,9.5
2026-09-22 15:41:43,MLLB_000_y1.0.3,AMBER,v4_amber_MLLB_000_y103_0922_1155,3.2,3.208,8,60,32,kaba,True,,122.0,32.0,880.0,1002.0,0.995,14.555,14.631,0.7731,True,,False,ON,935.0,2.5,9.5
2026-09-22 15:41:59,MLLB_000_y1.0.3,AMBER,v4_amber_MLLB_000_y103_0922_1155,3.2,3.208,8,60,36,kaba,True,,88.0,34.0,914.0,1002.0,0.994,14.531,14.62,0.7735,True,,False,ON,935.0,2.5,9.5
2026-09-22 15:42:15,MLLB_000_y1.0.3,AMBER,v4_amber_MLLB_000_y103_0922_1155,3.2,3.208,8,60,40,kaba,True,,56.0,32.0,946.0,1002.0,1.003,14.672,14.626,0.7735,True,,True,,935.0,2.5,9.5
2026-09-22 15:42:31,MLLB_000_y1.0.3,AMBER,v4_amber_MLLB_000_y103_0922_1155,3.2,3.208,8,60,44,kaba,True,,50.0,28.0,952.0,1002.0,1.163,17.0,14.621,0.7735,True,,True,,935.0,2.5,9.5
2026-09-22 15:42:47,MLLB_000_y1.0.3,AMBER,v4_amber_MLLB_000_y103_0922_1155,3.2,3.208,8,60,48,kaba,True,,50.0,28.0,952.0,1002.0,5.983,87.53,14.629,0.7734,True,,False,FLAS,935.0,2.5,9.5
2026-09-22 15:43:03,MLLB_000_y1.0.3,AMBER,v4_amber_MLLB_000_y103_0922_1155,3.2,3.208,8,60,37,ince,True,,80.0,36.0,922.0,1002.0,0.989,14.485,14.646,0.7731,True,,False,ON,935.0,2.5,9.5
2026-09-22 15:43:19,MLLB_000_y1.0.3,AMBER,v4_amber_MLLB_000_y103_0922_1155,3.2,3.208,8,60,38,ince,True,,72.0,36.0,930.0,1002.0,0.993,14.531,14.639,0.7742,True,,False,ON,935.0,2.5,9.5
2026-09-22 15:43:35,MLLB_000_y1.0.3,AMBER,v4_amber_MLLB_000_y103_0922_1155,3.2,3.208,8,60,39,ince,True,,64.0,32.0,938.0,1002.0,0.991,14.508,14.633,0.7731,True,,True,,935.0,2.5,9.5
2026-09-22 15:43:35,MLLB_000_y1.0.3,AMBER,v4_amber_MLLB_000_y103_0922_1155,3.2,3.208,8,60,41,ince,False,iki-OK-arasi-monotonluk,,,,,,,,,,,True,,935.0,2.5,9.5
2026-09-22 15:43:35,MLLB_000_y1.0.3,AMBER,v4_amber_MLLB_000_y103_0922_1155,3.2,3.208,8,60,42,ince,False,iki-OK-arasi-monotonluk,,,,,,,,,,,True,,935.0,2.5,9.5
2026-09-22 15:43:35,MLLB_000_y1.0.3,AMBER,v4_amber_MLLB_000_y103_0922_1155,3.2,3.208,8,60,43,ince,False,iki-OK-arasi-monotonluk,,,,,,,,,,,True,,935.0,2.5,9.5
2026-09-22 15:43:51,MLLB_000_y1.0.3,AMBER,v4_amber_MLLB_000_y103_0922_1155,3.2,3.208,8,60,45,ince,True,,50.0,28.0,952.0,1002.0,1.402,20.533,14.644,0.7736,True,,True,,935.0,2.5,9.5
2026-09-22 15:44:07,MLLB_000_y1.0.3,AMBER,v4_amber_MLLB_000_y103_0922_1155,3.2,3.208,8,60,46,ince,True,,50.0,28.0,952.0,1002.0,2.034,29.783,14.64,0.7732,True,,True,,935.0,2.5,9.5
2026-09-22 15:44:23,MLLB_000_y1.0.3,AMBER,v4_amber_MLLB_000_y103_0922_1155,3.2,3.208,8,60,47,ince,True,,50.0,28.0,952.0,1002.0,4.028,58.952,14.635,0.774,True,,False,FLAS,935.0,2.5,9.5
2026-09-22 15:44:23,MLLB_000_y1.0.3,AMBER,v4_amber_MLLB_000_y103_0922_1155,3.2,3.208,8,60,,bitti,False,,,,,,,,,,,,,,935.0,2.5,9.5
2026-09-22 15:44:45,MLLB_000_y1.0.3,AMBER,v4_amber_MLLB_000_y103_0922_1155,3.2,3.208,10,100,12,kaba,True,,178.0,32.0,824.0,1002.0,0.969,18.926,19.527,0.7738,True,,False,ON,935.0,2.5,9.5
2026-09-22 15:45:01,MLLB_000_y1.0.3,AMBER,v4_amber_MLLB_000_y103_0922_1155,3.2,3.208,10,100,16,kaba,True,,136.0,30.0,866.0,1002.0,0.967,18.902,19.555,0.7741,True,,False,ON,935.0,2.5,9.5
2026-09-22 15:45:17,MLLB_000_y1.0.3,AMBER,v4_amber_MLLB_000_y103_0922_1155,3.2,3.208,10,100,20,kaba,True,,94.0,32.0,908.0,1002.0,0.966,18.902,19.57,0.7738,True,,False,ON,935.0,2.5,9.5
2026-09-22 15:45:33,MLLB_000_y1.0.3,AMBER,v4_amber_MLLB_000_y103_0922_1155,3.2,3.208,10,100,24,kaba,True,,52.0,30.0,950.0,1002.0,0.956,18.735,19.596,0.7737,True,,True,,935.0,2.5,9.5
2026-09-22 15:45:49,MLLB_000_y1.0.3,AMBER,v4_amber_MLLB_000_y103_0922_1155,3.2,3.208,10,100,28,kaba,True,,34.0,28.0,968.0,1002.0,1.019,19.98,19.602,0.7743,True,,True,,935.0,2.5,9.5
2026-09-22 15:46:05,MLLB_000_y1.0.3,AMBER,v4_amber_MLLB_000_y103_0922_1155,3.2,3.208,10,100,32,kaba,True,,34.0,28.0,968.0,1002.0,8.158,159.674,19.572,0.7735,True,,False,FLAS,935.0,2.5,9.5
2026-09-22 15:46:21,MLLB_000_y1.0.3,AMBER,v4_amber_MLLB_000_y103_0922_1155,3.2,3.208,10,100,21,ince,True,,84.0,32.0,918.0,1002.0,0.963,18.83,19.556,0.7733,True,,False,ON,935.0,2.5,9.5
2026-09-22 15:46:37,MLLB_000_y1.0.3,AMBER,v4_amber_MLLB_000_y103_0922_1155,3.2,3.208,10,100,22,ince,True,,74.0,32.0,928.0,1002.0,0.965,18.878,19.567,0.7737,True,,False,ON,935.0,2.5,9.5
2026-09-22 15:46:53,MLLB_000_y1.0.3,AMBER,v4_amber_MLLB_000_y103_0922_1155,3.2,3.208,10,100,23,ince,True,,62.0,32.0,940.0,1002.0,0.959,18.759,19.564,0.7736,True,,True,,935.0,2.5,9.5
2026-09-22 15:46:54,MLLB_000_y1.0.3,AMBER,v4_amber_MLLB_000_y103_0922_1155,3.2,3.208,10,100,25,ince,False,iki-OK-arasi-monotonluk,,,,,,,,,,,True,,935.0,2.5,9.5
2026-09-22 15:46:54,MLLB_000_y1.0.3,AMBER,v4_amber_MLLB_000_y103_0922_1155,3.2,3.208,10,100,26,ince,False,iki-OK-arasi-monotonluk,,,,,,,,,,,True,,935.0,2.5,9.5
2026-09-22 15:46:54,MLLB_000_y1.0.3,AMBER,v4_amber_MLLB_000_y103_0922_1155,3.2,3.208,10,100,27,ince,False,iki-OK-arasi-monotonluk,,,,,,,,,,,True,,935.0,2.5,9.5
2026-09-22 15:47:09,MLLB_000_y1.0.3,AMBER,v4_amber_MLLB_000_y103_0922_1155,3.2,3.208,10,100,29,ince,True,,34.0,28.0,968.0,1002.0,2.461,48.223,19.593,0.7731,True,,True,,935.0,2.5,9.5
2026-09-22 15:47:25,MLLB_000_y1.0.3,AMBER,v4_amber_MLLB_000_y103_0922_1155,3.2,3.208,10,100,30,ince,True,,34.0,28.0,968.0,1002.0,5.273,103.319,19.593,0.7738,True,,False,FLAS,935.0,2.5,9.5
2026-09-22 15:47:41,MLLB_000_y1.0.3,AMBER,v4_amber_MLLB_000_y103_0922_1155,3.2,3.208,10,100,31,ince,True,,34.0,28.0,968.0,1002.0,7.34,143.735,19.583,0.7736,True,,False,FLAS,935.0,2.5,9.5
2026-09-22 15:47:41,MLLB_000_y1.0.3,AMBER,v4_amber_MLLB_000_y103_0922_1155,3.2,3.208,10,100,,bitti,False,,,,,,,,,,,,,,935.0,2.5,9.5
2026-09-22 15:47:57,MLLB_000_y1.0.3,AMBER,v4_amber_MLLB_000_y103_0922_1155,3.2,3.208,10,80,12,kaba,True,,198.0,32.0,804.0,1002.0,0.969,18.926,19.536,0.7736,True,,False,ON,935.0,2.5,9.5
2026-09-22 15:48:13,MLLB_000_y1.0.3,AMBER,v4_amber_MLLB_000_y103_0922_1155,3.2,3.208,10,80,16,kaba,True,,166.0,32.0,836.0,1002.0,0.968,18.926,19.552,0.7736,True,,False,ON,935.0,2.5,9.5
2026-09-22 15:48:29,MLLB_000_y1.0.3,AMBER,v4_amber_MLLB_000_y103_0922_1155,3.2,3.208,10,80,20,kaba,True,,132.0,32.0,870.0,1002.0,0.966,18.854,19.527,0.7732,True,,False,ON,935.0,2.5,9.5
2026-09-22 15:48:45,MLLB_000_y1.0.3,AMBER,v4_amber_MLLB_000_y103_0922_1155,3.2,3.208,10,80,24,kaba,True,,98.0,32.0,904.0,1002.0,0.966,18.926,19.586,0.7737,True,,False,ON,935.0,2.5,9.5
2026-09-22 15:49:01,MLLB_000_y1.0.3,AMBER,v4_amber_MLLB_000_y103_0922_1155,3.2,3.208,10,80,28,kaba,True,,64.0,32.0,938.0,1002.0,0.963,18.83,19.563,0.7728,True,,True,,935.0,2.5,9.5
2026-09-22 15:49:17,MLLB_000_y1.0.3,AMBER,v4_amber_MLLB_000_y103_0922_1155,3.2,3.208,10,80,32,kaba,True,,38.0,28.0,964.0,1002.0,0.98,19.213,19.598,0.7742,True,,True,,935.0,2.5,9.5
2026-09-22 15:49:33,MLLB_000_y1.0.3,AMBER,v4_amber_MLLB_000_y103_0922_1155,3.2,3.208,10,80,36,kaba,True,,38.0,28.0,964.0,1002.0,4.394,86.029,19.578,0.7734,True,,False,FLAS,935.0,2.5,9.5
2026-09-22 15:49:49,MLLB_000_y1.0.3,AMBER,v4_amber_MLLB_000_y103_0922_1155,3.2,3.208,10,80,40,kaba,True,,38.0,28.0,964.0,1002.0,8.15,159.674,19.593,0.7741,True,,False,FLAS,935.0,2.5,9.5
2026-09-22 15:50:05,MLLB_000_y1.0.3,AMBER,v4_amber_MLLB_000_y103_0922_1155,3.2,3.208,10,80,25,ince,True,,90.0,32.0,912.0,1002.0,0.969,18.95,19.561,0.7734,True,,False,ON,935.0,2.5,9.5
2026-09-22 15:50:21,MLLB_000_y1.0.3,AMBER,v4_amber_MLLB_000_y103_0922_1155,3.2,3.208,10,80,26,ince,True,,82.0,32.0,920.0,1002.0,0.963,18.83,19.562,0.7733,True,,False,ON,935.0,2.5,9.5
2026-09-22 15:50:37,MLLB_000_y1.0.3,AMBER,v4_amber_MLLB_000_y103_0922_1155,3.2,3.208,10,80,27,ince,True,,74.0,34.0,928.0,1002.0,0.963,18.83,19.55,0.7728,True,,False,ON,935.0,2.5,9.5
2026-09-22 15:50:38,MLLB_000_y1.0.3,AMBER,v4_amber_MLLB_000_y103_0922_1155,3.2,3.208,10,80,29,ince,False,iki-OK-arasi-monotonluk,,,,,,,,,,,True,,935.0,2.5,9.5
2026-09-22 15:50:38,MLLB_000_y1.0.3,AMBER,v4_amber_MLLB_000_y103_0922_1155,3.2,3.208,10,80,30,ince,False,iki-OK-arasi-monotonluk,,,,,,,,,,,True,,935.0,2.5,9.5
2026-09-22 15:50:38,MLLB_000_y1.0.3,AMBER,v4_amber_MLLB_000_y103_0922_1155,3.2,3.208,10,80,31,ince,False,iki-OK-arasi-monotonluk,,,,,,,,,,,True,,935.0,2.5,9.5
2026-09-22 15:50:53,MLLB_000_y1.0.3,AMBER,v4_amber_MLLB_000_y103_0922_1155,3.2,3.208,10,80,33,ince,True,,38.0,28.0,964.0,1002.0,1.01,19.788,19.585,0.774,True,,True,,935.0,2.5,9.5
2026-09-22 15:51:09,MLLB_000_y1.0.3,AMBER,v4_amber_MLLB_000_y103_0922_1155,3.2,3.208,10,80,34,ince,True,,38.0,28.0,964.0,1002.0,1.03,20.196,19.601,0.7735,True,,True,,935.0,2.5,9.5
2026-09-22 15:51:25,MLLB_000_y1.0.3,AMBER,v4_amber_MLLB_000_y103_0922_1155,3.2,3.208,10,80,35,ince,True,,38.0,28.0,964.0,1002.0,2.033,39.875,19.611,0.774,True,,True,,935.0,2.5,9.5
2026-09-22 15:51:26,MLLB_000_y1.0.3,AMBER,v4_amber_MLLB_000_y103_0922_1155,3.2,3.208,10,80,,bitti,False,,,,,,,,,,,,,,935.0,2.5,9.5
2026-09-22 15:51:41,MLLB_000_y1.0.3,AMBER,v4_amber_MLLB_000_y103_0922_1155,3.2,3.208,10,60,12,kaba,True,,222.0,32.0,780.0,1002.0,0.965,18.83,19.515,0.7734,True,,False,ON,935.0,2.5,9.5
2026-09-22 15:51:57,MLLB_000_y1.0.3,AMBER,v4_amber_MLLB_000_y103_0922_1155,3.2,3.208,10,60,16,kaba,True,,198.0,32.0,804.0,1002.0,0.965,18.854,19.529,0.7734,True,,False,ON,935.0,2.5,9.5
2026-09-22 15:52:13,MLLB_000_y1.0.3,AMBER,v4_amber_MLLB_000_y103_0922_1155,3.2,3.208,10,60,20,kaba,True,,174.0,32.0,828.0,1002.0,0.967,18.902,19.541,0.774,True,,False,ON,935.0,2.5,9.5
2026-09-22 15:52:29,MLLB_000_y1.0.3,AMBER,v4_amber_MLLB_000_y103_0922_1155,3.2,3.208,10,60,24,kaba,True,,150.0,32.0,852.0,1002.0,0.968,18.902,19.535,0.773,True,,False,ON,935.0,2.5,9.5
2026-09-22 15:52:45,MLLB_000_y1.0.3,AMBER,v4_amber_MLLB_000_y103_0922_1155,3.2,3.208,10,60,28,kaba,True,,126.0,32.0,876.0,1002.0,0.966,18.878,19.544,0.7739,True,,False,ON,935.0,2.5,9.5
2026-09-22 15:53:01,MLLB_000_y1.0.3,AMBER,v4_amber_MLLB_000_y103_0922_1155,3.2,3.208,10,60,32,kaba,True,,102.0,32.0,900.0,1002.0,0.966,18.902,19.574,0.7733,True,,False,ON,935.0,2.5,9.5
2026-09-22 15:53:17,MLLB_000_y1.0.3,AMBER,v4_amber_MLLB_000_y103_0922_1155,3.2,3.208,10,60,36,kaba,True,,78.0,32.0,924.0,1002.0,0.964,18.854,19.561,0.7737,True,,False,ON,935.0,2.5,9.5
2026-09-22 15:53:33,MLLB_000_y1.0.3,AMBER,v4_amber_MLLB_000_y103_0922_1155,3.2,3.208,10,60,40,kaba,True,,52.0,34.0,950.0,1002.0,0.971,19.022,19.581,0.7746,True,,True,,935.0,2.5,9.5
2026-09-22 15:53:49,MLLB_000_y1.0.3,AMBER,v4_amber_MLLB_000_y103_0922_1155,3.2,3.208,10,60,44,kaba,True,,50.0,28.0,952.0,1002.0,1.019,19.932,19.565,0.7742,True,,True,,935.0,2.5,9.5
2026-09-22 15:54:05,MLLB_000_y1.0.3,AMBER,v4_amber_MLLB_000_y103_0922_1155,3.2,3.208,10,60,48,kaba,True,,50.0,28.0,952.0,1002.0,4.451,87.155,19.582,0.7746,True,,False,FLAS,935.0,2.5,9.5
2026-09-22 15:54:21,MLLB_000_y1.0.3,AMBER,v4_amber_MLLB_000_y103_0922_1155,3.2,3.208,10,60,50,kaba,True,,50.0,28.0,952.0,1002.0,6.24,122.17,19.577,0.7744,True,,False,FLAS,935.0,2.5,9.5
2026-09-22 15:54:37,MLLB_000_y1.0.3,AMBER,v4_amber_MLLB_000_y103_0922_1155,3.2,3.208,10,60,37,ince,True,,72.0,32.0,930.0,1002.0,0.962,18.83,19.582,0.7742,True,,False,ON,935.0,2.5,9.5
2026-09-22 15:54:53,MLLB_000_y1.0.3,AMBER,v4_amber_MLLB_000_y103_0922_1155,3.2,3.208,10,60,38,ince,True,,66.0,32.0,936.0,1002.0,0.959,18.759,19.552,0.7745,True,,True,,935.0,2.5,9.5
2026-09-22 15:55:09,MLLB_000_y1.0.3,AMBER,v4_amber_MLLB_000_y103_0922_1155,3.2,3.208,10,60,39,ince,True,,60.0,32.0,942.0,1002.0,0.965,18.878,19.572,0.7744,True,,True,,935.0,2.5,9.5
2026-09-22 15:55:10,MLLB_000_y1.0.3,AMBER,v4_amber_MLLB_000_y103_0922_1155,3.2,3.208,10,60,41,ince,False,iki-OK-arasi-monotonluk,,,,,,,,,,,True,,935.0,2.5,9.5
2026-09-22 15:55:10,MLLB_000_y1.0.3,AMBER,v4_amber_MLLB_000_y103_0922_1155,3.2,3.208,10,60,42,ince,False,iki-OK-arasi-monotonluk,,,,,,,,,,,True,,935.0,2.5,9.5
2026-09-22 15:55:10,MLLB_000_y1.0.3,AMBER,v4_amber_MLLB_000_y103_0922_1155,3.2,3.208,10,60,43,ince,False,iki-OK-arasi-monotonluk,,,,,,,,,,,True,,935.0,2.5,9.5
2026-09-22 15:55:25,MLLB_000_y1.0.3,AMBER,v4_amber_MLLB_000_y103_0922_1155,3.2,3.208,10,60,45,ince,True,,50.0,28.0,952.0,1002.0,1.046,20.509,19.599,0.7743,True,,True,,935.0,2.5,9.5
2026-09-22 15:55:41,MLLB_000_y1.0.3,AMBER,v4_amber_MLLB_000_y103_0922_1155,3.2,3.208,10,60,46,ince,True,,50.0,28.0,952.0,1002.0,1.525,29.859,19.585,0.7741,True,,True,,935.0,2.5,9.5
2026-09-22 15:55:57,MLLB_000_y1.0.3,AMBER,v4_amber_MLLB_000_y103_0922_1155,3.2,3.208,10,60,47,ince,True,,50.0,28.0,952.0,1002.0,2.998,58.726,19.587,0.7741,True,,False,FLAS,935.0,2.5,9.5
2026-09-22 15:55:58,MLLB_000_y1.0.3,AMBER,v4_amber_MLLB_000_y103_0922_1155,3.2,3.208,10,60,,bitti,False,,,,,,,,,,,,,,935.0,2.5,9.5
2026-09-22 15:56:21,MLLB_000_y1.0.3,AMBER,v4_amber_MLLB_000_y103_0922_1155,3.2,3.208,15,100,12,kaba,True,,118.0,32.0,884.0,1002.0,1.07,34.711,32.442,0.774,True,,False,ON,935.0,2.5,9.5
2026-09-22 15:56:37,MLLB_000_y1.0.3,AMBER,v4_amber_MLLB_000_y103_0922_1155,3.2,3.208,15,100,16,kaba,True,,94.0,28.0,908.0,1002.0,1.068,34.634,32.44,0.7745,True,,False,ON,935.0,2.5,9.5
2026-09-22 15:56:53,MLLB_000_y1.0.3,AMBER,v4_amber_MLLB_000_y103_0922_1155,3.2,3.208,15,100,20,kaba,True,,70.0,28.0,932.0,1002.0,1.064,34.557,32.463,0.7736,True,,False,ON,935.0,2.5,9.5
2026-09-22 15:57:09,MLLB_000_y1.0.3,AMBER,v4_amber_MLLB_000_y103_0922_1155,3.2,3.208,15,100,24,kaba,True,,44.0,30.0,958.0,1002.0,1.061,34.454,32.486,0.7743,True,,True,,935.0,2.5,9.5
2026-09-22 15:57:25,MLLB_000_y1.0.3,AMBER,v4_amber_MLLB_000_y103_0922_1155,3.2,3.208,15,100,28,kaba,True,,34.0,28.0,968.0,1002.0,1.063,34.582,32.519,0.7731,True,,True,,935.0,2.5,9.5
2026-09-22 15:57:41,MLLB_000_y1.0.3,AMBER,v4_amber_MLLB_000_y103_0922_1155,3.2,3.208,15,100,32,kaba,True,,34.0,28.0,968.0,1002.0,4.592,159.523,34.741,0.7745,True,,False,FLAS,935.0,2.5,9.5
2026-09-22 15:57:57,MLLB_000_y1.0.3,AMBER,v4_amber_MLLB_000_y103_0922_1155,3.2,3.208,15,100,36,kaba,True,,34.0,28.0,968.0,1002.0,5.382,198.179,36.824,0.7745,True,,False,FLAS,935.0,2.5,9.5
2026-09-22 15:58:13,MLLB_000_y1.0.3,AMBER,v4_amber_MLLB_000_y103_0922_1155,3.2,3.208,15,100,21,ince,True,,62.0,32.0,940.0,1002.0,1.065,34.608,32.499,0.7743,True,,True,,935.0,2.5,9.5
2026-09-22 15:58:29,MLLB_000_y1.0.3,AMBER,v4_amber_MLLB_000_y103_0922_1155,3.2,3.208,15,100,22,ince,True,,56.0,28.0,946.0,1002.0,1.067,34.659,32.491,0.7745,True,,True,,935.0,2.5,9.5
2026-09-22 15:58:45,MLLB_000_y1.0.3,AMBER,v4_amber_MLLB_000_y103_0922_1155,3.2,3.208,15,100,23,ince,True,,50.0,32.0,952.0,1002.0,1.066,34.608,32.48,0.7741,True,,True,,935.0,2.5,9.5
2026-09-22 15:58:46,MLLB_000_y1.0.3,AMBER,v4_amber_MLLB_000_y103_0922_1155,3.2,3.208,15,100,25,ince,False,iki-OK-arasi-monotonluk,,,,,,,,,,,True,,935.0,2.5,9.5
2026-09-22 15:58:46,MLLB_000_y1.0.3,AMBER,v4_amber_MLLB_000_y103_0922_1155,3.2,3.208,15,100,26,ince,False,iki-OK-arasi-monotonluk,,,,,,,,,,,True,,935.0,2.5,9.5
2026-09-22 15:58:46,MLLB_000_y1.0.3,AMBER,v4_amber_MLLB_000_y103_0922_1155,3.2,3.208,15,100,27,ince,False,iki-OK-arasi-monotonluk,,,,,,,,,,,True,,935.0,2.5,9.5
2026-09-22 15:59:01,MLLB_000_y1.0.3,AMBER,v4_amber_MLLB_000_y103_0922_1155,3.2,3.208,15,100,29,ince,True,,34.0,28.0,968.0,1002.0,1.467,47.682,32.494,0.773,True,,True,,935.0,2.5,9.5
2026-09-22 15:59:17,MLLB_000_y1.0.3,AMBER,v4_amber_MLLB_000_y103_0922_1155,3.2,3.208,15,100,30,ince,True,,34.0,28.0,968.0,1002.0,3.226,104.825,32.492,0.7733,True,,False,FLAS,935.0,2.5,9.5
2026-09-22 15:59:33,MLLB_000_y1.0.3,AMBER,v4_amber_MLLB_000_y103_0922_1155,3.2,3.208,15,100,31,ince,True,,34.0,28.0,968.0,1002.0,4.169,144.684,34.708,0.773,True,,False,FLAS,935.0,2.5,9.5
2026-09-22 15:59:33,MLLB_000_y1.0.3,AMBER,v4_amber_MLLB_000_y103_0922_1155,3.2,3.208,15,100,,bitti,False,,,,,,,,,,,,,,935.0,2.5,9.5
2026-09-22 15:59:49,MLLB_000_y1.0.3,AMBER,v4_amber_MLLB_000_y103_0922_1155,3.2,3.208,15,80,12,kaba,True,,132.0,32.0,870.0,1002.0,1.069,34.685,32.434,0.774,True,,False,ON,935.0,2.5,9.5
2026-09-22 16:00:05,MLLB_000_y1.0.3,AMBER,v4_amber_MLLB_000_y103_0922_1155,3.2,3.208,15,80,16,kaba,True,,112.0,30.0,890.0,1002.0,1.068,34.659,32.463,0.7741,True,,False,ON,935.0,2.5,9.5
2026-09-22 16:00:21,MLLB_000_y1.0.3,AMBER,v4_amber_MLLB_000_y103_0922_1155,3.2,3.208,15,80,20,kaba,True,,92.0,28.0,910.0,1002.0,1.063,34.505,32.474,0.7743,True,,False,ON,935.0,2.5,9.5
2026-09-22 16:00:37,MLLB_000_y1.0.3,AMBER,v4_amber_MLLB_000_y103_0922_1155,3.2,3.208,15,80,24,kaba,True,,74.0,28.0,928.0,1002.0,1.065,34.557,32.459,0.7742,True,,False,ON,935.0,2.5,9.5
2026-09-22 16:00:53,MLLB_000_y1.0.3,AMBER,v4_amber_MLLB_000_y103_0922_1155,3.2,3.208,15,80,28,kaba,True,,54.0,28.0,948.0,1002.0,1.065,34.582,32.476,0.774,True,,True,,935.0,2.5,9.5
2026-09-22 16:01:09,MLLB_000_y1.0.3,AMBER,v4_amber_MLLB_000_y103_0922_1155,3.2,3.208,15,80,32,kaba,True,,38.0,28.0,964.0,1002.0,1.066,34.608,32.48,0.7732,True,,True,,935.0,2.5,9.5
2026-09-22 16:01:25,MLLB_000_y1.0.3,AMBER,v4_amber_MLLB_000_y103_0922_1155,3.2,3.208,15,80,36,kaba,True,,38.0,28.0,964.0,1002.0,2.647,86.028,32.495,0.7737,True,,False,FLAS,935.0,2.5,9.5
2026-09-22 16:01:41,MLLB_000_y1.0.3,AMBER,v4_amber_MLLB_000_y103_0922_1155,3.2,3.208,15,80,40,kaba,True,,38.0,28.0,964.0,1002.0,4.295,158.913,37.004,0.7736,True,,False,FLAS,935.0,2.5,9.5
2026-09-22 16:01:57,MLLB_000_y1.0.3,AMBER,v4_amber_MLLB_000_y103_0922_1155,3.2,3.208,15,80,25,ince,True,,68.0,30.0,934.0,1002.0,1.063,34.505,32.474,0.7743,True,,False,ON,935.0,2.5,9.5
2026-09-22 16:02:13,MLLB_000_y1.0.3,AMBER,v4_amber_MLLB_000_y103_0922_1155,3.2,3.208,15,80,26,ince,True,,64.0,30.0,938.0,1002.0,1.066,34.659,32.526,0.774,True,,True,,935.0,2.5,9.5
2026-09-22 16:02:29,MLLB_000_y1.0.3,AMBER,v4_amber_MLLB_000_y103_0922_1155,3.2,3.208,15,80,27,ince,True,,58.0,32.0,944.0,1002.0,1.068,34.685,32.491,0.7743,True,,True,,935.0,2.5,9.5
2026-09-22 16:02:29,MLLB_000_y1.0.3,AMBER,v4_amber_MLLB_000_y103_0922_1155,3.2,3.208,15,80,29,ince,False,iki-OK-arasi-monotonluk,,,,,,,,,,,True,,935.0,2.5,9.5
2026-09-22 16:02:29,MLLB_000_y1.0.3,AMBER,v4_amber_MLLB_000_y103_0922_1155,3.2,3.208,15,80,30,ince,False,iki-OK-arasi-monotonluk,,,,,,,,,,,True,,935.0,2.5,9.5
2026-09-22 16:02:29,MLLB_000_y1.0.3,AMBER,v4_amber_MLLB_000_y103_0922_1155,3.2,3.208,15,80,31,ince,False,iki-OK-arasi-monotonluk,,,,,,,,,,,True,,935.0,2.5,9.5
2026-09-22 16:02:45,MLLB_000_y1.0.3,AMBER,v4_amber_MLLB_000_y103_0922_1155,3.2,3.208,15,80,33,ince,True,,38.0,28.0,964.0,1002.0,1.063,34.557,32.498,0.7744,True,,True,,935.0,2.5,9.5
2026-09-22 16:03:01,MLLB_000_y1.0.3,AMBER,v4_amber_MLLB_000_y103_0922_1155,3.2,3.208,15,80,34,ince,True,,38.0,28.0,964.0,1002.0,1.069,34.736,32.497,0.7739,True,,True,,935.0,2.5,9.5
2026-09-22 16:03:17,MLLB_000_y1.0.3,AMBER,v4_amber_MLLB_000_y103_0922_1155,3.2,3.208,15,80,35,ince,True,,38.0,28.0,964.0,1002.0,1.176,38.228,32.512,0.7729,True,,True,,935.0,2.5,9.5
2026-09-22 16:03:18,MLLB_000_y1.0.3,AMBER,v4_amber_MLLB_000_y103_0922_1155,3.2,3.208,15,80,,bitti,False,,,,,,,,,,,,,,935.0,2.5,9.5
2026-09-22 16:03:33,MLLB_000_y1.0.3,AMBER,v4_amber_MLLB_000_y103_0922_1155,3.2,3.208,15,60,12,kaba,True,,146.0,28.0,856.0,1002.0,1.064,34.48,32.418,0.7734,True,,False,ON,935.0,2.5,9.5
2026-09-22 16:03:49,MLLB_000_y1.0.3,AMBER,v4_amber_MLLB_000_y103_0922_1155,3.2,3.208,15,60,16,kaba,True,,132.0,30.0,870.0,1002.0,1.073,34.788,32.432,0.774,True,,False,ON,935.0,2.5,9.5
2026-09-22 16:04:05,MLLB_000_y1.0.3,AMBER,v4_amber_MLLB_000_y103_0922_1155,3.2,3.208,15,60,20,kaba,True,,120.0,32.0,882.0,1002.0,1.066,34.582,32.437,0.7737,True,,False,ON,935.0,2.5,9.5
2026-09-22 16:04:21,MLLB_000_y1.0.3,AMBER,v4_amber_MLLB_000_y103_0922_1155,3.2,3.208,15,60,24,kaba,True,,106.0,28.0,896.0,1002.0,1.066,34.608,32.457,0.7736,True,,False,ON,935.0,2.5,9.5
2026-09-22 16:04:37,MLLB_000_y1.0.3,AMBER,v4_amber_MLLB_000_y103_0922_1155,3.2,3.208,15,60,28,kaba,True,,92.0,30.0,910.0,1002.0,1.075,34.916,32.491,0.7734,True,,False,ON,935.0,2.5,9.5
2026-09-22 16:04:53,MLLB_000_y1.0.3,AMBER,v4_amber_MLLB_000_y103_0922_1155,3.2,3.208,15,60,32,kaba,True,,78.0,32.0,924.0,1002.0,1.069,34.685,32.454,0.7737,True,,False,ON,935.0,2.5,9.5
2026-09-22 16:05:09,MLLB_000_y1.0.3,AMBER,v4_amber_MLLB_000_y103_0922_1155,3.2,3.208,15,60,36,kaba,True,,66.0,28.0,936.0,1002.0,1.071,34.788,32.473,0.7739,True,,True,,935.0,2.5,9.5
2026-09-22 16:05:25,MLLB_000_y1.0.3,AMBER,v4_amber_MLLB_000_y103_0922_1155,3.2,3.208,15,60,40,kaba,True,,52.0,30.0,950.0,1002.0,1.068,34.659,32.467,0.774,True,,True,,935.0,2.5,9.5
2026-09-22 16:05:41,MLLB_000_y1.0.3,AMBER,v4_amber_MLLB_000_y103_0922_1155,3.2,3.208,15,60,44,kaba,True,,50.0,28.0,952.0,1002.0,1.063,34.531,32.482,0.7733,True,,True,,935.0,2.5,9.5
2026-09-22 16:05:57,MLLB_000_y1.0.3,AMBER,v4_amber_MLLB_000_y103_0922_1155,3.2,3.208,15,60,48,kaba,True,,50.0,28.0,952.0,1002.0,2.531,87.825,34.705,0.7742,True,,False,FLAS,935.0,2.5,9.5
2026-09-22 16:06:13,MLLB_000_y1.0.3,AMBER,v4_amber_MLLB_000_y103_0922_1155,3.2,3.208,15,60,50,kaba,True,,50.0,28.0,952.0,1002.0,3.338,123.682,37.057,0.7739,True,,False,FLAS,935.0,2.5,9.5
2026-09-22 16:06:29,MLLB_000_y1.0.3,AMBER,v4_amber_MLLB_000_y103_0922_1155,3.2,3.208,15,60,33,ince,True,,74.0,32.0,928.0,1002.0,1.067,34.659,32.487,0.7739,True,,False,ON,935.0,2.5,9.5
2026-09-22 16:06:45,MLLB_000_y1.0.3,AMBER,v4_amber_MLLB_000_y103_0922_1155,3.2,3.208,15,60,34,ince,True,,72.0,30.0,930.0,1002.0,1.066,34.634,32.482,0.7736,True,,False,ON,935.0,2.5,9.5
2026-09-22 16:07:01,MLLB_000_y1.0.3,AMBER,v4_amber_MLLB_000_y103_0922_1155,3.2,3.208,15,60,35,ince,True,,68.0,30.0,934.0,1002.0,1.066,34.634,32.505,0.7741,True,,False,ON,935.0,2.5,9.5
2026-09-22 16:07:01,MLLB_000_y1.0.3,AMBER,v4_amber_MLLB_000_y103_0922_1155,3.2,3.208,15,60,37,ince,False,iki-OK-arasi-monotonluk,,,,,,,,,,,True,,935.0,2.5,9.5
2026-09-22 16:07:01,MLLB_000_y1.0.3,AMBER,v4_amber_MLLB_000_y103_0922_1155,3.2,3.208,15,60,38,ince,False,iki-OK-arasi-monotonluk,,,,,,,,,,,True,,935.0,2.5,9.5
2026-09-22 16:07:01,MLLB_000_y1.0.3,AMBER,v4_amber_MLLB_000_y103_0922_1155,3.2,3.208,15,60,39,ince,False,iki-OK-arasi-monotonluk,,,,,,,,,,,True,,935.0,2.5,9.5
2026-09-22 16:07:01,MLLB_000_y1.0.3,AMBER,v4_amber_MLLB_000_y103_0922_1155,3.2,3.208,15,60,41,ince,False,iki-OK-arasi-monotonluk,,,,,,,,,,,True,,935.0,2.5,9.5
2026-09-22 16:07:01,MLLB_000_y1.0.3,AMBER,v4_amber_MLLB_000_y103_0922_1155,3.2,3.208,15,60,42,ince,False,iki-OK-arasi-monotonluk,,,,,,,,,,,True,,935.0,2.5,9.5
2026-09-22 16:07:01,MLLB_000_y1.0.3,AMBER,v4_amber_MLLB_000_y103_0922_1155,3.2,3.208,15,60,43,ince,False,iki-OK-arasi-monotonluk,,,,,,,,,,,True,,935.0,2.5,9.5
2026-09-22 16:07:17,MLLB_000_y1.0.3,AMBER,v4_amber_MLLB_000_y103_0922_1155,3.2,3.208,15,60,45,ince,True,,50.0,28.0,952.0,1002.0,1.064,34.582,32.507,0.7737,True,,True,,935.0,2.5,9.5
2026-09-22 16:07:33,MLLB_000_y1.0.3,AMBER,v4_amber_MLLB_000_y103_0922_1155,3.2,3.208,15,60,46,ince,True,,50.0,28.0,952.0,1002.0,1.065,34.608,32.485,0.7736,True,,True,,935.0,2.5,9.5
2026-09-22 16:07:49,MLLB_000_y1.0.3,AMBER,v4_amber_MLLB_000_y103_0922_1155,3.2,3.208,15,60,47,ince,True,,50.0,28.0,952.0,1002.0,1.791,58.135,32.453,0.7739,True,,True,,935.0,2.5,9.5
2026-09-22 16:07:50,MLLB_000_y1.0.3,AMBER,v4_amber_MLLB_000_y103_0922_1155,3.2,3.208,15,60,,bitti,False,,,,,,,,,,,,,,935.0,2.5,9.5
2026-09-22 16:08:11,MLLB_000_y1.0.3,AMBER,v4_amber_MLLB_000_y103_0922_1155,3.2,3.208,100,100,12,kaba,True,,34.0,28.0,968.0,1002.0,1.046,243.479,232.663,0.7739,True,,True,,935.0,2.5,9.5
2026-09-22 16:08:27,MLLB_000_y1.0.3,AMBER,v4_amber_MLLB_000_y103_0922_1155,3.2,3.208,100,100,16,kaba,True,,34.0,28.0,968.0,1002.0,1.042,242.323,232.648,0.7739,True,,True,,935.0,2.5,9.5
2026-09-22 16:08:43,MLLB_000_y1.0.3,AMBER,v4_amber_MLLB_000_y103_0922_1155,3.2,3.208,100,100,20,kaba,True,,34.0,28.0,968.0,1002.0,1.044,243.093,232.816,0.7742,True,,True,,935.0,2.5,9.5
2026-09-22 16:08:59,MLLB_000_y1.0.3,AMBER,v4_amber_MLLB_000_y103_0922_1155,3.2,3.208,100,100,24,kaba,True,,34.0,28.0,968.0,1002.0,1.046,243.479,232.708,0.7735,True,,True,,935.0,2.5,9.5
2026-09-22 16:09:15,MLLB_000_y1.0.3,AMBER,v4_amber_MLLB_000_y103_0922_1155,3.2,3.208,100,100,28,kaba,True,,34.0,28.0,968.0,1002.0,1.045,243.479,232.914,0.7736,True,,True,,935.0,2.5,9.5
2026-09-22 16:09:31,MLLB_000_y1.0.3,AMBER,v4_amber_MLLB_000_y103_0922_1155,3.2,3.208,100,100,32,kaba,True,,34.0,28.0,968.0,1002.0,1.042,242.323,232.661,0.773,True,,True,,935.0,2.5,9.5
2026-09-22 16:09:47,MLLB_000_y1.0.3,AMBER,v4_amber_MLLB_000_y103_0922_1155,3.2,3.208,100,100,36,kaba,True,,34.0,28.0,968.0,1002.0,1.045,243.093,232.576,0.7736,True,,True,,935.0,2.5,9.5
2026-09-22 16:10:03,MLLB_000_y1.0.3,AMBER,v4_amber_MLLB_000_y103_0922_1155,3.2,3.208,100,100,40,kaba,True,,34.0,28.0,968.0,1002.0,1.042,242.323,232.616,0.7739,True,,True,,935.0,2.5,9.5
2026-09-22 16:10:19,MLLB_000_y1.0.3,AMBER,v4_amber_MLLB_000_y103_0922_1155,3.2,3.208,100,100,44,kaba,True,,34.0,28.0,968.0,1002.0,1.044,243.093,232.779,0.7736,True,,True,,935.0,2.5,9.5
2026-09-22 16:10:35,MLLB_000_y1.0.3,AMBER,v4_amber_MLLB_000_y103_0922_1155,3.2,3.208,100,100,48,kaba,True,,34.0,28.0,968.0,1002.0,1.043,242.323,232.388,0.7742,True,,True,,935.0,2.5,9.5
2026-09-22 16:10:51,MLLB_000_y1.0.3,AMBER,v4_amber_MLLB_000_y103_0922_1155,3.2,3.208,100,100,50,kaba,True,,34.0,28.0,968.0,1002.0,1.045,243.093,232.525,0.7726,True,,True,,935.0,2.5,9.5
2026-09-22 16:10:52,MLLB_000_y1.0.3,AMBER,v4_amber_MLLB_000_y103_0922_1155,3.2,3.208,100,100,13,ince,False,iki-OK-arasi-monotonluk,,,,,,,,,,,True,,935.0,2.5,9.5
2026-09-22 16:10:52,MLLB_000_y1.0.3,AMBER,v4_amber_MLLB_000_y103_0922_1155,3.2,3.208,100,100,14,ince,False,iki-OK-arasi-monotonluk,,,,,,,,,,,True,,935.0,2.5,9.5
2026-09-22 16:10:52,MLLB_000_y1.0.3,AMBER,v4_amber_MLLB_000_y103_0922_1155,3.2,3.208,100,100,15,ince,False,iki-OK-arasi-monotonluk,,,,,,,,,,,True,,935.0,2.5,9.5
2026-09-22 16:10:52,MLLB_000_y1.0.3,AMBER,v4_amber_MLLB_000_y103_0922_1155,3.2,3.208,100,100,17,ince,False,iki-OK-arasi-monotonluk,,,,,,,,,,,True,,935.0,2.5,9.5
2026-09-22 16:10:52,MLLB_000_y1.0.3,AMBER,v4_amber_MLLB_000_y103_0922_1155,3.2,3.208,100,100,18,ince,False,iki-OK-arasi-monotonluk,,,,,,,,,,,True,,935.0,2.5,9.5
2026-09-22 16:10:52,MLLB_000_y1.0.3,AMBER,v4_amber_MLLB_000_y103_0922_1155,3.2,3.208,100,100,19,ince,False,iki-OK-arasi-monotonluk,,,,,,,,,,,True,,935.0,2.5,9.5
2026-09-22 16:10:52,MLLB_000_y1.0.3,AMBER,v4_amber_MLLB_000_y103_0922_1155,3.2,3.208,100,100,21,ince,False,iki-OK-arasi-monotonluk,,,,,,,,,,,True,,935.0,2.5,9.5
2026-09-22 16:10:52,MLLB_000_y1.0.3,AMBER,v4_amber_MLLB_000_y103_0922_1155,3.2,3.208,100,100,22,ince,False,iki-OK-arasi-monotonluk,,,,,,,,,,,True,,935.0,2.5,9.5
2026-09-22 16:10:52,MLLB_000_y1.0.3,AMBER,v4_amber_MLLB_000_y103_0922_1155,3.2,3.208,100,100,23,ince,False,iki-OK-arasi-monotonluk,,,,,,,,,,,True,,935.0,2.5,9.5
2026-09-22 16:10:52,MLLB_000_y1.0.3,AMBER,v4_amber_MLLB_000_y103_0922_1155,3.2,3.208,100,100,25,ince,False,iki-OK-arasi-monotonluk,,,,,,,,,,,True,,935.0,2.5,9.5
2026-09-22 16:10:52,MLLB_000_y1.0.3,AMBER,v4_amber_MLLB_000_y103_0922_1155,3.2,3.208,100,100,26,ince,False,iki-OK-arasi-monotonluk,,,,,,,,,,,True,,935.0,2.5,9.5
2026-09-22 16:10:52,MLLB_000_y1.0.3,AMBER,v4_amber_MLLB_000_y103_0922_1155,3.2,3.208,100,100,27,ince,False,iki-OK-arasi-monotonluk,,,,,,,,,,,True,,935.0,2.5,9.5
2026-09-22 16:10:52,MLLB_000_y1.0.3,AMBER,v4_amber_MLLB_000_y103_0922_1155,3.2,3.208,100,100,29,ince,False,iki-OK-arasi-monotonluk,,,,,,,,,,,True,,935.0,2.5,9.5
2026-09-22 16:10:52,MLLB_000_y1.0.3,AMBER,v4_amber_MLLB_000_y103_0922_1155,3.2,3.208,100,100,30,ince,False,iki-OK-arasi-monotonluk,,,,,,,,,,,True,,935.0,2.5,9.5
2026-09-22 16:10:52,MLLB_000_y1.0.3,AMBER,v4_amber_MLLB_000_y103_0922_1155,3.2,3.208,100,100,31,ince,False,iki-OK-arasi-monotonluk,,,,,,,,,,,True,,935.0,2.5,9.5
2026-09-22 16:10:52,MLLB_000_y1.0.3,AMBER,v4_amber_MLLB_000_y103_0922_1155,3.2,3.208,100,100,33,ince,False,iki-OK-arasi-monotonluk,,,,,,,,,,,True,,935.0,2.5,9.5
2026-09-22 16:10:52,MLLB_000_y1.0.3,AMBER,v4_amber_MLLB_000_y103_0922_1155,3.2,3.208,100,100,34,ince,False,iki-OK-arasi-monotonluk,,,,,,,,,,,True,,935.0,2.5,9.5
2026-09-22 16:10:52,MLLB_000_y1.0.3,AMBER,v4_amber_MLLB_000_y103_0922_1155,3.2,3.208,100,100,35,ince,False,iki-OK-arasi-monotonluk,,,,,,,,,,,True,,935.0,2.5,9.5
2026-09-22 16:10:52,MLLB_000_y1.0.3,AMBER,v4_amber_MLLB_000_y103_0922_1155,3.2,3.208,100,100,37,ince,False,iki-OK-arasi-monotonluk,,,,,,,,,,,True,,935.0,2.5,9.5
2026-09-22 16:10:52,MLLB_000_y1.0.3,AMBER,v4_amber_MLLB_000_y103_0922_1155,3.2,3.208,100,100,38,ince,False,iki-OK-arasi-monotonluk,,,,,,,,,,,True,,935.0,2.5,9.5
2026-09-22 16:10:52,MLLB_000_y1.0.3,AMBER,v4_amber_MLLB_000_y103_0922_1155,3.2,3.208,100,100,39,ince,False,iki-OK-arasi-monotonluk,,,,,,,,,,,True,,935.0,2.5,9.5
2026-09-22 16:10:52,MLLB_000_y1.0.3,AMBER,v4_amber_MLLB_000_y103_0922_1155,3.2,3.208,100,100,41,ince,False,iki-OK-arasi-monotonluk,,,,,,,,,,,True,,935.0,2.5,9.5
2026-09-22 16:10:52,MLLB_000_y1.0.3,AMBER,v4_amber_MLLB_000_y103_0922_1155,3.2,3.208,100,100,42,ince,False,iki-OK-arasi-monotonluk,,,,,,,,,,,True,,935.0,2.5,9.5
2026-09-22 16:10:52,MLLB_000_y1.0.3,AMBER,v4_amber_MLLB_000_y103_0922_1155,3.2,3.208,100,100,43,ince,False,iki-OK-arasi-monotonluk,,,,,,,,,,,True,,935.0,2.5,9.5
2026-09-22 16:10:52,MLLB_000_y1.0.3,AMBER,v4_amber_MLLB_000_y103_0922_1155,3.2,3.208,100,100,45,ince,False,iki-OK-arasi-monotonluk,,,,,,,,,,,True,,935.0,2.5,9.5
2026-09-22 16:10:52,MLLB_000_y1.0.3,AMBER,v4_amber_MLLB_000_y103_0922_1155,3.2,3.208,100,100,46,ince,False,iki-OK-arasi-monotonluk,,,,,,,,,,,True,,935.0,2.5,9.5
2026-09-22 16:10:52,MLLB_000_y1.0.3,AMBER,v4_amber_MLLB_000_y103_0922_1155,3.2,3.208,100,100,47,ince,False,iki-OK-arasi-monotonluk,,,,,,,,,,,True,,935.0,2.5,9.5
2026-09-22 16:10:52,MLLB_000_y1.0.3,AMBER,v4_amber_MLLB_000_y103_0922_1155,3.2,3.208,100,100,49,ince,False,iki-OK-arasi-monotonluk,,,,,,,,,,,True,,935.0,2.5,9.5
2026-09-22 16:10:52,MLLB_000_y1.0.3,AMBER,v4_amber_MLLB_000_y103_0922_1155,3.2,3.208,100,100,,bitti,False,,,,,,,,,,,,,,935.0,2.5,9.5
2026-09-22 16:11:07,MLLB_000_y1.0.3,AMBER,v4_amber_MLLB_000_y103_0922_1155,3.2,3.208,100,80,12,kaba,True,,34.0,28.0,968.0,1002.0,1.042,242.323,232.577,0.7732,True,,True,,935.0,2.5,9.5
2026-09-22 16:11:23,MLLB_000_y1.0.3,AMBER,v4_amber_MLLB_000_y103_0922_1155,3.2,3.208,100,80,16,kaba,True,,34.0,28.0,968.0,1002.0,1.042,242.323,232.461,0.7735,True,,True,,935.0,2.5,9.5
2026-09-22 16:11:39,MLLB_000_y1.0.3,AMBER,v4_amber_MLLB_000_y103_0922_1155,3.2,3.208,100,80,20,kaba,True,,34.0,28.0,968.0,1002.0,1.041,241.938,232.443,0.7734,True,,True,,935.0,2.5,9.5
2026-09-22 16:11:55,MLLB_000_y1.0.3,AMBER,v4_amber_MLLB_000_y103_0922_1155,3.2,3.208,100,80,24,kaba,True,,34.0,28.0,968.0,1002.0,1.043,242.323,232.421,0.774,True,,True,,935.0,2.5,9.5
2026-09-22 16:12:11,MLLB_000_y1.0.3,AMBER,v4_amber_MLLB_000_y103_0922_1155,3.2,3.208,100,80,28,kaba,True,,34.0,28.0,968.0,1002.0,1.042,242.323,232.532,0.7733,True,,True,,935.0,2.5,9.5
2026-09-22 16:12:27,MLLB_000_y1.0.3,AMBER,v4_amber_MLLB_000_y103_0922_1155,3.2,3.208,100,80,32,kaba,True,,34.0,28.0,968.0,1002.0,1.045,243.093,232.545,0.7736,True,,True,,935.0,2.5,9.5
2026-09-22 16:12:43,MLLB_000_y1.0.3,AMBER,v4_amber_MLLB_000_y103_0922_1155,3.2,3.208,100,80,36,kaba,True,,34.0,28.0,968.0,1002.0,1.043,242.708,232.619,0.7738,True,,True,,935.0,2.5,9.5
2026-09-22 16:12:59,MLLB_000_y1.0.3,AMBER,v4_amber_MLLB_000_y103_0922_1155,3.2,3.208,100,80,40,kaba,True,,34.0,28.0,968.0,1002.0,1.043,242.323,232.429,0.774,True,,True,,935.0,2.5,9.5
2026-09-22 16:13:15,MLLB_000_y1.0.3,AMBER,v4_amber_MLLB_000_y103_0922_1155,3.2,3.208,100,80,44,kaba,True,,34.0,28.0,968.0,1002.0,1.041,242.323,232.694,0.7745,True,,True,,935.0,2.5,9.5
2026-09-22 16:13:31,MLLB_000_y1.0.3,AMBER,v4_amber_MLLB_000_y103_0922_1155,3.2,3.208,100,80,48,kaba,True,,34.0,28.0,968.0,1002.0,1.04,241.938,232.591,0.774,True,,True,,935.0,2.5,9.5
2026-09-22 16:13:47,MLLB_000_y1.0.3,AMBER,v4_amber_MLLB_000_y103_0922_1155,3.2,3.208,100,80,50,kaba,True,,34.0,28.0,968.0,1002.0,1.045,243.093,232.717,0.7738,True,,True,,935.0,2.5,9.5
2026-09-22 16:13:48,MLLB_000_y1.0.3,AMBER,v4_amber_MLLB_000_y103_0922_1155,3.2,3.208,100,80,13,ince,False,iki-OK-arasi-monotonluk,,,,,,,,,,,True,,935.0,2.5,9.5
2026-09-22 16:13:48,MLLB_000_y1.0.3,AMBER,v4_amber_MLLB_000_y103_0922_1155,3.2,3.208,100,80,14,ince,False,iki-OK-arasi-monotonluk,,,,,,,,,,,True,,935.0,2.5,9.5
2026-09-22 16:13:48,MLLB_000_y1.0.3,AMBER,v4_amber_MLLB_000_y103_0922_1155,3.2,3.208,100,80,15,ince,False,iki-OK-arasi-monotonluk,,,,,,,,,,,True,,935.0,2.5,9.5
2026-09-22 16:13:48,MLLB_000_y1.0.3,AMBER,v4_amber_MLLB_000_y103_0922_1155,3.2,3.208,100,80,17,ince,False,iki-OK-arasi-monotonluk,,,,,,,,,,,True,,935.0,2.5,9.5
2026-09-22 16:13:48,MLLB_000_y1.0.3,AMBER,v4_amber_MLLB_000_y103_0922_1155,3.2,3.208,100,80,18,ince,False,iki-OK-arasi-monotonluk,,,,,,,,,,,True,,935.0,2.5,9.5
2026-09-22 16:13:48,MLLB_000_y1.0.3,AMBER,v4_amber_MLLB_000_y103_0922_1155,3.2,3.208,100,80,19,ince,False,iki-OK-arasi-monotonluk,,,,,,,,,,,True,,935.0,2.5,9.5
2026-09-22 16:13:48,MLLB_000_y1.0.3,AMBER,v4_amber_MLLB_000_y103_0922_1155,3.2,3.208,100,80,21,ince,False,iki-OK-arasi-monotonluk,,,,,,,,,,,True,,935.0,2.5,9.5
2026-09-22 16:13:48,MLLB_000_y1.0.3,AMBER,v4_amber_MLLB_000_y103_0922_1155,3.2,3.208,100,80,22,ince,False,iki-OK-arasi-monotonluk,,,,,,,,,,,True,,935.0,2.5,9.5
2026-09-22 16:13:48,MLLB_000_y1.0.3,AMBER,v4_amber_MLLB_000_y103_0922_1155,3.2,3.208,100,80,23,ince,False,iki-OK-arasi-monotonluk,,,,,,,,,,,True,,935.0,2.5,9.5
2026-09-22 16:13:48,MLLB_000_y1.0.3,AMBER,v4_amber_MLLB_000_y103_0922_1155,3.2,3.208,100,80,25,ince,False,iki-OK-arasi-monotonluk,,,,,,,,,,,True,,935.0,2.5,9.5
2026-09-22 16:13:48,MLLB_000_y1.0.3,AMBER,v4_amber_MLLB_000_y103_0922_1155,3.2,3.208,100,80,26,ince,False,iki-OK-arasi-monotonluk,,,,,,,,,,,True,,935.0,2.5,9.5
2026-09-22 16:13:48,MLLB_000_y1.0.3,AMBER,v4_amber_MLLB_000_y103_0922_1155,3.2,3.208,100,80,27,ince,False,iki-OK-arasi-monotonluk,,,,,,,,,,,True,,935.0,2.5,9.5
2026-09-22 16:13:48,MLLB_000_y1.0.3,AMBER,v4_amber_MLLB_000_y103_0922_1155,3.2,3.208,100,80,29,ince,False,iki-OK-arasi-monotonluk,,,,,,,,,,,True,,935.0,2.5,9.5
2026-09-22 16:13:48,MLLB_000_y1.0.3,AMBER,v4_amber_MLLB_000_y103_0922_1155,3.2,3.208,100,80,30,ince,False,iki-OK-arasi-monotonluk,,,,,,,,,,,True,,935.0,2.5,9.5
2026-09-22 16:13:48,MLLB_000_y1.0.3,AMBER,v4_amber_MLLB_000_y103_0922_1155,3.2,3.208,100,80,31,ince,False,iki-OK-arasi-monotonluk,,,,,,,,,,,True,,935.0,2.5,9.5
2026-09-22 16:13:48,MLLB_000_y1.0.3,AMBER,v4_amber_MLLB_000_y103_0922_1155,3.2,3.208,100,80,33,ince,False,iki-OK-arasi-monotonluk,,,,,,,,,,,True,,935.0,2.5,9.5
2026-09-22 16:13:48,MLLB_000_y1.0.3,AMBER,v4_amber_MLLB_000_y103_0922_1155,3.2,3.208,100,80,34,ince,False,iki-OK-arasi-monotonluk,,,,,,,,,,,True,,935.0,2.5,9.5
2026-09-22 16:13:48,MLLB_000_y1.0.3,AMBER,v4_amber_MLLB_000_y103_0922_1155,3.2,3.208,100,80,35,ince,False,iki-OK-arasi-monotonluk,,,,,,,,,,,True,,935.0,2.5,9.5
2026-09-22 16:13:48,MLLB_000_y1.0.3,AMBER,v4_amber_MLLB_000_y103_0922_1155,3.2,3.208,100,80,37,ince,False,iki-OK-arasi-monotonluk,,,,,,,,,,,True,,935.0,2.5,9.5
2026-09-22 16:13:48,MLLB_000_y1.0.3,AMBER,v4_amber_MLLB_000_y103_0922_1155,3.2,3.208,100,80,38,ince,False,iki-OK-arasi-monotonluk,,,,,,,,,,,True,,935.0,2.5,9.5
2026-09-22 16:13:48,MLLB_000_y1.0.3,AMBER,v4_amber_MLLB_000_y103_0922_1155,3.2,3.208,100,80,39,ince,False,iki-OK-arasi-monotonluk,,,,,,,,,,,True,,935.0,2.5,9.5
2026-09-22 16:13:48,MLLB_000_y1.0.3,AMBER,v4_amber_MLLB_000_y103_0922_1155,3.2,3.208,100,80,41,ince,False,iki-OK-arasi-monotonluk,,,,,,,,,,,True,,935.0,2.5,9.5
2026-09-22 16:13:48,MLLB_000_y1.0.3,AMBER,v4_amber_MLLB_000_y103_0922_1155,3.2,3.208,100,80,42,ince,False,iki-OK-arasi-monotonluk,,,,,,,,,,,True,,935.0,2.5,9.5
2026-09-22 16:13:48,MLLB_000_y1.0.3,AMBER,v4_amber_MLLB_000_y103_0922_1155,3.2,3.208,100,80,43,ince,False,iki-OK-arasi-monotonluk,,,,,,,,,,,True,,935.0,2.5,9.5
2026-09-22 16:13:48,MLLB_000_y1.0.3,AMBER,v4_amber_MLLB_000_y103_0922_1155,3.2,3.208,100,80,45,ince,False,iki-OK-arasi-monotonluk,,,,,,,,,,,True,,935.0,2.5,9.5
2026-09-22 16:13:48,MLLB_000_y1.0.3,AMBER,v4_amber_MLLB_000_y103_0922_1155,3.2,3.208,100,80,46,ince,False,iki-OK-arasi-monotonluk,,,,,,,,,,,True,,935.0,2.5,9.5
2026-09-22 16:13:48,MLLB_000_y1.0.3,AMBER,v4_amber_MLLB_000_y103_0922_1155,3.2,3.208,100,80,47,ince,False,iki-OK-arasi-monotonluk,,,,,,,,,,,True,,935.0,2.5,9.5
2026-09-22 16:13:48,MLLB_000_y1.0.3,AMBER,v4_amber_MLLB_000_y103_0922_1155,3.2,3.208,100,80,49,ince,False,iki-OK-arasi-monotonluk,,,,,,,,,,,True,,935.0,2.5,9.5
2026-09-22 16:13:48,MLLB_000_y1.0.3,AMBER,v4_amber_MLLB_000_y103_0922_1155,3.2,3.208,100,80,,bitti,False,,,,,,,,,,,,,,935.0,2.5,9.5
2026-09-22 16:14:03,MLLB_000_y1.0.3,AMBER,v4_amber_MLLB_000_y103_0922_1155,3.2,3.208,100,60,12,kaba,True,,34.0,28.0,968.0,1002.0,1.048,243.864,232.589,0.7743,True,,True,,935.0,2.5,9.5
2026-09-22 16:14:19,MLLB_000_y1.0.3,AMBER,v4_amber_MLLB_000_y103_0922_1155,3.2,3.208,100,60,16,kaba,True,,34.0,28.0,968.0,1002.0,1.046,243.093,232.503,0.7744,True,,True,,935.0,2.5,9.5
2026-09-22 16:14:35,MLLB_000_y1.0.3,AMBER,v4_amber_MLLB_000_y103_0922_1155,3.2,3.208,100,60,20,kaba,True,,34.0,28.0,968.0,1002.0,1.042,242.323,232.457,0.774,True,,True,,935.0,2.5,9.5
2026-09-22 16:14:51,MLLB_000_y1.0.3,AMBER,v4_amber_MLLB_000_y103_0922_1155,3.2,3.208,100,60,24,kaba,True,,34.0,28.0,968.0,1002.0,1.045,243.093,232.567,0.7737,True,,True,,935.0,2.5,9.5
2026-09-22 16:15:07,MLLB_000_y1.0.3,AMBER,v4_amber_MLLB_000_y103_0922_1155,3.2,3.208,100,60,28,kaba,True,,34.0,28.0,968.0,1002.0,1.049,243.864,232.552,0.7738,True,,True,,935.0,2.5,9.5
2026-09-22 16:15:23,MLLB_000_y1.0.3,AMBER,v4_amber_MLLB_000_y103_0922_1155,3.2,3.208,100,60,32,kaba,True,,34.0,28.0,968.0,1002.0,1.048,243.864,232.735,0.7736,True,,True,,935.0,2.5,9.5
2026-09-22 16:15:39,MLLB_000_y1.0.3,AMBER,v4_amber_MLLB_000_y103_0922_1155,3.2,3.208,100,60,36,kaba,True,,34.0,28.0,968.0,1002.0,1.048,243.864,232.658,0.773,True,,True,,935.0,2.5,9.5
2026-09-22 16:15:55,MLLB_000_y1.0.3,AMBER,v4_amber_MLLB_000_y103_0922_1155,3.2,3.208,100,60,40,kaba,True,,34.0,28.0,968.0,1002.0,1.041,242.323,232.703,0.7744,True,,True,,935.0,2.5,9.5
2026-09-22 16:16:11,MLLB_000_y1.0.3,AMBER,v4_amber_MLLB_000_y103_0922_1155,3.2,3.208,100,60,44,kaba,True,,34.0,28.0,968.0,1002.0,1.044,243.093,232.746,0.7747,True,,True,,935.0,2.5,9.5
2026-09-22 16:16:27,MLLB_000_y1.0.3,AMBER,v4_amber_MLLB_000_y103_0922_1155,3.2,3.208,100,60,48,kaba,True,,34.0,28.0,968.0,1002.0,1.045,243.093,232.533,0.7745,True,,True,,935.0,2.5,9.5
2026-09-22 16:16:43,MLLB_000_y1.0.3,AMBER,v4_amber_MLLB_000_y103_0922_1155,3.2,3.208,100,60,50,kaba,True,,34.0,28.0,968.0,1002.0,1.049,243.864,232.488,0.7741,True,,True,,935.0,2.5,9.5
2026-09-22 16:16:43,MLLB_000_y1.0.3,AMBER,v4_amber_MLLB_000_y103_0922_1155,3.2,3.208,100,60,13,ince,False,iki-OK-arasi-monotonluk,,,,,,,,,,,True,,935.0,2.5,9.5
2026-09-22 16:16:43,MLLB_000_y1.0.3,AMBER,v4_amber_MLLB_000_y103_0922_1155,3.2,3.208,100,60,14,ince,False,iki-OK-arasi-monotonluk,,,,,,,,,,,True,,935.0,2.5,9.5
2026-09-22 16:16:43,MLLB_000_y1.0.3,AMBER,v4_amber_MLLB_000_y103_0922_1155,3.2,3.208,100,60,15,ince,False,iki-OK-arasi-monotonluk,,,,,,,,,,,True,,935.0,2.5,9.5
2026-09-22 16:16:43,MLLB_000_y1.0.3,AMBER,v4_amber_MLLB_000_y103_0922_1155,3.2,3.208,100,60,17,ince,False,iki-OK-arasi-monotonluk,,,,,,,,,,,True,,935.0,2.5,9.5
2026-09-22 16:16:43,MLLB_000_y1.0.3,AMBER,v4_amber_MLLB_000_y103_0922_1155,3.2,3.208,100,60,18,ince,False,iki-OK-arasi-monotonluk,,,,,,,,,,,True,,935.0,2.5,9.5
2026-09-22 16:16:43,MLLB_000_y1.0.3,AMBER,v4_amber_MLLB_000_y103_0922_1155,3.2,3.208,100,60,19,ince,False,iki-OK-arasi-monotonluk,,,,,,,,,,,True,,935.0,2.5,9.5
2026-09-22 16:16:43,MLLB_000_y1.0.3,AMBER,v4_amber_MLLB_000_y103_0922_1155,3.2,3.208,100,60,21,ince,False,iki-OK-arasi-monotonluk,,,,,,,,,,,True,,935.0,2.5,9.5
2026-09-22 16:16:43,MLLB_000_y1.0.3,AMBER,v4_amber_MLLB_000_y103_0922_1155,3.2,3.208,100,60,22,ince,False,iki-OK-arasi-monotonluk,,,,,,,,,,,True,,935.0,2.5,9.5
2026-09-22 16:16:43,MLLB_000_y1.0.3,AMBER,v4_amber_MLLB_000_y103_0922_1155,3.2,3.208,100,60,23,ince,False,iki-OK-arasi-monotonluk,,,,,,,,,,,True,,935.0,2.5,9.5
2026-09-22 16:16:43,MLLB_000_y1.0.3,AMBER,v4_amber_MLLB_000_y103_0922_1155,3.2,3.208,100,60,25,ince,False,iki-OK-arasi-monotonluk,,,,,,,,,,,True,,935.0,2.5,9.5
2026-09-22 16:16:43,MLLB_000_y1.0.3,AMBER,v4_amber_MLLB_000_y103_0922_1155,3.2,3.208,100,60,26,ince,False,iki-OK-arasi-monotonluk,,,,,,,,,,,True,,935.0,2.5,9.5
2026-09-22 16:16:43,MLLB_000_y1.0.3,AMBER,v4_amber_MLLB_000_y103_0922_1155,3.2,3.208,100,60,27,ince,False,iki-OK-arasi-monotonluk,,,,,,,,,,,True,,935.0,2.5,9.5
2026-09-22 16:16:43,MLLB_000_y1.0.3,AMBER,v4_amber_MLLB_000_y103_0922_1155,3.2,3.208,100,60,29,ince,False,iki-OK-arasi-monotonluk,,,,,,,,,,,True,,935.0,2.5,9.5
2026-09-22 16:16:43,MLLB_000_y1.0.3,AMBER,v4_amber_MLLB_000_y103_0922_1155,3.2,3.208,100,60,30,ince,False,iki-OK-arasi-monotonluk,,,,,,,,,,,True,,935.0,2.5,9.5
2026-09-22 16:16:43,MLLB_000_y1.0.3,AMBER,v4_amber_MLLB_000_y103_0922_1155,3.2,3.208,100,60,31,ince,False,iki-OK-arasi-monotonluk,,,,,,,,,,,True,,935.0,2.5,9.5
2026-09-22 16:16:43,MLLB_000_y1.0.3,AMBER,v4_amber_MLLB_000_y103_0922_1155,3.2,3.208,100,60,33,ince,False,iki-OK-arasi-monotonluk,,,,,,,,,,,True,,935.0,2.5,9.5
2026-09-22 16:16:43,MLLB_000_y1.0.3,AMBER,v4_amber_MLLB_000_y103_0922_1155,3.2,3.208,100,60,34,ince,False,iki-OK-arasi-monotonluk,,,,,,,,,,,True,,935.0,2.5,9.5
2026-09-22 16:16:43,MLLB_000_y1.0.3,AMBER,v4_amber_MLLB_000_y103_0922_1155,3.2,3.208,100,60,35,ince,False,iki-OK-arasi-monotonluk,,,,,,,,,,,True,,935.0,2.5,9.5
2026-09-22 16:16:43,MLLB_000_y1.0.3,AMBER,v4_amber_MLLB_000_y103_0922_1155,3.2,3.208,100,60,37,ince,False,iki-OK-arasi-monotonluk,,,,,,,,,,,True,,935.0,2.5,9.5
2026-09-22 16:16:43,MLLB_000_y1.0.3,AMBER,v4_amber_MLLB_000_y103_0922_1155,3.2,3.208,100,60,38,ince,False,iki-OK-arasi-monotonluk,,,,,,,,,,,True,,935.0,2.5,9.5
2026-09-22 16:16:43,MLLB_000_y1.0.3,AMBER,v4_amber_MLLB_000_y103_0922_1155,3.2,3.208,100,60,39,ince,False,iki-OK-arasi-monotonluk,,,,,,,,,,,True,,935.0,2.5,9.5
2026-09-22 16:16:43,MLLB_000_y1.0.3,AMBER,v4_amber_MLLB_000_y103_0922_1155,3.2,3.208,100,60,41,ince,False,iki-OK-arasi-monotonluk,,,,,,,,,,,True,,935.0,2.5,9.5
2026-09-22 16:16:43,MLLB_000_y1.0.3,AMBER,v4_amber_MLLB_000_y103_0922_1155,3.2,3.208,100,60,42,ince,False,iki-OK-arasi-monotonluk,,,,,,,,,,,True,,935.0,2.5,9.5
2026-09-22 16:16:43,MLLB_000_y1.0.3,AMBER,v4_amber_MLLB_000_y103_0922_1155,3.2,3.208,100,60,43,ince,False,iki-OK-arasi-monotonluk,,,,,,,,,,,True,,935.0,2.5,9.5
2026-09-22 16:16:43,MLLB_000_y1.0.3,AMBER,v4_amber_MLLB_000_y103_0922_1155,3.2,3.208,100,60,45,ince,False,iki-OK-arasi-monotonluk,,,,,,,,,,,True,,935.0,2.5,9.5
2026-09-22 16:16:43,MLLB_000_y1.0.3,AMBER,v4_amber_MLLB_000_y103_0922_1155,3.2,3.208,100,60,46,ince,False,iki-OK-arasi-monotonluk,,,,,,,,,,,True,,935.0,2.5,9.5
2026-09-22 16:16:43,MLLB_000_y1.0.3,AMBER,v4_amber_MLLB_000_y103_0922_1155,3.2,3.208,100,60,47,ince,False,iki-OK-arasi-monotonluk,,,,,,,,,,,True,,935.0,2.5,9.5
2026-09-22 16:16:43,MLLB_000_y1.0.3,AMBER,v4_amber_MLLB_000_y103_0922_1155,3.2,3.208,100,60,49,ince,False,iki-OK-arasi-monotonluk,,,,,,,,,,,True,,935.0,2.5,9.5
2026-09-22 16:16:43,MLLB_000_y1.0.3,AMBER,v4_amber_MLLB_000_y103_0922_1155,3.2,3.208,100,60,,bitti,False,,,,,,,,,,,,,,935.0,2.5,9.5
2026-09-22 16:17:13,MLLB_000_y1.0.3,AMBER,v4_amber_MLLB_000_y103_0922_1155,3.0,2.998,6,100,12,kaba,True,,364.0,44.0,638.0,1002.0,1.012,10.005,9.886,0.7736,True,,False,ON,935.0,2.5,9.5
2026-09-22 16:17:29,MLLB_000_y1.0.3,AMBER,v4_amber_MLLB_000_y103_0922_1155,3.0,2.998,6,100,16,kaba,True,,280.0,46.0,722.0,1002.0,1.007,10.006,9.932,0.7737,True,,False,ON,935.0,2.5,9.5
2026-09-22 16:17:45,MLLB_000_y1.0.3,AMBER,v4_amber_MLLB_000_y103_0922_1155,3.0,2.998,6,100,20,kaba,True,,196.0,46.0,806.0,1002.0,1.01,10.028,9.93,0.7743,True,,False,ON,935.0,2.5,9.5
2026-09-22 16:18:01,MLLB_000_y1.0.3,AMBER,v4_amber_MLLB_000_y103_0922_1155,3.0,2.998,6,100,24,kaba,True,,110.0,46.0,892.0,1002.0,1.012,10.074,9.959,0.7738,True,,False,ON,935.0,2.5,9.5
2026-09-22 16:18:17,MLLB_000_y1.0.3,AMBER,v4_amber_MLLB_000_y103_0922_1155,3.0,2.998,6,100,28,kaba,True,,34.0,28.0,968.0,1002.0,1.067,10.623,9.959,0.7744,True,,True,,935.0,2.5,9.5
2026-09-22 16:18:33,MLLB_000_y1.0.3,AMBER,v4_amber_MLLB_000_y103_0922_1155,3.0,2.998,6,100,32,kaba,True,,34.0,28.0,968.0,1002.0,13.461,134.267,9.975,0.7739,True,,False,FLAS,935.0,2.5,9.5
2026-09-22 16:18:49,MLLB_000_y1.0.3,AMBER,v4_amber_MLLB_000_y103_0922_1155,3.0,2.998,6,100,25,ince,True,,88.0,44.0,914.0,1002.0,0.992,9.892,9.969,0.7739,True,,False,ON,935.0,2.5,9.5
2026-09-22 16:19:05,MLLB_000_y1.0.3,AMBER,v4_amber_MLLB_000_y103_0922_1155,3.0,2.998,6,100,26,ince,True,,66.0,50.0,936.0,1002.0,0.967,9.641,9.974,0.7733,True,,True,,935.0,2.5,9.5
2026-09-22 16:19:21,MLLB_000_y1.0.3,AMBER,v4_amber_MLLB_000_y103_0922_1155,3.0,2.998,6,100,27,ince,True,,42.0,46.0,960.0,1002.0,1.08,10.76,9.96,0.7734,True,,True,,935.0,2.5,9.5
2026-09-22 16:19:37,MLLB_000_y1.0.3,AMBER,v4_amber_MLLB_000_y103_0922_1155,3.0,2.998,6,100,29,ince,True,,34.0,28.0,968.0,1002.0,2.046,20.388,9.967,0.7744,True,,True,,935.0,2.5,9.5
2026-09-22 16:19:53,MLLB_000_y1.0.3,AMBER,v4_amber_MLLB_000_y103_0922_1155,3.0,2.998,6,100,30,ince,True,,34.0,28.0,968.0,1002.0,7.915,78.902,9.968,0.7738,True,,False,FLAS,935.0,2.5,9.5
2026-09-22 16:20:09,MLLB_000_y1.0.3,AMBER,v4_amber_MLLB_000_y103_0922_1155,3.0,2.998,6,100,31,ince,True,,34.0,28.0,968.0,1002.0,10.826,107.837,9.961,0.7733,True,,False,FLAS,935.0,2.5,9.5
2026-09-22 16:20:10,MLLB_000_y1.0.3,AMBER,v4_amber_MLLB_000_y103_0922_1155,3.0,2.998,6,100,,bitti,False,,,,,,,,,,,,,,935.0,2.5,9.5
2026-09-22 16:20:25,MLLB_000_y1.0.3,AMBER,v4_amber_MLLB_000_y103_0922_1155,3.0,2.998,6,80,12,kaba,True,,406.0,44.0,596.0,1002.0,1.047,10.325,9.86,0.7733,True,,False,ON,935.0,2.5,9.5
2026-09-22 16:20:41,MLLB_000_y1.0.3,AMBER,v4_amber_MLLB_000_y103_0922_1155,3.0,2.998,6,80,16,kaba,True,,338.0,46.0,664.0,1002.0,1.039,10.257,9.876,0.7746,True,,False,ON,935.0,2.5,9.5
2026-09-22 16:20:57,MLLB_000_y1.0.3,AMBER,v4_amber_MLLB_000_y103_0922_1155,3.0,2.998,6,80,20,kaba,True,,270.0,50.0,732.0,1002.0,1.046,10.371,9.913,0.774,True,,False,ON,935.0,2.5,9.5
2026-09-22 16:21:13,MLLB_000_y1.0.3,AMBER,v4_amber_MLLB_000_y103_0922_1155,3.0,2.998,6,80,24,kaba,True,,202.0,46.0,800.0,1002.0,1.046,10.371,9.912,0.773,True,,False,ON,935.0,2.5,9.5
2026-09-22 16:21:29,MLLB_000_y1.0.3,AMBER,v4_amber_MLLB_000_y103_0922_1155,3.0,2.998,6,80,28,kaba,True,,132.0,44.0,870.0,1002.0,1.031,10.257,9.949,0.7733,True,,False,ON,935.0,2.5,9.5
2026-09-22 16:21:45,MLLB_000_y1.0.3,AMBER,v4_amber_MLLB_000_y103_0922_1155,3.0,2.998,6,80,32,kaba,True,,60.0,44.0,942.0,1002.0,1.023,10.165,9.938,0.774,True,,True,,935.0,2.5,9.5
2026-09-22 16:22:01,MLLB_000_y1.0.3,AMBER,v4_amber_MLLB_000_y103_0922_1155,3.0,2.998,6,80,36,kaba,True,,42.0,28.0,960.0,1002.0,5.209,51.88,9.959,0.7736,True,,False,FLAS,935.0,2.5,9.5
2026-09-22 16:22:17,MLLB_000_y1.0.3,AMBER,v4_amber_MLLB_000_y103_0922_1155,3.0,2.998,6,80,29,ince,True,,114.0,46.0,888.0,1002.0,1.032,10.28,9.961,0.774,True,,False,ON,935.0,2.5,9.5
2026-09-22 16:22:33,MLLB_000_y1.0.3,AMBER,v4_amber_MLLB_000_y103_0922_1155,3.0,2.998,6,80,30,ince,True,,96.0,44.0,906.0,1002.0,1.023,10.166,9.941,0.7743,True,,False,ON,935.0,2.5,9.5
2026-09-22 16:22:49,MLLB_000_y1.0.3,AMBER,v4_amber_MLLB_000_y103_0922_1155,3.0,2.998,6,80,31,ince,True,,78.0,48.0,924.0,1002.0,1.004,10.005,9.966,0.7731,True,,False,ON,935.0,2.5,9.5
2026-09-22 16:23:05,MLLB_000_y1.0.3,AMBER,v4_amber_MLLB_000_y103_0922_1155,3.0,2.998,6,80,33,ince,True,,44.0,36.0,958.0,1002.0,1.062,10.577,9.958,0.7736,True,,True,,935.0,2.5,9.5
2026-09-22 16:23:21,MLLB_000_y1.0.3,AMBER,v4_amber_MLLB_000_y103_0922_1155,3.0,2.998,6,80,34,ince,True,,42.0,28.0,960.0,1002.0,1.069,10.645,9.961,0.7739,True,,True,,935.0,2.5,9.5
2026-09-22 16:23:37,MLLB_000_y1.0.3,AMBER,v4_amber_MLLB_000_y103_0922_1155,3.0,2.998,6,80,35,ince,True,,42.0,28.0,960.0,1002.0,1.993,19.812,9.94,0.7735,True,,True,,935.0,2.5,9.5
2026-09-22 16:23:38,MLLB_000_y1.0.3,AMBER,v4_amber_MLLB_000_y103_0922_1155,3.0,2.998,6,80,,bitti,False,,,,,,,,,,,,,,935.0,2.5,9.5
2026-09-22 16:23:53,MLLB_000_y1.0.3,AMBER,v4_amber_MLLB_000_y103_0922_1155,3.0,2.998,6,60,12,kaba,True,,450.0,48.0,552.0,1002.0,1.051,10.348,9.844,0.7743,True,,False,ON,935.0,2.5,9.5
2026-09-22 16:24:09,MLLB_000_y1.0.3,AMBER,v4_amber_MLLB_000_y103_0922_1155,3.0,2.998,6,60,16,kaba,True,,402.0,44.0,600.0,1002.0,1.056,10.394,9.84,0.774,True,,False,ON,935.0,2.5,9.5
2026-09-22 16:24:25,MLLB_000_y1.0.3,AMBER,v4_amber_MLLB_000_y103_0922_1155,3.0,2.998,6,60,20,kaba,True,,352.0,44.0,650.0,1002.0,1.038,10.234,9.858,0.7738,True,,False,ON,935.0,2.5,9.5
2026-09-22 16:24:41,MLLB_000_y1.0.3,AMBER,v4_amber_MLLB_000_y103_0922_1155,3.0,2.998,6,60,24,kaba,True,,302.0,46.0,700.0,1002.0,1.036,10.234,9.874,0.7736,True,,False,ON,935.0,2.5,9.5
2026-09-22 16:24:57,MLLB_000_y1.0.3,AMBER,v4_amber_MLLB_000_y103_0922_1155,3.0,2.998,6,60,28,kaba,True,,252.0,44.0,750.0,1002.0,1.053,10.417,9.894,0.7743,True,,False,ON,935.0,2.5,9.5
2026-09-22 16:25:13,MLLB_000_y1.0.3,AMBER,v4_amber_MLLB_000_y103_0922_1155,3.0,2.998,6,60,32,kaba,True,,202.0,44.0,800.0,1002.0,1.066,10.577,9.923,0.7743,True,,False,ON,935.0,2.5,9.5
2026-09-22 16:25:29,MLLB_000_y1.0.3,AMBER,v4_amber_MLLB_000_y103_0922_1155,3.0,2.998,6,60,36,kaba,True,,150.0,50.0,852.0,1002.0,1.053,10.462,9.938,0.7742,True,,False,ON,935.0,2.5,9.5
2026-09-22 16:25:45,MLLB_000_y1.0.3,AMBER,v4_amber_MLLB_000_y103_0922_1155,3.0,2.998,6,60,40,kaba,True,,98.0,46.0,904.0,1002.0,1.033,10.28,9.952,0.7738,True,,False,ON,935.0,2.5,9.5
2026-09-22 16:26:01,MLLB_000_y1.0.3,AMBER,v4_amber_MLLB_000_y103_0922_1155,3.0,2.998,6,60,44,kaba,True,,50.0,32.0,952.0,1002.0,1.076,10.714,9.955,0.7744,True,,True,,935.0,2.5,9.5
2026-09-22 16:26:17,MLLB_000_y1.0.3,AMBER,v4_amber_MLLB_000_y103_0922_1155,3.0,2.998,6,60,48,kaba,True,,50.0,32.0,952.0,1002.0,7.627,75.903,9.952,0.7738,True,,False,FLAS,935.0,2.5,9.5
2026-09-22 16:26:33,MLLB_000_y1.0.3,AMBER,v4_amber_MLLB_000_y103_0922_1155,3.0,2.998,6,60,41,ince,True,,84.0,48.0,918.0,1002.0,1.006,10.028,9.969,0.7737,True,,False,ON,935.0,2.5,9.5
2026-09-22 16:26:49,MLLB_000_y1.0.3,AMBER,v4_amber_MLLB_000_y103_0922_1155,3.0,2.998,6,60,42,ince,True,,72.0,44.0,930.0,1002.0,1.035,10.302,9.953,0.7743,True,,False,ON,935.0,2.5,9.5
2026-09-22 16:27:05,MLLB_000_y1.0.3,AMBER,v4_amber_MLLB_000_y103_0922_1155,3.0,2.998,6,60,43,ince,True,,56.0,46.0,946.0,1002.0,1.05,10.462,9.96,0.7735,True,,True,,935.0,2.5,9.5
2026-09-22 16:27:21,MLLB_000_y1.0.3,AMBER,v4_amber_MLLB_000_y103_0922_1155,3.0,2.998,6,60,45,ince,True,,50.0,32.0,952.0,1002.0,1.074,10.668,9.932,0.7744,True,,True,,935.0,2.5,9.5
2026-09-22 16:27:37,MLLB_000_y1.0.3,AMBER,v4_amber_MLLB_000_y103_0922_1155,3.0,2.998,6,60,46,ince,True,,50.0,32.0,952.0,1002.0,1.736,17.285,9.958,0.7733,True,,True,,935.0,2.5,9.5
2026-09-22 16:27:53,MLLB_000_y1.0.3,AMBER,v4_amber_MLLB_000_y103_0922_1155,3.0,2.998,6,60,47,ince,True,,50.0,32.0,952.0,1002.0,3.113,30.993,9.957,0.7743,True,,False,FLAS,935.0,2.5,9.5
2026-09-22 16:27:54,MLLB_000_y1.0.3,AMBER,v4_amber_MLLB_000_y103_0922_1155,3.0,2.998,6,60,,bitti,False,,,,,,,,,,,,,,935.0,2.5,9.5
2026-09-22 16:28:15,MLLB_000_y1.0.3,AMBER,v4_amber_MLLB_000_y103_0922_1155,3.0,2.998,7,100,12,kaba,True,,300.0,42.0,702.0,1002.0,1.068,13.042,12.214,0.7734,True,,False,ON,935.0,2.5,9.5
2026-09-22 16:28:31,MLLB_000_y1.0.3,AMBER,v4_amber_MLLB_000_y103_0922_1155,3.0,2.998,7,100,16,kaba,True,,232.0,42.0,770.0,1002.0,1.063,12.995,12.22,0.774,True,,False,ON,935.0,2.5,9.5
2026-09-22 16:28:47,MLLB_000_y1.0.3,AMBER,v4_amber_MLLB_000_y103_0922_1155,3.0,2.998,7,100,20,kaba,True,,166.0,40.0,836.0,1002.0,1.055,12.926,12.25,0.7741,True,,False,ON,935.0,2.5,9.5
2026-09-22 16:29:03,MLLB_000_y1.0.3,AMBER,v4_amber_MLLB_000_y103_0922_1155,3.0,2.998,7,100,24,kaba,True,,94.0,40.0,908.0,1002.0,1.055,12.949,12.279,0.7733,True,,False,ON,935.0,2.5,9.5
2026-09-22 16:29:19,MLLB_000_y1.0.3,AMBER,v4_amber_MLLB_000_y103_0922_1155,3.0,2.998,7,100,28,kaba,True,,34.0,28.0,968.0,1002.0,1.053,12.949,12.293,0.7738,True,,True,,935.0,2.5,9.5
2026-09-22 16:29:35,MLLB_000_y1.0.3,AMBER,v4_amber_MLLB_000_y103_0922_1155,3.0,2.998,7,100,32,kaba,True,,34.0,30.0,968.0,1002.0,10.845,133.132,12.275,0.7737,True,,False,FLAS,935.0,2.5,9.5
2026-09-22 16:29:51,MLLB_000_y1.0.3,AMBER,v4_amber_MLLB_000_y103_0922_1155,3.0,2.998,7,100,25,ince,True,,78.0,40.0,924.0,1002.0,1.051,12.903,12.275,0.7737,True,,False,ON,935.0,2.5,9.5
2026-09-22 16:30:07,MLLB_000_y1.0.3,AMBER,v4_amber_MLLB_000_y103_0922_1155,3.0,2.998,7,100,26,ince,True,,60.0,40.0,942.0,1002.0,1.054,12.949,12.282,0.7736,True,,True,,935.0,2.5,9.5
2026-09-22 16:30:23,MLLB_000_y1.0.3,AMBER,v4_amber_MLLB_000_y103_0922_1155,3.0,2.998,7,100,27,ince,True,,40.0,40.0,962.0,1002.0,1.056,12.949,12.263,0.7738,True,,True,,935.0,2.5,9.5
2026-09-22 16:30:39,MLLB_000_y1.0.3,AMBER,v4_amber_MLLB_000_y103_0922_1155,3.0,2.998,7,100,29,ince,True,,34.0,30.0,968.0,1002.0,1.584,19.476,12.295,0.7744,True,,True,,935.0,2.5,9.5
2026-09-22 16:30:55,MLLB_000_y1.0.3,AMBER,v4_amber_MLLB_000_y103_0922_1155,3.0,2.998,7,100,30,ince,True,,34.0,28.0,968.0,1002.0,6.206,76.278,12.291,0.7742,True,,False,FLAS,935.0,2.5,9.5
2026-09-22 16:31:11,MLLB_000_y1.0.3,AMBER,v4_amber_MLLB_000_y103_0922_1155,3.0,2.998,7,100,31,ince,True,,34.0,30.0,968.0,1002.0,8.693,106.707,12.275,0.7737,True,,False,FLAS,935.0,2.5,9.5
2026-09-22 16:31:12,MLLB_000_y1.0.3,AMBER,v4_amber_MLLB_000_y103_0922_1155,3.0,2.998,7,100,,bitti,False,,,,,,,,,,,,,,935.0,2.5,9.5
2026-09-22 16:31:27,MLLB_000_y1.0.3,AMBER,v4_amber_MLLB_000_y103_0922_1155,3.0,2.998,7,80,12,kaba,True,,334.0,40.0,668.0,1002.0,1.066,12.972,12.172,0.7738,True,,False,ON,935.0,2.5,9.5
2026-09-22 16:31:43,MLLB_000_y1.0.3,AMBER,v4_amber_MLLB_000_y103_0922_1155,3.0,2.998,7,80,16,kaba,True,,278.0,40.0,724.0,1002.0,1.06,12.949,12.218,0.774,True,,False,ON,935.0,2.5,9.5
2026-09-22 16:31:59,MLLB_000_y1.0.3,AMBER,v4_amber_MLLB_000_y103_0922_1155,3.0,2.998,7,80,20,kaba,True,,224.0,40.0,778.0,1002.0,1.061,12.995,12.248,0.7732,True,,False,ON,935.0,2.5,9.5
2026-09-22 16:32:15,MLLB_000_y1.0.3,AMBER,v4_amber_MLLB_000_y103_0922_1155,3.0,2.998,7,80,24,kaba,True,,170.0,42.0,832.0,1002.0,1.058,12.949,12.234,0.7735,True,,False,ON,935.0,2.5,9.5
2026-09-22 16:32:31,MLLB_000_y1.0.3,AMBER,v4_amber_MLLB_000_y103_0922_1155,3.0,2.998,7,80,28,kaba,True,,114.0,40.0,888.0,1002.0,1.057,12.949,12.254,0.7744,True,,False,ON,935.0,2.5,9.5
2026-09-22 16:32:47,MLLB_000_y1.0.3,AMBER,v4_amber_MLLB_000_y103_0922_1155,3.0,2.998,7,80,32,kaba,True,,56.0,42.0,946.0,1002.0,1.047,12.856,12.276,0.774,True,,True,,935.0,2.5,9.5
2026-09-22 16:33:03,MLLB_000_y1.0.3,AMBER,v4_amber_MLLB_000_y103_0922_1155,3.0,2.998,7,80,36,kaba,True,,42.0,28.0,960.0,1002.0,3.956,48.575,12.279,0.7735,True,,False,FLAS,935.0,2.5,9.5
2026-09-22 16:33:19,MLLB_000_y1.0.3,AMBER,v4_amber_MLLB_000_y103_0922_1155,3.0,2.998,7,80,40,kaba,True,,42.0,28.0,960.0,1002.0,11.295,138.431,12.256,0.7738,True,,False,FLAS,935.0,2.5,9.5
2026-09-22 16:33:35,MLLB_000_y1.0.3,AMBER,v4_amber_MLLB_000_y103_0922_1155,3.0,2.998,7,80,29,ince,True,,100.0,42.0,902.0,1002.0,1.056,12.949,12.262,0.7732,True,,False,ON,935.0,2.5,9.5
2026-09-22 16:33:51,MLLB_000_y1.0.3,AMBER,v4_amber_MLLB_000_y103_0922_1155,3.0,2.998,7,80,30,ince,True,,86.0,40.0,916.0,1002.0,1.054,12.926,12.269,0.7744,True,,False,ON,935.0,2.5,9.5
2026-09-22 16:34:07,MLLB_000_y1.0.3,AMBER,v4_amber_MLLB_000_y103_0922_1155,3.0,2.998,7,80,31,ince,True,,70.0,40.0,932.0,1002.0,1.052,12.903,12.266,0.7733,True,,False,ON,935.0,2.5,9.5
2026-09-22 16:34:23,MLLB_000_y1.0.3,AMBER,v4_amber_MLLB_000_y103_0922_1155,3.0,2.998,7,80,33,ince,True,,44.0,38.0,958.0,1002.0,1.055,12.949,12.274,0.7741,True,,True,,935.0,2.5,9.5
2026-09-22 16:34:39,MLLB_000_y1.0.3,AMBER,v4_amber_MLLB_000_y103_0922_1155,3.0,2.998,7,80,34,ince,True,,42.0,28.0,960.0,1002.0,1.045,12.81,12.256,0.7736,True,,True,,935.0,2.5,9.5
2026-09-22 17:09:02,MLLB_000_y1.0.3,AMBER,v4_amber_MLLB_000_y103_0922_1155,3.0,3.0,7,80,12,kaba,True,,368.0,64.0,634.0,1002.0,1.075,13.088,12.171,0.7751,True,,False,ON,935.0,2.5,9.5
2026-09-22 17:09:18,MLLB_000_y1.0.3,AMBER,v4_amber_MLLB_000_y103_0922_1155,3.0,3.0,7,80,16,kaba,True,,312.0,62.0,690.0,1002.0,1.078,13.134,12.187,0.7744,True,,False,ON,935.0,2.5,9.5
2026-09-22 17:09:34,MLLB_000_y1.0.3,AMBER,v4_amber_MLLB_000_y103_0922_1155,3.0,3.0,7,80,20,kaba,True,,258.0,60.0,744.0,1002.0,1.067,13.019,12.207,0.7753,True,,False,ON,935.0,2.5,9.5
2026-09-22 17:09:50,MLLB_000_y1.0.3,AMBER,v4_amber_MLLB_000_y103_0922_1155,3.0,3.0,7,80,24,kaba,True,,204.0,64.0,798.0,1002.0,1.066,13.019,12.215,0.7752,True,,False,ON,935.0,2.5,9.5
2026-09-22 17:10:06,MLLB_000_y1.0.3,AMBER,v4_amber_MLLB_000_y103_0922_1155,3.0,3.0,7,80,28,kaba,True,,146.0,64.0,856.0,1002.0,1.061,13.019,12.264,0.7746,True,,False,ON,935.0,2.5,9.5
2026-09-22 17:10:22,MLLB_000_y1.0.3,AMBER,v4_amber_MLLB_000_y103_0922_1155,3.0,3.0,7,80,32,kaba,True,,92.0,64.0,910.0,1002.0,1.065,13.065,12.265,0.775,True,,False,ON,935.0,2.5,9.5
2026-09-22 17:10:38,MLLB_000_y1.0.3,AMBER,v4_amber_MLLB_000_y103_0922_1155,3.0,3.0,7,80,36,kaba,True,,42.0,28.0,960.0,1002.0,2.473,30.362,12.276,0.7753,True,,True,,935.0,2.5,9.5
2026-09-22 17:10:54,MLLB_000_y1.0.3,AMBER,v4_amber_MLLB_000_y103_0922_1155,3.0,3.0,7,80,40,kaba,True,,42.0,28.0,960.0,1002.0,8.531,104.449,12.243,0.7756,True,,False,FLAS,935.0,2.5,9.5
2026-09-22 17:11:10,MLLB_000_y1.0.3,AMBER,v4_amber_MLLB_000_y103_0922_1155,3.0,3.0,7,80,33,ince,True,,76.0,64.0,926.0,1002.0,1.036,12.717,12.271,0.7743,True,,False,ON,935.0,2.5,9.5
2026-09-22 17:11:26,MLLB_000_y1.0.3,AMBER,v4_amber_MLLB_000_y103_0922_1155,3.0,3.0,7,80,34,ince,True,,60.0,54.0,942.0,1002.0,1.024,12.555,12.259,0.7747,True,,True,,935.0,2.5,9.5
2026-09-22 17:11:41,MLLB_000_y1.0.3,AMBER,v4_amber_MLLB_000_y103_0922_1155,3.0,3.0,7,80,35,ince,True,,42.0,28.0,960.0,1002.0,1.022,12.532,12.267,0.775,True,,True,,935.0,2.5,9.5
2026-09-22 17:11:58,MLLB_000_y1.0.3,AMBER,v4_amber_MLLB_000_y103_0922_1155,3.0,3.0,7,80,37,ince,True,,42.0,28.0,960.0,1002.0,4.731,58.022,12.266,0.7746,True,,False,FLAS,935.0,2.5,9.5
2026-09-22 17:12:14,MLLB_000_y1.0.3,AMBER,v4_amber_MLLB_000_y103_0922_1155,3.0,3.0,7,80,38,ince,True,,42.0,28.0,960.0,1002.0,6.622,81.152,12.255,0.7754,True,,False,FLAS,935.0,2.5,9.5
2026-09-22 17:12:30,MLLB_000_y1.0.3,AMBER,v4_amber_MLLB_000_y103_0922_1155,3.0,3.0,7,80,39,ince,True,,42.0,28.0,960.0,1002.0,7.57,92.788,12.257,0.7748,True,,False,FLAS,935.0,2.5,9.5
2026-09-22 17:12:30,MLLB_000_y1.0.3,AMBER,v4_amber_MLLB_000_y103_0922_1155,3.0,3.0,7,80,,bitti,False,,,,,,,,,,,,,,935.0,2.5,9.5
2026-09-22 17:12:46,MLLB_000_y1.0.3,AMBER,v4_amber_MLLB_000_y103_0922_1155,3.0,3.0,7,60,12,kaba,True,,402.0,64.0,600.0,1002.0,1.075,13.042,12.127,0.775,True,,False,ON,935.0,2.5,9.5
2026-09-22 17:13:02,MLLB_000_y1.0.3,AMBER,v4_amber_MLLB_000_y103_0922_1155,3.0,3.0,7,60,16,kaba,True,,364.0,66.0,638.0,1002.0,1.08,13.134,12.164,0.7749,True,,False,ON,935.0,2.5,9.5
2026-09-22 17:13:18,MLLB_000_y1.0.3,AMBER,v4_amber_MLLB_000_y103_0922_1155,3.0,3.0,7,60,20,kaba,True,,326.0,64.0,676.0,1002.0,1.077,13.111,12.175,0.7754,True,,False,ON,935.0,2.5,9.5
2026-09-22 17:13:34,MLLB_000_y1.0.3,AMBER,v4_amber_MLLB_000_y103_0922_1155,3.0,3.0,7,60,24,kaba,True,,286.0,62.0,716.0,1002.0,1.071,13.042,12.178,0.7748,True,,False,ON,935.0,2.5,9.5
2026-09-22 17:13:50,MLLB_000_y1.0.3,AMBER,v4_amber_MLLB_000_y103_0922_1155,3.0,3.0,7,60,28,kaba,True,,244.0,62.0,758.0,1002.0,1.077,13.158,12.221,0.7754,True,,False,ON,935.0,2.5,9.5
2026-09-22 17:14:06,MLLB_000_y1.0.3,AMBER,v4_amber_MLLB_000_y103_0922_1155,3.0,3.0,7,60,32,kaba,True,,202.0,62.0,800.0,1002.0,1.068,13.042,12.21,0.7751,True,,False,ON,935.0,2.5,9.5
2026-09-22 17:14:22,MLLB_000_y1.0.3,AMBER,v4_amber_MLLB_000_y103_0922_1155,3.0,3.0,7,60,36,kaba,True,,162.0,64.0,840.0,1002.0,1.06,12.995,12.255,0.7752,True,,False,ON,935.0,2.5,9.5
2026-09-22 17:14:38,MLLB_000_y1.0.3,AMBER,v4_amber_MLLB_000_y103_0922_1155,3.0,3.0,7,60,40,kaba,True,,122.0,66.0,880.0,1002.0,1.054,12.926,12.267,0.7756,True,,False,ON,935.0,2.5,9.5
2026-09-22 17:14:54,MLLB_000_y1.0.3,AMBER,v4_amber_MLLB_000_y103_0922_1155,3.0,3.0,7,60,44,kaba,True,,80.0,60.0,922.0,1002.0,1.056,12.926,12.243,0.7752,True,,False,ON,935.0,2.5,9.5
2026-09-22 17:15:10,MLLB_000_y1.0.3,AMBER,v4_amber_MLLB_000_y103_0922_1155,3.0,3.0,7,60,48,kaba,True,,54.0,28.0,948.0,1002.0,3.529,43.256,12.259,0.7746,True,,False,FLAS,935.0,2.5,9.5
2026-09-22 17:15:26,MLLB_000_y1.0.3,AMBER,v4_amber_MLLB_000_y103_0922_1155,3.0,3.0,7,60,50,kaba,True,,54.0,28.0,948.0,1002.0,6.198,75.905,12.246,0.7748,True,,False,FLAS,935.0,2.5,9.5
2026-09-22 17:15:26,MLLB_000_y1.0.3,AMBER,v4_amber_MLLB_000_y103_0922_1155,3.0,3.0,7,60,,bitti,False,,,,,,,,,,,,,,935.0,2.5,9.5
2026-09-22 17:16:04,MLLB_000_y1.0.3,AMBER,v4_amber_MLLB_000_y103_0922_1155,3.0,3.0,8,100,12,kaba,True,,280.0,52.0,722.0,1002.0,1.037,15.14,14.606,0.7747,True,,False,ON,935.0,2.5,9.5
2026-09-22 17:16:20,MLLB_000_y1.0.3,AMBER,v4_amber_MLLB_000_y103_0922_1155,3.0,3.0,8,100,16,kaba,True,,222.0,52.0,780.0,1002.0,1.035,15.14,14.63,0.7744,True,,False,ON,935.0,2.5,9.5
2026-09-22 17:16:36,MLLB_000_y1.0.3,AMBER,v4_amber_MLLB_000_y103_0922_1155,3.0,3.0,8,100,20,kaba,True,,168.0,50.0,834.0,1002.0,1.027,15.07,14.666,0.7751,True,,False,ON,935.0,2.5,9.5
2026-09-22 17:16:51,MLLB_000_y1.0.3,AMBER,v4_amber_MLLB_000_y103_0922_1155,3.0,3.0,8,100,24,kaba,True,,110.0,52.0,892.0,1002.0,1.023,15.023,14.678,0.7758,True,,False,ON,935.0,2.5,9.5
2026-09-22 17:17:08,MLLB_000_y1.0.3,AMBER,v4_amber_MLLB_000_y103_0922_1155,3.0,3.0,8,100,28,kaba,True,,50.0,44.0,952.0,1002.0,1.026,15.046,14.671,0.7749,True,,True,,935.0,2.5,9.5
2026-09-22 17:17:24,MLLB_000_y1.0.3,AMBER,v4_amber_MLLB_000_y103_0922_1155,3.0,3.0,8,100,32,kaba,True,,38.0,28.0,964.0,1002.0,6.427,94.291,14.671,0.7752,True,,False,FLAS,935.0,2.5,9.5
2026-09-22 17:17:40,MLLB_000_y1.0.3,AMBER,v4_amber_MLLB_000_y103_0922_1155,3.0,3.0,8,100,25,ince,True,,98.0,56.0,904.0,1002.0,1.031,15.14,14.684,0.7757,True,,False,ON,935.0,2.5,9.5
2026-09-22 17:17:56,MLLB_000_y1.0.3,AMBER,v4_amber_MLLB_000_y103_0922_1155,3.0,3.0,8,100,26,ince,True,,82.0,54.0,920.0,1002.0,1.036,15.187,14.665,0.7749,True,,False,ON,935.0,2.5,9.5
2026-09-22 17:18:12,MLLB_000_y1.0.3,AMBER,v4_amber_MLLB_000_y103_0922_1155,3.0,3.0,8,100,27,ince,True,,66.0,52.0,936.0,1002.0,1.027,15.07,14.668,0.7755,True,,True,,935.0,2.5,9.5
2026-09-22 17:18:28,MLLB_000_y1.0.3,AMBER,v4_amber_MLLB_000_y103_0922_1155,3.0,3.0,8,100,29,ince,True,,38.0,28.0,964.0,1002.0,1.028,15.093,14.687,0.7758,True,,True,,935.0,2.5,9.5
2026-09-22 17:18:44,MLLB_000_y1.0.3,AMBER,v4_amber_MLLB_000_y103_0922_1155,3.0,3.0,8,100,30,ince,True,,38.0,28.0,964.0,1002.0,2.973,43.628,14.674,0.7761,True,,False,FLAS,935.0,2.5,9.5
2026-09-22 17:19:00,MLLB_000_y1.0.3,AMBER,v4_amber_MLLB_000_y103_0922_1155,3.0,3.0,8,100,31,ince,True,,38.0,28.0,964.0,1002.0,5.226,76.653,14.668,0.7751,True,,False,FLAS,935.0,2.5,9.5
2026-09-22 17:19:00,MLLB_000_y1.0.3,AMBER,v4_amber_MLLB_000_y103_0922_1155,3.0,3.0,8,100,,bitti,False,,,,,,,,,,,,,,935.0,2.5,9.5
2026-09-22 17:19:16,MLLB_000_y1.0.3,AMBER,v4_amber_MLLB_000_y103_0922_1155,3.0,3.0,8,80,12,kaba,True,,306.0,52.0,696.0,1002.0,1.037,15.14,14.597,0.775,True,,False,ON,935.0,2.5,9.5
2026-09-22 17:19:31,MLLB_000_y1.0.3,AMBER,v4_amber_MLLB_000_y103_0922_1155,3.0,3.0,8,80,16,kaba,True,,262.0,52.0,740.0,1002.0,1.039,15.187,14.619,0.7753,True,,False,ON,935.0,2.5,9.5
2026-09-22 17:19:48,MLLB_000_y1.0.3,AMBER,v4_amber_MLLB_000_y103_0922_1155,3.0,3.0,8,80,20,kaba,True,,218.0,54.0,784.0,1002.0,1.033,15.116,14.63,0.7749,True,,False,ON,935.0,2.5,9.5
2026-09-22 17:20:04,MLLB_000_y1.0.3,AMBER,v4_amber_MLLB_000_y103_0922_1155,3.0,3.0,8,80,24,kaba,True,,170.0,50.0,832.0,1002.0,1.036,15.187,14.658,0.7749,True,,False,ON,935.0,2.5,9.5
2026-09-22 17:20:20,MLLB_000_y1.0.3,AMBER,v4_amber_MLLB_000_y103_0922_1155,3.0,3.0,8,80,28,kaba,True,,126.0,54.0,876.0,1002.0,1.03,15.093,14.655,0.7752,True,,False,ON,935.0,2.5,9.5
2026-09-22 17:20:36,MLLB_000_y1.0.3,AMBER,v4_amber_MLLB_000_y103_0922_1155,3.0,3.0,8,80,32,kaba,True,,80.0,52.0,922.0,1002.0,1.022,14.999,14.673,0.775,True,,False,ON,935.0,2.5,9.5
2026-09-22 17:20:52,MLLB_000_y1.0.3,AMBER,v4_amber_MLLB_000_y103_0922_1155,3.0,3.0,8,80,36,kaba,True,,42.0,28.0,960.0,1002.0,2.207,32.412,14.684,0.7753,True,,True,,935.0,2.5,9.5
2026-09-22 17:21:08,MLLB_000_y1.0.3,AMBER,v4_amber_MLLB_000_y103_0922_1155,3.0,3.0,8,80,40,kaba,True,,42.0,28.0,960.0,1002.0,6.965,102.189,14.672,0.7752,True,,False,FLAS,935.0,2.5,9.5
2026-09-22 17:21:24,MLLB_000_y1.0.3,AMBER,v4_amber_MLLB_000_y103_0922_1155,3.0,3.0,8,80,33,ince,True,,66.0,52.0,936.0,1002.0,1.035,15.234,14.712,0.775,True,,True,,935.0,2.5,9.5
2026-09-22 17:21:40,MLLB_000_y1.0.3,AMBER,v4_amber_MLLB_000_y103_0922_1155,3.0,3.0,8,80,34,ince,True,,54.0,44.0,948.0,1002.0,1.04,15.28,14.698,0.7747,True,,True,,935.0,2.5,9.5
2026-09-22 17:21:56,MLLB_000_y1.0.3,AMBER,v4_amber_MLLB_000_y103_0922_1155,3.0,3.0,8,80,35,ince,True,,42.0,28.0,960.0,1002.0,1.064,15.633,14.697,0.7754,True,,True,,935.0,2.5,9.5
2026-09-22 17:22:12,MLLB_000_y1.0.3,AMBER,v4_amber_MLLB_000_y103_0922_1155,3.0,3.0,8,80,37,ince,True,,42.0,28.0,960.0,1002.0,5.163,75.904,14.701,0.7752,True,,False,FLAS,935.0,2.5,9.5
2026-09-22 17:22:28,MLLB_000_y1.0.3,AMBER,v4_amber_MLLB_000_y103_0922_1155,3.0,3.0,8,80,38,ince,True,,42.0,28.0,960.0,1002.0,6.362,93.54,14.703,0.7747,True,,False,FLAS,935.0,2.5,9.5
2026-09-22 17:22:44,MLLB_000_y1.0.3,AMBER,v4_amber_MLLB_000_y103_0922_1155,3.0,3.0,8,80,39,ince,True,,42.0,28.0,960.0,1002.0,6.263,92.041,14.696,0.7754,True,,False,FLAS,935.0,2.5,9.5
2026-09-22 17:22:44,MLLB_000_y1.0.3,AMBER,v4_amber_MLLB_000_y103_0922_1155,3.0,3.0,8,80,,bitti,False,,,,,,,,,,,,,,935.0,2.5,9.5
2026-09-22 17:23:00,MLLB_000_y1.0.3,AMBER,v4_amber_MLLB_000_y103_0922_1155,3.0,3.0,8,60,12,kaba,True,,338.0,52.0,664.0,1002.0,1.043,15.187,14.557,0.7753,True,,False,ON,935.0,2.5,9.5
2026-09-22 17:23:16,MLLB_000_y1.0.3,AMBER,v4_amber_MLLB_000_y103_0922_1155,3.0,3.0,8,60,16,kaba,True,,306.0,54.0,696.0,1002.0,1.043,15.234,14.601,0.7755,True,,False,ON,935.0,2.5,9.5
2026-09-22 17:23:32,MLLB_000_y1.0.3,AMBER,v4_amber_MLLB_000_y103_0922_1155,3.0,3.0,8,60,20,kaba,True,,274.0,54.0,728.0,1002.0,1.035,15.116,14.609,0.776,True,,False,ON,935.0,2.5,9.5
2026-09-22 17:23:44,MLLB_000_y1.0.3,AMBER,v4_amber_MLLB_000_y103_0922_1155,3.0,3.0,8,60,24,kaba,True,,240.0,56.0,762.0,1002.0,1.042,15.234,14.618,0.7749,True,,False,ON,935.0,2.5,9.5
2026-09-22 17:24:00,MLLB_000_y1.0.3,AMBER,v4_amber_MLLB_000_y103_0922_1155,3.0,3.0,8,60,28,kaba,True,,206.0,50.0,796.0,1002.0,1.03,15.046,14.613,0.7744,True,,False,ON,935.0,2.5,9.5
2026-09-22 17:24:16,MLLB_000_y1.0.3,AMBER,v4_amber_MLLB_000_y103_0922_1155,3.0,3.0,8,60,32,kaba,True,,174.0,52.0,828.0,1002.0,1.034,15.14,14.645,0.7756,True,,False,ON,935.0,2.5,9.5
2026-09-22 17:24:32,MLLB_000_y1.0.3,AMBER,v4_amber_MLLB_000_y103_0922_1155,3.0,3.0,8,60,36,kaba,True,,142.0,52.0,860.0,1002.0,1.031,15.093,14.635,0.7263,True,,False,ON,935.0,2.5,9.5
2026-09-22 17:24:48,MLLB_000_y1.0.3,AMBER,v4_amber_MLLB_000_y103_0922_1155,3.0,3.0,8,60,40,kaba,True,,110.0,62.0,892.0,1002.0,1.022,14.999,14.677,0.7751,True,,False,ON,935.0,2.5,9.5
2026-09-22 17:25:04,MLLB_000_y1.0.3,AMBER,v4_amber_MLLB_000_y103_0922_1155,3.0,3.0,8,60,44,kaba,True,,76.0,54.0,926.0,1002.0,1.024,15.023,14.676,0.7753,True,,False,ON,935.0,2.5,9.5
2026-09-22 17:25:20,MLLB_000_y1.0.3,AMBER,v4_amber_MLLB_000_y103_0922_1155,3.0,3.0,8,60,48,kaba,True,,54.0,28.0,948.0,1002.0,2.906,42.645,14.674,0.7755,True,,False,FLAS,935.0,2.5,9.5
2026-09-22 17:25:36,MLLB_000_y1.0.3,AMBER,v4_amber_MLLB_000_y103_0922_1155,3.0,3.0,8,60,50,kaba,True,,54.0,28.0,948.0,1002.0,5.177,75.904,14.662,0.7755,True,,False,FLAS,935.0,2.5,9.5
2026-09-22 17:25:36,MLLB_000_y1.0.3,AMBER,v4_amber_MLLB_000_y103_0922_1155,3.0,3.0,8,60,,bitti,False,,,,,,,,,,,,,,935.0,2.5,9.5
2026-09-22 17:26:14,MLLB_000_y1.0.3,AMBER,v4_amber_MLLB_000_y103_0922_1155,3.0,3.0,10,100,12,kaba,True,,216.0,44.0,786.0,1002.0,1.034,20.22,19.564,0.7754,True,,False,ON,935.0,2.5,9.5
2026-09-22 17:26:30,MLLB_000_y1.0.3,AMBER,v4_amber_MLLB_000_y103_0922_1155,3.0,3.0,10,100,16,kaba,True,,174.0,40.0,828.0,1002.0,1.028,20.124,19.577,0.7751,True,,False,ON,935.0,2.5,9.5
2026-09-22 17:26:46,MLLB_000_y1.0.3,AMBER,v4_amber_MLLB_000_y103_0922_1155,3.0,3.0,10,100,20,kaba,True,,132.0,42.0,870.0,1002.0,1.031,20.196,19.595,0.7749,True,,False,ON,935.0,2.5,9.5
2026-09-22 17:27:02,MLLB_000_y1.0.3,AMBER,v4_amber_MLLB_000_y103_0922_1155,3.0,3.0,10,100,24,kaba,True,,90.0,42.0,912.0,1002.0,1.026,20.124,19.619,0.7751,True,,False,ON,935.0,2.5,9.5
2026-09-22 17:27:18,MLLB_000_y1.0.3,AMBER,v4_amber_MLLB_000_y103_0922_1155,3.0,3.0,10,100,28,kaba,True,,46.0,40.0,956.0,1002.0,1.027,20.196,19.656,0.7757,True,,True,,935.0,2.5,9.5
2026-09-22 17:27:33,MLLB_000_y1.0.3,AMBER,v4_amber_MLLB_000_y103_0922_1155,3.0,3.0,10,100,32,kaba,True,,38.0,28.0,964.0,1002.0,5.763,113.114,19.626,0.7752,True,,False,FLAS,935.0,2.5,9.5
2026-09-22 17:27:50,MLLB_000_y1.0.3,AMBER,v4_amber_MLLB_000_y103_0922_1155,3.0,3.0,10,100,25,ince,True,,80.0,42.0,922.0,1002.0,1.024,20.076,19.607,0.7743,True,,False,ON,935.0,2.5,9.5
2026-09-22 17:28:06,MLLB_000_y1.0.3,AMBER,v4_amber_MLLB_000_y103_0922_1155,3.0,3.0,10,100,26,ince,True,,70.0,42.0,932.0,1002.0,1.019,19.98,19.609,0.7748,True,,False,ON,935.0,2.5,9.5
2026-09-22 17:28:22,MLLB_000_y1.0.3,AMBER,v4_amber_MLLB_000_y103_0922_1155,3.0,3.0,10,100,27,ince,True,,60.0,48.0,942.0,1002.0,1.026,20.124,19.619,0.7755,True,,True,,935.0,2.5,9.5
2026-09-22 17:28:38,MLLB_000_y1.0.3,AMBER,v4_amber_MLLB_000_y103_0922_1155,3.0,3.0,10,100,29,ince,True,,38.0,28.0,964.0,1002.0,1.024,20.1,19.621,0.7756,True,,True,,935.0,2.5,9.5
2026-09-22 17:28:54,MLLB_000_y1.0.3,AMBER,v4_amber_MLLB_000_y103_0922_1155,3.0,3.0,10,100,30,ince,True,,38.0,28.0,964.0,1002.0,2.543,49.936,19.638,0.7746,True,,False,FLAS,935.0,2.5,9.5
2026-09-22 17:29:10,MLLB_000_y1.0.3,AMBER,v4_amber_MLLB_000_y103_0922_1155,3.0,3.0,10,100,31,ince,True,,38.0,28.0,964.0,1002.0,4.554,89.408,19.634,0.7757,True,,False,FLAS,935.0,2.5,9.5
2026-09-22 17:29:10,MLLB_000_y1.0.3,AMBER,v4_amber_MLLB_000_y103_0922_1155,3.0,3.0,10,100,,bitti,False,,,,,,,,,,,,,,935.0,2.5,9.5
2026-09-22 17:29:26,MLLB_000_y1.0.3,AMBER,v4_amber_MLLB_000_y103_0922_1155,3.0,3.0,10,80,12,kaba,True,,238.0,42.0,764.0,1002.0,1.038,20.268,19.523,0.7753,True,,False,ON,935.0,2.5,9.5
2026-09-22 17:29:42,MLLB_000_y1.0.3,AMBER,v4_amber_MLLB_000_y103_0922_1155,3.0,3.0,10,80,16,kaba,True,,204.0,44.0,798.0,1002.0,1.033,20.196,19.553,0.7752,True,,False,ON,935.0,2.5,9.5
2026-09-22 17:29:58,MLLB_000_y1.0.3,AMBER,v4_amber_MLLB_000_y103_0922_1155,3.0,3.0,10,80,20,kaba,True,,170.0,40.0,832.0,1002.0,1.034,20.268,19.599,0.7752,True,,False,ON,935.0,2.5,9.5
2026-09-22 17:30:14,MLLB_000_y1.0.3,AMBER,v4_amber_MLLB_000_y103_0922_1155,3.0,3.0,10,80,24,kaba,True,,138.0,44.0,864.0,1002.0,1.027,20.124,19.601,0.7752,True,,False,ON,935.0,2.5,9.5
2026-09-22 17:30:30,MLLB_000_y1.0.3,AMBER,v4_amber_MLLB_000_y103_0922_1155,3.0,3.0,10,80,28,kaba,True,,104.0,44.0,898.0,1002.0,1.022,20.052,19.612,0.7756,True,,False,ON,935.0,2.5,9.5
2026-09-22 17:30:46,MLLB_000_y1.0.3,AMBER,v4_amber_MLLB_000_y103_0922_1155,3.0,3.0,10,80,32,kaba,True,,68.0,42.0,934.0,1002.0,1.028,20.196,19.646,0.7748,True,,False,ON,935.0,2.5,9.5
2026-09-22 17:31:02,MLLB_000_y1.0.3,AMBER,v4_amber_MLLB_000_y103_0922_1155,3.0,3.0,10,80,36,kaba,True,,42.0,28.0,960.0,1002.0,1.908,37.422,19.615,0.7749,True,,True,,935.0,2.5,9.5
2026-09-22 17:31:17,MLLB_000_y1.0.3,AMBER,v4_amber_MLLB_000_y103_0922_1155,3.0,3.0,10,80,40,kaba,True,,42.0,28.0,960.0,1002.0,5.979,117.263,19.612,0.7755,True,,False,FLAS,935.0,2.5,9.5
2026-09-22 17:31:33,MLLB_000_y1.0.3,AMBER,v4_amber_MLLB_000_y103_0922_1155,3.0,3.0,10,80,33,ince,True,,60.0,44.0,942.0,1002.0,1.031,20.22,19.611,0.7757,True,,True,,935.0,2.5,9.5
2026-09-22 17:31:50,MLLB_000_y1.0.3,AMBER,v4_amber_MLLB_000_y103_0922_1155,3.0,3.0,10,80,34,ince,True,,50.0,36.0,952.0,1002.0,1.028,20.148,19.606,0.7753,True,,True,,935.0,2.5,9.5
2026-09-22 17:32:06,MLLB_000_y1.0.3,AMBER,v4_amber_MLLB_000_y103_0922_1155,3.0,3.0,10,80,35,ince,True,,42.0,28.0,960.0,1002.0,1.024,20.1,19.619,0.775,True,,True,,935.0,2.5,9.5
2026-09-22 17:32:22,MLLB_000_y1.0.3,AMBER,v4_amber_MLLB_000_y103_0922_1155,3.0,3.0,10,80,37,ince,True,,42.0,28.0,960.0,1002.0,4.045,79.277,19.599,0.7749,True,,False,FLAS,935.0,2.5,9.5
2026-09-22 17:32:38,MLLB_000_y1.0.3,AMBER,v4_amber_MLLB_000_y103_0922_1155,3.0,3.0,10,80,38,ince,True,,42.0,28.0,960.0,1002.0,4.844,95.043,19.619,0.7753,True,,False,FLAS,935.0,2.5,9.5
2026-09-22 17:32:54,MLLB_000_y1.0.3,AMBER,v4_amber_MLLB_000_y103_0922_1155,3.0,3.0,10,80,39,ince,True,,42.0,28.0,960.0,1002.0,5.633,110.475,19.611,0.7756,True,,False,FLAS,935.0,2.5,9.5
2026-09-22 17:32:54,MLLB_000_y1.0.3,AMBER,v4_amber_MLLB_000_y103_0922_1155,3.0,3.0,10,80,,bitti,False,,,,,,,,,,,,,,935.0,2.5,9.5
2026-09-22 17:33:10,MLLB_000_y1.0.3,AMBER,v4_amber_MLLB_000_y103_0922_1155,3.0,3.0,10,60,12,kaba,True,,260.0,44.0,742.0,1002.0,1.034,20.172,19.505,0.776,True,,False,ON,935.0,2.5,9.5
2026-09-22 17:33:26,MLLB_000_y1.0.3,AMBER,v4_amber_MLLB_000_y103_0922_1155,3.0,3.0,10,60,16,kaba,True,,238.0,42.0,764.0,1002.0,1.032,20.172,19.553,0.7757,True,,False,ON,935.0,2.5,9.5
2026-09-22 17:33:42,MLLB_000_y1.0.3,AMBER,v4_amber_MLLB_000_y103_0922_1155,3.0,3.0,10,60,20,kaba,True,,212.0,42.0,790.0,1002.0,1.038,20.292,19.549,0.7752,True,,False,ON,935.0,2.5,9.5
2026-09-22 17:33:58,MLLB_000_y1.0.3,AMBER,v4_amber_MLLB_000_y103_0922_1155,3.0,3.0,10,60,24,kaba,True,,190.0,42.0,812.0,1002.0,1.036,20.268,19.558,0.7751,True,,False,ON,935.0,2.5,9.5
2026-09-22 17:34:14,MLLB_000_y1.0.3,AMBER,v4_amber_MLLB_000_y103_0922_1155,3.0,3.0,10,60,28,kaba,True,,166.0,42.0,836.0,1002.0,1.031,20.196,19.588,0.7752,True,,False,ON,935.0,2.5,9.5
2026-09-22 17:34:30,MLLB_000_y1.0.3,AMBER,v4_amber_MLLB_000_y103_0922_1155,3.0,3.0,10,60,32,kaba,True,,140.0,42.0,862.0,1002.0,1.032,20.22,19.596,0.7753,True,,False,ON,935.0,2.5,9.5
2026-09-22 17:34:46,MLLB_000_y1.0.3,AMBER,v4_amber_MLLB_000_y103_0922_1155,3.0,3.0,10,60,36,kaba,True,,116.0,44.0,886.0,1002.0,1.029,20.172,19.611,0.7755,True,,False,ON,935.0,2.5,9.5
2026-09-22 17:35:01,MLLB_000_y1.0.3,AMBER,v4_amber_MLLB_000_y103_0922_1155,3.0,3.0,10,60,40,kaba,True,,92.0,44.0,910.0,1002.0,1.025,20.1,19.607,0.7751,True,,False,ON,935.0,2.5,9.5
2026-09-22 17:35:18,MLLB_000_y1.0.3,AMBER,v4_amber_MLLB_000_y103_0922_1155,3.0,3.0,10,60,44,kaba,True,,66.0,42.0,936.0,1002.0,1.026,20.124,19.618,0.7754,True,,True,,935.0,2.5,9.5
2026-09-22 17:35:34,MLLB_000_y1.0.3,AMBER,v4_amber_MLLB_000_y103_0922_1155,3.0,3.0,10,60,48,kaba,True,,54.0,28.0,948.0,1002.0,2.506,49.173,19.62,0.7754,True,,False,FLAS,935.0,2.5,9.5
2026-09-22 17:35:50,MLLB_000_y1.0.3,AMBER,v4_amber_MLLB_000_y103_0922_1155,3.0,3.0,10,60,50,kaba,True,,54.0,28.0,948.0,1002.0,4.349,85.278,19.608,0.7757,True,,False,FLAS,935.0,2.5,9.5
2026-09-22 17:36:06,MLLB_000_y1.0.3,AMBER,v4_amber_MLLB_000_y103_0922_1155,3.0,3.0,10,60,41,ince,True,,86.0,40.0,916.0,1002.0,1.028,20.172,19.619,0.7752,True,,False,ON,935.0,2.5,9.5
2026-09-22 17:36:22,MLLB_000_y1.0.3,AMBER,v4_amber_MLLB_000_y103_0922_1155,3.0,3.0,10,60,42,ince,True,,80.0,44.0,922.0,1002.0,1.025,20.1,19.616,0.7744,True,,False,ON,935.0,2.5,9.5
2026-09-22 17:36:37,MLLB_000_y1.0.3,AMBER,v4_amber_MLLB_000_y103_0922_1155,3.0,3.0,10,60,43,ince,True,,74.0,42.0,928.0,1002.0,1.032,20.244,19.618,0.7749,True,,False,ON,935.0,2.5,9.5
2026-09-22 17:36:54,MLLB_000_y1.0.3,AMBER,v4_amber_MLLB_000_y103_0922_1155,3.0,3.0,10,60,45,ince,True,,60.0,36.0,942.0,1002.0,1.029,20.172,19.601,0.7756,True,,True,,935.0,2.5,9.5
2026-09-22 17:37:10,MLLB_000_y1.0.3,AMBER,v4_amber_MLLB_000_y103_0922_1155,3.0,3.0,10,60,46,ince,True,,54.0,28.0,948.0,1002.0,1.029,20.196,19.619,0.7749,True,,True,,935.0,2.5,9.5
2026-09-22 17:37:26,MLLB_000_y1.0.3,AMBER,v4_amber_MLLB_000_y103_0922_1155,3.0,3.0,10,60,47,ince,True,,54.0,28.0,948.0,1002.0,1.161,22.784,19.626,0.7749,True,,True,,935.0,2.5,9.5
2026-09-22 17:37:26,MLLB_000_y1.0.3,AMBER,v4_amber_MLLB_000_y103_0922_1155,3.0,3.0,10,60,,bitti,False,,,,,,,,,,,,,,935.0,2.5,9.5
2026-09-22 17:38:03,MLLB_000_y1.0.3,AMBER,v4_amber_MLLB_000_y103_0922_1155,3.0,3.0,15,100,12,kaba,True,,140.0,32.0,862.0,1002.0,1.062,34.07,32.081,0.776,True,,False,ON,935.0,2.5,9.5
2026-09-22 17:38:20,MLLB_000_y1.0.3,AMBER,v4_amber_MLLB_000_y103_0922_1155,3.0,3.0,15,100,16,kaba,True,,116.0,32.0,886.0,1002.0,1.062,34.07,32.089,0.775,True,,False,ON,935.0,2.5,9.5
2026-09-22 17:38:35,MLLB_000_y1.0.3,AMBER,v4_amber_MLLB_000_y103_0922_1155,3.0,3.0,15,100,20,kaba,True,,92.0,32.0,910.0,1002.0,1.059,33.993,32.108,0.7752,True,,False,ON,935.0,2.5,9.5
2026-09-22 17:38:52,MLLB_000_y1.0.3,AMBER,v4_amber_MLLB_000_y103_0922_1155,3.0,3.0,15,100,24,kaba,True,,66.0,34.0,936.0,1002.0,1.064,34.172,32.104,0.7753,True,,True,,935.0,2.5,9.5
2026-09-22 17:39:08,MLLB_000_y1.0.3,AMBER,v4_amber_MLLB_000_y103_0922_1155,3.0,3.0,15,100,28,kaba,True,,42.0,32.0,960.0,1002.0,1.058,34.019,32.142,0.7752,True,,True,,935.0,2.5,9.5
2026-09-22 17:39:24,MLLB_000_y1.0.3,AMBER,v4_amber_MLLB_000_y103_0922_1155,3.0,3.0,15,100,32,kaba,True,,38.0,28.0,964.0,1002.0,3.357,107.837,32.126,0.7754,True,,False,FLAS,935.0,2.5,9.5
2026-09-22 17:39:40,MLLB_000_y1.0.3,AMBER,v4_amber_MLLB_000_y103_0922_1155,3.0,3.0,15,100,36,kaba,True,,38.0,28.0,964.0,1002.0,4.367,140.324,32.134,0.7756,True,,False,FLAS,935.0,2.5,9.5
2026-09-22 17:39:56,MLLB_000_y1.0.3,AMBER,v4_amber_MLLB_000_y103_0922_1155,3.0,3.0,15,100,21,ince,True,,86.0,34.0,916.0,1002.0,1.051,33.737,32.103,0.7743,True,,False,ON,935.0,2.5,9.5
2026-09-22 17:40:11,MLLB_000_y1.0.3,AMBER,v4_amber_MLLB_000_y103_0922_1155,3.0,3.0,15,100,22,ince,True,,80.0,32.0,922.0,1002.0,1.052,33.763,32.103,0.775,True,,False,ON,935.0,2.5,9.5
2026-09-22 17:40:28,MLLB_000_y1.0.3,AMBER,v4_amber_MLLB_000_y103_0922_1155,3.0,3.0,15,100,23,ince,True,,72.0,36.0,930.0,1002.0,1.055,33.891,32.116,0.7749,True,,False,ON,935.0,2.5,9.5
2026-09-22 17:40:28,MLLB_000_y1.0.3,AMBER,v4_amber_MLLB_000_y103_0922_1155,3.0,3.0,15,100,25,ince,False,iki-OK-arasi-monotonluk,,,,,,,,,,,True,,935.0,2.5,9.5
2026-09-22 17:40:28,MLLB_000_y1.0.3,AMBER,v4_amber_MLLB_000_y103_0922_1155,3.0,3.0,15,100,26,ince,False,iki-OK-arasi-monotonluk,,,,,,,,,,,True,,935.0,2.5,9.5
2026-09-22 17:40:28,MLLB_000_y1.0.3,AMBER,v4_amber_MLLB_000_y103_0922_1155,3.0,3.0,15,100,27,ince,False,iki-OK-arasi-monotonluk,,,,,,,,,,,True,,935.0,2.5,9.5
2026-09-22 17:40:44,MLLB_000_y1.0.3,AMBER,v4_amber_MLLB_000_y103_0922_1155,3.0,3.0,15,100,29,ince,True,,38.0,28.0,964.0,1002.0,1.051,33.763,32.129,0.7756,True,,True,,935.0,2.5,9.5
2026-09-22 17:41:00,MLLB_000_y1.0.3,AMBER,v4_amber_MLLB_000_y103_0922_1155,3.0,3.0,15,100,30,ince,True,,38.0,28.0,964.0,1002.0,1.493,47.952,32.115,0.7747,True,,True,,935.0,2.5,9.5
2026-09-22 17:41:16,MLLB_000_y1.0.3,AMBER,v4_amber_MLLB_000_y103_0922_1155,3.0,3.0,15,100,31,ince,True,,38.0,28.0,964.0,1002.0,2.655,85.278,32.12,0.7747,True,,False,FLAS,935.0,2.5,9.5
2026-09-22 17:41:16,MLLB_000_y1.0.3,AMBER,v4_amber_MLLB_000_y103_0922_1155,3.0,3.0,15,100,,bitti,False,,,,,,,,,,,,,,935.0,2.5,9.5
2026-09-22 17:41:32,MLLB_000_y1.0.3,AMBER,v4_amber_MLLB_000_y103_0922_1155,3.0,3.0,15,80,12,kaba,True,,154.0,36.0,848.0,1002.0,1.054,33.763,32.048,0.775,True,,False,ON,935.0,2.5,9.5
2026-09-22 17:41:47,MLLB_000_y1.0.3,AMBER,v4_amber_MLLB_000_y103_0922_1155,3.0,3.0,15,80,16,kaba,True,,134.0,34.0,868.0,1002.0,1.055,33.814,32.059,0.7753,True,,False,ON,935.0,2.5,9.5
2026-09-22 17:42:04,MLLB_000_y1.0.3,AMBER,v4_amber_MLLB_000_y103_0922_1155,3.0,3.0,15,80,20,kaba,True,,116.0,34.0,886.0,1002.0,1.056,33.865,32.083,0.7753,True,,False,ON,935.0,2.5,9.5
2026-09-22 17:42:20,MLLB_000_y1.0.3,AMBER,v4_amber_MLLB_000_y103_0922_1155,3.0,3.0,15,80,24,kaba,True,,96.0,32.0,906.0,1002.0,1.052,33.737,32.081,0.7754,True,,False,ON,935.0,2.5,9.5
2026-09-22 17:42:35,MLLB_000_y1.0.3,AMBER,v4_amber_MLLB_000_y103_0922_1155,3.0,3.0,15,80,28,kaba,True,,76.0,32.0,926.0,1002.0,1.051,33.737,32.107,0.775,True,,False,ON,935.0,2.5,9.5
2026-09-22 17:42:52,MLLB_000_y1.0.3,AMBER,v4_amber_MLLB_000_y103_0922_1155,3.0,3.0,15,80,32,kaba,True,,56.0,32.0,946.0,1002.0,1.054,33.865,32.118,0.7754,True,,True,,935.0,2.5,9.5
2026-09-22 17:43:08,MLLB_000_y1.0.3,AMBER,v4_amber_MLLB_000_y103_0922_1155,3.0,3.0,15,80,36,kaba,True,,42.0,28.0,960.0,1002.0,1.133,36.385,32.128,0.7751,True,,True,,935.0,2.5,9.5
2026-09-22 17:43:24,MLLB_000_y1.0.3,AMBER,v4_amber_MLLB_000_y103_0922_1155,3.0,3.0,15,80,40,kaba,True,,42.0,28.0,960.0,1002.0,3.497,112.36,32.131,0.7751,True,,False,FLAS,935.0,2.5,9.5
2026-09-22 17:43:40,MLLB_000_y1.0.3,AMBER,v4_amber_MLLB_000_y103_0922_1155,3.0,3.0,15,80,44,kaba,True,,42.0,28.0,960.0,1002.0,3.863,132.615,34.332,0.7754,True,,False,FLAS,935.0,2.5,9.5
2026-09-22 17:43:56,MLLB_000_y1.0.3,AMBER,v4_amber_MLLB_000_y103_0922_1155,3.0,3.0,15,80,29,ince,True,,72.0,32.0,930.0,1002.0,1.052,33.788,32.112,0.775,True,,False,ON,935.0,2.5,9.5
2026-09-22 17:44:12,MLLB_000_y1.0.3,AMBER,v4_amber_MLLB_000_y103_0922_1155,3.0,3.0,15,80,30,ince,True,,66.0,34.0,936.0,1002.0,1.049,33.712,32.126,0.7753,True,,True,,935.0,2.5,9.5
2026-09-22 17:44:27,MLLB_000_y1.0.3,AMBER,v4_amber_MLLB_000_y103_0922_1155,3.0,3.0,15,80,31,ince,True,,62.0,36.0,940.0,1002.0,1.053,33.814,32.121,0.775,True,,True,,935.0,2.5,9.5
2026-09-22 17:44:28,MLLB_000_y1.0.3,AMBER,v4_amber_MLLB_000_y103_0922_1155,3.0,3.0,15,80,33,ince,False,iki-OK-arasi-monotonluk,,,,,,,,,,,True,,935.0,2.5,9.5
2026-09-22 17:44:28,MLLB_000_y1.0.3,AMBER,v4_amber_MLLB_000_y103_0922_1155,3.0,3.0,15,80,34,ince,False,iki-OK-arasi-monotonluk,,,,,,,,,,,True,,935.0,2.5,9.5
2026-09-22 17:44:28,MLLB_000_y1.0.3,AMBER,v4_amber_MLLB_000_y103_0922_1155,3.0,3.0,15,80,35,ince,False,iki-OK-arasi-monotonluk,,,,,,,,,,,True,,935.0,2.5,9.5
2026-09-22 17:44:44,MLLB_000_y1.0.3,AMBER,v4_amber_MLLB_000_y103_0922_1155,3.0,3.0,15,80,37,ince,True,,42.0,28.0,960.0,1002.0,2.387,76.653,32.118,0.7752,True,,True,,935.0,2.5,9.5
2026-09-22 17:45:00,MLLB_000_y1.0.3,AMBER,v4_amber_MLLB_000_y103_0922_1155,3.0,3.0,15,80,38,ince,True,,42.0,28.0,960.0,1002.0,2.901,93.164,32.117,0.7754,True,,False,FLAS,935.0,2.5,9.5
2026-09-22 17:45:16,MLLB_000_y1.0.3,AMBER,v4_amber_MLLB_000_y103_0922_1155,3.0,3.0,15,80,39,ince,True,,42.0,28.0,960.0,1002.0,3.286,105.578,32.128,0.7746,True,,False,FLAS,935.0,2.5,9.5
2026-09-22 17:45:16,MLLB_000_y1.0.3,AMBER,v4_amber_MLLB_000_y103_0922_1155,3.0,3.0,15,80,,bitti,False,,,,,,,,,,,,,,935.0,2.5,9.5
2026-09-22 17:45:32,MLLB_000_y1.0.3,AMBER,v4_amber_MLLB_000_y103_0922_1155,3.0,3.0,15,60,12,kaba,True,,168.0,32.0,834.0,1002.0,1.056,33.865,32.056,0.775,True,,False,ON,935.0,2.5,9.5
2026-09-22 17:45:48,MLLB_000_y1.0.3,AMBER,v4_amber_MLLB_000_y103_0922_1155,3.0,3.0,15,60,16,kaba,True,,156.0,34.0,846.0,1002.0,1.054,33.788,32.068,0.7755,True,,False,ON,935.0,2.5,9.5
2026-09-22 17:46:04,MLLB_000_y1.0.3,AMBER,v4_amber_MLLB_000_y103_0922_1155,3.0,3.0,15,60,20,kaba,True,,142.0,36.0,860.0,1002.0,1.054,33.788,32.072,0.7753,True,,False,ON,935.0,2.5,9.5
2026-09-22 17:46:20,MLLB_000_y1.0.3,AMBER,v4_amber_MLLB_000_y103_0922_1155,3.0,3.0,15,60,24,kaba,True,,128.0,32.0,874.0,1002.0,1.056,33.865,32.07,0.7754,True,,False,ON,935.0,2.5,9.5
2026-09-22 17:46:36,MLLB_000_y1.0.3,AMBER,v4_amber_MLLB_000_y103_0922_1155,3.0,3.0,15,60,28,kaba,True,,114.0,34.0,888.0,1002.0,1.052,33.737,32.082,0.7755,True,,False,ON,935.0,2.5,9.5
2026-09-22 17:46:52,MLLB_000_y1.0.3,AMBER,v4_amber_MLLB_000_y103_0922_1155,3.0,3.0,15,60,32,kaba,True,,100.0,36.0,902.0,1002.0,1.054,33.84,32.121,0.7746,True,,False,ON,935.0,2.5,9.5
2026-09-22 17:47:08,MLLB_000_y1.0.3,AMBER,v4_amber_MLLB_000_y103_0922_1155,3.0,3.0,15,60,36,kaba,True,,88.0,32.0,914.0,1002.0,1.053,33.814,32.099,0.7753,True,,False,ON,935.0,2.5,9.5
2026-09-22 17:47:24,MLLB_000_y1.0.3,AMBER,v4_amber_MLLB_000_y103_0922_1155,3.0,3.0,15,60,40,kaba,True,,74.0,36.0,928.0,1002.0,1.05,33.712,32.111,0.7755,True,,False,ON,935.0,2.5,9.5
2026-09-22 17:47:40,MLLB_000_y1.0.3,AMBER,v4_amber_MLLB_000_y103_0922_1155,3.0,3.0,15,60,44,kaba,True,,60.0,32.0,942.0,1002.0,1.055,33.916,32.138,0.7753,True,,True,,935.0,2.5,9.5
2026-09-22 17:47:55,MLLB_000_y1.0.3,AMBER,v4_amber_MLLB_000_y103_0922_1155,3.0,3.0,15,60,48,kaba,True,,54.0,28.0,948.0,1002.0,1.509,48.467,32.115,0.7757,True,,True,,935.0,2.5,9.5
2026-09-22 17:48:12,MLLB_000_y1.0.3,AMBER,v4_amber_MLLB_000_y103_0922_1155,3.0,3.0,15,60,50,kaba,True,,54.0,28.0,948.0,1002.0,2.594,83.402,32.146,0.7759,True,,False,FLAS,935.0,2.5,9.5
2026-09-22 17:48:27,MLLB_000_y1.0.3,AMBER,v4_amber_MLLB_000_y103_0922_1155,3.0,3.0,15,60,41,ince,True,,70.0,34.0,932.0,1002.0,1.052,33.814,32.147,0.7753,True,,False,ON,935.0,2.5,9.5
2026-09-22 17:48:44,MLLB_000_y1.0.3,AMBER,v4_amber_MLLB_000_y103_0922_1155,3.0,3.0,15,60,42,ince,True,,66.0,32.0,936.0,1002.0,1.049,33.712,32.129,0.7754,True,,True,,935.0,2.5,9.5
2026-09-22 17:49:00,MLLB_000_y1.0.3,AMBER,v4_amber_MLLB_000_y103_0922_1155,3.0,3.0,15,60,43,ince,True,,64.0,32.0,938.0,1002.0,1.053,33.839,32.122,0.7758,True,,True,,935.0,2.5,9.5
2026-09-22 17:49:00,MLLB_000_y1.0.3,AMBER,v4_amber_MLLB_000_y103_0922_1155,3.0,3.0,15,60,45,ince,False,iki-OK-arasi-monotonluk,,,,,,,,,,,True,,935.0,2.5,9.5
2026-09-22 17:49:00,MLLB_000_y1.0.3,AMBER,v4_amber_MLLB_000_y103_0922_1155,3.0,3.0,15,60,46,ince,False,iki-OK-arasi-monotonluk,,,,,,,,,,,True,,935.0,2.5,9.5
2026-09-22 17:49:00,MLLB_000_y1.0.3,AMBER,v4_amber_MLLB_000_y103_0922_1155,3.0,3.0,15,60,47,ince,False,iki-OK-arasi-monotonluk,,,,,,,,,,,True,,935.0,2.5,9.5
2026-09-22 17:49:16,MLLB_000_y1.0.3,AMBER,v4_amber_MLLB_000_y103_0922_1155,3.0,3.0,15,60,49,ince,True,,54.0,28.0,948.0,1002.0,2.384,76.653,32.149,0.7753,True,,True,,935.0,2.5,9.5
2026-09-22 17:49:16,MLLB_000_y1.0.3,AMBER,v4_amber_MLLB_000_y103_0922_1155,3.0,3.0,15,60,,bitti,False,,,,,,,,,,,,,,935.0,2.5,9.5
2026-09-22 17:49:54,MLLB_000_y1.0.3,AMBER,v4_amber_MLLB_000_y103_0922_1155,3.0,3.0,100,100,12,kaba,True,,38.0,28.0,964.0,1002.0,1.039,239.242,230.296,0.7748,True,,True,,935.0,2.5,9.5
2026-09-22 17:50:10,MLLB_000_y1.0.3,AMBER,v4_amber_MLLB_000_y103_0922_1155,3.0,3.0,100,100,16,kaba,True,,38.0,28.0,964.0,1002.0,1.046,240.782,230.125,0.7751,True,,True,,935.0,2.5,9.5
2026-09-22 17:50:26,MLLB_000_y1.0.3,AMBER,v4_amber_MLLB_000_y103_0922_1155,3.0,3.0,100,100,20,kaba,True,,38.0,28.0,964.0,1002.0,1.043,240.012,230.202,0.7752,True,,True,,935.0,2.5,9.5
2026-09-22 17:50:42,MLLB_000_y1.0.3,AMBER,v4_amber_MLLB_000_y103_0922_1155,3.0,3.0,100,100,24,kaba,True,,38.0,28.0,964.0,1002.0,1.052,242.323,230.383,0.7755,True,,True,,935.0,2.5,9.5
2026-09-22 17:50:58,MLLB_000_y1.0.3,AMBER,v4_amber_MLLB_000_y103_0922_1155,3.0,3.0,100,100,28,kaba,True,,38.0,28.0,964.0,1002.0,1.046,240.782,230.27,0.7751,True,,True,,935.0,2.5,9.5
2026-09-22 17:51:13,MLLB_000_y1.0.3,AMBER,v4_amber_MLLB_000_y103_0922_1155,3.0,3.0,100,100,32,kaba,True,,38.0,28.0,964.0,1002.0,1.046,240.782,230.296,0.7759,True,,True,,935.0,2.5,9.5
2026-09-22 17:51:30,MLLB_000_y1.0.3,AMBER,v4_amber_MLLB_000_y103_0922_1155,3.0,3.0,100,100,36,kaba,True,,38.0,28.0,964.0,1002.0,1.045,240.782,230.367,0.7751,True,,True,,935.0,2.5,9.5
2026-09-22 17:51:46,MLLB_000_y1.0.3,AMBER,v4_amber_MLLB_000_y103_0922_1155,3.0,3.0,100,100,40,kaba,True,,38.0,28.0,964.0,1002.0,1.046,240.782,230.216,0.7756,True,,True,,935.0,2.5,9.5
2026-09-22 17:52:02,MLLB_000_y1.0.3,AMBER,v4_amber_MLLB_000_y103_0922_1155,3.0,3.0,100,100,44,kaba,True,,38.0,28.0,964.0,1002.0,1.047,240.782,230.06,0.7746,True,,True,,935.0,2.5,9.5
2026-09-22 17:52:18,MLLB_000_y1.0.3,AMBER,v4_amber_MLLB_000_y103_0922_1155,3.0,3.0,100,100,48,kaba,True,,38.0,28.0,964.0,1002.0,1.042,240.012,230.396,0.7756,True,,True,,935.0,2.5,9.5
2026-09-22 17:52:34,MLLB_000_y1.0.3,AMBER,v4_amber_MLLB_000_y103_0922_1155,3.0,3.0,100,100,50,kaba,True,,38.0,28.0,964.0,1002.0,1.055,243.093,230.368,0.7759,True,,True,,935.0,2.5,9.5
2026-09-22 17:52:34,MLLB_000_y1.0.3,AMBER,v4_amber_MLLB_000_y103_0922_1155,3.0,3.0,100,100,13,ince,False,iki-OK-arasi-monotonluk,,,,,,,,,,,True,,935.0,2.5,9.5
2026-09-22 17:52:34,MLLB_000_y1.0.3,AMBER,v4_amber_MLLB_000_y103_0922_1155,3.0,3.0,100,100,14,ince,False,iki-OK-arasi-monotonluk,,,,,,,,,,,True,,935.0,2.5,9.5
2026-09-22 17:52:34,MLLB_000_y1.0.3,AMBER,v4_amber_MLLB_000_y103_0922_1155,3.0,3.0,100,100,15,ince,False,iki-OK-arasi-monotonluk,,,,,,,,,,,True,,935.0,2.5,9.5
2026-09-22 17:52:34,MLLB_000_y1.0.3,AMBER,v4_amber_MLLB_000_y103_0922_1155,3.0,3.0,100,100,17,ince,False,iki-OK-arasi-monotonluk,,,,,,,,,,,True,,935.0,2.5,9.5
2026-09-22 17:52:34,MLLB_000_y1.0.3,AMBER,v4_amber_MLLB_000_y103_0922_1155,3.0,3.0,100,100,18,ince,False,iki-OK-arasi-monotonluk,,,,,,,,,,,True,,935.0,2.5,9.5
2026-09-22 17:52:34,MLLB_000_y1.0.3,AMBER,v4_amber_MLLB_000_y103_0922_1155,3.0,3.0,100,100,19,ince,False,iki-OK-arasi-monotonluk,,,,,,,,,,,True,,935.0,2.5,9.5
2026-09-22 17:52:34,MLLB_000_y1.0.3,AMBER,v4_amber_MLLB_000_y103_0922_1155,3.0,3.0,100,100,21,ince,False,iki-OK-arasi-monotonluk,,,,,,,,,,,True,,935.0,2.5,9.5
2026-09-22 17:52:34,MLLB_000_y1.0.3,AMBER,v4_amber_MLLB_000_y103_0922_1155,3.0,3.0,100,100,22,ince,False,iki-OK-arasi-monotonluk,,,,,,,,,,,True,,935.0,2.5,9.5
2026-09-22 17:52:34,MLLB_000_y1.0.3,AMBER,v4_amber_MLLB_000_y103_0922_1155,3.0,3.0,100,100,23,ince,False,iki-OK-arasi-monotonluk,,,,,,,,,,,True,,935.0,2.5,9.5
2026-09-22 17:52:34,MLLB_000_y1.0.3,AMBER,v4_amber_MLLB_000_y103_0922_1155,3.0,3.0,100,100,25,ince,False,iki-OK-arasi-monotonluk,,,,,,,,,,,True,,935.0,2.5,9.5
2026-09-22 17:52:34,MLLB_000_y1.0.3,AMBER,v4_amber_MLLB_000_y103_0922_1155,3.0,3.0,100,100,26,ince,False,iki-OK-arasi-monotonluk,,,,,,,,,,,True,,935.0,2.5,9.5
2026-09-22 17:52:34,MLLB_000_y1.0.3,AMBER,v4_amber_MLLB_000_y103_0922_1155,3.0,3.0,100,100,27,ince,False,iki-OK-arasi-monotonluk,,,,,,,,,,,True,,935.0,2.5,9.5
2026-09-22 17:52:34,MLLB_000_y1.0.3,AMBER,v4_amber_MLLB_000_y103_0922_1155,3.0,3.0,100,100,29,ince,False,iki-OK-arasi-monotonluk,,,,,,,,,,,True,,935.0,2.5,9.5
2026-09-22 17:52:34,MLLB_000_y1.0.3,AMBER,v4_amber_MLLB_000_y103_0922_1155,3.0,3.0,100,100,30,ince,False,iki-OK-arasi-monotonluk,,,,,,,,,,,True,,935.0,2.5,9.5
2026-09-22 17:52:34,MLLB_000_y1.0.3,AMBER,v4_amber_MLLB_000_y103_0922_1155,3.0,3.0,100,100,31,ince,False,iki-OK-arasi-monotonluk,,,,,,,,,,,True,,935.0,2.5,9.5
2026-09-22 17:52:34,MLLB_000_y1.0.3,AMBER,v4_amber_MLLB_000_y103_0922_1155,3.0,3.0,100,100,33,ince,False,iki-OK-arasi-monotonluk,,,,,,,,,,,True,,935.0,2.5,9.5
2026-09-22 17:52:34,MLLB_000_y1.0.3,AMBER,v4_amber_MLLB_000_y103_0922_1155,3.0,3.0,100,100,34,ince,False,iki-OK-arasi-monotonluk,,,,,,,,,,,True,,935.0,2.5,9.5
2026-09-22 17:52:34,MLLB_000_y1.0.3,AMBER,v4_amber_MLLB_000_y103_0922_1155,3.0,3.0,100,100,35,ince,False,iki-OK-arasi-monotonluk,,,,,,,,,,,True,,935.0,2.5,9.5
2026-09-22 17:52:34,MLLB_000_y1.0.3,AMBER,v4_amber_MLLB_000_y103_0922_1155,3.0,3.0,100,100,37,ince,False,iki-OK-arasi-monotonluk,,,,,,,,,,,True,,935.0,2.5,9.5
2026-09-22 17:52:34,MLLB_000_y1.0.3,AMBER,v4_amber_MLLB_000_y103_0922_1155,3.0,3.0,100,100,38,ince,False,iki-OK-arasi-monotonluk,,,,,,,,,,,True,,935.0,2.5,9.5
2026-09-22 17:52:34,MLLB_000_y1.0.3,AMBER,v4_amber_MLLB_000_y103_0922_1155,3.0,3.0,100,100,39,ince,False,iki-OK-arasi-monotonluk,,,,,,,,,,,True,,935.0,2.5,9.5
2026-09-22 17:52:34,MLLB_000_y1.0.3,AMBER,v4_amber_MLLB_000_y103_0922_1155,3.0,3.0,100,100,41,ince,False,iki-OK-arasi-monotonluk,,,,,,,,,,,True,,935.0,2.5,9.5
2026-09-22 17:52:34,MLLB_000_y1.0.3,AMBER,v4_amber_MLLB_000_y103_0922_1155,3.0,3.0,100,100,42,ince,False,iki-OK-arasi-monotonluk,,,,,,,,,,,True,,935.0,2.5,9.5
2026-09-22 17:52:34,MLLB_000_y1.0.3,AMBER,v4_amber_MLLB_000_y103_0922_1155,3.0,3.0,100,100,43,ince,False,iki-OK-arasi-monotonluk,,,,,,,,,,,True,,935.0,2.5,9.5
2026-09-22 17:52:34,MLLB_000_y1.0.3,AMBER,v4_amber_MLLB_000_y103_0922_1155,3.0,3.0,100,100,45,ince,False,iki-OK-arasi-monotonluk,,,,,,,,,,,True,,935.0,2.5,9.5
2026-09-22 17:52:34,MLLB_000_y1.0.3,AMBER,v4_amber_MLLB_000_y103_0922_1155,3.0,3.0,100,100,46,ince,False,iki-OK-arasi-monotonluk,,,,,,,,,,,True,,935.0,2.5,9.5
2026-09-22 17:52:34,MLLB_000_y1.0.3,AMBER,v4_amber_MLLB_000_y103_0922_1155,3.0,3.0,100,100,47,ince,False,iki-OK-arasi-monotonluk,,,,,,,,,,,True,,935.0,2.5,9.5
2026-09-22 17:52:34,MLLB_000_y1.0.3,AMBER,v4_amber_MLLB_000_y103_0922_1155,3.0,3.0,100,100,49,ince,False,iki-OK-arasi-monotonluk,,,,,,,,,,,True,,935.0,2.5,9.5
2026-09-22 17:52:34,MLLB_000_y1.0.3,AMBER,v4_amber_MLLB_000_y103_0922_1155,3.0,3.0,100,100,,bitti,False,,,,,,,,,,,,,,935.0,2.5,9.5
2026-09-22 17:52:50,MLLB_000_y1.0.3,AMBER,v4_amber_MLLB_000_y103_0922_1155,3.0,3.0,100,80,12,kaba,True,,38.0,28.0,964.0,1002.0,1.056,243.094,230.227,0.7754,True,,True,,935.0,2.5,9.5
2026-09-22 17:53:06,MLLB_000_y1.0.3,AMBER,v4_amber_MLLB_000_y103_0922_1155,3.0,3.0,100,80,16,kaba,True,,38.0,28.0,964.0,1002.0,1.051,241.938,230.287,0.7757,True,,True,,935.0,2.5,9.5
2026-09-22 17:53:22,MLLB_000_y1.0.3,AMBER,v4_amber_MLLB_000_y103_0922_1155,3.0,3.0,100,80,20,kaba,True,,38.0,28.0,964.0,1002.0,1.066,245.406,230.132,0.7752,True,,True,,935.0,2.5,9.5
2026-09-22 17:53:38,MLLB_000_y1.0.3,AMBER,v4_amber_MLLB_000_y103_0922_1155,3.0,3.0,100,80,24,kaba,True,,38.0,28.0,964.0,1002.0,1.066,245.406,230.164,0.7754,True,,True,,935.0,2.5,9.5
2026-09-22 17:53:54,MLLB_000_y1.0.3,AMBER,v4_amber_MLLB_000_y103_0922_1155,3.0,3.0,100,80,28,kaba,True,,38.0,28.0,964.0,1002.0,1.043,240.012,230.179,0.7751,True,,True,,935.0,2.5,9.5
2026-09-22 17:54:10,MLLB_000_y1.0.3,AMBER,v4_amber_MLLB_000_y103_0922_1155,3.0,3.0,100,80,32,kaba,True,,38.0,28.0,964.0,1002.0,1.046,240.782,230.263,0.7747,True,,True,,935.0,2.5,9.5
2026-09-22 17:54:26,MLLB_000_y1.0.3,AMBER,v4_amber_MLLB_000_y103_0922_1155,3.0,3.0,100,80,36,kaba,True,,38.0,28.0,964.0,1002.0,1.046,240.782,230.101,0.7752,True,,True,,935.0,2.5,9.5
2026-09-22 17:54:42,MLLB_000_y1.0.3,AMBER,v4_amber_MLLB_000_y103_0922_1155,3.0,3.0,100,80,40,kaba,True,,38.0,28.0,964.0,1002.0,1.045,240.782,230.408,0.7748,True,,True,,935.0,2.5,9.5
2026-09-23 09:02:33,MLLB_000_y1.0.3,AMBER,v4_amber_MLLB_000_y103_0922_1155,3.0,3.01,100,80,12,kaba,True,,38.0,28.0,964.0,1002.0,1.047,240.012,229.172,0.776,True,,True,,935.0,2.5,9.5
2026-09-23 09:02:49,MLLB_000_y1.0.3,AMBER,v4_amber_MLLB_000_y103_0922_1155,3.0,3.01,100,80,16,kaba,True,,38.0,28.0,964.0,1002.0,1.066,244.25,229.118,0.7763,True,,True,,935.0,2.5,9.5
2026-09-23 09:03:05,MLLB_000_y1.0.3,AMBER,v4_amber_MLLB_000_y103_0922_1155,3.0,3.01,100,80,20,kaba,True,,38.0,28.0,964.0,1002.0,1.06,243.095,229.43,0.7759,True,,True,,935.0,2.5,9.5
2026-09-23 09:03:21,MLLB_000_y1.0.3,AMBER,v4_amber_MLLB_000_y103_0922_1155,3.0,3.01,100,80,24,kaba,True,,38.0,28.0,964.0,1002.0,1.049,240.782,229.472,0.7765,True,,True,,935.0,2.5,9.5
2026-09-23 09:03:37,MLLB_000_y1.0.3,AMBER,v4_amber_MLLB_000_y103_0922_1155,3.0,3.01,100,80,28,kaba,True,,38.0,28.0,964.0,1002.0,1.059,243.094,229.652,0.7752,True,,True,,935.0,2.5,9.5
2026-09-23 09:03:53,MLLB_000_y1.0.3,AMBER,v4_amber_MLLB_000_y103_0922_1155,3.0,3.01,100,80,32,kaba,True,,38.0,28.0,964.0,1002.0,1.054,241.938,229.447,0.7759,True,,True,,935.0,2.5,9.5
2026-09-23 09:04:09,MLLB_000_y1.0.3,AMBER,v4_amber_MLLB_000_y103_0922_1155,3.0,3.01,100,80,36,kaba,True,,38.0,28.0,964.0,1002.0,1.042,239.242,229.5,0.7759,True,,True,,935.0,2.5,9.5
2026-09-23 09:04:25,MLLB_000_y1.0.3,AMBER,v4_amber_MLLB_000_y103_0922_1155,3.0,3.01,100,80,40,kaba,True,,38.0,28.0,964.0,1002.0,1.046,240.012,229.462,0.776,True,,True,,935.0,2.5,9.5
2026-09-23 09:04:41,MLLB_000_y1.0.3,AMBER,v4_amber_MLLB_000_y103_0922_1155,3.0,3.01,100,80,44,kaba,True,,38.0,28.0,964.0,1002.0,1.049,240.782,229.606,0.7762,True,,True,,935.0,2.5,9.5
2026-09-23 09:04:57,MLLB_000_y1.0.3,AMBER,v4_amber_MLLB_000_y103_0922_1155,3.0,3.01,100,80,48,kaba,True,,38.0,28.0,964.0,1002.0,1.046,240.012,229.414,0.7755,True,,True,,935.0,2.5,9.5
2026-09-23 09:05:13,MLLB_000_y1.0.3,AMBER,v4_amber_MLLB_000_y103_0922_1155,3.0,3.01,100,80,50,kaba,True,,38.0,28.0,964.0,1002.0,1.046,240.011,229.493,0.7751,True,,True,,935.0,2.5,9.5
2026-09-23 09:05:14,MLLB_000_y1.0.3,AMBER,v4_amber_MLLB_000_y103_0922_1155,3.0,3.01,100,80,13,ince,False,iki-OK-arasi-monotonluk,,,,,,,,,,,True,,935.0,2.5,9.5
2026-09-23 09:05:14,MLLB_000_y1.0.3,AMBER,v4_amber_MLLB_000_y103_0922_1155,3.0,3.01,100,80,14,ince,False,iki-OK-arasi-monotonluk,,,,,,,,,,,True,,935.0,2.5,9.5
2026-09-23 09:05:14,MLLB_000_y1.0.3,AMBER,v4_amber_MLLB_000_y103_0922_1155,3.0,3.01,100,80,15,ince,False,iki-OK-arasi-monotonluk,,,,,,,,,,,True,,935.0,2.5,9.5
2026-09-23 09:05:14,MLLB_000_y1.0.3,AMBER,v4_amber_MLLB_000_y103_0922_1155,3.0,3.01,100,80,17,ince,False,iki-OK-arasi-monotonluk,,,,,,,,,,,True,,935.0,2.5,9.5
2026-09-23 09:05:14,MLLB_000_y1.0.3,AMBER,v4_amber_MLLB_000_y103_0922_1155,3.0,3.01,100,80,18,ince,False,iki-OK-arasi-monotonluk,,,,,,,,,,,True,,935.0,2.5,9.5
2026-09-23 09:05:14,MLLB_000_y1.0.3,AMBER,v4_amber_MLLB_000_y103_0922_1155,3.0,3.01,100,80,19,ince,False,iki-OK-arasi-monotonluk,,,,,,,,,,,True,,935.0,2.5,9.5
2026-09-23 09:05:14,MLLB_000_y1.0.3,AMBER,v4_amber_MLLB_000_y103_0922_1155,3.0,3.01,100,80,21,ince,False,iki-OK-arasi-monotonluk,,,,,,,,,,,True,,935.0,2.5,9.5
2026-09-23 09:05:14,MLLB_000_y1.0.3,AMBER,v4_amber_MLLB_000_y103_0922_1155,3.0,3.01,100,80,22,ince,False,iki-OK-arasi-monotonluk,,,,,,,,,,,True,,935.0,2.5,9.5
2026-09-23 09:05:14,MLLB_000_y1.0.3,AMBER,v4_amber_MLLB_000_y103_0922_1155,3.0,3.01,100,80,23,ince,False,iki-OK-arasi-monotonluk,,,,,,,,,,,True,,935.0,2.5,9.5
2026-09-23 09:05:14,MLLB_000_y1.0.3,AMBER,v4_amber_MLLB_000_y103_0922_1155,3.0,3.01,100,80,25,ince,False,iki-OK-arasi-monotonluk,,,,,,,,,,,True,,935.0,2.5,9.5
2026-09-23 09:05:14,MLLB_000_y1.0.3,AMBER,v4_amber_MLLB_000_y103_0922_1155,3.0,3.01,100,80,26,ince,False,iki-OK-arasi-monotonluk,,,,,,,,,,,True,,935.0,2.5,9.5
2026-09-23 09:05:14,MLLB_000_y1.0.3,AMBER,v4_amber_MLLB_000_y103_0922_1155,3.0,3.01,100,80,27,ince,False,iki-OK-arasi-monotonluk,,,,,,,,,,,True,,935.0,2.5,9.5
2026-09-23 09:05:14,MLLB_000_y1.0.3,AMBER,v4_amber_MLLB_000_y103_0922_1155,3.0,3.01,100,80,29,ince,False,iki-OK-arasi-monotonluk,,,,,,,,,,,True,,935.0,2.5,9.5
2026-09-23 09:05:14,MLLB_000_y1.0.3,AMBER,v4_amber_MLLB_000_y103_0922_1155,3.0,3.01,100,80,30,ince,False,iki-OK-arasi-monotonluk,,,,,,,,,,,True,,935.0,2.5,9.5
2026-09-23 09:05:14,MLLB_000_y1.0.3,AMBER,v4_amber_MLLB_000_y103_0922_1155,3.0,3.01,100,80,31,ince,False,iki-OK-arasi-monotonluk,,,,,,,,,,,True,,935.0,2.5,9.5
2026-09-23 09:05:14,MLLB_000_y1.0.3,AMBER,v4_amber_MLLB_000_y103_0922_1155,3.0,3.01,100,80,33,ince,False,iki-OK-arasi-monotonluk,,,,,,,,,,,True,,935.0,2.5,9.5
2026-09-23 09:05:14,MLLB_000_y1.0.3,AMBER,v4_amber_MLLB_000_y103_0922_1155,3.0,3.01,100,80,34,ince,False,iki-OK-arasi-monotonluk,,,,,,,,,,,True,,935.0,2.5,9.5
2026-09-23 09:05:14,MLLB_000_y1.0.3,AMBER,v4_amber_MLLB_000_y103_0922_1155,3.0,3.01,100,80,35,ince,False,iki-OK-arasi-monotonluk,,,,,,,,,,,True,,935.0,2.5,9.5
2026-09-23 09:05:14,MLLB_000_y1.0.3,AMBER,v4_amber_MLLB_000_y103_0922_1155,3.0,3.01,100,80,37,ince,False,iki-OK-arasi-monotonluk,,,,,,,,,,,True,,935.0,2.5,9.5
2026-09-23 09:05:14,MLLB_000_y1.0.3,AMBER,v4_amber_MLLB_000_y103_0922_1155,3.0,3.01,100,80,38,ince,False,iki-OK-arasi-monotonluk,,,,,,,,,,,True,,935.0,2.5,9.5
2026-09-23 09:05:14,MLLB_000_y1.0.3,AMBER,v4_amber_MLLB_000_y103_0922_1155,3.0,3.01,100,80,39,ince,False,iki-OK-arasi-monotonluk,,,,,,,,,,,True,,935.0,2.5,9.5
2026-09-23 09:05:14,MLLB_000_y1.0.3,AMBER,v4_amber_MLLB_000_y103_0922_1155,3.0,3.01,100,80,41,ince,False,iki-OK-arasi-monotonluk,,,,,,,,,,,True,,935.0,2.5,9.5
2026-09-23 09:05:14,MLLB_000_y1.0.3,AMBER,v4_amber_MLLB_000_y103_0922_1155,3.0,3.01,100,80,42,ince,False,iki-OK-arasi-monotonluk,,,,,,,,,,,True,,935.0,2.5,9.5
2026-09-23 09:05:14,MLLB_000_y1.0.3,AMBER,v4_amber_MLLB_000_y103_0922_1155,3.0,3.01,100,80,43,ince,False,iki-OK-arasi-monotonluk,,,,,,,,,,,True,,935.0,2.5,9.5
2026-09-23 09:05:14,MLLB_000_y1.0.3,AMBER,v4_amber_MLLB_000_y103_0922_1155,3.0,3.01,100,80,45,ince,False,iki-OK-arasi-monotonluk,,,,,,,,,,,True,,935.0,2.5,9.5
2026-09-23 09:05:14,MLLB_000_y1.0.3,AMBER,v4_amber_MLLB_000_y103_0922_1155,3.0,3.01,100,80,46,ince,False,iki-OK-arasi-monotonluk,,,,,,,,,,,True,,935.0,2.5,9.5
2026-09-23 09:05:14,MLLB_000_y1.0.3,AMBER,v4_amber_MLLB_000_y103_0922_1155,3.0,3.01,100,80,47,ince,False,iki-OK-arasi-monotonluk,,,,,,,,,,,True,,935.0,2.5,9.5
2026-09-23 09:05:14,MLLB_000_y1.0.3,AMBER,v4_amber_MLLB_000_y103_0922_1155,3.0,3.01,100,80,49,ince,False,iki-OK-arasi-monotonluk,,,,,,,,,,,True,,935.0,2.5,9.5
2026-09-23 09:05:14,MLLB_000_y1.0.3,AMBER,v4_amber_MLLB_000_y103_0922_1155,3.0,3.01,100,80,,bitti,False,,,,,,,,,,,,,,935.0,2.5,9.5
2026-09-23 09:05:30,MLLB_000_y1.0.3,AMBER,v4_amber_MLLB_000_y103_0922_1155,3.0,3.01,100,60,12,kaba,True,,38.0,28.0,964.0,1002.0,1.056,242.323,229.389,0.7764,True,,True,,935.0,2.5,9.5
2026-09-23 09:05:45,MLLB_000_y1.0.3,AMBER,v4_amber_MLLB_000_y103_0922_1155,3.0,3.01,100,60,16,kaba,True,,38.0,28.0,964.0,1002.0,1.049,240.782,229.546,0.7767,True,,True,,935.0,2.5,9.5
2026-09-23 09:06:01,MLLB_000_y1.0.3,AMBER,v4_amber_MLLB_000_y103_0922_1155,3.0,3.01,100,60,20,kaba,True,,38.0,28.0,964.0,1002.0,1.043,239.242,229.452,0.7766,True,,True,,935.0,2.5,9.5
2026-09-23 09:06:17,MLLB_000_y1.0.3,AMBER,v4_amber_MLLB_000_y103_0922_1155,3.0,3.01,100,60,24,kaba,True,,38.0,28.0,964.0,1002.0,1.058,242.716,229.485,0.7765,True,,True,,935.0,2.5,9.5
2026-09-23 09:06:33,MLLB_000_y1.0.3,AMBER,v4_amber_MLLB_000_y103_0922_1155,3.0,3.01,100,60,28,kaba,True,,38.0,28.0,964.0,1002.0,1.087,249.261,229.297,0.7755,True,,True,,935.0,2.5,9.5
2026-09-23 09:06:49,MLLB_000_y1.0.3,AMBER,v4_amber_MLLB_000_y103_0922_1155,3.0,3.01,100,60,32,kaba,True,,38.0,28.0,964.0,1002.0,1.05,240.782,229.244,0.7765,True,,True,,935.0,2.5,9.5
2026-09-23 09:07:05,MLLB_000_y1.0.3,AMBER,v4_amber_MLLB_000_y103_0922_1155,3.0,3.01,100,60,36,kaba,True,,38.0,28.0,964.0,1002.0,1.047,240.011,229.162,0.7758,True,,True,,935.0,2.5,9.5
2026-09-23 09:07:21,MLLB_000_y1.0.3,AMBER,v4_amber_MLLB_000_y103_0922_1155,3.0,3.01,100,60,40,kaba,True,,38.0,28.0,964.0,1002.0,1.044,238.856,228.808,0.7753,True,,True,,935.0,2.5,9.5
2026-09-23 09:07:37,MLLB_000_y1.0.3,AMBER,v4_amber_MLLB_000_y103_0922_1155,3.0,3.01,100,60,44,kaba,True,,38.0,28.0,964.0,1002.0,1.063,243.866,229.487,0.7761,True,,True,,935.0,2.5,9.5
2026-09-23 09:07:53,MLLB_000_y1.0.3,AMBER,v4_amber_MLLB_000_y103_0922_1155,3.0,3.01,100,60,48,kaba,True,,38.0,28.0,964.0,1002.0,1.049,240.782,229.579,0.7761,True,,True,,935.0,2.5,9.5
2026-09-23 09:08:09,MLLB_000_y1.0.3,AMBER,v4_amber_MLLB_000_y103_0922_1155,3.0,3.01,100,60,50,kaba,True,,38.0,28.0,964.0,1002.0,1.065,243.865,229.039,0.7755,True,,True,,935.0,2.5,9.5
2026-09-23 09:08:10,MLLB_000_y1.0.3,AMBER,v4_amber_MLLB_000_y103_0922_1155,3.0,3.01,100,60,13,ince,False,iki-OK-arasi-monotonluk,,,,,,,,,,,True,,935.0,2.5,9.5
2026-09-23 09:08:10,MLLB_000_y1.0.3,AMBER,v4_amber_MLLB_000_y103_0922_1155,3.0,3.01,100,60,14,ince,False,iki-OK-arasi-monotonluk,,,,,,,,,,,True,,935.0,2.5,9.5
2026-09-23 09:08:10,MLLB_000_y1.0.3,AMBER,v4_amber_MLLB_000_y103_0922_1155,3.0,3.01,100,60,15,ince,False,iki-OK-arasi-monotonluk,,,,,,,,,,,True,,935.0,2.5,9.5
2026-09-23 09:08:10,MLLB_000_y1.0.3,AMBER,v4_amber_MLLB_000_y103_0922_1155,3.0,3.01,100,60,17,ince,False,iki-OK-arasi-monotonluk,,,,,,,,,,,True,,935.0,2.5,9.5
2026-09-23 09:08:10,MLLB_000_y1.0.3,AMBER,v4_amber_MLLB_000_y103_0922_1155,3.0,3.01,100,60,18,ince,False,iki-OK-arasi-monotonluk,,,,,,,,,,,True,,935.0,2.5,9.5
2026-09-23 09:08:10,MLLB_000_y1.0.3,AMBER,v4_amber_MLLB_000_y103_0922_1155,3.0,3.01,100,60,19,ince,False,iki-OK-arasi-monotonluk,,,,,,,,,,,True,,935.0,2.5,9.5
2026-09-23 09:08:10,MLLB_000_y1.0.3,AMBER,v4_amber_MLLB_000_y103_0922_1155,3.0,3.01,100,60,21,ince,False,iki-OK-arasi-monotonluk,,,,,,,,,,,True,,935.0,2.5,9.5
2026-09-23 09:08:10,MLLB_000_y1.0.3,AMBER,v4_amber_MLLB_000_y103_0922_1155,3.0,3.01,100,60,22,ince,False,iki-OK-arasi-monotonluk,,,,,,,,,,,True,,935.0,2.5,9.5
2026-09-23 09:08:10,MLLB_000_y1.0.3,AMBER,v4_amber_MLLB_000_y103_0922_1155,3.0,3.01,100,60,23,ince,False,iki-OK-arasi-monotonluk,,,,,,,,,,,True,,935.0,2.5,9.5
2026-09-23 09:08:10,MLLB_000_y1.0.3,AMBER,v4_amber_MLLB_000_y103_0922_1155,3.0,3.01,100,60,25,ince,False,iki-OK-arasi-monotonluk,,,,,,,,,,,True,,935.0,2.5,9.5
2026-09-23 09:08:10,MLLB_000_y1.0.3,AMBER,v4_amber_MLLB_000_y103_0922_1155,3.0,3.01,100,60,26,ince,False,iki-OK-arasi-monotonluk,,,,,,,,,,,True,,935.0,2.5,9.5
2026-09-23 09:08:10,MLLB_000_y1.0.3,AMBER,v4_amber_MLLB_000_y103_0922_1155,3.0,3.01,100,60,27,ince,False,iki-OK-arasi-monotonluk,,,,,,,,,,,True,,935.0,2.5,9.5
2026-09-23 09:08:10,MLLB_000_y1.0.3,AMBER,v4_amber_MLLB_000_y103_0922_1155,3.0,3.01,100,60,29,ince,False,iki-OK-arasi-monotonluk,,,,,,,,,,,True,,935.0,2.5,9.5
2026-09-23 09:08:10,MLLB_000_y1.0.3,AMBER,v4_amber_MLLB_000_y103_0922_1155,3.0,3.01,100,60,30,ince,False,iki-OK-arasi-monotonluk,,,,,,,,,,,True,,935.0,2.5,9.5
2026-09-23 09:08:10,MLLB_000_y1.0.3,AMBER,v4_amber_MLLB_000_y103_0922_1155,3.0,3.01,100,60,31,ince,False,iki-OK-arasi-monotonluk,,,,,,,,,,,True,,935.0,2.5,9.5
2026-09-23 09:08:10,MLLB_000_y1.0.3,AMBER,v4_amber_MLLB_000_y103_0922_1155,3.0,3.01,100,60,33,ince,False,iki-OK-arasi-monotonluk,,,,,,,,,,,True,,935.0,2.5,9.5
2026-09-23 09:08:10,MLLB_000_y1.0.3,AMBER,v4_amber_MLLB_000_y103_0922_1155,3.0,3.01,100,60,34,ince,False,iki-OK-arasi-monotonluk,,,,,,,,,,,True,,935.0,2.5,9.5
2026-09-23 09:08:10,MLLB_000_y1.0.3,AMBER,v4_amber_MLLB_000_y103_0922_1155,3.0,3.01,100,60,35,ince,False,iki-OK-arasi-monotonluk,,,,,,,,,,,True,,935.0,2.5,9.5
2026-09-23 09:08:10,MLLB_000_y1.0.3,AMBER,v4_amber_MLLB_000_y103_0922_1155,3.0,3.01,100,60,37,ince,False,iki-OK-arasi-monotonluk,,,,,,,,,,,True,,935.0,2.5,9.5
2026-09-23 09:08:10,MLLB_000_y1.0.3,AMBER,v4_amber_MLLB_000_y103_0922_1155,3.0,3.01,100,60,38,ince,False,iki-OK-arasi-monotonluk,,,,,,,,,,,True,,935.0,2.5,9.5
2026-09-23 09:08:10,MLLB_000_y1.0.3,AMBER,v4_amber_MLLB_000_y103_0922_1155,3.0,3.01,100,60,39,ince,False,iki-OK-arasi-monotonluk,,,,,,,,,,,True,,935.0,2.5,9.5
2026-09-23 09:08:10,MLLB_000_y1.0.3,AMBER,v4_amber_MLLB_000_y103_0922_1155,3.0,3.01,100,60,41,ince,False,iki-OK-arasi-monotonluk,,,,,,,,,,,True,,935.0,2.5,9.5
2026-09-23 09:08:10,MLLB_000_y1.0.3,AMBER,v4_amber_MLLB_000_y103_0922_1155,3.0,3.01,100,60,42,ince,False,iki-OK-arasi-monotonluk,,,,,,,,,,,True,,935.0,2.5,9.5
2026-09-23 09:08:10,MLLB_000_y1.0.3,AMBER,v4_amber_MLLB_000_y103_0922_1155,3.0,3.01,100,60,43,ince,False,iki-OK-arasi-monotonluk,,,,,,,,,,,True,,935.0,2.5,9.5
2026-09-23 09:08:10,MLLB_000_y1.0.3,AMBER,v4_amber_MLLB_000_y103_0922_1155,3.0,3.01,100,60,45,ince,False,iki-OK-arasi-monotonluk,,,,,,,,,,,True,,935.0,2.5,9.5
2026-09-23 09:08:10,MLLB_000_y1.0.3,AMBER,v4_amber_MLLB_000_y103_0922_1155,3.0,3.01,100,60,46,ince,False,iki-OK-arasi-monotonluk,,,,,,,,,,,True,,935.0,2.5,9.5
2026-09-23 09:08:10,MLLB_000_y1.0.3,AMBER,v4_amber_MLLB_000_y103_0922_1155,3.0,3.01,100,60,47,ince,False,iki-OK-arasi-monotonluk,,,,,,,,,,,True,,935.0,2.5,9.5
2026-09-23 09:08:10,MLLB_000_y1.0.3,AMBER,v4_amber_MLLB_000_y103_0922_1155,3.0,3.01,100,60,49,ince,False,iki-OK-arasi-monotonluk,,,,,,,,,,,True,,935.0,2.5,9.5
2026-09-23 09:08:10,MLLB_000_y1.0.3,AMBER,v4_amber_MLLB_000_y103_0922_1155,3.0,3.01,100,60,,bitti,False,,,,,,,,,,,,,,935.0,2.5,9.5
2026-09-23 09:08:55,MLLB_000_y1.0.3,AMBER,v4_amber_MLLB_000_y103_0922_1155,2.8,2.808,6,100,12,kaba,True,,442.0,108.0,560.0,1002.0,1.068,10.188,9.54,0.4623,True,,False,ON,935.0,2.5,9.5
2026-09-23 09:09:11,MLLB_000_y1.0.3,AMBER,v4_amber_MLLB_000_y103_0922_1155,2.8,2.808,6,100,16,kaba,True,,358.0,66.0,644.0,1002.0,1.058,10.142,9.588,0.4567,True,,False,ON,935.0,2.5,9.5
2026-09-23 09:09:27,MLLB_000_y1.0.3,AMBER,v4_amber_MLLB_000_y103_0922_1155,2.8,2.808,6,100,20,kaba,True,,270.0,90.0,732.0,1002.0,1.06,10.188,9.615,0.4553,True,,False,ON,935.0,2.5,9.5
2026-09-23 09:09:43,MLLB_000_y1.0.3,AMBER,v4_amber_MLLB_000_y103_0922_1155,2.8,2.808,6,100,24,kaba,True,,184.0,112.0,818.0,1002.0,1.058,10.234,9.669,0.4542,True,,False,ON,935.0,2.5,9.5
2026-09-23 09:09:56,MLLB_000_y1.0.3,AMBER,v4_amber_MLLB_000_y103_0922_1155,2.8,2.808,6,100,28,kaba,True,,96.0,56.0,906.0,1002.0,1.045,10.097,9.664,0.4536,True,,False,ON,935.0,2.5,9.5
2026-09-23 09:10:11,MLLB_000_y1.0.3,AMBER,v4_amber_MLLB_000_y103_0922_1155,2.8,2.808,6,100,32,kaba,True,,30.0,18.0,972.0,1002.0,8.231,79.652,9.677,0.4598,True,,False,FLAS,935.0,2.5,9.5
2026-09-23 09:10:12,MLLB_000_y1.0.3,AMBER,v4_amber_MLLB_000_y103_0922_1155,2.8,2.808,6,100,,bitti,False,,,,,,,,,,,,,,935.0,2.5,9.5
2026-09-23 09:10:27,MLLB_000_y1.0.3,AMBER,v4_amber_MLLB_000_y103_0922_1155,2.8,2.808,6,80,12,kaba,True,,482.0,58.0,520.0,1002.0,1.069,10.188,9.528,0.4535,True,,False,ON,935.0,2.5,9.5
2026-09-23 09:10:43,MLLB_000_y1.0.3,AMBER,v4_amber_MLLB_000_y103_0922_1155,2.8,2.808,6,80,16,kaba,True,,414.0,54.0,588.0,1002.0,1.07,10.234,9.565,0.4516,True,,False,ON,935.0,2.5,9.5
2026-09-23 09:10:59,MLLB_000_y1.0.3,AMBER,v4_amber_MLLB_000_y103_0922_1155,2.8,2.808,6,80,20,kaba,True,,344.0,104.0,658.0,1002.0,1.035,9.937,9.603,0.4547,True,,False,ON,935.0,2.5,9.5
2026-09-23 09:11:15,MLLB_000_y1.0.3,AMBER,v4_amber_MLLB_000_y103_0922_1155,2.8,2.808,6,80,24,kaba,True,,278.0,88.0,724.0,1002.0,1.037,9.983,9.628,0.4535,True,,False,ON,935.0,2.5,9.5
2026-09-23 09:11:31,MLLB_000_y1.0.3,AMBER,v4_amber_MLLB_000_y103_0922_1155,2.8,2.808,6,80,28,kaba,True,,208.0,76.0,794.0,1002.0,1.023,9.869,9.649,0.4495,True,,False,ON,935.0,2.5,9.5
2026-09-23 09:11:47,MLLB_000_y1.0.3,AMBER,v4_amber_MLLB_000_y103_0922_1155,2.8,2.808,6,80,32,kaba,True,,134.0,126.0,868.0,1002.0,1.016,9.823,9.664,0.4565,True,,False,ON,935.0,2.5,9.5
2026-09-23 09:11:59,MLLB_000_y1.0.3,AMBER,v4_amber_MLLB_000_y103_0922_1155,2.8,2.808,6,80,36,kaba,True,,58.0,122.0,944.0,1002.0,1.032,9.984,9.67,0.4555,True,,True,,935.0,2.5,9.5
2026-09-23 09:12:15,MLLB_000_y1.0.3,AMBER,v4_amber_MLLB_000_y103_0922_1155,2.8,2.808,6,80,40,kaba,True,,38.0,16.0,964.0,1002.0,6.149,59.459,9.669,0.4517,True,,False,FLAS,935.0,2.5,9.5
2026-09-23 09:12:31,MLLB_000_y1.0.3,AMBER,v4_amber_MLLB_000_y103_0922_1155,2.8,2.808,6,80,33,ince,True,,118.0,104.0,884.0,1002.0,1.019,9.869,9.684,0.4538,True,,False,ON,935.0,2.5,9.5
2026-09-23 09:12:47,MLLB_000_y1.0.3,AMBER,v4_amber_MLLB_000_y103_0922_1155,2.8,2.808,6,80,34,ince,True,,98.0,102.0,904.0,1002.0,1.01,9.755,9.662,0.4512,True,,False,ON,935.0,2.5,9.5
2026-09-23 09:13:00,MLLB_000_y1.0.3,AMBER,v4_amber_MLLB_000_y103_0922_1155,2.8,2.808,6,80,35,ince,True,,80.0,116.0,922.0,1002.0,1.013,9.8,9.678,0.4509,True,,False,ON,935.0,2.5,9.5
2026-09-23 09:13:15,MLLB_000_y1.0.3,AMBER,v4_amber_MLLB_000_y103_0922_1155,2.8,2.808,6,80,37,ince,True,,42.0,26.0,960.0,1002.0,2.135,20.677,9.684,0.4575,True,,True,,935.0,2.5,9.5
2026-09-23 09:13:31,MLLB_000_y1.0.3,AMBER,v4_amber_MLLB_000_y103_0922_1155,2.8,2.808,6,80,38,ince,True,,38.0,18.0,964.0,1002.0,3.746,36.23,9.672,0.4549,True,,False,FLAS,935.0,2.5,9.5
2026-09-23 09:13:47,MLLB_000_y1.0.3,AMBER,v4_amber_MLLB_000_y103_0922_1155,2.8,2.808,6,80,39,ince,True,,38.0,16.0,964.0,1002.0,5.178,50.154,9.685,0.4535,True,,False,FLAS,935.0,2.5,9.5
2026-09-23 09:13:48,MLLB_000_y1.0.3,AMBER,v4_amber_MLLB_000_y103_0922_1155,2.8,2.808,6,80,,bitti,False,,,,,,,,,,,,,,935.0,2.5,9.5
2026-09-23 09:14:03,MLLB_000_y1.0.3,AMBER,v4_amber_MLLB_000_y103_0922_1155,2.8,2.808,6,60,12,kaba,True,,530.0,68.0,472.0,1002.0,1.037,9.869,9.52,0.452,True,,False,ON,935.0,2.5,9.5
2026-09-23 09:14:19,MLLB_000_y1.0.3,AMBER,v4_amber_MLLB_000_y103_0922_1155,2.8,2.808,6,60,16,kaba,True,,480.0,68.0,522.0,1002.0,1.047,10.005,9.554,0.4536,True,,False,ON,935.0,2.5,9.5
2026-09-23 09:14:32,MLLB_000_y1.0.3,AMBER,v4_amber_MLLB_000_y103_0922_1155,2.8,2.808,6,60,20,kaba,True,,428.0,94.0,574.0,1002.0,1.037,9.915,9.56,0.4512,True,,False,ON,935.0,2.5,9.5
2026-09-23 09:14:47,MLLB_000_y1.0.3,AMBER,v4_amber_MLLB_000_y103_0922_1155,2.8,2.808,6,60,24,kaba,True,,378.0,120.0,624.0,1002.0,1.034,9.914,9.589,0.4537,True,,False,ON,935.0,2.5,9.5
2026-09-23 09:15:03,MLLB_000_y1.0.3,AMBER,v4_amber_MLLB_000_y103_0922_1155,2.8,2.808,6,60,28,kaba,True,,330.0,72.0,672.0,1002.0,1.046,10.051,9.607,0.4512,True,,False,ON,935.0,2.5,9.5
2026-09-23 09:15:19,MLLB_000_y1.0.3,AMBER,v4_amber_MLLB_000_y103_0922_1155,2.8,2.808,6,60,32,kaba,True,,278.0,78.0,724.0,1002.0,1.039,9.96,9.588,0.4491,True,,False,ON,935.0,2.5,9.5
2026-09-23 09:15:35,MLLB_000_y1.0.3,AMBER,v4_amber_MLLB_000_y103_0922_1155,2.8,2.808,6,60,36,kaba,True,,226.0,96.0,776.0,1002.0,1.029,9.891,9.616,0.4522,True,,False,ON,935.0,2.5,9.5
2026-09-23 09:15:51,MLLB_000_y1.0.3,AMBER,v4_amber_MLLB_000_y103_0922_1155,2.8,2.808,6,60,40,kaba,True,,174.0,100.0,828.0,1002.0,1.029,9.914,9.639,0.4489,True,,False,ON,935.0,2.5,9.5
2026-09-23 09:16:04,MLLB_000_y1.0.3,AMBER,v4_amber_MLLB_000_y103_0922_1155,2.8,2.808,6,60,44,kaba,True,,120.0,112.0,882.0,1002.0,1.019,9.846,9.659,0.4513,True,,False,ON,935.0,2.5,9.5
2026-09-23 09:16:19,MLLB_000_y1.0.3,AMBER,v4_amber_MLLB_000_y103_0922_1155,2.8,2.808,6,60,48,kaba,True,,62.0,106.0,940.0,1002.0,1.025,9.914,9.674,0.4532,True,,True,,935.0,2.5,9.5
2026-09-23 09:16:35,MLLB_000_y1.0.3,AMBER,v4_amber_MLLB_000_y103_0922_1155,2.8,2.808,6,60,50,kaba,True,,50.0,20.0,952.0,1002.0,3.325,32.208,9.686,0.4541,True,,False,FLAS,935.0,2.5,9.5
2026-09-23 09:16:51,MLLB_000_y1.0.3,AMBER,v4_amber_MLLB_000_y103_0922_1155,2.8,2.808,6,60,45,ince,True,,106.0,96.0,896.0,1002.0,1.006,9.732,9.676,0.4524,True,,False,ON,935.0,2.5,9.5
2026-09-23 09:17:07,MLLB_000_y1.0.3,AMBER,v4_amber_MLLB_000_y103_0922_1155,2.8,2.808,6,60,46,ince,True,,92.0,142.0,910.0,1002.0,1.018,9.846,9.674,0.4517,True,,False,ON,935.0,2.5,9.5
2026-09-23 09:17:23,MLLB_000_y1.0.3,AMBER,v4_amber_MLLB_000_y103_0922_1155,2.8,2.808,6,60,47,ince,True,,78.0,112.0,924.0,1002.0,1.021,9.869,9.667,0.4527,True,,False,ON,935.0,2.5,9.5
2026-09-23 09:17:39,MLLB_000_y1.0.3,AMBER,v4_amber_MLLB_000_y103_0922_1155,2.8,2.808,6,60,49,ince,True,,54.0,24.0,948.0,1002.0,2.317,22.443,9.686,0.4513,True,,True,,935.0,2.5,9.5
2026-09-23 09:17:40,MLLB_000_y1.0.3,AMBER,v4_amber_MLLB_000_y103_0922_1155,2.8,2.808,6,60,,bitti,False,,,,,,,,,,,,,,935.0,2.5,9.5
2026-09-23 09:18:17,MLLB_000_y1.0.3,AMBER,v4_amber_MLLB_000_y103_0922_1155,2.8,2.808,7,100,12,kaba,True,,362.0,66.0,640.0,1002.0,1.041,12.394,11.905,0.564,True,,False,ON,935.0,2.5,9.5
2026-09-23 09:18:33,MLLB_000_y1.0.3,AMBER,v4_amber_MLLB_000_y103_0922_1155,2.8,2.808,7,100,16,kaba,True,,292.0,82.0,710.0,1002.0,1.042,12.417,11.922,0.5633,True,,False,ON,935.0,2.5,9.5
2026-09-23 09:18:49,MLLB_000_y1.0.3,AMBER,v4_amber_MLLB_000_y103_0922_1155,2.8,2.808,7,100,20,kaba,True,,224.0,78.0,778.0,1002.0,1.044,12.463,11.942,0.5692,True,,False,ON,935.0,2.5,9.5
2026-09-23 09:19:05,MLLB_000_y1.0.3,AMBER,v4_amber_MLLB_000_y103_0922_1155,2.8,2.808,7,100,24,kaba,True,,156.0,96.0,846.0,1002.0,1.04,12.44,11.964,0.5668,True,,False,ON,935.0,2.5,9.5
2026-09-23 09:19:21,MLLB_000_y1.0.3,AMBER,v4_amber_MLLB_000_y103_0922_1155,2.8,2.808,7,100,28,kaba,True,,84.0,80.0,918.0,1002.0,1.026,12.301,11.995,0.566,True,,False,ON,935.0,2.5,9.5
2026-09-23 09:19:37,MLLB_000_y1.0.3,AMBER,v4_amber_MLLB_000_y103_0922_1155,2.8,2.808,7,100,32,kaba,True,,32.0,22.0,970.0,1002.0,5.088,61.102,12.009,0.5668,True,,False,FLAS,935.0,2.5,9.5
2026-09-23 09:19:37,MLLB_000_y1.0.3,AMBER,v4_amber_MLLB_000_y103_0922_1155,2.8,2.808,7,100,,bitti,False,,,,,,,,,,,,,,935.0,2.5,9.5
2026-09-23 09:19:53,MLLB_000_y1.0.3,AMBER,v4_amber_MLLB_000_y103_0922_1155,2.8,2.808,7,80,12,kaba,True,,396.0,68.0,606.0,1002.0,1.049,12.486,11.902,0.5635,True,,False,ON,935.0,2.5,9.5
2026-09-23 09:20:09,MLLB_000_y1.0.3,AMBER,v4_amber_MLLB_000_y103_0922_1155,2.8,2.808,7,80,16,kaba,True,,338.0,72.0,664.0,1002.0,1.044,12.44,11.911,0.5639,True,,False,ON,935.0,2.5,9.5
2026-09-23 09:20:25,MLLB_000_y1.0.3,AMBER,v4_amber_MLLB_000_y103_0922_1155,2.8,2.808,7,80,20,kaba,True,,286.0,68.0,716.0,1002.0,1.038,12.394,11.944,0.5658,True,,False,ON,935.0,2.5,9.5
2026-09-23 09:20:38,MLLB_000_y1.0.3,AMBER,v4_amber_MLLB_000_y103_0922_1155,2.8,2.808,7,80,24,kaba,True,,230.0,84.0,772.0,1002.0,1.035,12.394,11.975,0.565,True,,False,ON,935.0,2.5,9.5
2026-09-23 09:20:53,MLLB_000_y1.0.3,AMBER,v4_amber_MLLB_000_y103_0922_1155,2.8,2.808,7,80,28,kaba,True,,174.0,74.0,828.0,1002.0,1.038,12.44,11.99,0.5656,True,,False,ON,935.0,2.5,9.5
2026-09-23 09:21:09,MLLB_000_y1.0.3,AMBER,v4_amber_MLLB_000_y103_0922_1155,2.8,2.808,7,80,32,kaba,True,,116.0,132.0,886.0,1002.0,1.031,12.37,12.004,0.5654,True,,False,ON,935.0,2.5,9.5
2026-09-23 09:21:25,MLLB_000_y1.0.3,AMBER,v4_amber_MLLB_000_y103_0922_1155,2.8,2.808,7,80,36,kaba,True,,56.0,102.0,946.0,1002.0,1.029,12.347,11.996,0.5654,True,,True,,935.0,2.5,9.5
2026-09-23 09:21:41,MLLB_000_y1.0.3,AMBER,v4_amber_MLLB_000_y103_0922_1155,2.8,2.808,7,80,40,kaba,True,,40.0,22.0,962.0,1002.0,6.861,82.277,11.991,0.5644,True,,False,FLAS,935.0,2.5,9.5
2026-09-23 09:21:57,MLLB_000_y1.0.3,AMBER,v4_amber_MLLB_000_y103_0922_1155,2.8,2.808,7,80,33,ince,True,,102.0,80.0,900.0,1002.0,1.031,12.394,12.019,0.5646,True,,False,ON,935.0,2.5,9.5
2026-09-23 09:22:13,MLLB_000_y1.0.3,AMBER,v4_amber_MLLB_000_y103_0922_1155,2.8,2.808,7,80,34,ince,True,,88.0,88.0,914.0,1002.0,1.025,12.301,12.001,0.5665,True,,False,ON,935.0,2.5,9.5
2026-09-23 09:22:29,MLLB_000_y1.0.3,AMBER,v4_amber_MLLB_000_y103_0922_1155,2.8,2.808,7,80,35,ince,True,,72.0,112.0,930.0,1002.0,1.024,12.278,11.994,0.5646,True,,False,ON,935.0,2.5,9.5
2026-09-23 09:22:45,MLLB_000_y1.0.3,AMBER,v4_amber_MLLB_000_y103_0922_1155,2.8,2.808,7,80,37,ince,True,,44.0,28.0,958.0,1002.0,2.075,24.961,12.029,0.5639,True,,True,,935.0,2.5,9.5
2026-09-23 09:23:01,MLLB_000_y1.0.3,AMBER,v4_amber_MLLB_000_y103_0922_1155,2.8,2.808,7,80,38,ince,True,,40.0,24.0,962.0,1002.0,3.716,44.696,12.028,0.5658,True,,False,FLAS,935.0,2.5,9.5
2026-09-23 09:23:17,MLLB_000_y1.0.3,AMBER,v4_amber_MLLB_000_y103_0922_1155,2.8,2.808,7,80,39,ince,True,,40.0,22.0,962.0,1002.0,5.195,62.327,11.997,0.5638,True,,False,FLAS,935.0,2.5,9.5
2026-09-23 09:23:18,MLLB_000_y1.0.3,AMBER,v4_amber_MLLB_000_y103_0922_1155,2.8,2.808,7,80,,bitti,False,,,,,,,,,,,,,,935.0,2.5,9.5
2026-09-23 09:23:33,MLLB_000_y1.0.3,AMBER,v4_amber_MLLB_000_y103_0922_1155,2.8,2.808,7,60,12,kaba,True,,432.0,80.0,570.0,1002.0,1.044,12.394,11.871,0.5666,True,,False,ON,935.0,2.5,9.5
2026-09-23 09:23:49,MLLB_000_y1.0.3,AMBER,v4_amber_MLLB_000_y103_0922_1155,2.8,2.808,7,60,16,kaba,True,,392.0,96.0,610.0,1002.0,1.049,12.486,11.908,0.5669,True,,False,ON,935.0,2.5,9.5
2026-09-23 09:24:05,MLLB_000_y1.0.3,AMBER,v4_amber_MLLB_000_y103_0922_1155,2.8,2.808,7,60,20,kaba,True,,354.0,64.0,648.0,1002.0,1.043,12.44,11.928,0.5662,True,,False,ON,935.0,2.5,9.5
2026-09-23 09:24:21,MLLB_000_y1.0.3,AMBER,v4_amber_MLLB_000_y103_0922_1155,2.8,2.808,7,60,24,kaba,True,,312.0,68.0,690.0,1002.0,1.047,12.509,11.942,0.5643,True,,False,ON,935.0,2.5,9.5
2026-09-23 09:24:37,MLLB_000_y1.0.3,AMBER,v4_amber_MLLB_000_y103_0922_1155,2.8,2.808,7,60,28,kaba,True,,272.0,74.0,730.0,1002.0,1.035,12.394,11.974,0.5692,True,,False,ON,935.0,2.5,9.5
2026-09-23 09:24:53,MLLB_000_y1.0.3,AMBER,v4_amber_MLLB_000_y103_0922_1155,2.8,2.808,7,60,32,kaba,True,,232.0,78.0,770.0,1002.0,1.032,12.37,11.986,0.5695,True,,False,ON,935.0,2.5,9.5
2026-09-23 09:25:09,MLLB_000_y1.0.3,AMBER,v4_amber_MLLB_000_y103_0922_1155,2.8,2.808,7,60,36,kaba,True,,190.0,80.0,812.0,1002.0,1.041,12.486,11.99,0.5652,True,,False,ON,935.0,2.5,9.5
2026-09-23 09:25:25,MLLB_000_y1.0.3,AMBER,v4_amber_MLLB_000_y103_0922_1155,2.8,2.808,7,60,40,kaba,True,,148.0,86.0,854.0,1002.0,1.035,12.417,11.993,0.5648,True,,False,ON,935.0,2.5,9.5
2026-09-23 09:25:41,MLLB_000_y1.0.3,AMBER,v4_amber_MLLB_000_y103_0922_1155,2.8,2.808,7,60,44,kaba,True,,106.0,108.0,896.0,1002.0,1.025,12.301,11.995,0.5648,True,,False,ON,935.0,2.5,9.5
2026-09-23 09:25:57,MLLB_000_y1.0.3,AMBER,v4_amber_MLLB_000_y103_0922_1155,2.8,2.808,7,60,48,kaba,True,,62.0,132.0,940.0,1002.0,1.026,12.347,12.031,0.567,True,,True,,935.0,2.5,9.5
2026-09-23 09:26:13,MLLB_000_y1.0.3,AMBER,v4_amber_MLLB_000_y103_0922_1155,2.8,2.808,7,60,50,kaba,True,,52.0,22.0,950.0,1002.0,3.268,39.299,12.026,0.5644,True,,False,FLAS,935.0,2.5,9.5
2026-09-23 09:26:26,MLLB_000_y1.0.3,AMBER,v4_amber_MLLB_000_y103_0922_1155,2.8,2.808,7,60,45,ince,True,,96.0,90.0,906.0,1002.0,1.025,12.324,12.025,0.5672,True,,False,ON,935.0,2.5,9.5
2026-09-23 09:26:41,MLLB_000_y1.0.3,AMBER,v4_amber_MLLB_000_y103_0922_1155,2.8,2.808,7,60,46,ince,True,,86.0,80.0,916.0,1002.0,1.023,12.301,12.024,0.5653,True,,False,ON,935.0,2.5,9.5
2026-09-23 09:26:57,MLLB_000_y1.0.3,AMBER,v4_amber_MLLB_000_y103_0922_1155,2.8,2.808,7,60,47,ince,True,,74.0,126.0,928.0,1002.0,1.035,12.417,11.996,0.5671,True,,False,ON,935.0,2.5,9.5
2026-09-23 09:27:13,MLLB_000_y1.0.3,AMBER,v4_amber_MLLB_000_y103_0922_1155,2.8,2.808,7,60,49,ince,True,,56.0,26.0,946.0,1002.0,2.232,26.788,12.002,0.562,True,,True,,935.0,2.5,9.5
2026-09-23 09:27:14,MLLB_000_y1.0.3,AMBER,v4_amber_MLLB_000_y103_0922_1155,2.8,2.808,7,60,,bitti,False,,,,,,,,,,,,,,935.0,2.5,9.5
2026-09-23 09:27:51,MLLB_000_y1.0.3,AMBER,v4_amber_MLLB_000_y103_0922_1155,2.8,2.808,8,100,12,kaba,True,,304.0,62.0,698.0,1002.0,1.087,15.586,14.336,0.6631,True,,False,ON,935.0,2.5,9.5
2026-09-23 09:28:04,MLLB_000_y1.0.3,AMBER,v4_amber_MLLB_000_y103_0922_1155,2.8,2.808,8,100,16,kaba,True,,250.0,54.0,752.0,1002.0,1.091,15.68,14.367,0.6637,True,,False,ON,935.0,2.5,9.5
2026-09-23 09:28:19,MLLB_000_y1.0.3,AMBER,v4_amber_MLLB_000_y103_0922_1155,2.8,2.808,8,100,20,kaba,True,,194.0,52.0,808.0,1002.0,1.087,15.633,14.384,0.6634,True,,False,ON,935.0,2.5,9.5
2026-09-23 09:28:35,MLLB_000_y1.0.3,AMBER,v4_amber_MLLB_000_y103_0922_1155,2.8,2.808,8,100,24,kaba,True,,134.0,48.0,868.0,1002.0,1.08,15.539,14.391,0.6615,True,,False,ON,935.0,2.5,9.5
2026-09-23 09:28:51,MLLB_000_y1.0.3,AMBER,v4_amber_MLLB_000_y103_0922_1155,2.8,2.808,8,100,28,kaba,True,,78.0,58.0,924.0,1002.0,1.086,15.656,14.416,0.6629,True,,False,ON,935.0,2.5,9.5
2026-09-23 09:29:04,MLLB_000_y1.0.3,AMBER,v4_amber_MLLB_000_y103_0922_1155,2.8,2.808,8,100,32,kaba,True,,36.0,26.0,966.0,1002.0,5.167,74.405,14.399,0.6635,True,,False,FLAS,935.0,2.5,9.5
2026-09-23 09:29:04,MLLB_000_y1.0.3,AMBER,v4_amber_MLLB_000_y103_0922_1155,2.8,2.808,8,100,,bitti,False,,,,,,,,,,,,,,935.0,2.5,9.5
2026-09-23 09:29:19,MLLB_000_y1.0.3,AMBER,v4_amber_MLLB_000_y103_0922_1155,2.8,2.808,8,80,12,kaba,True,,332.0,62.0,670.0,1002.0,1.088,15.586,14.321,0.6638,True,,False,ON,935.0,2.5,9.5
2026-09-23 09:29:35,MLLB_000_y1.0.3,AMBER,v4_amber_MLLB_000_y103_0922_1155,2.8,2.808,8,80,16,kaba,True,,288.0,52.0,714.0,1002.0,1.094,15.703,14.35,0.6623,True,,False,ON,935.0,2.5,9.5
2026-09-23 09:29:51,MLLB_000_y1.0.3,AMBER,v4_amber_MLLB_000_y103_0922_1155,2.8,2.808,8,80,20,kaba,True,,242.0,50.0,760.0,1002.0,1.094,15.727,14.376,0.6621,True,,False,ON,935.0,2.5,9.5
2026-09-23 09:30:07,MLLB_000_y1.0.3,AMBER,v4_amber_MLLB_000_y103_0922_1155,2.8,2.808,8,80,24,kaba,True,,196.0,52.0,806.0,1002.0,1.086,15.609,14.377,0.6625,True,,False,ON,935.0,2.5,9.5
2026-09-23 09:30:20,MLLB_000_y1.0.3,AMBER,v4_amber_MLLB_000_y103_0922_1155,2.8,2.808,8,80,28,kaba,True,,150.0,52.0,852.0,1002.0,1.089,15.656,14.377,0.6627,True,,False,ON,935.0,2.5,9.5
2026-09-23 09:30:35,MLLB_000_y1.0.3,AMBER,v4_amber_MLLB_000_y103_0922_1155,2.8,2.808,8,80,32,kaba,True,,104.0,50.0,898.0,1002.0,1.082,15.609,14.43,0.6633,True,,False,ON,935.0,2.5,9.5
2026-09-23 09:30:52,MLLB_000_y1.0.3,AMBER,v4_amber_MLLB_000_y103_0922_1155,2.8,2.808,8,80,36,kaba,True,,54.0,64.0,948.0,1002.0,1.085,15.656,14.423,0.6641,True,,True,,935.0,2.5,9.5
2026-09-23 09:31:08,MLLB_000_y1.0.3,AMBER,v4_amber_MLLB_000_y103_0922_1155,2.8,2.808,8,80,40,kaba,True,,42.0,26.0,960.0,1002.0,6.101,87.905,14.407,0.6633,True,,False,FLAS,935.0,2.5,9.5
2026-09-23 09:31:24,MLLB_000_y1.0.3,AMBER,v4_amber_MLLB_000_y103_0922_1155,2.8,2.808,8,80,33,ince,True,,94.0,56.0,908.0,1002.0,1.075,15.515,14.439,0.6637,True,,False,ON,935.0,2.5,9.5
2026-09-23 09:31:39,MLLB_000_y1.0.3,AMBER,v4_amber_MLLB_000_y103_0922_1155,2.8,2.808,8,80,34,ince,True,,82.0,56.0,920.0,1002.0,1.073,15.492,14.436,0.6641,True,,False,ON,935.0,2.5,9.5
2026-09-23 09:31:55,MLLB_000_y1.0.3,AMBER,v4_amber_MLLB_000_y103_0922_1155,2.8,2.808,8,80,35,ince,True,,68.0,68.0,934.0,1002.0,1.081,15.609,14.435,0.6647,True,,False,ON,935.0,2.5,9.5
2026-09-23 09:32:11,MLLB_000_y1.0.3,AMBER,v4_amber_MLLB_000_y103_0922_1155,2.8,2.808,8,80,37,ince,True,,46.0,56.0,956.0,1002.0,1.82,26.292,14.445,0.6614,True,,True,,935.0,2.5,9.5
2026-09-23 09:32:28,MLLB_000_y1.0.3,AMBER,v4_amber_MLLB_000_y103_0922_1155,2.8,2.808,8,80,38,ince,True,,44.0,26.0,958.0,1002.0,3.27,47.222,14.439,0.6628,True,,False,FLAS,935.0,2.5,9.5
2026-09-23 09:32:40,MLLB_000_y1.0.3,AMBER,v4_amber_MLLB_000_y103_0922_1155,2.8,2.808,8,80,39,ince,True,,44.0,26.0,958.0,1002.0,5.337,77.028,14.433,0.6636,True,,False,FLAS,935.0,2.5,9.5
2026-09-23 09:32:40,MLLB_000_y1.0.3,AMBER,v4_amber_MLLB_000_y103_0922_1155,2.8,2.808,8,80,,bitti,False,,,,,,,,,,,,,,935.0,2.5,9.5
2026-09-23 09:32:52,MLLB_000_y1.0.3,AMBER,v4_amber_MLLB_000_y103_0922_1155,2.8,2.808,8,60,12,kaba,True,,364.0,52.0,638.0,1002.0,1.092,15.609,14.291,0.6635,True,,False,ON,935.0,2.5,9.5
2026-09-23 09:33:05,MLLB_000_y1.0.3,AMBER,v4_amber_MLLB_000_y103_0922_1155,2.8,2.808,8,60,16,kaba,True,,332.0,50.0,670.0,1002.0,1.089,15.609,14.332,0.6617,True,,False,ON,935.0,2.5,9.5
2026-09-23 09:33:19,MLLB_000_y1.0.3,AMBER,v4_amber_MLLB_000_y103_0922_1155,2.8,2.808,8,60,20,kaba,True,,298.0,50.0,704.0,1002.0,1.098,15.75,14.344,0.662,True,,False,ON,935.0,2.5,9.5
2026-09-23 09:33:36,MLLB_000_y1.0.3,AMBER,v4_amber_MLLB_000_y103_0922_1155,2.8,2.808,8,60,24,kaba,True,,264.0,48.0,738.0,1002.0,1.088,15.609,14.345,0.6618,True,,False,ON,935.0,2.5,9.5
2026-09-23 09:33:52,MLLB_000_y1.0.3,AMBER,v4_amber_MLLB_000_y103_0922_1155,2.8,2.808,8,60,28,kaba,True,,232.0,48.0,770.0,1002.0,1.1,15.797,14.36,0.6622,True,,False,ON,935.0,2.5,9.5
2026-09-23 09:34:08,MLLB_000_y1.0.3,AMBER,v4_amber_MLLB_000_y103_0922_1155,2.8,2.808,8,60,32,kaba,True,,198.0,48.0,804.0,1002.0,1.093,15.703,14.371,0.6612,True,,False,ON,935.0,2.5,9.5
2026-09-23 09:34:24,MLLB_000_y1.0.3,AMBER,v4_amber_MLLB_000_y103_0922_1155,2.8,2.808,8,60,36,kaba,True,,166.0,48.0,836.0,1002.0,1.079,15.539,14.406,0.6621,True,,False,ON,935.0,2.5,9.5
2026-09-23 09:34:40,MLLB_000_y1.0.3,AMBER,v4_amber_MLLB_000_y103_0922_1155,2.8,2.808,8,60,40,kaba,True,,132.0,52.0,870.0,1002.0,1.092,15.727,14.407,0.6636,True,,False,ON,935.0,2.5,9.5
2026-09-23 09:34:55,MLLB_000_y1.0.3,AMBER,v4_amber_MLLB_000_y103_0922_1155,2.8,2.808,8,60,44,kaba,True,,98.0,60.0,904.0,1002.0,1.085,15.656,14.436,0.6646,True,,False,ON,935.0,2.5,9.5
2026-09-23 09:35:12,MLLB_000_y1.0.3,AMBER,v4_amber_MLLB_000_y103_0922_1155,2.8,2.808,8,60,48,kaba,True,,62.0,64.0,940.0,1002.0,1.081,15.586,14.414,0.6629,True,,True,,935.0,2.5,9.5
2026-09-23 09:35:27,MLLB_000_y1.0.3,AMBER,v4_amber_MLLB_000_y103_0922_1155,2.8,2.808,8,60,50,kaba,True,,56.0,28.0,946.0,1002.0,2.947,42.512,14.425,0.6634,True,,False,FLAS,935.0,2.5,9.5
2026-09-23 09:35:40,MLLB_000_y1.0.3,AMBER,v4_amber_MLLB_000_y103_0922_1155,2.8,2.808,8,60,45,ince,True,,90.0,52.0,912.0,1002.0,1.072,15.468,14.425,0.6623,True,,False,ON,935.0,2.5,9.5
2026-09-23 09:35:56,MLLB_000_y1.0.3,AMBER,v4_amber_MLLB_000_y103_0922_1155,2.8,2.808,8,60,46,ince,True,,80.0,52.0,922.0,1002.0,1.078,15.539,14.415,0.6627,True,,False,ON,935.0,2.5,9.5
2026-09-23 09:36:08,MLLB_000_y1.0.3,AMBER,v4_amber_MLLB_000_y103_0922_1155,2.8,2.808,8,60,47,ince,True,,70.0,58.0,932.0,1002.0,1.08,15.586,14.432,0.6635,True,,False,ON,935.0,2.5,9.5
2026-09-23 09:36:24,MLLB_000_y1.0.3,AMBER,v4_amber_MLLB_000_y103_0922_1155,2.8,2.808,8,60,49,ince,True,,58.0,28.0,944.0,1002.0,1.996,28.805,14.43,0.6632,True,,True,,935.0,2.5,9.5
2026-09-23 09:36:24,MLLB_000_y1.0.3,AMBER,v4_amber_MLLB_000_y103_0922_1155,2.8,2.808,8,60,,bitti,False,,,,,,,,,,,,,,935.0,2.5,9.5
2026-09-23 09:37:02,MLLB_000_y1.0.3,AMBER,v4_amber_MLLB_000_y103_0922_1155,2.8,2.808,10,100,12,kaba,True,,236.0,46.0,766.0,1002.0,1.046,20.004,19.126,0.7683,True,,False,ON,935.0,2.5,9.5
2026-09-23 09:37:18,MLLB_000_y1.0.3,AMBER,v4_amber_MLLB_000_y103_0922_1155,2.8,2.808,10,100,16,kaba,True,,192.0,50.0,810.0,1002.0,1.043,19.98,19.149,0.7669,True,,False,ON,935.0,2.5,9.5
2026-09-23 09:37:30,MLLB_000_y1.0.3,AMBER,v4_amber_MLLB_000_y103_0922_1155,2.8,2.808,10,100,20,kaba,True,,152.0,54.0,850.0,1002.0,1.039,19.932,19.181,0.7677,True,,False,ON,935.0,2.5,9.5
2026-09-23 09:37:42,MLLB_000_y1.0.3,AMBER,v4_amber_MLLB_000_y103_0922_1155,2.8,2.808,10,100,24,kaba,True,,108.0,74.0,894.0,1002.0,1.04,19.977,19.211,0.7684,True,,False,ON,935.0,2.5,9.5
2026-09-23 09:37:58,MLLB_000_y1.0.3,AMBER,v4_amber_MLLB_000_y103_0922_1155,2.8,2.808,10,100,28,kaba,True,,66.0,66.0,936.0,1002.0,1.035,19.884,19.204,0.7679,True,,True,,935.0,2.5,9.5
2026-09-23 09:38:14,MLLB_000_y1.0.3,AMBER,v4_amber_MLLB_000_y103_0922_1155,2.8,2.808,10,100,32,kaba,True,,38.0,28.0,964.0,1002.0,3.934,75.528,19.199,0.7681,True,,False,FLAS,935.0,2.5,9.5
2026-09-23 09:38:30,MLLB_000_y1.0.3,AMBER,v4_amber_MLLB_000_y103_0922_1155,2.8,2.808,10,100,36,kaba,True,,38.0,28.0,964.0,1002.0,6.652,127.837,19.218,0.7683,True,,False,FLAS,935.0,2.5,9.5
2026-09-23 09:38:46,MLLB_000_y1.0.3,AMBER,v4_amber_MLLB_000_y103_0922_1155,2.8,2.808,10,100,25,ince,True,,100.0,64.0,902.0,1002.0,1.033,19.812,19.181,0.7685,True,,False,ON,935.0,2.5,9.5
2026-09-23 09:39:02,MLLB_000_y1.0.3,AMBER,v4_amber_MLLB_000_y103_0922_1155,2.8,2.808,10,100,26,ince,True,,90.0,62.0,912.0,1002.0,1.037,19.884,19.18,0.7702,True,,False,ON,935.0,2.5,9.5
2026-09-23 09:39:14,MLLB_000_y1.0.3,AMBER,v4_amber_MLLB_000_y103_0922_1155,2.8,2.808,10,100,27,ince,True,,78.0,66.0,924.0,1002.0,1.035,19.836,19.174,0.768,True,,False,ON,935.0,2.5,9.5
2026-09-23 09:39:30,MLLB_000_y1.0.3,AMBER,v4_amber_MLLB_000_y103_0922_1155,2.8,2.808,10,100,29,ince,True,,56.0,68.0,946.0,1002.0,1.029,19.764,19.209,0.7686,True,,True,,935.0,2.5,9.5
2026-09-23 09:39:46,MLLB_000_y1.0.3,AMBER,v4_amber_MLLB_000_y103_0922_1155,2.8,2.808,10,100,30,ince,True,,44.0,84.0,958.0,1002.0,1.03,19.788,19.212,0.7689,True,,True,,935.0,2.5,9.5
2026-09-23 09:40:02,MLLB_000_y1.0.3,AMBER,v4_amber_MLLB_000_y103_0922_1155,2.8,2.808,10,100,31,ince,True,,38.0,28.0,964.0,1002.0,1.448,27.807,19.209,0.7676,True,,True,,935.0,2.5,9.5
2026-09-23 09:40:02,MLLB_000_y1.0.3,AMBER,v4_amber_MLLB_000_y103_0922_1155,2.8,2.808,10,100,,bitti,False,,,,,,,,,,,,,,935.0,2.5,9.5
2026-09-23 09:40:18,MLLB_000_y1.0.3,AMBER,v4_amber_MLLB_000_y103_0922_1155,2.8,2.808,10,80,12,kaba,True,,258.0,62.0,744.0,1002.0,1.041,19.86,19.084,0.7688,True,,False,ON,935.0,2.5,9.5
2026-09-23 09:40:34,MLLB_000_y1.0.3,AMBER,v4_amber_MLLB_000_y103_0922_1155,2.8,2.808,10,80,16,kaba,True,,224.0,58.0,778.0,1002.0,1.036,19.812,19.121,0.7688,True,,False,ON,935.0,2.5,9.5
2026-09-23 09:40:50,MLLB_000_y1.0.3,AMBER,v4_amber_MLLB_000_y103_0922_1155,2.8,2.808,10,80,20,kaba,True,,190.0,70.0,812.0,1002.0,1.04,19.908,19.137,0.7674,True,,False,ON,935.0,2.5,9.5
2026-09-23 09:41:06,MLLB_000_y1.0.3,AMBER,v4_amber_MLLB_000_y103_0922_1155,2.8,2.808,10,80,24,kaba,True,,158.0,54.0,844.0,1002.0,1.042,19.956,19.148,0.7677,True,,False,ON,935.0,2.5,9.5
2026-09-23 09:41:22,MLLB_000_y1.0.3,AMBER,v4_amber_MLLB_000_y103_0922_1155,2.8,2.808,10,80,28,kaba,True,,122.0,62.0,880.0,1002.0,1.039,19.932,19.179,0.7677,True,,False,ON,935.0,2.5,9.5
2026-09-23 09:41:38,MLLB_000_y1.0.3,AMBER,v4_amber_MLLB_000_y103_0922_1155,2.8,2.808,10,80,32,kaba,True,,88.0,74.0,914.0,1002.0,1.027,19.692,19.178,0.7675,True,,False,ON,935.0,2.5,9.5
2026-09-23 09:41:54,MLLB_000_y1.0.3,AMBER,v4_amber_MLLB_000_y103_0922_1155,2.8,2.808,10,80,36,kaba,True,,54.0,78.0,948.0,1002.0,1.031,19.764,19.17,0.7692,True,,True,,935.0,2.5,9.5
2026-09-23 09:42:09,MLLB_000_y1.0.3,AMBER,v4_amber_MLLB_000_y103_0922_1155,2.8,2.808,10,80,40,kaba,True,,46.0,28.0,956.0,1002.0,3.071,58.98,19.205,0.7676,True,,False,FLAS,935.0,2.5,9.5
2026-09-23 09:42:25,MLLB_000_y1.0.3,AMBER,v4_amber_MLLB_000_y103_0922_1155,2.8,2.808,10,80,44,kaba,True,,46.0,28.0,956.0,1002.0,5.915,113.491,19.188,0.768,True,,False,FLAS,935.0,2.5,9.5
2026-09-23 09:42:42,MLLB_000_y1.0.3,AMBER,v4_amber_MLLB_000_y103_0922_1155,2.8,2.808,10,80,33,ince,True,,78.0,64.0,924.0,1002.0,1.04,19.98,19.203,0.7685,True,,False,ON,935.0,2.5,9.5
2026-09-23 09:42:58,MLLB_000_y1.0.3,AMBER,v4_amber_MLLB_000_y103_0922_1155,2.8,2.808,10,80,34,ince,True,,70.0,62.0,932.0,1002.0,1.029,19.74,19.182,0.7683,True,,False,ON,935.0,2.5,9.5
2026-09-23 09:43:10,MLLB_000_y1.0.3,AMBER,v4_amber_MLLB_000_y103_0922_1155,2.8,2.808,10,80,35,ince,True,,62.0,78.0,940.0,1002.0,1.031,19.812,19.22,0.77,True,,True,,935.0,2.5,9.5
2026-09-23 09:43:26,MLLB_000_y1.0.3,AMBER,v4_amber_MLLB_000_y103_0922_1155,2.8,2.808,10,80,37,ince,True,,46.0,74.0,956.0,1002.0,1.284,24.641,19.189,0.7694,True,,True,,935.0,2.5,9.5
2026-09-23 09:43:42,MLLB_000_y1.0.3,AMBER,v4_amber_MLLB_000_y103_0922_1155,2.8,2.808,10,80,38,ince,True,,46.0,28.0,956.0,1002.0,2.118,40.617,19.176,0.768,True,,True,,935.0,2.5,9.5
2026-09-23 09:43:58,MLLB_000_y1.0.3,AMBER,v4_amber_MLLB_000_y103_0922_1155,2.8,2.808,10,80,39,ince,True,,46.0,28.0,956.0,1002.0,3.037,58.247,19.182,0.7686,True,,False,FLAS,935.0,2.5,9.5
2026-09-23 09:43:58,MLLB_000_y1.0.3,AMBER,v4_amber_MLLB_000_y103_0922_1155,2.8,2.808,10,80,,bitti,False,,,,,,,,,,,,,,935.0,2.5,9.5
2026-09-23 09:44:14,MLLB_000_y1.0.3,AMBER,v4_amber_MLLB_000_y103_0922_1155,2.8,2.808,10,60,12,kaba,True,,280.0,58.0,722.0,1002.0,1.045,19.956,19.101,0.7666,True,,False,ON,935.0,2.5,9.5
2026-09-23 09:44:30,MLLB_000_y1.0.3,AMBER,v4_amber_MLLB_000_y103_0922_1155,2.8,2.808,10,60,16,kaba,True,,256.0,50.0,746.0,1002.0,1.044,19.956,19.109,0.7676,True,,False,ON,935.0,2.5,9.5
2026-09-23 09:44:46,MLLB_000_y1.0.3,AMBER,v4_amber_MLLB_000_y103_0922_1155,2.8,2.808,10,60,20,kaba,True,,232.0,50.0,770.0,1002.0,1.044,19.932,19.086,0.7684,True,,False,ON,935.0,2.5,9.5
2026-09-23 09:45:02,MLLB_000_y1.0.3,AMBER,v4_amber_MLLB_000_y103_0922_1155,2.8,2.808,10,60,24,kaba,True,,208.0,54.0,794.0,1002.0,1.044,19.98,19.138,0.7682,True,,False,ON,935.0,2.5,9.5
2026-09-23 09:45:18,MLLB_000_y1.0.3,AMBER,v4_amber_MLLB_000_y103_0922_1155,2.8,2.808,10,60,28,kaba,True,,184.0,62.0,818.0,1002.0,1.045,19.98,19.128,0.7691,True,,False,ON,935.0,2.5,9.5
2026-09-23 09:45:34,MLLB_000_y1.0.3,AMBER,v4_amber_MLLB_000_y103_0922_1155,2.8,2.808,10,60,32,kaba,True,,160.0,58.0,842.0,1002.0,1.037,19.86,19.146,0.7683,True,,False,ON,935.0,2.5,9.5
2026-09-23 09:45:50,MLLB_000_y1.0.3,AMBER,v4_amber_MLLB_000_y103_0922_1155,2.8,2.808,10,60,36,kaba,True,,136.0,58.0,866.0,1002.0,1.038,19.884,19.151,0.7664,True,,False,ON,935.0,2.5,9.5
2026-09-23 09:46:06,MLLB_000_y1.0.3,AMBER,v4_amber_MLLB_000_y103_0922_1155,2.8,2.808,10,60,40,kaba,True,,110.0,62.0,892.0,1002.0,1.034,19.86,19.212,0.7683,True,,False,ON,935.0,2.5,9.5
2026-09-23 09:46:22,MLLB_000_y1.0.3,AMBER,v4_amber_MLLB_000_y103_0922_1155,2.8,2.808,10,60,44,kaba,True,,86.0,70.0,916.0,1002.0,1.031,19.74,19.148,0.7675,True,,False,ON,935.0,2.5,9.5
2026-09-23 09:46:34,MLLB_000_y1.0.3,AMBER,v4_amber_MLLB_000_y103_0922_1155,2.8,2.808,10,60,48,kaba,True,,64.0,88.0,938.0,1002.0,1.018,19.5,19.159,0.7686,True,,True,,935.0,2.5,9.5
2026-09-23 09:46:50,MLLB_000_y1.0.3,AMBER,v4_amber_MLLB_000_y103_0922_1155,2.8,2.808,10,60,50,kaba,True,,58.0,28.0,944.0,1002.0,1.124,21.743,19.349,0.7689,True,,True,,935.0,2.5,9.5
2026-09-23 09:47:02,MLLB_000_y1.0.3,AMBER,v4_amber_MLLB_000_y103_0922_1155,2.8,2.808,10,60,45,ince,True,,82.0,66.0,920.0,1002.0,1.025,19.644,19.171,0.7704,True,,False,ON,935.0,2.5,9.5
2026-09-23 09:47:17,MLLB_000_y1.0.3,AMBER,v4_amber_MLLB_000_y103_0922_1155,2.8,2.808,10,60,46,ince,True,,74.0,82.0,928.0,1002.0,1.028,19.692,19.151,0.7688,True,,False,ON,935.0,2.5,9.5
2026-09-23 09:47:30,MLLB_000_y1.0.3,AMBER,v4_amber_MLLB_000_y103_0922_1155,2.8,2.808,10,60,47,ince,True,,68.0,62.0,934.0,1002.0,1.029,19.716,19.159,0.7672,True,,False,ON,935.0,2.5,9.5
2026-09-23 09:47:30,MLLB_000_y1.0.3,AMBER,v4_amber_MLLB_000_y103_0922_1155,2.8,2.808,10,60,49,ince,False,iki-OK-arasi-monotonluk,,,,,,,,,,,True,,935.0,2.5,9.5
2026-09-23 09:47:30,MLLB_000_y1.0.3,AMBER,v4_amber_MLLB_000_y103_0922_1155,2.8,2.808,10,60,,bitti,False,,,,,,,,,,,,,,935.0,2.5,9.5
2026-09-23 09:48:08,MLLB_000_y1.0.3,AMBER,v4_amber_MLLB_000_y103_0922_1155,2.8,2.808,15,100,12,kaba,True,,152.0,32.0,850.0,1002.0,1.034,32.819,31.736,0.7759,True,,False,ON,935.0,2.5,9.5
2026-09-23 09:48:24,MLLB_000_y1.0.3,AMBER,v4_amber_MLLB_000_y103_0922_1155,2.8,2.808,15,100,16,kaba,True,,128.0,32.0,874.0,1002.0,1.036,32.844,31.714,0.7762,True,,False,ON,935.0,2.5,9.5
2026-09-23 09:48:36,MLLB_000_y1.0.3,AMBER,v4_amber_MLLB_000_y103_0922_1155,2.8,2.808,15,100,20,kaba,True,,104.0,32.0,898.0,1002.0,1.035,32.844,31.724,0.7759,True,,False,ON,935.0,2.5,9.5
2026-09-23 09:48:52,MLLB_000_y1.0.3,AMBER,v4_amber_MLLB_000_y103_0922_1155,2.8,2.808,15,100,24,kaba,True,,78.0,32.0,924.0,1002.0,1.031,32.742,31.751,0.7761,True,,False,ON,935.0,2.5,9.5
2026-09-23 09:49:08,MLLB_000_y1.0.3,AMBER,v4_amber_MLLB_000_y103_0922_1155,2.8,2.808,15,100,28,kaba,True,,54.0,32.0,948.0,1002.0,1.028,32.666,31.767,0.7755,True,,True,,935.0,2.5,9.5
2026-09-23 09:49:23,MLLB_000_y1.0.3,AMBER,v4_amber_MLLB_000_y103_0922_1155,2.8,2.808,15,100,32,kaba,True,,38.0,28.0,964.0,1002.0,1.755,55.783,31.784,0.7764,True,,True,,935.0,2.5,9.5
2026-09-23 09:49:40,MLLB_000_y1.0.3,AMBER,v4_amber_MLLB_000_y103_0922_1155,2.8,2.808,15,100,36,kaba,True,,38.0,28.0,964.0,1002.0,3.381,107.461,31.787,0.7764,True,,False,FLAS,935.0,2.5,9.5
2026-09-23 09:49:55,MLLB_000_y1.0.3,AMBER,v4_amber_MLLB_000_y103_0922_1155,2.8,2.808,15,100,40,kaba,True,,38.0,28.0,964.0,1002.0,4.694,149.043,31.754,0.7763,True,,False,FLAS,935.0,2.5,9.5
2026-09-23 09:50:12,MLLB_000_y1.0.3,AMBER,v4_amber_MLLB_000_y103_0922_1155,2.8,2.808,15,100,25,ince,True,,72.0,36.0,930.0,1002.0,1.037,32.946,31.77,0.7761,True,,False,ON,935.0,2.5,9.5
2026-09-23 09:50:28,MLLB_000_y1.0.3,AMBER,v4_amber_MLLB_000_y103_0922_1155,2.8,2.808,15,100,26,ince,True,,66.0,34.0,936.0,1002.0,1.034,32.844,31.762,0.7762,True,,True,,935.0,2.5,9.5
2026-09-23 09:50:44,MLLB_000_y1.0.3,AMBER,v4_amber_MLLB_000_y103_0922_1155,2.8,2.808,15,100,27,ince,True,,60.0,32.0,942.0,1002.0,1.031,32.768,31.776,0.7753,True,,True,,935.0,2.5,9.5
2026-09-23 09:50:44,MLLB_000_y1.0.3,AMBER,v4_amber_MLLB_000_y103_0922_1155,2.8,2.808,15,100,29,ince,False,iki-OK-arasi-monotonluk,,,,,,,,,,,True,,935.0,2.5,9.5
2026-09-23 09:50:44,MLLB_000_y1.0.3,AMBER,v4_amber_MLLB_000_y103_0922_1155,2.8,2.808,15,100,30,ince,False,iki-OK-arasi-monotonluk,,,,,,,,,,,True,,935.0,2.5,9.5
2026-09-23 09:50:44,MLLB_000_y1.0.3,AMBER,v4_amber_MLLB_000_y103_0922_1155,2.8,2.808,15,100,31,ince,False,iki-OK-arasi-monotonluk,,,,,,,,,,,True,,935.0,2.5,9.5
2026-09-23 09:51:00,MLLB_000_y1.0.3,AMBER,v4_amber_MLLB_000_y103_0922_1155,2.8,2.808,15,100,33,ince,True,,38.0,28.0,964.0,1002.0,2.531,80.402,31.77,0.7752,True,,False,FLAS,935.0,2.5,9.5
2026-09-23 09:51:16,MLLB_000_y1.0.3,AMBER,v4_amber_MLLB_000_y103_0922_1155,2.8,2.808,15,100,34,ince,True,,38.0,28.0,964.0,1002.0,2.909,92.413,31.765,0.7752,True,,False,FLAS,935.0,2.5,9.5
2026-09-23 09:51:32,MLLB_000_y1.0.3,AMBER,v4_amber_MLLB_000_y103_0922_1155,2.8,2.808,15,100,35,ince,True,,38.0,28.0,964.0,1002.0,3.501,111.229,31.77,0.776,True,,False,FLAS,935.0,2.5,9.5
2026-09-23 09:51:32,MLLB_000_y1.0.3,AMBER,v4_amber_MLLB_000_y103_0922_1155,2.8,2.808,15,100,,bitti,False,,,,,,,,,,,,,,935.0,2.5,9.5
2026-09-23 09:51:48,MLLB_000_y1.0.3,AMBER,v4_amber_MLLB_000_y103_0922_1155,2.8,2.808,15,80,12,kaba,True,,166.0,28.0,836.0,1002.0,1.036,32.844,31.703,0.7757,True,,False,ON,935.0,2.5,9.5
2026-09-23 09:52:04,MLLB_000_y1.0.3,AMBER,v4_amber_MLLB_000_y103_0922_1155,2.8,2.808,15,80,16,kaba,True,,146.0,32.0,856.0,1002.0,1.037,32.895,31.728,0.7755,True,,False,ON,935.0,2.5,9.5
2026-09-23 09:52:19,MLLB_000_y1.0.3,AMBER,v4_amber_MLLB_000_y103_0922_1155,2.8,2.808,15,80,20,kaba,True,,126.0,32.0,876.0,1002.0,1.037,32.895,31.735,0.7753,True,,False,ON,935.0,2.5,9.5
2026-09-23 09:52:36,MLLB_000_y1.0.3,AMBER,v4_amber_MLLB_000_y103_0922_1155,2.8,2.808,15,80,24,kaba,True,,106.0,32.0,896.0,1002.0,1.039,32.972,31.74,0.7753,True,,False,ON,935.0,2.5,9.5
2026-09-23 09:52:52,MLLB_000_y1.0.3,AMBER,v4_amber_MLLB_000_y103_0922_1155,2.8,2.808,15,80,28,kaba,True,,88.0,32.0,914.0,1002.0,1.034,32.819,31.731,0.7759,True,,False,ON,935.0,2.5,9.5
2026-09-23 09:53:04,MLLB_000_y1.0.3,AMBER,v4_amber_MLLB_000_y103_0922_1155,2.8,2.808,15,80,32,kaba,True,,68.0,32.0,934.0,1002.0,1.034,32.844,31.766,0.7756,True,,False,ON,935.0,2.5,9.5
2026-09-23 09:53:20,MLLB_000_y1.0.3,AMBER,v4_amber_MLLB_000_y103_0922_1155,2.8,2.808,15,80,36,kaba,True,,48.0,30.0,954.0,1002.0,1.032,32.793,31.765,0.7752,True,,True,,935.0,2.5,9.5
2026-09-23 09:53:32,MLLB_000_y1.0.3,AMBER,v4_amber_MLLB_000_y103_0922_1155,2.8,2.808,15,80,40,kaba,True,,46.0,28.0,956.0,1002.0,2.533,80.402,31.739,0.7758,True,,False,FLAS,935.0,2.5,9.5
2026-09-23 09:53:48,MLLB_000_y1.0.3,AMBER,v4_amber_MLLB_000_y103_0922_1155,2.8,2.808,15,80,44,kaba,True,,46.0,28.0,956.0,1002.0,3.833,121.792,31.775,0.7758,True,,False,FLAS,935.0,2.5,9.5
2026-09-23 09:54:04,MLLB_000_y1.0.3,AMBER,v4_amber_MLLB_000_y103_0922_1155,2.8,2.808,15,80,33,ince,True,,62.0,32.0,940.0,1002.0,1.034,32.844,31.763,0.7757,True,,True,,935.0,2.5,9.5
2026-09-23 09:54:20,MLLB_000_y1.0.3,AMBER,v4_amber_MLLB_000_y103_0922_1155,2.8,2.808,15,80,34,ince,True,,58.0,34.0,944.0,1002.0,1.035,32.87,31.745,0.7759,True,,True,,935.0,2.5,9.5
2026-09-23 09:54:36,MLLB_000_y1.0.3,AMBER,v4_amber_MLLB_000_y103_0922_1155,2.8,2.808,15,80,35,ince,True,,52.0,30.0,950.0,1002.0,1.03,32.717,31.756,0.7764,True,,True,,935.0,2.5,9.5
2026-09-23 09:54:52,MLLB_000_y1.0.3,AMBER,v4_amber_MLLB_000_y103_0922_1155,2.8,2.808,15,80,37,ince,True,,46.0,28.0,956.0,1002.0,1.034,32.819,31.75,0.7759,True,,True,,935.0,2.5,9.5
2026-09-23 09:55:08,MLLB_000_y1.0.3,AMBER,v4_amber_MLLB_000_y103_0922_1155,2.8,2.808,15,80,38,ince,True,,46.0,28.0,956.0,1002.0,1.461,46.413,31.766,0.7755,True,,True,,935.0,2.5,9.5
2026-09-23 09:55:20,MLLB_000_y1.0.3,AMBER,v4_amber_MLLB_000_y103_0922_1155,2.8,2.808,15,80,39,ince,True,,46.0,28.0,956.0,1002.0,2.366,75.155,31.768,0.7758,True,,True,,935.0,2.5,9.5
2026-09-23 09:55:21,MLLB_000_y1.0.3,AMBER,v4_amber_MLLB_000_y103_0922_1155,2.8,2.808,15,80,,bitti,False,,,,,,,,,,,,,,935.0,2.5,9.5
2026-09-23 09:55:35,MLLB_000_y1.0.3,AMBER,v4_amber_MLLB_000_y103_0922_1155,2.8,2.808,15,60,12,kaba,True,,180.0,32.0,822.0,1002.0,1.038,32.844,31.644,0.7762,True,,False,ON,935.0,2.5,9.5
2026-09-23 09:55:52,MLLB_000_y1.0.3,AMBER,v4_amber_MLLB_000_y103_0922_1155,2.8,2.808,15,60,16,kaba,True,,166.0,32.0,836.0,1002.0,1.039,32.895,31.668,0.7754,True,,False,ON,935.0,2.5,9.5
2026-09-23 09:56:07,MLLB_000_y1.0.3,AMBER,v4_amber_MLLB_000_y103_0922_1155,2.8,2.808,15,60,20,kaba,True,,154.0,32.0,848.0,1002.0,1.03,32.64,31.679,0.7752,True,,False,ON,935.0,2.5,9.5
2026-09-23 09:56:20,MLLB_000_y1.0.3,AMBER,v4_amber_MLLB_000_y103_0922_1155,2.8,2.808,15,60,24,kaba,True,,140.0,32.0,862.0,1002.0,1.03,32.64,31.691,0.7759,True,,False,ON,935.0,2.5,9.5
2026-09-23 09:56:36,MLLB_000_y1.0.3,AMBER,v4_amber_MLLB_000_y103_0922_1155,2.8,2.808,15,60,28,kaba,True,,126.0,32.0,876.0,1002.0,1.032,32.691,31.682,0.776,True,,False,ON,935.0,2.5,9.5
2026-09-23 09:56:52,MLLB_000_y1.0.3,AMBER,v4_amber_MLLB_000_y103_0922_1155,2.8,2.808,15,60,32,kaba,True,,112.0,34.0,890.0,1002.0,1.024,32.386,31.631,0.7754,True,,False,ON,935.0,2.5,9.5
2026-09-23 09:57:08,MLLB_000_y1.0.3,AMBER,v4_amber_MLLB_000_y103_0922_1155,2.8,2.808,15,60,36,kaba,True,,100.0,32.0,902.0,1002.0,1.03,32.615,31.672,0.776,True,,False,ON,935.0,2.5,9.5
2026-09-23 09:57:20,MLLB_000_y1.0.3,AMBER,v4_amber_MLLB_000_y103_0922_1155,2.8,2.808,15,60,40,kaba,True,,86.0,34.0,916.0,1002.0,1.034,32.792,31.709,0.7762,True,,False,ON,935.0,2.5,9.5
2026-09-23 09:57:35,MLLB_000_y1.0.3,AMBER,v4_amber_MLLB_000_y103_0922_1155,2.8,2.808,15,60,44,kaba,True,,72.0,32.0,930.0,1002.0,1.029,32.64,31.729,0.7758,True,,False,ON,935.0,2.5,9.5
2026-09-23 09:57:52,MLLB_000_y1.0.3,AMBER,v4_amber_MLLB_000_y103_0922_1155,2.8,2.808,15,60,48,kaba,True,,58.0,28.0,944.0,1002.0,1.029,32.666,31.745,0.7756,True,,True,,935.0,2.5,9.5
2026-09-23 09:58:08,MLLB_000_y1.0.3,AMBER,v4_amber_MLLB_000_y103_0922_1155,2.8,2.808,15,60,50,kaba,True,,58.0,28.0,944.0,1002.0,1.026,32.564,31.727,0.7766,True,,True,,935.0,2.5,9.5
2026-09-23 09:58:24,MLLB_000_y1.0.3,AMBER,v4_amber_MLLB_000_y103_0922_1155,2.8,2.808,15,60,45,ince,True,,68.0,36.0,934.0,1002.0,1.022,32.437,31.728,0.7759,True,,False,ON,935.0,2.5,9.5
2026-09-23 09:58:36,MLLB_000_y1.0.3,AMBER,v4_amber_MLLB_000_y103_0922_1155,2.8,2.808,15,60,46,ince,True,,64.0,34.0,938.0,1002.0,1.026,32.564,31.747,0.7761,True,,True,,935.0,2.5,9.5
2026-09-23 09:58:52,MLLB_000_y1.0.3,AMBER,v4_amber_MLLB_000_y103_0922_1155,2.8,2.808,15,60,47,ince,True,,62.0,34.0,940.0,1002.0,1.028,32.615,31.732,0.7758,True,,True,,935.0,2.5,9.5
2026-09-23 09:58:52,MLLB_000_y1.0.3,AMBER,v4_amber_MLLB_000_y103_0922_1155,2.8,2.808,15,60,49,ince,False,iki-OK-arasi-monotonluk,,,,,,,,,,,True,,935.0,2.5,9.5
2026-09-23 09:58:52,MLLB_000_y1.0.3,AMBER,v4_amber_MLLB_000_y103_0922_1155,2.8,2.808,15,60,,bitti,False,,,,,,,,,,,,,,935.0,2.5,9.5
2026-09-23 09:59:14,MLLB_000_y1.0.3,AMBER,v4_amber_MLLB_000_y103_0922_1155,2.8,2.808,100,100,12,kaba,True,,38.0,28.0,964.0,1002.0,1.041,237.317,227.964,0.7758,True,,True,,935.0,2.5,9.5
2026-09-23 09:59:30,MLLB_000_y1.0.3,AMBER,v4_amber_MLLB_000_y103_0922_1155,2.8,2.808,100,100,16,kaba,True,,38.0,28.0,964.0,1002.0,1.044,238.087,228.069,0.7757,True,,True,,935.0,2.5,9.5
2026-09-23 09:59:46,MLLB_000_y1.0.3,AMBER,v4_amber_MLLB_000_y103_0922_1155,2.8,2.808,100,100,20,kaba,True,,38.0,28.0,964.0,1002.0,1.042,237.702,228.066,0.7755,True,,True,,935.0,2.5,9.5
2026-09-23 09:59:58,MLLB_000_y1.0.3,AMBER,v4_amber_MLLB_000_y103_0922_1155,2.8,2.808,100,100,24,kaba,True,,38.0,28.0,964.0,1002.0,1.043,237.702,227.942,0.7764,True,,True,,935.0,2.5,9.5
2026-09-23 10:00:11,MLLB_000_y1.0.3,AMBER,v4_amber_MLLB_000_y103_0922_1155,2.8,2.808,100,100,28,kaba,True,,38.0,28.0,964.0,1002.0,1.044,237.702,227.662,0.7754,True,,True,,935.0,2.5,9.5
2026-09-23 10:00:26,MLLB_000_y1.0.3,AMBER,v4_amber_MLLB_000_y103_0922_1155,2.8,2.808,100,100,32,kaba,True,,38.0,28.0,964.0,1002.0,1.046,238.086,227.689,0.7757,True,,True,,935.0,2.5,9.5
2026-09-23 10:00:42,MLLB_000_y1.0.3,AMBER,v4_amber_MLLB_000_y103_0922_1155,2.8,2.808,100,100,36,kaba,True,,38.0,28.0,964.0,1002.0,1.042,237.702,228.031,0.7752,True,,True,,935.0,2.5,9.5
2026-09-23 10:00:54,MLLB_000_y1.0.3,AMBER,v4_amber_MLLB_000_y103_0922_1155,2.8,2.808,100,100,40,kaba,True,,38.0,28.0,964.0,1002.0,1.043,237.702,227.906,0.7754,True,,True,,935.0,2.5,9.5
2026-09-23 10:01:07,MLLB_000_y1.0.3,AMBER,v4_amber_MLLB_000_y103_0922_1155,2.8,2.808,100,100,44,kaba,True,,38.0,28.0,964.0,1002.0,1.055,240.782,228.239,0.7764,True,,True,,935.0,2.5,9.5
2026-09-23 10:01:22,MLLB_000_y1.0.3,AMBER,v4_amber_MLLB_000_y103_0922_1155,2.8,2.808,100,100,48,kaba,True,,38.0,28.0,964.0,1002.0,1.042,238.856,229.203,0.7754,True,,True,,935.0,2.5,9.5
2026-09-23 10:01:34,MLLB_000_y1.0.3,AMBER,v4_amber_MLLB_000_y103_0922_1155,2.8,2.808,100,100,50,kaba,True,,38.0,28.0,964.0,1002.0,1.044,239.242,229.239,0.776,True,,True,,935.0,2.5,9.5
2026-09-23 10:01:35,MLLB_000_y1.0.3,AMBER,v4_amber_MLLB_000_y103_0922_1155,2.8,2.808,100,100,13,ince,False,iki-OK-arasi-monotonluk,,,,,,,,,,,True,,935.0,2.5,9.5
2026-09-23 10:01:35,MLLB_000_y1.0.3,AMBER,v4_amber_MLLB_000_y103_0922_1155,2.8,2.808,100,100,14,ince,False,iki-OK-arasi-monotonluk,,,,,,,,,,,True,,935.0,2.5,9.5
2026-09-23 10:01:35,MLLB_000_y1.0.3,AMBER,v4_amber_MLLB_000_y103_0922_1155,2.8,2.808,100,100,15,ince,False,iki-OK-arasi-monotonluk,,,,,,,,,,,True,,935.0,2.5,9.5
2026-09-23 10:01:35,MLLB_000_y1.0.3,AMBER,v4_amber_MLLB_000_y103_0922_1155,2.8,2.808,100,100,17,ince,False,iki-OK-arasi-monotonluk,,,,,,,,,,,True,,935.0,2.5,9.5
2026-09-23 10:01:35,MLLB_000_y1.0.3,AMBER,v4_amber_MLLB_000_y103_0922_1155,2.8,2.808,100,100,18,ince,False,iki-OK-arasi-monotonluk,,,,,,,,,,,True,,935.0,2.5,9.5
2026-09-23 10:01:35,MLLB_000_y1.0.3,AMBER,v4_amber_MLLB_000_y103_0922_1155,2.8,2.808,100,100,19,ince,False,iki-OK-arasi-monotonluk,,,,,,,,,,,True,,935.0,2.5,9.5
2026-09-23 10:01:35,MLLB_000_y1.0.3,AMBER,v4_amber_MLLB_000_y103_0922_1155,2.8,2.808,100,100,21,ince,False,iki-OK-arasi-monotonluk,,,,,,,,,,,True,,935.0,2.5,9.5
2026-09-23 10:01:35,MLLB_000_y1.0.3,AMBER,v4_amber_MLLB_000_y103_0922_1155,2.8,2.808,100,100,22,ince,False,iki-OK-arasi-monotonluk,,,,,,,,,,,True,,935.0,2.5,9.5
2026-09-23 10:01:35,MLLB_000_y1.0.3,AMBER,v4_amber_MLLB_000_y103_0922_1155,2.8,2.808,100,100,23,ince,False,iki-OK-arasi-monotonluk,,,,,,,,,,,True,,935.0,2.5,9.5
2026-09-23 10:01:35,MLLB_000_y1.0.3,AMBER,v4_amber_MLLB_000_y103_0922_1155,2.8,2.808,100,100,25,ince,False,iki-OK-arasi-monotonluk,,,,,,,,,,,True,,935.0,2.5,9.5
2026-09-23 10:01:35,MLLB_000_y1.0.3,AMBER,v4_amber_MLLB_000_y103_0922_1155,2.8,2.808,100,100,26,ince,False,iki-OK-arasi-monotonluk,,,,,,,,,,,True,,935.0,2.5,9.5
2026-09-23 10:01:35,MLLB_000_y1.0.3,AMBER,v4_amber_MLLB_000_y103_0922_1155,2.8,2.808,100,100,27,ince,False,iki-OK-arasi-monotonluk,,,,,,,,,,,True,,935.0,2.5,9.5
2026-09-23 10:01:35,MLLB_000_y1.0.3,AMBER,v4_amber_MLLB_000_y103_0922_1155,2.8,2.808,100,100,29,ince,False,iki-OK-arasi-monotonluk,,,,,,,,,,,True,,935.0,2.5,9.5
2026-09-23 10:01:35,MLLB_000_y1.0.3,AMBER,v4_amber_MLLB_000_y103_0922_1155,2.8,2.808,100,100,30,ince,False,iki-OK-arasi-monotonluk,,,,,,,,,,,True,,935.0,2.5,9.5
2026-09-23 10:01:35,MLLB_000_y1.0.3,AMBER,v4_amber_MLLB_000_y103_0922_1155,2.8,2.808,100,100,31,ince,False,iki-OK-arasi-monotonluk,,,,,,,,,,,True,,935.0,2.5,9.5
2026-09-23 10:01:35,MLLB_000_y1.0.3,AMBER,v4_amber_MLLB_000_y103_0922_1155,2.8,2.808,100,100,33,ince,False,iki-OK-arasi-monotonluk,,,,,,,,,,,True,,935.0,2.5,9.5
2026-09-23 10:01:35,MLLB_000_y1.0.3,AMBER,v4_amber_MLLB_000_y103_0922_1155,2.8,2.808,100,100,34,ince,False,iki-OK-arasi-monotonluk,,,,,,,,,,,True,,935.0,2.5,9.5
2026-09-23 10:01:35,MLLB_000_y1.0.3,AMBER,v4_amber_MLLB_000_y103_0922_1155,2.8,2.808,100,100,35,ince,False,iki-OK-arasi-monotonluk,,,,,,,,,,,True,,935.0,2.5,9.5
2026-09-23 10:01:35,MLLB_000_y1.0.3,AMBER,v4_amber_MLLB_000_y103_0922_1155,2.8,2.808,100,100,37,ince,False,iki-OK-arasi-monotonluk,,,,,,,,,,,True,,935.0,2.5,9.5
2026-09-23 10:01:35,MLLB_000_y1.0.3,AMBER,v4_amber_MLLB_000_y103_0922_1155,2.8,2.808,100,100,38,ince,False,iki-OK-arasi-monotonluk,,,,,,,,,,,True,,935.0,2.5,9.5
2026-09-23 10:01:35,MLLB_000_y1.0.3,AMBER,v4_amber_MLLB_000_y103_0922_1155,2.8,2.808,100,100,39,ince,False,iki-OK-arasi-monotonluk,,,,,,,,,,,True,,935.0,2.5,9.5
2026-09-23 10:01:35,MLLB_000_y1.0.3,AMBER,v4_amber_MLLB_000_y103_0922_1155,2.8,2.808,100,100,41,ince,False,iki-OK-arasi-monotonluk,,,,,,,,,,,True,,935.0,2.5,9.5
2026-09-23 10:01:35,MLLB_000_y1.0.3,AMBER,v4_amber_MLLB_000_y103_0922_1155,2.8,2.808,100,100,42,ince,False,iki-OK-arasi-monotonluk,,,,,,,,,,,True,,935.0,2.5,9.5
2026-09-23 10:01:35,MLLB_000_y1.0.3,AMBER,v4_amber_MLLB_000_y103_0922_1155,2.8,2.808,100,100,43,ince,False,iki-OK-arasi-monotonluk,,,,,,,,,,,True,,935.0,2.5,9.5
2026-09-23 10:01:35,MLLB_000_y1.0.3,AMBER,v4_amber_MLLB_000_y103_0922_1155,2.8,2.808,100,100,45,ince,False,iki-OK-arasi-monotonluk,,,,,,,,,,,True,,935.0,2.5,9.5
2026-09-23 10:01:35,MLLB_000_y1.0.3,AMBER,v4_amber_MLLB_000_y103_0922_1155,2.8,2.808,100,100,46,ince,False,iki-OK-arasi-monotonluk,,,,,,,,,,,True,,935.0,2.5,9.5
2026-09-23 10:01:35,MLLB_000_y1.0.3,AMBER,v4_amber_MLLB_000_y103_0922_1155,2.8,2.808,100,100,47,ince,False,iki-OK-arasi-monotonluk,,,,,,,,,,,True,,935.0,2.5,9.5
2026-09-23 10:01:35,MLLB_000_y1.0.3,AMBER,v4_amber_MLLB_000_y103_0922_1155,2.8,2.808,100,100,49,ince,False,iki-OK-arasi-monotonluk,,,,,,,,,,,True,,935.0,2.5,9.5
2026-09-23 10:01:35,MLLB_000_y1.0.3,AMBER,v4_amber_MLLB_000_y103_0922_1155,2.8,2.808,100,100,,bitti,False,,,,,,,,,,,,,,935.0,2.5,9.5
2026-09-23 10:01:47,MLLB_000_y1.0.3,AMBER,v4_amber_MLLB_000_y103_0922_1155,2.8,2.808,100,80,12,kaba,True,,38.0,28.0,964.0,1002.0,1.045,239.242,229.026,0.776,True,,True,,935.0,2.5,9.5
2026-09-23 10:02:02,MLLB_000_y1.0.3,AMBER,v4_amber_MLLB_000_y103_0922_1155,2.8,2.808,100,80,16,kaba,True,,38.0,28.0,964.0,1002.0,1.043,238.857,229.029,0.7757,True,,True,,935.0,2.5,9.5
2026-09-23 10:02:18,MLLB_000_y1.0.3,AMBER,v4_amber_MLLB_000_y103_0922_1155,2.8,2.808,100,80,20,kaba,True,,38.0,28.0,964.0,1002.0,1.043,239.242,229.341,0.7756,True,,True,,935.0,2.5,9.5
2026-09-23 10:02:34,MLLB_000_y1.0.3,AMBER,v4_amber_MLLB_000_y103_0922_1155,2.8,2.808,100,80,24,kaba,True,,38.0,28.0,964.0,1002.0,1.042,238.857,229.232,0.7763,True,,True,,935.0,2.5,9.5
2026-09-23 10:02:50,MLLB_000_y1.0.3,AMBER,v4_amber_MLLB_000_y103_0922_1155,2.8,2.808,100,80,28,kaba,True,,38.0,28.0,964.0,1002.0,1.047,240.012,229.296,0.7762,True,,True,,935.0,2.5,9.5
2026-09-23 10:03:06,MLLB_000_y1.0.3,AMBER,v4_amber_MLLB_000_y103_0922_1155,2.8,2.808,100,80,32,kaba,True,,38.0,28.0,964.0,1002.0,1.047,240.012,229.319,0.7755,True,,True,,935.0,2.5,9.5
2026-09-23 10:03:22,MLLB_000_y1.0.3,AMBER,v4_amber_MLLB_000_y103_0922_1155,2.8,2.808,100,80,36,kaba,True,,38.0,28.0,964.0,1002.0,1.042,238.857,229.279,0.7763,True,,True,,935.0,2.5,9.5
2026-09-23 10:03:38,MLLB_000_y1.0.3,AMBER,v4_amber_MLLB_000_y103_0922_1155,2.8,2.808,100,80,40,kaba,True,,38.0,28.0,964.0,1002.0,1.044,239.242,229.231,0.7763,True,,True,,935.0,2.5,9.5
2026-09-23 10:03:54,MLLB_000_y1.0.3,AMBER,v4_amber_MLLB_000_y103_0922_1155,2.8,2.808,100,80,44,kaba,True,,38.0,28.0,964.0,1002.0,1.04,238.472,229.225,0.7765,True,,True,,935.0,2.5,9.5
2026-09-23 10:04:10,MLLB_000_y1.0.3,AMBER,v4_amber_MLLB_000_y103_0922_1155,2.8,2.808,100,80,48,kaba,True,,38.0,28.0,964.0,1002.0,1.041,238.086,228.676,0.7764,True,,True,,935.0,2.5,9.5
2026-09-23 10:04:26,MLLB_000_y1.0.3,AMBER,v4_amber_MLLB_000_y103_0922_1155,2.8,2.808,100,80,50,kaba,True,,38.0,28.0,964.0,1002.0,1.041,238.472,228.99,0.7763,True,,True,,935.0,2.5,9.5
2026-09-23 10:04:26,MLLB_000_y1.0.3,AMBER,v4_amber_MLLB_000_y103_0922_1155,2.8,2.808,100,80,13,ince,False,iki-OK-arasi-monotonluk,,,,,,,,,,,True,,935.0,2.5,9.5
2026-09-23 10:04:26,MLLB_000_y1.0.3,AMBER,v4_amber_MLLB_000_y103_0922_1155,2.8,2.808,100,80,14,ince,False,iki-OK-arasi-monotonluk,,,,,,,,,,,True,,935.0,2.5,9.5
2026-09-23 10:04:26,MLLB_000_y1.0.3,AMBER,v4_amber_MLLB_000_y103_0922_1155,2.8,2.808,100,80,15,ince,False,iki-OK-arasi-monotonluk,,,,,,,,,,,True,,935.0,2.5,9.5
2026-09-23 10:04:26,MLLB_000_y1.0.3,AMBER,v4_amber_MLLB_000_y103_0922_1155,2.8,2.808,100,80,17,ince,False,iki-OK-arasi-monotonluk,,,,,,,,,,,True,,935.0,2.5,9.5
2026-09-23 10:04:26,MLLB_000_y1.0.3,AMBER,v4_amber_MLLB_000_y103_0922_1155,2.8,2.808,100,80,18,ince,False,iki-OK-arasi-monotonluk,,,,,,,,,,,True,,935.0,2.5,9.5
2026-09-23 10:04:26,MLLB_000_y1.0.3,AMBER,v4_amber_MLLB_000_y103_0922_1155,2.8,2.808,100,80,19,ince,False,iki-OK-arasi-monotonluk,,,,,,,,,,,True,,935.0,2.5,9.5
2026-09-23 10:04:26,MLLB_000_y1.0.3,AMBER,v4_amber_MLLB_000_y103_0922_1155,2.8,2.808,100,80,21,ince,False,iki-OK-arasi-monotonluk,,,,,,,,,,,True,,935.0,2.5,9.5
2026-09-23 10:04:26,MLLB_000_y1.0.3,AMBER,v4_amber_MLLB_000_y103_0922_1155,2.8,2.808,100,80,22,ince,False,iki-OK-arasi-monotonluk,,,,,,,,,,,True,,935.0,2.5,9.5
2026-09-23 10:04:26,MLLB_000_y1.0.3,AMBER,v4_amber_MLLB_000_y103_0922_1155,2.8,2.808,100,80,23,ince,False,iki-OK-arasi-monotonluk,,,,,,,,,,,True,,935.0,2.5,9.5
2026-09-23 10:04:26,MLLB_000_y1.0.3,AMBER,v4_amber_MLLB_000_y103_0922_1155,2.8,2.808,100,80,25,ince,False,iki-OK-arasi-monotonluk,,,,,,,,,,,True,,935.0,2.5,9.5
2026-09-23 10:04:26,MLLB_000_y1.0.3,AMBER,v4_amber_MLLB_000_y103_0922_1155,2.8,2.808,100,80,26,ince,False,iki-OK-arasi-monotonluk,,,,,,,,,,,True,,935.0,2.5,9.5
2026-09-23 10:04:26,MLLB_000_y1.0.3,AMBER,v4_amber_MLLB_000_y103_0922_1155,2.8,2.808,100,80,27,ince,False,iki-OK-arasi-monotonluk,,,,,,,,,,,True,,935.0,2.5,9.5
2026-09-23 10:04:26,MLLB_000_y1.0.3,AMBER,v4_amber_MLLB_000_y103_0922_1155,2.8,2.808,100,80,29,ince,False,iki-OK-arasi-monotonluk,,,,,,,,,,,True,,935.0,2.5,9.5
2026-09-23 10:04:26,MLLB_000_y1.0.3,AMBER,v4_amber_MLLB_000_y103_0922_1155,2.8,2.808,100,80,30,ince,False,iki-OK-arasi-monotonluk,,,,,,,,,,,True,,935.0,2.5,9.5
2026-09-23 10:04:26,MLLB_000_y1.0.3,AMBER,v4_amber_MLLB_000_y103_0922_1155,2.8,2.808,100,80,31,ince,False,iki-OK-arasi-monotonluk,,,,,,,,,,,True,,935.0,2.5,9.5
2026-09-23 10:04:26,MLLB_000_y1.0.3,AMBER,v4_amber_MLLB_000_y103_0922_1155,2.8,2.808,100,80,33,ince,False,iki-OK-arasi-monotonluk,,,,,,,,,,,True,,935.0,2.5,9.5
2026-09-23 10:04:26,MLLB_000_y1.0.3,AMBER,v4_amber_MLLB_000_y103_0922_1155,2.8,2.808,100,80,34,ince,False,iki-OK-arasi-monotonluk,,,,,,,,,,,True,,935.0,2.5,9.5
2026-09-23 10:04:26,MLLB_000_y1.0.3,AMBER,v4_amber_MLLB_000_y103_0922_1155,2.8,2.808,100,80,35,ince,False,iki-OK-arasi-monotonluk,,,,,,,,,,,True,,935.0,2.5,9.5
2026-09-23 10:04:26,MLLB_000_y1.0.3,AMBER,v4_amber_MLLB_000_y103_0922_1155,2.8,2.808,100,80,37,ince,False,iki-OK-arasi-monotonluk,,,,,,,,,,,True,,935.0,2.5,9.5
2026-09-23 10:04:26,MLLB_000_y1.0.3,AMBER,v4_amber_MLLB_000_y103_0922_1155,2.8,2.808,100,80,38,ince,False,iki-OK-arasi-monotonluk,,,,,,,,,,,True,,935.0,2.5,9.5
2026-09-23 10:04:26,MLLB_000_y1.0.3,AMBER,v4_amber_MLLB_000_y103_0922_1155,2.8,2.808,100,80,39,ince,False,iki-OK-arasi-monotonluk,,,,,,,,,,,True,,935.0,2.5,9.5
2026-09-23 10:04:26,MLLB_000_y1.0.3,AMBER,v4_amber_MLLB_000_y103_0922_1155,2.8,2.808,100,80,41,ince,False,iki-OK-arasi-monotonluk,,,,,,,,,,,True,,935.0,2.5,9.5
2026-09-23 10:04:26,MLLB_000_y1.0.3,AMBER,v4_amber_MLLB_000_y103_0922_1155,2.8,2.808,100,80,42,ince,False,iki-OK-arasi-monotonluk,,,,,,,,,,,True,,935.0,2.5,9.5
2026-09-23 10:04:26,MLLB_000_y1.0.3,AMBER,v4_amber_MLLB_000_y103_0922_1155,2.8,2.808,100,80,43,ince,False,iki-OK-arasi-monotonluk,,,,,,,,,,,True,,935.0,2.5,9.5
2026-09-23 10:04:26,MLLB_000_y1.0.3,AMBER,v4_amber_MLLB_000_y103_0922_1155,2.8,2.808,100,80,45,ince,False,iki-OK-arasi-monotonluk,,,,,,,,,,,True,,935.0,2.5,9.5
2026-09-23 10:04:26,MLLB_000_y1.0.3,AMBER,v4_amber_MLLB_000_y103_0922_1155,2.8,2.808,100,80,46,ince,False,iki-OK-arasi-monotonluk,,,,,,,,,,,True,,935.0,2.5,9.5
2026-09-23 10:04:26,MLLB_000_y1.0.3,AMBER,v4_amber_MLLB_000_y103_0922_1155,2.8,2.808,100,80,47,ince,False,iki-OK-arasi-monotonluk,,,,,,,,,,,True,,935.0,2.5,9.5
2026-09-23 10:04:26,MLLB_000_y1.0.3,AMBER,v4_amber_MLLB_000_y103_0922_1155,2.8,2.808,100,80,49,ince,False,iki-OK-arasi-monotonluk,,,,,,,,,,,True,,935.0,2.5,9.5
2026-09-23 10:04:26,MLLB_000_y1.0.3,AMBER,v4_amber_MLLB_000_y103_0922_1155,2.8,2.808,100,80,,bitti,False,,,,,,,,,,,,,,935.0,2.5,9.5
2026-09-23 10:04:39,MLLB_000_y1.0.3,AMBER,v4_amber_MLLB_000_y103_0922_1155,2.8,2.808,100,60,12,kaba,True,,38.0,28.0,964.0,1002.0,1.042,238.395,228.843,0.7764,True,,True,,935.0,2.5,9.5
2026-09-23 10:04:51,MLLB_000_y1.0.3,AMBER,v4_amber_MLLB_000_y103_0922_1155,2.8,2.808,100,60,16,kaba,True,,38.0,28.0,964.0,1002.0,1.044,238.857,228.853,0.7756,True,,True,,935.0,2.5,9.5
2026-09-23 10:05:06,MLLB_000_y1.0.3,AMBER,v4_amber_MLLB_000_y103_0922_1155,2.8,2.808,100,60,20,kaba,True,,38.0,28.0,964.0,1002.0,1.046,239.241,228.786,0.7761,True,,True,,935.0,2.5,9.5
2026-09-23 10:05:22,MLLB_000_y1.0.3,AMBER,v4_amber_MLLB_000_y103_0922_1155,2.8,2.808,100,60,24,kaba,True,,38.0,28.0,964.0,1002.0,1.043,238.857,229.118,0.7759,True,,True,,935.0,2.5,9.5
2026-09-23 10:05:38,MLLB_000_y1.0.3,AMBER,v4_amber_MLLB_000_y103_0922_1155,2.8,2.808,100,60,28,kaba,True,,38.0,28.0,964.0,1002.0,1.04,238.086,228.867,0.7763,True,,True,,935.0,2.5,9.5
2026-09-23 10:05:54,MLLB_000_y1.0.3,AMBER,v4_amber_MLLB_000_y103_0922_1155,2.8,2.808,100,60,32,kaba,True,,38.0,28.0,964.0,1002.0,1.043,238.856,228.929,0.7763,True,,True,,935.0,2.5,9.5
2026-09-23 10:06:10,MLLB_000_y1.0.3,AMBER,v4_amber_MLLB_000_y103_0922_1155,2.8,2.808,100,60,36,kaba,True,,38.0,28.0,964.0,1002.0,1.041,238.471,229.03,0.776,True,,True,,935.0,2.5,9.5
2026-09-23 10:06:26,MLLB_000_y1.0.3,AMBER,v4_amber_MLLB_000_y103_0922_1155,2.8,2.808,100,60,40,kaba,True,,38.0,28.0,964.0,1002.0,1.041,238.472,229.014,0.7762,True,,True,,935.0,2.5,9.5
2026-09-23 10:06:42,MLLB_000_y1.0.3,AMBER,v4_amber_MLLB_000_y103_0922_1155,2.8,2.808,100,60,44,kaba,True,,38.0,28.0,964.0,1002.0,1.043,238.857,229.054,0.776,True,,True,,935.0,2.5,9.5
2026-09-23 10:06:58,MLLB_000_y1.0.3,AMBER,v4_amber_MLLB_000_y103_0922_1155,2.8,2.808,100,60,48,kaba,True,,38.0,28.0,964.0,1002.0,1.039,238.086,229.05,0.7759,True,,True,,935.0,2.5,9.5
2026-09-23 10:07:14,MLLB_000_y1.0.3,AMBER,v4_amber_MLLB_000_y103_0922_1155,2.8,2.808,100,60,50,kaba,True,,38.0,28.0,964.0,1002.0,1.042,238.857,229.227,0.7764,True,,True,,935.0,2.5,9.5
2026-09-23 10:07:14,MLLB_000_y1.0.3,AMBER,v4_amber_MLLB_000_y103_0922_1155,2.8,2.808,100,60,13,ince,False,iki-OK-arasi-monotonluk,,,,,,,,,,,True,,935.0,2.5,9.5
2026-09-23 10:07:14,MLLB_000_y1.0.3,AMBER,v4_amber_MLLB_000_y103_0922_1155,2.8,2.808,100,60,14,ince,False,iki-OK-arasi-monotonluk,,,,,,,,,,,True,,935.0,2.5,9.5
2026-09-23 10:07:14,MLLB_000_y1.0.3,AMBER,v4_amber_MLLB_000_y103_0922_1155,2.8,2.808,100,60,15,ince,False,iki-OK-arasi-monotonluk,,,,,,,,,,,True,,935.0,2.5,9.5
2026-09-23 10:07:14,MLLB_000_y1.0.3,AMBER,v4_amber_MLLB_000_y103_0922_1155,2.8,2.808,100,60,17,ince,False,iki-OK-arasi-monotonluk,,,,,,,,,,,True,,935.0,2.5,9.5
2026-09-23 10:07:14,MLLB_000_y1.0.3,AMBER,v4_amber_MLLB_000_y103_0922_1155,2.8,2.808,100,60,18,ince,False,iki-OK-arasi-monotonluk,,,,,,,,,,,True,,935.0,2.5,9.5
2026-09-23 10:07:14,MLLB_000_y1.0.3,AMBER,v4_amber_MLLB_000_y103_0922_1155,2.8,2.808,100,60,19,ince,False,iki-OK-arasi-monotonluk,,,,,,,,,,,True,,935.0,2.5,9.5
2026-09-23 10:07:14,MLLB_000_y1.0.3,AMBER,v4_amber_MLLB_000_y103_0922_1155,2.8,2.808,100,60,21,ince,False,iki-OK-arasi-monotonluk,,,,,,,,,,,True,,935.0,2.5,9.5
2026-09-23 10:07:14,MLLB_000_y1.0.3,AMBER,v4_amber_MLLB_000_y103_0922_1155,2.8,2.808,100,60,22,ince,False,iki-OK-arasi-monotonluk,,,,,,,,,,,True,,935.0,2.5,9.5
2026-09-23 10:07:14,MLLB_000_y1.0.3,AMBER,v4_amber_MLLB_000_y103_0922_1155,2.8,2.808,100,60,23,ince,False,iki-OK-arasi-monotonluk,,,,,,,,,,,True,,935.0,2.5,9.5
2026-09-23 10:07:14,MLLB_000_y1.0.3,AMBER,v4_amber_MLLB_000_y103_0922_1155,2.8,2.808,100,60,25,ince,False,iki-OK-arasi-monotonluk,,,,,,,,,,,True,,935.0,2.5,9.5
2026-09-23 10:07:14,MLLB_000_y1.0.3,AMBER,v4_amber_MLLB_000_y103_0922_1155,2.8,2.808,100,60,26,ince,False,iki-OK-arasi-monotonluk,,,,,,,,,,,True,,935.0,2.5,9.5
2026-09-23 10:07:14,MLLB_000_y1.0.3,AMBER,v4_amber_MLLB_000_y103_0922_1155,2.8,2.808,100,60,27,ince,False,iki-OK-arasi-monotonluk,,,,,,,,,,,True,,935.0,2.5,9.5
2026-09-23 10:07:14,MLLB_000_y1.0.3,AMBER,v4_amber_MLLB_000_y103_0922_1155,2.8,2.808,100,60,29,ince,False,iki-OK-arasi-monotonluk,,,,,,,,,,,True,,935.0,2.5,9.5
2026-09-23 10:07:14,MLLB_000_y1.0.3,AMBER,v4_amber_MLLB_000_y103_0922_1155,2.8,2.808,100,60,30,ince,False,iki-OK-arasi-monotonluk,,,,,,,,,,,True,,935.0,2.5,9.5
2026-09-23 10:07:14,MLLB_000_y1.0.3,AMBER,v4_amber_MLLB_000_y103_0922_1155,2.8,2.808,100,60,31,ince,False,iki-OK-arasi-monotonluk,,,,,,,,,,,True,,935.0,2.5,9.5
2026-09-23 10:07:14,MLLB_000_y1.0.3,AMBER,v4_amber_MLLB_000_y103_0922_1155,2.8,2.808,100,60,33,ince,False,iki-OK-arasi-monotonluk,,,,,,,,,,,True,,935.0,2.5,9.5
2026-09-23 10:07:14,MLLB_000_y1.0.3,AMBER,v4_amber_MLLB_000_y103_0922_1155,2.8,2.808,100,60,34,ince,False,iki-OK-arasi-monotonluk,,,,,,,,,,,True,,935.0,2.5,9.5
2026-09-23 10:07:14,MLLB_000_y1.0.3,AMBER,v4_amber_MLLB_000_y103_0922_1155,2.8,2.808,100,60,35,ince,False,iki-OK-arasi-monotonluk,,,,,,,,,,,True,,935.0,2.5,9.5
2026-09-23 10:07:14,MLLB_000_y1.0.3,AMBER,v4_amber_MLLB_000_y103_0922_1155,2.8,2.808,100,60,37,ince,False,iki-OK-arasi-monotonluk,,,,,,,,,,,True,,935.0,2.5,9.5
2026-09-23 10:07:14,MLLB_000_y1.0.3,AMBER,v4_amber_MLLB_000_y103_0922_1155,2.8,2.808,100,60,38,ince,False,iki-OK-arasi-monotonluk,,,,,,,,,,,True,,935.0,2.5,9.5
2026-09-23 10:07:14,MLLB_000_y1.0.3,AMBER,v4_amber_MLLB_000_y103_0922_1155,2.8,2.808,100,60,39,ince,False,iki-OK-arasi-monotonluk,,,,,,,,,,,True,,935.0,2.5,9.5
2026-09-23 10:07:14,MLLB_000_y1.0.3,AMBER,v4_amber_MLLB_000_y103_0922_1155,2.8,2.808,100,60,41,ince,False,iki-OK-arasi-monotonluk,,,,,,,,,,,True,,935.0,2.5,9.5
2026-09-23 10:07:14,MLLB_000_y1.0.3,AMBER,v4_amber_MLLB_000_y103_0922_1155,2.8,2.808,100,60,42,ince,False,iki-OK-arasi-monotonluk,,,,,,,,,,,True,,935.0,2.5,9.5
2026-09-23 10:07:14,MLLB_000_y1.0.3,AMBER,v4_amber_MLLB_000_y103_0922_1155,2.8,2.808,100,60,43,ince,False,iki-OK-arasi-monotonluk,,,,,,,,,,,True,,935.0,2.5,9.5
2026-09-23 10:07:14,MLLB_000_y1.0.3,AMBER,v4_amber_MLLB_000_y103_0922_1155,2.8,2.808,100,60,45,ince,False,iki-OK-arasi-monotonluk,,,,,,,,,,,True,,935.0,2.5,9.5
2026-09-23 10:07:14,MLLB_000_y1.0.3,AMBER,v4_amber_MLLB_000_y103_0922_1155,2.8,2.808,100,60,46,ince,False,iki-OK-arasi-monotonluk,,,,,,,,,,,True,,935.0,2.5,9.5
2026-09-23 10:07:14,MLLB_000_y1.0.3,AMBER,v4_amber_MLLB_000_y103_0922_1155,2.8,2.808,100,60,47,ince,False,iki-OK-arasi-monotonluk,,,,,,,,,,,True,,935.0,2.5,9.5
2026-09-23 10:07:14,MLLB_000_y1.0.3,AMBER,v4_amber_MLLB_000_y103_0922_1155,2.8,2.808,100,60,49,ince,False,iki-OK-arasi-monotonluk,,,,,,,,,,,True,,935.0,2.5,9.5
2026-09-23 10:07:14,MLLB_000_y1.0.3,AMBER,v4_amber_MLLB_000_y103_0922_1155,2.8,2.808,100,60,,bitti,False,,,,,,,,,,,,,,935.0,2.5,9.5
2026-09-23 10:07:44,MLLB_000_y1.0.3,AMBER,v4_amber_MLLB_000_y103_0922_1155,2.6,2.608,6,100,12,kaba,True,,464.0,56.0,538.0,1002.0,1.055,10.142,9.614,0.4389,True,,False,ON,935.0,2.5,9.5
2026-09-23 10:08:00,MLLB_000_y1.0.3,AMBER,v4_amber_MLLB_000_y103_0922_1155,2.6,2.608,6,100,16,kaba,True,,378.0,86.0,624.0,1002.0,1.047,10.074,9.626,0.4422,True,,False,ON,935.0,2.5,9.5
2026-09-23 10:08:16,MLLB_000_y1.0.3,AMBER,v4_amber_MLLB_000_y103_0922_1155,2.6,2.608,6,100,20,kaba,True,,290.0,98.0,712.0,1002.0,1.053,10.165,9.657,0.4288,True,,False,ON,935.0,2.5,9.5
2026-09-23 10:08:32,MLLB_000_y1.0.3,AMBER,v4_amber_MLLB_000_y103_0922_1155,2.6,2.608,6,100,24,kaba,True,,200.0,66.0,802.0,1002.0,1.045,10.142,9.709,0.4358,True,,False,ON,935.0,2.5,9.5
2026-09-23 10:08:48,MLLB_000_y1.0.3,AMBER,v4_amber_MLLB_000_y103_0922_1155,2.6,2.608,6,100,28,kaba,True,,114.0,78.0,888.0,1002.0,1.033,10.028,9.709,0.435,True,,False,ON,935.0,2.5,9.5
2026-09-23 10:09:04,MLLB_000_y1.0.3,AMBER,v4_amber_MLLB_000_y103_0922_1155,2.6,2.608,6,100,32,kaba,True,,30.0,18.0,972.0,1002.0,2.847,27.682,9.722,0.4384,True,,False,FLAS,935.0,2.5,9.5
2026-09-23 10:09:20,MLLB_000_y1.0.3,AMBER,v4_amber_MLLB_000_y103_0922_1155,2.6,2.608,6,100,36,kaba,True,,28.0,16.0,974.0,1002.0,10.506,102.189,9.727,0.4377,True,,False,FLAS,935.0,2.5,9.5
2026-09-23 10:09:20,MLLB_000_y1.0.3,AMBER,v4_amber_MLLB_000_y103_0922_1155,2.6,2.608,6,100,,bitti,False,,,,,,,,,,,,,,935.0,2.5,9.5
2026-09-23 10:09:32,MLLB_000_y1.0.3,AMBER,v4_amber_MLLB_000_y103_0922_1155,2.6,2.608,6,80,12,kaba,True,,502.0,54.0,500.0,1002.0,1.058,10.12,9.568,0.4296,True,,False,ON,935.0,2.5,9.5
2026-09-23 10:09:45,MLLB_000_y1.0.3,AMBER,v4_amber_MLLB_000_y103_0922_1155,2.6,2.608,6,80,16,kaba,True,,434.0,62.0,568.0,1002.0,1.047,10.097,9.642,0.4298,True,,False,ON,935.0,2.5,9.5
2026-09-23 10:09:57,MLLB_000_y1.0.3,AMBER,v4_amber_MLLB_000_y103_0922_1155,2.6,2.608,6,80,20,kaba,True,,366.0,62.0,636.0,1002.0,1.049,10.12,9.646,0.4309,True,,False,ON,935.0,2.5,9.5
2026-09-23 10:10:14,MLLB_000_y1.0.3,AMBER,v4_amber_MLLB_000_y103_0922_1155,2.6,2.608,6,80,24,kaba,True,,294.0,102.0,708.0,1002.0,1.044,10.097,9.675,0.4322,True,,False,ON,935.0,2.5,9.5
2026-09-23 10:10:30,MLLB_000_y1.0.3,AMBER,v4_amber_MLLB_000_y103_0922_1155,2.6,2.608,6,80,28,kaba,True,,224.0,104.0,778.0,1002.0,1.036,10.051,9.7,0.4359,True,,False,ON,935.0,2.5,9.5
2026-09-23 10:10:42,MLLB_000_y1.0.3,AMBER,v4_amber_MLLB_000_y103_0922_1155,2.6,2.608,6,80,32,kaba,True,,152.0,80.0,850.0,1002.0,1.03,10.005,9.713,0.4344,True,,False,ON,935.0,2.5,9.5
2026-09-23 10:10:58,MLLB_000_y1.0.3,AMBER,v4_amber_MLLB_000_y103_0922_1155,2.6,2.608,6,80,36,kaba,True,,80.0,68.0,922.0,1002.0,1.02,9.914,9.721,0.433,True,,False,ON,935.0,2.5,9.5
2026-09-23 10:11:14,MLLB_000_y1.0.3,AMBER,v4_amber_MLLB_000_y103_0922_1155,2.6,2.608,6,80,40,kaba,True,,36.0,16.0,966.0,1002.0,3.4,33.099,9.735,0.4303,True,,False,FLAS,935.0,2.5,9.5
2026-09-23 10:11:30,MLLB_000_y1.0.3,AMBER,v4_amber_MLLB_000_y103_0922_1155,2.6,2.608,6,80,44,kaba,True,,36.0,16.0,966.0,1002.0,8.451,82.277,9.736,0.4305,True,,False,FLAS,935.0,2.5,9.5
2026-09-23 10:11:30,MLLB_000_y1.0.3,AMBER,v4_amber_MLLB_000_y103_0922_1155,2.6,2.608,6,80,,bitti,False,,,,,,,,,,,,,,935.0,2.5,9.5
2026-09-23 10:11:46,MLLB_000_y1.0.3,AMBER,v4_amber_MLLB_000_y103_0922_1155,2.6,2.608,6,60,12,kaba,True,,552.0,76.0,450.0,1002.0,1.05,10.051,9.575,0.4257,True,,False,ON,935.0,2.5,9.5
2026-09-23 10:12:02,MLLB_000_y1.0.3,AMBER,v4_amber_MLLB_000_y103_0922_1155,2.6,2.608,6,60,16,kaba,True,,502.0,94.0,500.0,1002.0,1.053,10.074,9.569,0.4287,True,,False,ON,935.0,2.5,9.5
2026-09-23 10:12:18,MLLB_000_y1.0.3,AMBER,v4_amber_MLLB_000_y103_0922_1155,2.6,2.608,6,60,20,kaba,True,,450.0,84.0,552.0,1002.0,1.04,10.005,9.622,0.4316,True,,False,ON,935.0,2.5,9.5
2026-09-23 10:12:30,MLLB_000_y1.0.3,AMBER,v4_amber_MLLB_000_y103_0922_1155,2.6,2.608,6,60,24,kaba,True,,400.0,70.0,602.0,1002.0,1.045,10.051,9.618,0.4311,True,,False,ON,935.0,2.5,9.5
2026-09-23 10:12:46,MLLB_000_y1.0.3,AMBER,v4_amber_MLLB_000_y103_0922_1155,2.6,2.608,6,60,28,kaba,True,,348.0,96.0,654.0,1002.0,1.045,10.074,9.644,0.4339,True,,False,ON,935.0,2.5,9.5
2026-09-23 10:13:02,MLLB_000_y1.0.3,AMBER,v4_amber_MLLB_000_y103_0922_1155,2.6,2.608,6,60,32,kaba,True,,294.0,90.0,708.0,1002.0,1.038,10.051,9.683,0.432,True,,False,ON,935.0,2.5,9.5
2026-09-23 10:13:18,MLLB_000_y1.0.3,AMBER,v4_amber_MLLB_000_y103_0922_1155,2.6,2.608,6,60,36,kaba,True,,242.0,80.0,760.0,1002.0,1.04,10.074,9.69,0.4311,True,,False,ON,935.0,2.5,9.5
2026-09-23 10:13:34,MLLB_000_y1.0.3,AMBER,v4_amber_MLLB_000_y103_0922_1155,2.6,2.608,6,60,40,kaba,True,,190.0,90.0,812.0,1002.0,1.035,10.051,9.712,0.4339,True,,False,ON,935.0,2.5,9.5
2026-09-23 10:13:50,MLLB_000_y1.0.3,AMBER,v4_amber_MLLB_000_y103_0922_1155,2.6,2.608,6,60,44,kaba,True,,136.0,76.0,866.0,1002.0,1.042,10.142,9.73,0.4305,True,,False,ON,935.0,2.5,9.5
2026-09-23 10:14:06,MLLB_000_y1.0.3,AMBER,v4_amber_MLLB_000_y103_0922_1155,2.6,2.608,6,60,48,kaba,True,,84.0,108.0,918.0,1002.0,1.018,9.914,9.739,0.4315,True,,False,ON,935.0,2.5,9.5
2026-09-23 10:14:22,MLLB_000_y1.0.3,AMBER,v4_amber_MLLB_000_y103_0922_1155,2.6,2.608,6,60,50,kaba,True,,56.0,26.0,946.0,1002.0,1.396,13.576,9.724,0.4268,True,,True,,935.0,2.5,9.5
2026-09-23 10:14:38,MLLB_000_y1.0.3,AMBER,v4_amber_MLLB_000_y103_0922_1155,2.6,2.608,6,60,46,ince,True,,110.0,84.0,892.0,1002.0,1.025,9.983,9.736,0.4253,True,,False,ON,935.0,2.5,9.5
2026-09-23 10:14:54,MLLB_000_y1.0.3,AMBER,v4_amber_MLLB_000_y103_0922_1155,2.6,2.608,6,60,47,ince,True,,98.0,110.0,904.0,1002.0,1.033,10.051,9.734,0.4271,True,,False,ON,935.0,2.5,9.5
2026-09-23 10:15:10,MLLB_000_y1.0.3,AMBER,v4_amber_MLLB_000_y103_0922_1155,2.6,2.608,6,60,49,ince,True,,68.0,100.0,934.0,1002.0,1.028,10.006,9.734,0.4265,True,,False,ON,935.0,2.5,9.5
2026-09-23 10:15:10,MLLB_000_y1.0.3,AMBER,v4_amber_MLLB_000_y103_0922_1155,2.6,2.608,6,60,,bitti,False,,,,,,,,,,,,,,935.0,2.5,9.5
2026-09-23 10:15:34,MLLB_000_y1.0.3,AMBER,v4_amber_MLLB_000_y103_0922_1155,2.6,2.608,7,100,12,kaba,True,,382.0,86.0,620.0,1002.0,1.041,12.417,11.93,0.533,True,,False,ON,935.0,2.5,9.5
2026-09-23 10:15:50,MLLB_000_y1.0.3,AMBER,v4_amber_MLLB_000_y103_0922_1155,2.6,2.608,7,100,16,kaba,True,,314.0,74.0,688.0,1002.0,1.03,12.347,11.983,0.5286,True,,False,ON,935.0,2.5,9.5
2026-09-23 10:16:06,MLLB_000_y1.0.3,AMBER,v4_amber_MLLB_000_y103_0922_1155,2.6,2.608,7,100,20,kaba,True,,242.0,98.0,760.0,1002.0,1.033,12.394,11.994,0.5243,True,,False,ON,935.0,2.5,9.5
2026-09-23 10:16:22,MLLB_000_y1.0.3,AMBER,v4_amber_MLLB_000_y103_0922_1155,2.6,2.608,7,100,24,kaba,True,,172.0,78.0,830.0,1002.0,1.035,12.44,12.015,0.527,True,,False,ON,935.0,2.5,9.5
2026-09-23 10:16:34,MLLB_000_y1.0.3,AMBER,v4_amber_MLLB_000_y103_0922_1155,2.6,2.608,7,100,28,kaba,True,,102.0,88.0,900.0,1002.0,1.03,12.4,12.038,0.5305,True,,False,ON,935.0,2.5,9.5
2026-09-23 10:16:50,MLLB_000_y1.0.3,AMBER,v4_amber_MLLB_000_y103_0922_1155,2.6,2.608,7,100,32,kaba,True,,32.0,24.0,970.0,1002.0,1.956,23.613,12.07,0.527,True,,True,,935.0,2.5,9.5
2026-09-23 10:17:06,MLLB_000_y1.0.3,AMBER,v4_amber_MLLB_000_y103_0922_1155,2.6,2.608,7,100,36,kaba,True,,32.0,20.0,970.0,1002.0,6.927,83.402,12.04,0.5289,True,,False,FLAS,935.0,2.5,9.5
2026-09-23 10:17:22,MLLB_000_y1.0.3,AMBER,v4_amber_MLLB_000_y103_0922_1155,2.6,2.608,7,100,29,ince,True,,86.0,88.0,916.0,1002.0,1.021,12.301,12.045,0.5272,True,,False,ON,935.0,2.5,9.5
2026-09-23 10:17:38,MLLB_000_y1.0.3,AMBER,v4_amber_MLLB_000_y103_0922_1155,2.6,2.608,7,100,30,ince,True,,66.0,112.0,936.0,1002.0,1.02,12.278,12.034,0.5273,True,,True,,935.0,2.5,9.5
2026-09-23 10:17:54,MLLB_000_y1.0.3,AMBER,v4_amber_MLLB_000_y103_0922_1155,2.6,2.608,7,100,31,ince,True,,46.0,102.0,956.0,1002.0,1.018,12.278,12.055,0.5242,True,,True,,935.0,2.5,9.5
2026-09-23 10:18:10,MLLB_000_y1.0.3,AMBER,v4_amber_MLLB_000_y103_0922_1155,2.6,2.608,7,100,33,ince,True,,32.0,20.0,970.0,1002.0,2.79,33.635,12.055,0.5282,True,,False,FLAS,935.0,2.5,9.5
2026-09-23 10:18:26,MLLB_000_y1.0.3,AMBER,v4_amber_MLLB_000_y103_0922_1155,2.6,2.608,7,100,34,ince,True,,32.0,20.0,970.0,1002.0,3.934,47.411,12.052,0.5268,True,,False,FLAS,935.0,2.5,9.5
2026-09-23 10:18:42,MLLB_000_y1.0.3,AMBER,v4_amber_MLLB_000_y103_0922_1155,2.6,2.608,7,100,35,ince,True,,32.0,20.0,970.0,1002.0,6.04,72.908,12.07,0.5293,True,,False,FLAS,935.0,2.5,9.5
2026-09-23 10:18:42,MLLB_000_y1.0.3,AMBER,v4_amber_MLLB_000_y103_0922_1155,2.6,2.608,7,100,,bitti,False,,,,,,,,,,,,,,935.0,2.5,9.5
2026-09-23 10:18:58,MLLB_000_y1.0.3,AMBER,v4_amber_MLLB_000_y103_0922_1155,2.6,2.608,7,80,12,kaba,True,,414.0,82.0,588.0,1002.0,1.042,12.417,11.914,0.5263,True,,False,ON,935.0,2.5,9.5
2026-09-23 10:19:14,MLLB_000_y1.0.3,AMBER,v4_amber_MLLB_000_y103_0922_1155,2.6,2.608,7,80,16,kaba,True,,360.0,80.0,642.0,1002.0,1.041,12.44,11.953,0.5275,True,,False,ON,935.0,2.5,9.5
2026-09-23 10:19:30,MLLB_000_y1.0.3,AMBER,v4_amber_MLLB_000_y103_0922_1155,2.6,2.608,7,80,20,kaba,True,,306.0,74.0,696.0,1002.0,1.036,12.44,12.004,0.5285,True,,False,ON,935.0,2.5,9.5
2026-09-23 10:19:46,MLLB_000_y1.0.3,AMBER,v4_amber_MLLB_000_y103_0922_1155,2.6,2.608,7,80,24,kaba,True,,248.0,92.0,754.0,1002.0,1.031,12.37,11.996,0.5288,True,,False,ON,935.0,2.5,9.5
2026-09-23 10:20:02,MLLB_000_y1.0.3,AMBER,v4_amber_MLLB_000_y103_0922_1155,2.6,2.608,7,80,28,kaba,True,,190.0,98.0,812.0,1002.0,1.031,12.394,12.024,0.5289,True,,False,ON,935.0,2.5,9.5
2026-09-23 10:20:18,MLLB_000_y1.0.3,AMBER,v4_amber_MLLB_000_y103_0922_1155,2.6,2.608,7,80,32,kaba,True,,134.0,110.0,868.0,1002.0,1.032,12.44,12.05,0.5305,True,,False,ON,935.0,2.5,9.5
2026-09-23 10:20:34,MLLB_000_y1.0.3,AMBER,v4_amber_MLLB_000_y103_0922_1155,2.6,2.608,7,80,36,kaba,True,,76.0,102.0,926.0,1002.0,1.015,12.255,12.076,0.5299,True,,False,ON,935.0,2.5,9.5
2026-09-23 10:20:46,MLLB_000_y1.0.3,AMBER,v4_amber_MLLB_000_y103_0922_1155,2.6,2.608,7,80,40,kaba,True,,40.0,20.0,962.0,1002.0,2.798,33.763,12.067,0.5291,True,,False,FLAS,935.0,2.5,9.5
2026-09-23 10:21:02,MLLB_000_y1.0.3,AMBER,v4_amber_MLLB_000_y103_0922_1155,2.6,2.608,7,80,44,kaba,True,,40.0,20.0,962.0,1002.0,7.039,84.903,12.061,0.5308,True,,False,FLAS,935.0,2.5,9.5
2026-09-23 10:21:03,MLLB_000_y1.0.3,AMBER,v4_amber_MLLB_000_y103_0922_1155,2.6,2.608,7,80,,bitti,False,,,,,,,,,,,,,,935.0,2.5,9.5
2026-09-23 10:21:18,MLLB_000_y1.0.3,AMBER,v4_amber_MLLB_000_y103_0922_1155,2.6,2.608,7,60,12,kaba,True,,452.0,66.0,550.0,1002.0,1.046,12.44,11.895,0.5259,True,,False,ON,935.0,2.5,9.5
2026-09-23 10:21:34,MLLB_000_y1.0.3,AMBER,v4_amber_MLLB_000_y103_0922_1155,2.6,2.608,7,60,16,kaba,True,,412.0,72.0,590.0,1002.0,1.055,12.602,11.941,0.5286,True,,False,ON,935.0,2.5,9.5
2026-09-23 10:21:46,MLLB_000_y1.0.3,AMBER,v4_amber_MLLB_000_y103_0922_1155,2.6,2.608,7,60,20,kaba,True,,374.0,68.0,628.0,1002.0,1.04,12.418,11.943,0.5289,True,,False,ON,935.0,2.5,9.5
2026-09-23 10:22:02,MLLB_000_y1.0.3,AMBER,v4_amber_MLLB_000_y103_0922_1155,2.6,2.608,7,60,24,kaba,True,,332.0,94.0,670.0,1002.0,1.039,12.44,11.975,0.5285,True,,False,ON,935.0,2.5,9.5
2026-09-23 10:22:18,MLLB_000_y1.0.3,AMBER,v4_amber_MLLB_000_y103_0922_1155,2.6,2.608,7,60,28,kaba,True,,290.0,104.0,712.0,1002.0,1.042,12.486,11.984,0.5279,True,,False,ON,935.0,2.5,9.5
2026-09-23 10:22:34,MLLB_000_y1.0.3,AMBER,v4_amber_MLLB_000_y103_0922_1155,2.6,2.608,7,60,32,kaba,True,,250.0,116.0,752.0,1002.0,1.035,12.417,11.999,0.5311,True,,False,ON,935.0,2.5,9.5
2026-09-23 10:22:50,MLLB_000_y1.0.3,AMBER,v4_amber_MLLB_000_y103_0922_1155,2.6,2.608,7,60,36,kaba,True,,208.0,86.0,794.0,1002.0,1.037,12.463,12.024,0.5298,True,,False,ON,935.0,2.5,9.5
2026-09-23 10:23:06,MLLB_000_y1.0.3,AMBER,v4_amber_MLLB_000_y103_0922_1155,2.6,2.608,7,60,40,kaba,True,,166.0,82.0,836.0,1002.0,1.034,12.44,12.025,0.5305,True,,False,ON,935.0,2.5,9.5
2026-09-23 10:23:22,MLLB_000_y1.0.3,AMBER,v4_amber_MLLB_000_y103_0922_1155,2.6,2.608,7,60,44,kaba,True,,124.0,114.0,878.0,1002.0,1.031,12.44,12.066,0.5287,True,,False,ON,935.0,2.5,9.5
2026-09-23 10:23:38,MLLB_000_y1.0.3,AMBER,v4_amber_MLLB_000_y103_0922_1155,2.6,2.608,7,60,48,kaba,True,,82.0,132.0,920.0,1002.0,1.02,12.278,12.04,0.5338,True,,False,ON,935.0,2.5,9.5
2026-09-23 10:23:54,MLLB_000_y1.0.3,AMBER,v4_amber_MLLB_000_y103_0922_1155,2.6,2.608,7,60,50,kaba,True,,60.0,80.0,942.0,1002.0,1.081,13.018,12.045,0.5294,True,,True,,935.0,2.5,9.5
2026-09-23 10:24:10,MLLB_000_y1.0.3,AMBER,v4_amber_MLLB_000_y103_0922_1155,2.6,2.608,7,60,46,ince,True,,104.0,86.0,898.0,1002.0,1.019,12.278,12.048,0.5285,True,,False,ON,935.0,2.5,9.5
2026-09-23 10:24:26,MLLB_000_y1.0.3,AMBER,v4_amber_MLLB_000_y103_0922_1155,2.6,2.608,7,60,47,ince,True,,92.0,120.0,910.0,1002.0,1.025,12.347,12.049,0.5303,True,,False,ON,935.0,2.5,9.5
2026-09-23 10:24:42,MLLB_000_y1.0.3,AMBER,v4_amber_MLLB_000_y103_0922_1155,2.6,2.608,7,60,49,ince,True,,74.0,102.0,928.0,1002.0,1.021,12.301,12.052,0.529,True,,False,ON,935.0,2.5,9.5
2026-09-23 10:24:42,MLLB_000_y1.0.3,AMBER,v4_amber_MLLB_000_y103_0922_1155,2.6,2.608,7,60,,bitti,False,,,,,,,,,,,,,,935.0,2.5,9.5
2026-09-23 10:25:01,MLLB_000_y1.0.3,AMBER,v4_amber_MLLB_000_y103_0922_1155,2.6,2.608,8,100,12,kaba,True,,324.0,72.0,678.0,1002.0,1.044,14.999,14.361,0.632,True,,False,ON,935.0,2.5,9.5
2026-09-23 10:25:18,MLLB_000_y1.0.3,AMBER,v4_amber_MLLB_000_y103_0922_1155,2.6,2.608,8,100,16,kaba,True,,268.0,82.0,734.0,1002.0,1.036,14.929,14.406,0.6324,True,,False,ON,935.0,2.5,9.5
2026-09-23 10:25:34,MLLB_000_y1.0.3,AMBER,v4_amber_MLLB_000_y103_0922_1155,2.6,2.608,8,100,20,kaba,True,,208.0,74.0,794.0,1002.0,1.031,14.882,14.437,0.6322,True,,False,ON,935.0,2.5,9.5
2026-09-23 10:25:50,MLLB_000_y1.0.3,AMBER,v4_amber_MLLB_000_y103_0922_1155,2.6,2.608,8,100,24,kaba,True,,154.0,82.0,848.0,1002.0,1.031,14.906,14.453,0.6345,True,,False,ON,935.0,2.5,9.5
2026-09-23 10:26:06,MLLB_000_y1.0.3,AMBER,v4_amber_MLLB_000_y103_0922_1155,2.6,2.608,8,100,28,kaba,True,,94.0,100.0,908.0,1002.0,1.029,14.882,14.46,0.6358,True,,False,ON,935.0,2.5,9.5
2026-09-23 10:26:22,MLLB_000_y1.0.3,AMBER,v4_amber_MLLB_000_y103_0922_1155,2.6,2.608,8,100,32,kaba,True,,36.0,26.0,966.0,1002.0,1.673,24.175,14.452,0.6327,True,,True,,935.0,2.5,9.5
2026-09-23 10:26:38,MLLB_000_y1.0.3,AMBER,v4_amber_MLLB_000_y103_0922_1155,2.6,2.608,8,100,36,kaba,True,,34.0,24.0,968.0,1002.0,6.131,88.656,14.459,0.6336,True,,False,FLAS,935.0,2.5,9.5
2026-09-23 10:26:50,MLLB_000_y1.0.3,AMBER,v4_amber_MLLB_000_y103_0922_1155,2.6,2.608,8,100,29,ince,True,,80.0,90.0,922.0,1002.0,1.028,14.859,14.448,0.6328,True,,False,ON,935.0,2.5,9.5
2026-09-23 10:27:06,MLLB_000_y1.0.3,AMBER,v4_amber_MLLB_000_y103_0922_1155,2.6,2.608,8,100,30,ince,True,,64.0,122.0,938.0,1002.0,1.023,14.812,14.485,0.6353,True,,True,,935.0,2.5,9.5
2026-09-23 10:27:22,MLLB_000_y1.0.3,AMBER,v4_amber_MLLB_000_y103_0922_1155,2.6,2.608,8,100,31,ince,True,,48.0,118.0,954.0,1002.0,1.029,14.882,14.469,0.6323,True,,True,,935.0,2.5,9.5
2026-09-23 10:27:38,MLLB_000_y1.0.3,AMBER,v4_amber_MLLB_000_y103_0922_1155,2.6,2.608,8,100,33,ince,True,,34.0,24.0,968.0,1002.0,2.416,34.968,14.472,0.6343,True,,True,,935.0,2.5,9.5
2026-09-23 10:27:54,MLLB_000_y1.0.3,AMBER,v4_amber_MLLB_000_y103_0922_1155,2.6,2.608,8,100,34,ince,True,,34.0,24.0,968.0,1002.0,3.391,49.064,14.467,0.6343,True,,False,FLAS,935.0,2.5,9.5
2026-09-23 10:28:10,MLLB_000_y1.0.3,AMBER,v4_amber_MLLB_000_y103_0922_1155,2.6,2.608,8,100,35,ince,True,,34.0,24.0,968.0,1002.0,5.375,77.777,14.471,0.6331,True,,False,FLAS,935.0,2.5,9.5
2026-09-23 10:28:10,MLLB_000_y1.0.3,AMBER,v4_amber_MLLB_000_y103_0922_1155,2.6,2.608,8,100,,bitti,False,,,,,,,,,,,,,,935.0,2.5,9.5
2026-09-23 10:28:26,MLLB_000_y1.0.3,AMBER,v4_amber_MLLB_000_y103_0922_1155,2.6,2.608,8,80,12,kaba,True,,352.0,90.0,650.0,1002.0,1.035,14.859,14.354,0.6348,True,,False,ON,935.0,2.5,9.5
2026-09-23 10:28:42,MLLB_000_y1.0.3,AMBER,v4_amber_MLLB_000_y103_0922_1155,2.6,2.608,8,80,16,kaba,True,,308.0,68.0,694.0,1002.0,1.034,14.859,14.374,0.6337,True,,False,ON,935.0,2.5,9.5
2026-09-23 10:28:58,MLLB_000_y1.0.3,AMBER,v4_amber_MLLB_000_y103_0922_1155,2.6,2.608,8,80,20,kaba,True,,260.0,68.0,742.0,1002.0,1.035,14.882,14.374,0.6335,True,,False,ON,935.0,2.5,9.5
2026-09-23 10:29:14,MLLB_000_y1.0.3,AMBER,v4_amber_MLLB_000_y103_0922_1155,2.6,2.608,8,80,24,kaba,True,,214.0,80.0,788.0,1002.0,1.034,14.906,14.409,0.6343,True,,False,ON,935.0,2.5,9.5
2026-09-23 10:29:26,MLLB_000_y1.0.3,AMBER,v4_amber_MLLB_000_y103_0922_1155,2.6,2.608,8,80,28,kaba,True,,168.0,74.0,834.0,1002.0,1.038,14.952,14.399,0.6313,True,,False,ON,935.0,2.5,9.5
2026-09-23 10:29:42,MLLB_000_y1.0.3,AMBER,v4_amber_MLLB_000_y103_0922_1155,2.6,2.608,8,80,32,kaba,True,,120.0,82.0,882.0,1002.0,1.032,14.906,14.444,0.6338,True,,False,ON,935.0,2.5,9.5
2026-09-23 10:29:58,MLLB_000_y1.0.3,AMBER,v4_amber_MLLB_000_y103_0922_1155,2.6,2.608,8,80,36,kaba,True,,74.0,100.0,928.0,1002.0,1.028,14.859,14.452,0.6316,True,,False,ON,935.0,2.5,9.5
2026-09-23 10:30:14,MLLB_000_y1.0.3,AMBER,v4_amber_MLLB_000_y103_0922_1155,2.6,2.608,8,80,40,kaba,True,,42.0,24.0,960.0,1002.0,2.445,35.328,14.449,0.632,True,,True,,935.0,2.5,9.5
2026-09-23 10:30:30,MLLB_000_y1.0.3,AMBER,v4_amber_MLLB_000_y103_0922_1155,2.6,2.608,8,80,44,kaba,True,,42.0,24.0,960.0,1002.0,6.153,89.032,14.469,0.6342,True,,False,FLAS,935.0,2.5,9.5
2026-09-23 10:30:46,MLLB_000_y1.0.3,AMBER,v4_amber_MLLB_000_y103_0922_1155,2.6,2.608,8,80,37,ince,True,,62.0,90.0,940.0,1002.0,1.022,14.789,14.476,0.6335,True,,True,,935.0,2.5,9.5
2026-09-23 10:30:58,MLLB_000_y1.0.3,AMBER,v4_amber_MLLB_000_y103_0922_1155,2.6,2.608,8,80,38,ince,True,,48.0,86.0,954.0,1002.0,1.027,14.859,14.466,0.6342,True,,True,,935.0,2.5,9.5
2026-09-23 10:31:14,MLLB_000_y1.0.3,AMBER,v4_amber_MLLB_000_y103_0922_1155,2.6,2.608,8,80,39,ince,True,,42.0,26.0,960.0,1002.0,1.833,26.515,14.467,0.6331,True,,True,,935.0,2.5,9.5
2026-09-23 10:31:30,MLLB_000_y1.0.3,AMBER,v4_amber_MLLB_000_y103_0922_1155,2.6,2.608,8,80,41,ince,True,,42.0,24.0,960.0,1002.0,3.013,43.628,14.479,0.6325,True,,False,FLAS,935.0,2.5,9.5
2026-09-23 10:31:46,MLLB_000_y1.0.3,AMBER,v4_amber_MLLB_000_y103_0922_1155,2.6,2.608,8,80,42,ince,True,,42.0,24.0,960.0,1002.0,4.241,61.415,14.482,0.6348,True,,False,FLAS,935.0,2.5,9.5
2026-09-23 10:32:02,MLLB_000_y1.0.3,AMBER,v4_amber_MLLB_000_y103_0922_1155,2.6,2.608,8,80,43,ince,True,,42.0,24.0,960.0,1002.0,5.657,81.901,14.478,0.6345,True,,False,FLAS,935.0,2.5,9.5
2026-09-23 10:32:02,MLLB_000_y1.0.3,AMBER,v4_amber_MLLB_000_y103_0922_1155,2.6,2.608,8,80,,bitti,False,,,,,,,,,,,,,,935.0,2.5,9.5
2026-09-23 10:32:18,MLLB_000_y1.0.3,AMBER,v4_amber_MLLB_000_y103_0922_1155,2.6,2.608,8,60,12,kaba,True,,382.0,82.0,620.0,1002.0,1.044,14.952,14.329,0.6342,True,,False,ON,935.0,2.5,9.5
2026-09-23 10:32:34,MLLB_000_y1.0.3,AMBER,v4_amber_MLLB_000_y103_0922_1155,2.6,2.608,8,60,16,kaba,True,,350.0,92.0,652.0,1002.0,1.039,14.929,14.367,0.6348,True,,False,ON,935.0,2.5,9.5
2026-09-23 10:32:50,MLLB_000_y1.0.3,AMBER,v4_amber_MLLB_000_y103_0922_1155,2.6,2.608,8,60,20,kaba,True,,316.0,86.0,686.0,1002.0,1.036,14.929,14.415,0.6329,True,,False,ON,935.0,2.5,9.5
2026-09-23 10:33:06,MLLB_000_y1.0.3,AMBER,v4_amber_MLLB_000_y103_0922_1155,2.6,2.608,8,60,24,kaba,True,,286.0,80.0,716.0,1002.0,1.038,14.929,14.386,0.6345,True,,False,ON,935.0,2.5,9.5
2026-09-23 10:33:22,MLLB_000_y1.0.3,AMBER,v4_amber_MLLB_000_y103_0922_1155,2.6,2.608,8,60,28,kaba,True,,252.0,88.0,750.0,1002.0,1.032,14.882,14.416,0.6343,True,,False,ON,935.0,2.5,9.5
2026-09-23 10:33:38,MLLB_000_y1.0.3,AMBER,v4_amber_MLLB_000_y103_0922_1155,2.6,2.608,8,60,32,kaba,True,,218.0,86.0,784.0,1002.0,1.038,14.976,14.428,0.6339,True,,False,ON,935.0,2.5,9.5
2026-09-23 10:33:50,MLLB_000_y1.0.3,AMBER,v4_amber_MLLB_000_y103_0922_1155,2.6,2.608,8,60,36,kaba,True,,182.0,76.0,820.0,1002.0,1.035,14.938,14.434,0.6305,True,,False,ON,935.0,2.5,9.5
2026-09-23 10:34:06,MLLB_000_y1.0.3,AMBER,v4_amber_MLLB_000_y103_0922_1155,2.6,2.608,8,60,40,kaba,True,,148.0,72.0,854.0,1002.0,1.036,14.976,14.453,0.6334,True,,False,ON,935.0,2.5,9.5
2026-09-23 10:34:22,MLLB_000_y1.0.3,AMBER,v4_amber_MLLB_000_y103_0922_1155,2.6,2.608,8,60,44,kaba,True,,114.0,106.0,888.0,1002.0,1.028,14.859,14.458,0.6338,True,,False,ON,935.0,2.5,9.5
2026-09-23 10:34:34,MLLB_000_y1.0.3,AMBER,v4_amber_MLLB_000_y103_0922_1155,2.6,2.608,8,60,48,kaba,True,,82.0,100.0,920.0,1002.0,1.028,14.859,14.459,0.6333,True,,False,ON,935.0,2.5,9.5
2026-09-23 10:34:50,MLLB_000_y1.0.3,AMBER,v4_amber_MLLB_000_y103_0922_1155,2.6,2.608,8,60,50,kaba,True,,62.0,88.0,940.0,1002.0,1.027,14.859,14.467,0.6331,True,,True,,935.0,2.5,9.5
2026-09-23 10:35:02,MLLB_000_y1.0.3,AMBER,v4_amber_MLLB_000_y103_0922_1155,2.6,2.608,8,60,46,ince,True,,98.0,88.0,904.0,1002.0,1.029,14.859,14.437,0.6315,True,,False,ON,935.0,2.5,9.5
2026-09-23 10:35:18,MLLB_000_y1.0.3,AMBER,v4_amber_MLLB_000_y103_0922_1155,2.6,2.608,8,60,47,ince,True,,90.0,86.0,912.0,1002.0,1.021,14.742,14.443,0.6327,True,,False,ON,935.0,2.5,9.5
2026-09-23 10:35:30,MLLB_000_y1.0.3,AMBER,v4_amber_MLLB_000_y103_0922_1155,2.6,2.608,8,60,49,ince,True,,70.0,104.0,932.0,1002.0,1.02,14.765,14.475,0.6343,True,,False,ON,935.0,2.5,9.5
2026-09-23 10:35:31,MLLB_000_y1.0.3,AMBER,v4_amber_MLLB_000_y103_0922_1155,2.6,2.608,8,60,,bitti,False,,,,,,,,,,,,,,935.0,2.5,9.5
2026-09-23 10:35:54,MLLB_000_y1.0.3,AMBER,v4_amber_MLLB_000_y103_0922_1155,2.6,2.608,10,100,12,kaba,True,,250.0,62.0,752.0,1002.0,1.034,19.812,19.163,0.7451,True,,False,ON,935.0,2.5,9.5
2026-09-23 10:36:10,MLLB_000_y1.0.3,AMBER,v4_amber_MLLB_000_y103_0922_1155,2.6,2.608,10,100,16,kaba,True,,208.0,66.0,794.0,1002.0,1.032,19.788,19.167,0.7446,True,,False,ON,935.0,2.5,9.5
2026-09-23 10:36:26,MLLB_000_y1.0.3,AMBER,v4_amber_MLLB_000_y103_0922_1155,2.6,2.608,10,100,20,kaba,True,,166.0,84.0,836.0,1002.0,1.03,19.788,19.22,0.7447,True,,False,ON,935.0,2.5,9.5
2026-09-23 10:36:42,MLLB_000_y1.0.3,AMBER,v4_amber_MLLB_000_y103_0922_1155,2.6,2.608,10,100,24,kaba,True,,122.0,66.0,880.0,1002.0,1.029,19.788,19.239,0.7442,True,,False,ON,935.0,2.5,9.5
2026-09-23 10:36:58,MLLB_000_y1.0.3,AMBER,v4_amber_MLLB_000_y103_0922_1155,2.6,2.608,10,100,28,kaba,True,,80.0,66.0,922.0,1002.0,1.028,19.788,19.255,0.7441,True,,False,ON,935.0,2.5,9.5
2026-09-23 10:37:14,MLLB_000_y1.0.3,AMBER,v4_amber_MLLB_000_y103_0922_1155,2.6,2.608,10,100,32,kaba,True,,38.0,82.0,964.0,1002.0,1.235,23.784,19.259,0.7448,True,,True,,935.0,2.5,9.5
2026-09-23 10:37:30,MLLB_000_y1.0.3,AMBER,v4_amber_MLLB_000_y103_0922_1155,2.6,2.608,10,100,36,kaba,True,,38.0,28.0,964.0,1002.0,4.62,89.032,19.271,0.7457,True,,False,FLAS,935.0,2.5,9.5
2026-09-23 10:37:46,MLLB_000_y1.0.3,AMBER,v4_amber_MLLB_000_y103_0922_1155,2.6,2.608,10,100,40,kaba,True,,38.0,28.0,964.0,1002.0,6.835,131.619,19.257,0.7455,True,,False,FLAS,935.0,2.5,9.5
2026-09-23 10:38:02,MLLB_000_y1.0.3,AMBER,v4_amber_MLLB_000_y103_0922_1155,2.6,2.608,10,100,29,ince,True,,68.0,76.0,934.0,1002.0,1.025,19.716,19.243,0.7436,True,,False,ON,935.0,2.5,9.5
2026-09-23 10:38:18,MLLB_000_y1.0.3,AMBER,v4_amber_MLLB_000_y103_0922_1155,2.6,2.608,10,100,30,ince,True,,58.0,82.0,944.0,1002.0,1.022,19.716,19.289,0.7463,True,,True,,935.0,2.5,9.5
2026-09-23 10:38:34,MLLB_000_y1.0.3,AMBER,v4_amber_MLLB_000_y103_0922_1155,2.6,2.608,10,100,31,ince,True,,46.0,88.0,956.0,1002.0,1.027,19.788,19.271,0.7434,True,,True,,935.0,2.5,9.5
2026-09-23 10:38:50,MLLB_000_y1.0.3,AMBER,v4_amber_MLLB_000_y103_0922_1155,2.6,2.608,10,100,33,ince,True,,38.0,28.0,964.0,1002.0,1.777,34.223,19.255,0.7459,True,,True,,935.0,2.5,9.5
2026-09-23 10:39:06,MLLB_000_y1.0.3,AMBER,v4_amber_MLLB_000_y103_0922_1155,2.6,2.608,10,100,34,ince,True,,38.0,28.0,964.0,1002.0,2.371,45.66,19.256,0.7465,True,,True,,935.0,2.5,9.5
2026-09-23 10:39:22,MLLB_000_y1.0.3,AMBER,v4_amber_MLLB_000_y103_0922_1155,2.6,2.608,10,100,35,ince,True,,38.0,28.0,964.0,1002.0,3.826,73.656,19.251,0.7468,True,,False,FLAS,935.0,2.5,9.5
2026-09-23 10:39:22,MLLB_000_y1.0.3,AMBER,v4_amber_MLLB_000_y103_0922_1155,2.6,2.608,10,100,,bitti,False,,,,,,,,,,,,,,935.0,2.5,9.5
2026-09-23 10:39:38,MLLB_000_y1.0.3,AMBER,v4_amber_MLLB_000_y103_0922_1155,2.6,2.608,10,80,12,kaba,True,,272.0,62.0,730.0,1002.0,1.034,19.812,19.161,0.7448,True,,False,ON,935.0,2.5,9.5
2026-09-23 10:39:54,MLLB_000_y1.0.3,AMBER,v4_amber_MLLB_000_y103_0922_1155,2.6,2.608,10,80,16,kaba,True,,238.0,74.0,764.0,1002.0,1.034,19.836,19.187,0.745,True,,False,ON,935.0,2.5,9.5
2026-09-23 10:40:10,MLLB_000_y1.0.3,AMBER,v4_amber_MLLB_000_y103_0922_1155,2.6,2.608,10,80,20,kaba,True,,204.0,74.0,798.0,1002.0,1.036,19.884,19.189,0.7464,True,,False,ON,935.0,2.5,9.5
2026-09-23 10:40:26,MLLB_000_y1.0.3,AMBER,v4_amber_MLLB_000_y103_0922_1155,2.6,2.608,10,80,24,kaba,True,,170.0,106.0,832.0,1002.0,1.033,19.836,19.199,0.7449,True,,False,ON,935.0,2.5,9.5
2026-09-23 10:40:42,MLLB_000_y1.0.3,AMBER,v4_amber_MLLB_000_y103_0922_1155,2.6,2.608,10,80,28,kaba,True,,136.0,86.0,866.0,1002.0,1.03,19.788,19.209,0.7453,True,,False,ON,935.0,2.5,9.5
2026-09-23 10:40:58,MLLB_000_y1.0.3,AMBER,v4_amber_MLLB_000_y103_0922_1155,2.6,2.608,10,80,32,kaba,True,,102.0,72.0,900.0,1002.0,1.028,19.788,19.252,0.7467,True,,False,ON,935.0,2.5,9.5
2026-09-23 10:41:14,MLLB_000_y1.0.3,AMBER,v4_amber_MLLB_000_y103_0922_1155,2.6,2.608,10,80,36,kaba,True,,68.0,102.0,934.0,1002.0,1.027,19.788,19.26,0.7458,True,,False,ON,935.0,2.5,9.5
2026-09-23 10:41:30,MLLB_000_y1.0.3,AMBER,v4_amber_MLLB_000_y103_0922_1155,2.6,2.608,10,80,40,kaba,True,,46.0,28.0,956.0,1002.0,1.728,33.252,19.242,0.7477,True,,True,,935.0,2.5,9.5
2026-09-23 10:41:46,MLLB_000_y1.0.3,AMBER,v4_amber_MLLB_000_y103_0922_1155,2.6,2.608,10,80,44,kaba,True,,46.0,28.0,956.0,1002.0,4.403,84.904,19.283,0.7465,True,,False,FLAS,935.0,2.5,9.5
2026-09-23 10:42:02,MLLB_000_y1.0.3,AMBER,v4_amber_MLLB_000_y103_0922_1155,2.6,2.608,10,80,48,kaba,True,,46.0,28.0,956.0,1002.0,6.09,117.263,19.254,0.7471,True,,False,FLAS,935.0,2.5,9.5
2026-09-23 10:42:14,MLLB_000_y1.0.3,AMBER,v4_amber_MLLB_000_y103_0922_1155,2.6,2.608,10,80,37,ince,True,,58.0,80.0,944.0,1002.0,1.026,19.742,19.246,0.747,True,,True,,935.0,2.5,9.5
2026-09-23 10:42:27,MLLB_000_y1.0.3,AMBER,v4_amber_MLLB_000_y103_0922_1155,2.6,2.608,10,80,38,ince,True,,48.0,82.0,954.0,1002.0,1.027,19.788,19.264,0.7483,True,,True,,935.0,2.5,9.5
2026-09-23 10:42:42,MLLB_000_y1.0.3,AMBER,v4_amber_MLLB_000_y103_0922_1155,2.6,2.608,10,80,39,ince,True,,46.0,28.0,956.0,1002.0,1.29,24.838,19.258,0.7498,True,,True,,935.0,2.5,9.5
2026-09-23 10:42:58,MLLB_000_y1.0.3,AMBER,v4_amber_MLLB_000_y103_0922_1155,2.6,2.608,10,80,41,ince,True,,46.0,28.0,956.0,1002.0,2.088,40.243,19.27,0.7484,True,,True,,935.0,2.5,9.5
2026-09-23 10:43:14,MLLB_000_y1.0.3,AMBER,v4_amber_MLLB_000_y103_0922_1155,2.6,2.608,10,80,42,ince,True,,46.0,28.0,956.0,1002.0,2.954,56.901,19.265,0.7474,True,,False,FLAS,935.0,2.5,9.5
2026-09-23 10:43:30,MLLB_000_y1.0.3,AMBER,v4_amber_MLLB_000_y103_0922_1155,2.6,2.608,10,80,43,ince,True,,46.0,28.0,956.0,1002.0,3.883,74.78,19.258,0.748,True,,False,FLAS,935.0,2.5,9.5
2026-09-23 10:43:30,MLLB_000_y1.0.3,AMBER,v4_amber_MLLB_000_y103_0922_1155,2.6,2.608,10,80,,bitti,False,,,,,,,,,,,,,,935.0,2.5,9.5
2026-09-23 10:43:46,MLLB_000_y1.0.3,AMBER,v4_amber_MLLB_000_y103_0922_1155,2.6,2.608,10,60,12,kaba,True,,296.0,66.0,706.0,1002.0,1.034,19.812,19.166,0.7487,True,,False,ON,935.0,2.5,9.5
2026-09-23 10:44:02,MLLB_000_y1.0.3,AMBER,v4_amber_MLLB_000_y103_0922_1155,2.6,2.608,10,60,16,kaba,True,,272.0,86.0,730.0,1002.0,1.033,19.788,19.158,0.7496,True,,False,ON,935.0,2.5,9.5
2026-09-23 10:44:18,MLLB_000_y1.0.3,AMBER,v4_amber_MLLB_000_y103_0922_1155,2.6,2.608,10,60,20,kaba,True,,248.0,90.0,754.0,1002.0,1.034,19.836,19.183,0.7489,True,,False,ON,935.0,2.5,9.5
2026-09-23 10:44:34,MLLB_000_y1.0.3,AMBER,v4_amber_MLLB_000_y103_0922_1155,2.6,2.608,10,60,24,kaba,True,,224.0,74.0,778.0,1002.0,1.035,19.86,19.184,0.7475,True,,False,ON,935.0,2.5,9.5
2026-09-23 10:44:50,MLLB_000_y1.0.3,AMBER,v4_amber_MLLB_000_y103_0922_1155,2.6,2.608,10,60,28,kaba,True,,198.0,102.0,804.0,1002.0,1.032,19.812,19.199,0.748,True,,False,ON,935.0,2.5,9.5
2026-09-23 10:45:06,MLLB_000_y1.0.3,AMBER,v4_amber_MLLB_000_y103_0922_1155,2.6,2.608,10,60,32,kaba,True,,174.0,78.0,828.0,1002.0,1.029,19.74,19.192,0.7497,True,,False,ON,935.0,2.5,9.5
2026-09-23 10:45:22,MLLB_000_y1.0.3,AMBER,v4_amber_MLLB_000_y103_0922_1155,2.6,2.608,10,60,36,kaba,True,,150.0,80.0,852.0,1002.0,1.03,19.788,19.214,0.7494,True,,False,ON,935.0,2.5,9.5
2026-09-23 10:45:38,MLLB_000_y1.0.3,AMBER,v4_amber_MLLB_000_y103_0922_1155,2.6,2.608,10,60,40,kaba,True,,124.0,68.0,878.0,1002.0,1.034,19.884,19.226,0.7482,True,,False,ON,935.0,2.5,9.5
2026-09-23 10:45:50,MLLB_000_y1.0.3,AMBER,v4_amber_MLLB_000_y103_0922_1155,2.6,2.608,10,60,44,kaba,True,,100.0,78.0,902.0,1002.0,1.028,19.788,19.249,0.7477,True,,False,ON,935.0,2.5,9.5
2026-09-23 10:46:06,MLLB_000_y1.0.3,AMBER,v4_amber_MLLB_000_y103_0922_1155,2.6,2.608,10,60,48,kaba,True,,74.0,74.0,928.0,1002.0,1.024,19.716,19.249,0.7467,True,,False,ON,935.0,2.5,9.5
2026-09-23 10:46:22,MLLB_000_y1.0.3,AMBER,v4_amber_MLLB_000_y103_0922_1155,2.6,2.608,10,60,50,kaba,True,,62.0,122.0,940.0,1002.0,1.019,19.692,19.329,0.75,True,,True,,935.0,2.5,9.5
2026-09-23 10:46:38,MLLB_000_y1.0.3,AMBER,v4_amber_MLLB_000_y103_0922_1155,2.6,2.608,10,60,46,ince,True,,88.0,78.0,914.0,1002.0,1.023,19.692,19.251,0.7472,True,,False,ON,935.0,2.5,9.5
2026-09-23 10:46:54,MLLB_000_y1.0.3,AMBER,v4_amber_MLLB_000_y103_0922_1155,2.6,2.608,10,60,47,ince,True,,82.0,84.0,920.0,1002.0,1.024,19.692,19.236,0.749,True,,False,ON,935.0,2.5,9.5
2026-09-23 10:47:10,MLLB_000_y1.0.3,AMBER,v4_amber_MLLB_000_y103_0922_1155,2.6,2.608,10,60,49,ince,True,,68.0,82.0,934.0,1002.0,1.027,19.788,19.258,0.7479,True,,False,ON,935.0,2.5,9.5
2026-09-23 10:47:10,MLLB_000_y1.0.3,AMBER,v4_amber_MLLB_000_y103_0922_1155,2.6,2.608,10,60,,bitti,False,,,,,,,,,,,,,,935.0,2.5,9.5
2026-09-23 10:47:32,MLLB_000_y1.0.3,AMBER,v4_amber_MLLB_000_y103_0922_1155,2.6,2.608,15,100,12,kaba,True,,162.0,34.0,840.0,1002.0,1.037,32.946,31.768,0.7763,True,,False,ON,935.0,2.5,9.5
2026-09-23 10:47:48,MLLB_000_y1.0.3,AMBER,v4_amber_MLLB_000_y103_0922_1155,2.6,2.608,15,100,16,kaba,True,,136.0,36.0,866.0,1002.0,1.023,32.488,31.77,0.7766,True,,False,ON,935.0,2.5,9.5
2026-09-23 10:48:04,MLLB_000_y1.0.3,AMBER,v4_amber_MLLB_000_y103_0922_1155,2.6,2.608,15,100,20,kaba,True,,112.0,36.0,890.0,1002.0,1.025,32.59,31.799,0.7768,True,,False,ON,935.0,2.5,9.5
2026-09-23 10:48:20,MLLB_000_y1.0.3,AMBER,v4_amber_MLLB_000_y103_0922_1155,2.6,2.608,15,100,24,kaba,True,,88.0,36.0,914.0,1002.0,1.02,32.437,31.789,0.7766,True,,False,ON,935.0,2.5,9.5
2026-09-23 10:48:36,MLLB_000_y1.0.3,AMBER,v4_amber_MLLB_000_y103_0922_1155,2.6,2.608,15,100,28,kaba,True,,62.0,34.0,940.0,1002.0,1.014,32.259,31.805,0.7763,True,,True,,935.0,2.5,9.5
2026-09-23 10:48:52,MLLB_000_y1.0.3,AMBER,v4_amber_MLLB_000_y103_0922_1155,2.6,2.608,15,100,32,kaba,True,,38.0,32.0,964.0,1002.0,1.02,32.462,31.815,0.7765,True,,True,,935.0,2.5,9.5
2026-09-23 10:49:08,MLLB_000_y1.0.3,AMBER,v4_amber_MLLB_000_y103_0922_1155,2.6,2.608,15,100,36,kaba,True,,38.0,32.0,964.0,1002.0,2.191,80.402,36.695,0.7768,True,,True,,935.0,2.5,9.5
2026-09-23 10:49:24,MLLB_000_y1.0.3,AMBER,v4_amber_MLLB_000_y103_0922_1155,2.6,2.608,15,100,40,kaba,True,,38.0,32.0,964.0,1002.0,3.33,121.792,36.572,0.7772,True,,False,FLAS,935.0,2.5,9.5
2026-09-23 10:49:40,MLLB_000_y1.0.3,AMBER,v4_amber_MLLB_000_y103_0922_1155,2.6,2.608,15,100,44,kaba,True,,38.0,32.0,964.0,1002.0,4.124,150.559,36.504,0.7771,True,,False,FLAS,935.0,2.5,9.5
2026-09-23 10:49:56,MLLB_000_y1.0.3,AMBER,v4_amber_MLLB_000_y103_0922_1155,2.6,2.608,15,100,25,ince,True,,82.0,34.0,920.0,1002.0,1.017,32.361,31.806,0.7772,True,,False,ON,935.0,2.5,9.5
2026-09-23 10:50:09,MLLB_000_y1.0.3,AMBER,v4_amber_MLLB_000_y103_0922_1155,2.6,2.608,15,100,26,ince,True,,74.0,38.0,928.0,1002.0,1.019,32.437,31.82,0.7771,True,,False,ON,935.0,2.5,9.5
2026-09-23 10:50:24,MLLB_000_y1.0.3,AMBER,v4_amber_MLLB_000_y103_0922_1155,2.6,2.608,15,100,27,ince,True,,68.0,36.0,934.0,1002.0,1.018,32.386,31.821,0.777,True,,False,ON,935.0,2.5,9.5
2026-09-23 10:50:24,MLLB_000_y1.0.3,AMBER,v4_amber_MLLB_000_y103_0922_1155,2.6,2.608,15,100,29,ince,False,iki-OK-arasi-monotonluk,,,,,,,,,,,True,,935.0,2.5,9.5
2026-09-23 10:50:24,MLLB_000_y1.0.3,AMBER,v4_amber_MLLB_000_y103_0922_1155,2.6,2.608,15,100,30,ince,False,iki-OK-arasi-monotonluk,,,,,,,,,,,True,,935.0,2.5,9.5
2026-09-23 10:50:24,MLLB_000_y1.0.3,AMBER,v4_amber_MLLB_000_y103_0922_1155,2.6,2.608,15,100,31,ince,False,iki-OK-arasi-monotonluk,,,,,,,,,,,True,,935.0,2.5,9.5
2026-09-23 10:50:24,MLLB_000_y1.0.3,AMBER,v4_amber_MLLB_000_y103_0922_1155,2.6,2.608,15,100,33,ince,False,iki-OK-arasi-monotonluk,,,,,,,,,,,True,,935.0,2.5,9.5
2026-09-23 10:50:24,MLLB_000_y1.0.3,AMBER,v4_amber_MLLB_000_y103_0922_1155,2.6,2.608,15,100,34,ince,False,iki-OK-arasi-monotonluk,,,,,,,,,,,True,,935.0,2.5,9.5
2026-09-23 10:50:24,MLLB_000_y1.0.3,AMBER,v4_amber_MLLB_000_y103_0922_1155,2.6,2.608,15,100,35,ince,False,iki-OK-arasi-monotonluk,,,,,,,,,,,True,,935.0,2.5,9.5
2026-09-23 10:50:40,MLLB_000_y1.0.3,AMBER,v4_amber_MLLB_000_y103_0922_1155,2.6,2.608,15,100,37,ince,True,,38.0,32.0,964.0,1002.0,2.741,93.652,34.163,0.777,True,,False,FLAS,935.0,2.5,9.5
2026-09-23 10:50:56,MLLB_000_y1.0.3,AMBER,v4_amber_MLLB_000_y103_0922_1155,2.6,2.608,15,100,38,ince,True,,38.0,32.0,964.0,1002.0,2.984,101.907,34.147,0.7772,True,,False,FLAS,935.0,2.5,9.5
2026-09-23 10:51:09,MLLB_000_y1.0.3,AMBER,v4_amber_MLLB_000_y103_0922_1155,2.6,2.608,15,100,39,ince,True,,38.0,32.0,964.0,1002.0,3.006,109.721,36.498,0.7767,True,,False,FLAS,935.0,2.5,9.5
2026-09-23 10:51:09,MLLB_000_y1.0.3,AMBER,v4_amber_MLLB_000_y103_0922_1155,2.6,2.608,15,100,,bitti,False,,,,,,,,,,,,,,935.0,2.5,9.5
2026-09-23 10:51:24,MLLB_000_y1.0.3,AMBER,v4_amber_MLLB_000_y103_0922_1155,2.6,2.608,15,80,12,kaba,True,,174.0,38.0,828.0,1002.0,1.02,32.335,31.699,0.7771,True,,False,ON,935.0,2.5,9.5
2026-09-23 10:51:40,MLLB_000_y1.0.3,AMBER,v4_amber_MLLB_000_y103_0922_1155,2.6,2.608,15,80,16,kaba,True,,156.0,36.0,846.0,1002.0,1.018,32.335,31.772,0.777,True,,False,ON,935.0,2.5,9.5
2026-09-23 10:51:56,MLLB_000_y1.0.3,AMBER,v4_amber_MLLB_000_y103_0922_1155,2.6,2.608,15,80,20,kaba,True,,136.0,36.0,866.0,1002.0,1.02,32.386,31.76,0.7772,True,,False,ON,935.0,2.5,9.5
2026-09-23 10:52:12,MLLB_000_y1.0.3,AMBER,v4_amber_MLLB_000_y103_0922_1155,2.6,2.608,15,80,24,kaba,True,,116.0,36.0,886.0,1002.0,1.021,32.437,31.782,0.7765,True,,False,ON,935.0,2.5,9.5
2026-09-23 10:52:28,MLLB_000_y1.0.3,AMBER,v4_amber_MLLB_000_y103_0922_1155,2.6,2.608,15,80,28,kaba,True,,96.0,36.0,906.0,1002.0,1.017,32.361,31.826,0.7762,True,,False,ON,935.0,2.5,9.5
2026-09-23 10:52:44,MLLB_000_y1.0.3,AMBER,v4_amber_MLLB_000_y103_0922_1155,2.6,2.608,15,80,32,kaba,True,,76.0,38.0,926.0,1002.0,1.017,32.335,31.796,0.7767,True,,False,ON,935.0,2.5,9.5
2026-09-23 10:53:00,MLLB_000_y1.0.3,AMBER,v4_amber_MLLB_000_y103_0922_1155,2.6,2.608,15,80,36,kaba,True,,56.0,36.0,946.0,1002.0,1.015,32.31,31.84,0.7765,True,,True,,935.0,2.5,9.5
2026-09-23 10:53:12,MLLB_000_y1.0.3,AMBER,v4_amber_MLLB_000_y103_0922_1155,2.6,2.608,15,80,40,kaba,True,,46.0,28.0,956.0,1002.0,1.021,32.488,31.833,0.7762,True,,True,,935.0,2.5,9.5
2026-09-23 10:53:28,MLLB_000_y1.0.3,AMBER,v4_amber_MLLB_000_y103_0922_1155,2.6,2.608,15,80,44,kaba,True,,46.0,28.0,956.0,1002.0,2.264,82.652,36.507,0.7766,True,,True,,935.0,2.5,9.5
2026-09-23 10:53:44,MLLB_000_y1.0.3,AMBER,v4_amber_MLLB_000_y103_0922_1155,2.6,2.608,15,80,48,kaba,True,,46.0,28.0,956.0,1002.0,3.088,112.362,36.383,0.7765,True,,False,FLAS,935.0,2.5,9.5
2026-09-23 10:54:00,MLLB_000_y1.0.3,AMBER,v4_amber_MLLB_000_y103_0922_1155,2.6,2.608,15,80,50,kaba,True,,46.0,28.0,956.0,1002.0,3.603,123.07,34.155,0.7764,True,,False,FLAS,935.0,2.5,9.5
2026-09-23 10:54:16,MLLB_000_y1.0.3,AMBER,v4_amber_MLLB_000_y103_0922_1155,2.6,2.608,15,80,33,ince,True,,72.0,36.0,930.0,1002.0,1.018,32.386,31.809,0.7764,True,,False,ON,935.0,2.5,9.5
2026-09-23 10:54:32,MLLB_000_y1.0.3,AMBER,v4_amber_MLLB_000_y103_0922_1155,2.6,2.608,15,80,34,ince,True,,68.0,36.0,934.0,1002.0,1.016,32.361,31.838,0.776,True,,False,ON,935.0,2.5,9.5
2026-09-23 10:54:48,MLLB_000_y1.0.3,AMBER,v4_amber_MLLB_000_y103_0922_1155,2.6,2.608,15,80,35,ince,True,,62.0,40.0,940.0,1002.0,1.013,32.259,31.83,0.7765,True,,True,,935.0,2.5,9.5
2026-09-23 10:54:48,MLLB_000_y1.0.3,AMBER,v4_amber_MLLB_000_y103_0922_1155,2.6,2.608,15,80,37,ince,False,iki-OK-arasi-monotonluk,,,,,,,,,,,True,,935.0,2.5,9.5
2026-09-23 10:54:48,MLLB_000_y1.0.3,AMBER,v4_amber_MLLB_000_y103_0922_1155,2.6,2.608,15,80,38,ince,False,iki-OK-arasi-monotonluk,,,,,,,,,,,True,,935.0,2.5,9.5
2026-09-23 10:54:48,MLLB_000_y1.0.3,AMBER,v4_amber_MLLB_000_y103_0922_1155,2.6,2.608,15,80,39,ince,False,iki-OK-arasi-monotonluk,,,,,,,,,,,True,,935.0,2.5,9.5
2026-09-23 10:54:48,MLLB_000_y1.0.3,AMBER,v4_amber_MLLB_000_y103_0922_1155,2.6,2.608,15,80,41,ince,False,iki-OK-arasi-monotonluk,,,,,,,,,,,True,,935.0,2.5,9.5
2026-09-23 10:54:48,MLLB_000_y1.0.3,AMBER,v4_amber_MLLB_000_y103_0922_1155,2.6,2.608,15,80,42,ince,False,iki-OK-arasi-monotonluk,,,,,,,,,,,True,,935.0,2.5,9.5
2026-09-23 10:54:48,MLLB_000_y1.0.3,AMBER,v4_amber_MLLB_000_y103_0922_1155,2.6,2.608,15,80,43,ince,False,iki-OK-arasi-monotonluk,,,,,,,,,,,True,,935.0,2.5,9.5
2026-09-23 10:55:00,MLLB_000_y1.0.3,AMBER,v4_amber_MLLB_000_y103_0922_1155,2.6,2.608,15,80,45,ince,True,,46.0,28.0,956.0,1002.0,2.457,89.407,36.396,0.7766,True,,True,,935.0,2.5,9.5
2026-09-23 10:55:13,MLLB_000_y1.0.3,AMBER,v4_amber_MLLB_000_y103_0922_1155,2.6,2.608,15,80,46,ince,True,,46.0,28.0,956.0,1002.0,2.689,95.458,35.501,0.7767,True,,False,FLAS,935.0,2.5,9.5
2026-09-23 10:55:28,MLLB_000_y1.0.3,AMBER,v4_amber_MLLB_000_y103_0922_1155,2.6,2.608,15,80,47,ince,True,,46.0,28.0,956.0,1002.0,3.068,104.896,34.196,0.7769,True,,False,FLAS,935.0,2.5,9.5
2026-09-23 10:55:28,MLLB_000_y1.0.3,AMBER,v4_amber_MLLB_000_y103_0922_1155,2.6,2.608,15,80,,bitti,False,,,,,,,,,,,,,,935.0,2.5,9.5
2026-09-23 10:55:44,MLLB_000_y1.0.3,AMBER,v4_amber_MLLB_000_y103_0922_1155,2.6,2.608,15,60,12,kaba,True,,190.0,34.0,812.0,1002.0,1.022,32.412,31.722,0.7766,True,,False,ON,935.0,2.5,9.5
2026-09-23 10:56:00,MLLB_000_y1.0.3,AMBER,v4_amber_MLLB_000_y103_0922_1155,2.6,2.608,15,60,16,kaba,True,,176.0,36.0,826.0,1002.0,1.023,32.462,31.747,0.7767,True,,False,ON,935.0,2.5,9.5
2026-09-23 10:56:16,MLLB_000_y1.0.3,AMBER,v4_amber_MLLB_000_y103_0922_1155,2.6,2.608,15,60,20,kaba,True,,162.0,38.0,840.0,1002.0,1.023,32.462,31.734,0.7773,True,,False,ON,935.0,2.5,9.5
2026-09-23 10:56:32,MLLB_000_y1.0.3,AMBER,v4_amber_MLLB_000_y103_0922_1155,2.6,2.608,15,60,24,kaba,True,,148.0,34.0,854.0,1002.0,1.02,32.386,31.766,0.7774,True,,False,ON,935.0,2.5,9.5
2026-09-23 10:56:48,MLLB_000_y1.0.3,AMBER,v4_amber_MLLB_000_y103_0922_1155,2.6,2.608,15,60,28,kaba,True,,136.0,36.0,866.0,1002.0,1.02,32.412,31.768,0.7763,True,,False,ON,935.0,2.5,9.5
2026-09-23 10:57:01,MLLB_000_y1.0.3,AMBER,v4_amber_MLLB_000_y103_0922_1155,2.6,2.608,15,60,32,kaba,True,,122.0,34.0,880.0,1002.0,1.02,32.386,31.753,0.7765,True,,False,ON,935.0,2.5,9.5
2026-09-23 10:57:16,MLLB_000_y1.0.3,AMBER,v4_amber_MLLB_000_y103_0922_1155,2.6,2.608,15,60,36,kaba,True,,108.0,36.0,894.0,1002.0,1.021,32.437,31.778,0.7766,True,,False,ON,935.0,2.5,9.5
2026-09-23 10:57:32,MLLB_000_y1.0.3,AMBER,v4_amber_MLLB_000_y103_0922_1155,2.6,2.608,15,60,40,kaba,True,,94.0,40.0,908.0,1002.0,1.017,32.31,31.783,0.7773,True,,False,ON,935.0,2.5,9.5
2026-09-23 10:57:48,MLLB_000_y1.0.3,AMBER,v4_amber_MLLB_000_y103_0922_1155,2.6,2.608,15,60,44,kaba,True,,80.0,36.0,922.0,1002.0,1.017,32.361,31.806,0.7765,True,,False,ON,935.0,2.5,9.5
2026-09-23 10:58:00,MLLB_000_y1.0.3,AMBER,v4_amber_MLLB_000_y103_0922_1155,2.6,2.608,15,60,48,kaba,True,,66.0,38.0,936.0,1002.0,1.017,32.335,31.798,0.7767,True,,True,,935.0,2.5,9.5
2026-09-23 10:58:16,MLLB_000_y1.0.3,AMBER,v4_amber_MLLB_000_y103_0922_1155,2.6,2.608,15,60,50,kaba,True,,60.0,36.0,942.0,1002.0,1.021,32.437,31.784,0.7769,True,,True,,935.0,2.5,9.5
2026-09-23 10:58:32,MLLB_000_y1.0.3,AMBER,v4_amber_MLLB_000_y103_0922_1155,2.6,2.608,15,60,45,ince,True,,78.0,40.0,924.0,1002.0,1.016,32.31,31.804,0.7768,True,,False,ON,935.0,2.5,9.5
2026-09-23 10:58:48,MLLB_000_y1.0.3,AMBER,v4_amber_MLLB_000_y103_0922_1155,2.6,2.608,15,60,46,ince,True,,74.0,34.0,928.0,1002.0,1.016,32.31,31.793,0.777,True,,False,ON,935.0,2.5,9.5
2026-09-23 10:59:04,MLLB_000_y1.0.3,AMBER,v4_amber_MLLB_000_y103_0922_1155,2.6,2.608,15,60,47,ince,True,,70.0,40.0,932.0,1002.0,1.015,32.285,31.802,0.7768,True,,False,ON,935.0,2.5,9.5
2026-09-23 10:59:04,MLLB_000_y1.0.3,AMBER,v4_amber_MLLB_000_y103_0922_1155,2.6,2.608,15,60,49,ince,False,iki-OK-arasi-monotonluk,,,,,,,,,,,True,,935.0,2.5,9.5
2026-09-23 10:59:04,MLLB_000_y1.0.3,AMBER,v4_amber_MLLB_000_y103_0922_1155,2.6,2.608,15,60,,bitti,False,,,,,,,,,,,,,,935.0,2.5,9.5
2026-09-23 10:59:26,MLLB_000_y1.0.3,AMBER,v4_amber_MLLB_000_y103_0922_1155,2.6,2.608,100,100,12,kaba,True,,38.0,28.0,964.0,1002.0,1.016,226.932,223.357,0.7765,True,,True,,935.0,2.5,9.5
2026-09-23 10:59:42,MLLB_000_y1.0.3,AMBER,v4_amber_MLLB_000_y103_0922_1155,2.6,2.608,100,100,16,kaba,True,,38.0,28.0,964.0,1002.0,1.022,228.47,223.577,0.7771,True,,True,,935.0,2.5,9.5
2026-09-23 10:59:58,MLLB_000_y1.0.3,AMBER,v4_amber_MLLB_000_y103_0922_1155,2.6,2.608,100,100,20,kaba,True,,38.0,28.0,964.0,1002.0,1.019,227.701,223.359,0.777,True,,True,,935.0,2.5,9.5
2026-09-23 11:00:14,MLLB_000_y1.0.3,AMBER,v4_amber_MLLB_000_y103_0922_1155,2.6,2.608,100,100,24,kaba,True,,38.0,28.0,964.0,1002.0,1.023,228.47,223.437,0.7764,True,,True,,935.0,2.5,9.5
2026-09-23 11:00:30,MLLB_000_y1.0.3,AMBER,v4_amber_MLLB_000_y103_0922_1155,2.6,2.608,100,100,28,kaba,True,,38.0,28.0,964.0,1002.0,1.023,228.47,223.346,0.7765,True,,True,,935.0,2.5,9.5
2026-09-23 11:00:46,MLLB_000_y1.0.3,AMBER,v4_amber_MLLB_000_y103_0922_1155,2.6,2.608,100,100,32,kaba,True,,38.0,28.0,964.0,1002.0,1.022,228.47,223.541,0.776,True,,True,,935.0,2.5,9.5
2026-09-23 11:01:02,MLLB_000_y1.0.3,AMBER,v4_amber_MLLB_000_y103_0922_1155,2.6,2.608,100,100,36,kaba,True,,38.0,28.0,964.0,1002.0,1.019,227.701,223.455,0.7766,True,,True,,935.0,2.5,9.5
2026-09-23 11:01:18,MLLB_000_y1.0.3,AMBER,v4_amber_MLLB_000_y103_0922_1155,2.6,2.608,100,100,40,kaba,True,,38.0,28.0,964.0,1002.0,1.023,228.47,223.441,0.7763,True,,True,,935.0,2.5,9.5
2026-09-23 11:01:34,MLLB_000_y1.0.3,AMBER,v4_amber_MLLB_000_y103_0922_1155,2.6,2.608,100,100,44,kaba,True,,38.0,28.0,964.0,1002.0,1.023,228.47,223.332,0.7761,True,,True,,935.0,2.5,9.5
2026-09-23 11:01:50,MLLB_000_y1.0.3,AMBER,v4_amber_MLLB_000_y103_0922_1155,2.6,2.608,100,100,48,kaba,True,,38.0,28.0,964.0,1002.0,1.022,228.47,223.449,0.7767,True,,True,,935.0,2.5,9.5
2026-09-23 11:02:06,MLLB_000_y1.0.3,AMBER,v4_amber_MLLB_000_y103_0922_1155,2.6,2.608,100,100,50,kaba,True,,38.0,28.0,964.0,1002.0,1.02,228.085,223.613,0.7768,True,,True,,935.0,2.5,9.5
2026-09-23 11:02:06,MLLB_000_y1.0.3,AMBER,v4_amber_MLLB_000_y103_0922_1155,2.6,2.608,100,100,13,ince,False,iki-OK-arasi-monotonluk,,,,,,,,,,,True,,935.0,2.5,9.5
2026-09-23 11:02:06,MLLB_000_y1.0.3,AMBER,v4_amber_MLLB_000_y103_0922_1155,2.6,2.608,100,100,14,ince,False,iki-OK-arasi-monotonluk,,,,,,,,,,,True,,935.0,2.5,9.5
2026-09-23 11:02:06,MLLB_000_y1.0.3,AMBER,v4_amber_MLLB_000_y103_0922_1155,2.6,2.608,100,100,15,ince,False,iki-OK-arasi-monotonluk,,,,,,,,,,,True,,935.0,2.5,9.5
2026-09-23 11:02:06,MLLB_000_y1.0.3,AMBER,v4_amber_MLLB_000_y103_0922_1155,2.6,2.608,100,100,17,ince,False,iki-OK-arasi-monotonluk,,,,,,,,,,,True,,935.0,2.5,9.5
2026-09-23 11:02:06,MLLB_000_y1.0.3,AMBER,v4_amber_MLLB_000_y103_0922_1155,2.6,2.608,100,100,18,ince,False,iki-OK-arasi-monotonluk,,,,,,,,,,,True,,935.0,2.5,9.5
2026-09-23 11:02:06,MLLB_000_y1.0.3,AMBER,v4_amber_MLLB_000_y103_0922_1155,2.6,2.608,100,100,19,ince,False,iki-OK-arasi-monotonluk,,,,,,,,,,,True,,935.0,2.5,9.5
2026-09-23 11:02:06,MLLB_000_y1.0.3,AMBER,v4_amber_MLLB_000_y103_0922_1155,2.6,2.608,100,100,21,ince,False,iki-OK-arasi-monotonluk,,,,,,,,,,,True,,935.0,2.5,9.5
2026-09-23 11:02:06,MLLB_000_y1.0.3,AMBER,v4_amber_MLLB_000_y103_0922_1155,2.6,2.608,100,100,22,ince,False,iki-OK-arasi-monotonluk,,,,,,,,,,,True,,935.0,2.5,9.5
2026-09-23 11:02:06,MLLB_000_y1.0.3,AMBER,v4_amber_MLLB_000_y103_0922_1155,2.6,2.608,100,100,23,ince,False,iki-OK-arasi-monotonluk,,,,,,,,,,,True,,935.0,2.5,9.5
2026-09-23 11:02:06,MLLB_000_y1.0.3,AMBER,v4_amber_MLLB_000_y103_0922_1155,2.6,2.608,100,100,25,ince,False,iki-OK-arasi-monotonluk,,,,,,,,,,,True,,935.0,2.5,9.5
2026-09-23 11:02:06,MLLB_000_y1.0.3,AMBER,v4_amber_MLLB_000_y103_0922_1155,2.6,2.608,100,100,26,ince,False,iki-OK-arasi-monotonluk,,,,,,,,,,,True,,935.0,2.5,9.5
2026-09-23 11:02:06,MLLB_000_y1.0.3,AMBER,v4_amber_MLLB_000_y103_0922_1155,2.6,2.608,100,100,27,ince,False,iki-OK-arasi-monotonluk,,,,,,,,,,,True,,935.0,2.5,9.5
2026-09-23 11:02:06,MLLB_000_y1.0.3,AMBER,v4_amber_MLLB_000_y103_0922_1155,2.6,2.608,100,100,29,ince,False,iki-OK-arasi-monotonluk,,,,,,,,,,,True,,935.0,2.5,9.5
2026-09-23 11:02:06,MLLB_000_y1.0.3,AMBER,v4_amber_MLLB_000_y103_0922_1155,2.6,2.608,100,100,30,ince,False,iki-OK-arasi-monotonluk,,,,,,,,,,,True,,935.0,2.5,9.5
2026-09-23 11:02:06,MLLB_000_y1.0.3,AMBER,v4_amber_MLLB_000_y103_0922_1155,2.6,2.608,100,100,31,ince,False,iki-OK-arasi-monotonluk,,,,,,,,,,,True,,935.0,2.5,9.5
2026-09-23 11:02:06,MLLB_000_y1.0.3,AMBER,v4_amber_MLLB_000_y103_0922_1155,2.6,2.608,100,100,33,ince,False,iki-OK-arasi-monotonluk,,,,,,,,,,,True,,935.0,2.5,9.5
2026-09-23 11:02:06,MLLB_000_y1.0.3,AMBER,v4_amber_MLLB_000_y103_0922_1155,2.6,2.608,100,100,34,ince,False,iki-OK-arasi-monotonluk,,,,,,,,,,,True,,935.0,2.5,9.5
2026-09-23 11:02:06,MLLB_000_y1.0.3,AMBER,v4_amber_MLLB_000_y103_0922_1155,2.6,2.608,100,100,35,ince,False,iki-OK-arasi-monotonluk,,,,,,,,,,,True,,935.0,2.5,9.5
2026-09-23 11:02:06,MLLB_000_y1.0.3,AMBER,v4_amber_MLLB_000_y103_0922_1155,2.6,2.608,100,100,37,ince,False,iki-OK-arasi-monotonluk,,,,,,,,,,,True,,935.0,2.5,9.5
2026-09-23 11:02:06,MLLB_000_y1.0.3,AMBER,v4_amber_MLLB_000_y103_0922_1155,2.6,2.608,100,100,38,ince,False,iki-OK-arasi-monotonluk,,,,,,,,,,,True,,935.0,2.5,9.5
2026-09-23 11:02:06,MLLB_000_y1.0.3,AMBER,v4_amber_MLLB_000_y103_0922_1155,2.6,2.608,100,100,39,ince,False,iki-OK-arasi-monotonluk,,,,,,,,,,,True,,935.0,2.5,9.5
2026-09-23 11:02:06,MLLB_000_y1.0.3,AMBER,v4_amber_MLLB_000_y103_0922_1155,2.6,2.608,100,100,41,ince,False,iki-OK-arasi-monotonluk,,,,,,,,,,,True,,935.0,2.5,9.5
2026-09-23 11:02:06,MLLB_000_y1.0.3,AMBER,v4_amber_MLLB_000_y103_0922_1155,2.6,2.608,100,100,42,ince,False,iki-OK-arasi-monotonluk,,,,,,,,,,,True,,935.0,2.5,9.5
2026-09-23 11:02:06,MLLB_000_y1.0.3,AMBER,v4_amber_MLLB_000_y103_0922_1155,2.6,2.608,100,100,43,ince,False,iki-OK-arasi-monotonluk,,,,,,,,,,,True,,935.0,2.5,9.5
2026-09-23 11:02:06,MLLB_000_y1.0.3,AMBER,v4_amber_MLLB_000_y103_0922_1155,2.6,2.608,100,100,45,ince,False,iki-OK-arasi-monotonluk,,,,,,,,,,,True,,935.0,2.5,9.5
2026-09-23 11:02:06,MLLB_000_y1.0.3,AMBER,v4_amber_MLLB_000_y103_0922_1155,2.6,2.608,100,100,46,ince,False,iki-OK-arasi-monotonluk,,,,,,,,,,,True,,935.0,2.5,9.5
2026-09-23 11:02:06,MLLB_000_y1.0.3,AMBER,v4_amber_MLLB_000_y103_0922_1155,2.6,2.608,100,100,47,ince,False,iki-OK-arasi-monotonluk,,,,,,,,,,,True,,935.0,2.5,9.5
2026-09-23 11:02:06,MLLB_000_y1.0.3,AMBER,v4_amber_MLLB_000_y103_0922_1155,2.6,2.608,100,100,49,ince,False,iki-OK-arasi-monotonluk,,,,,,,,,,,True,,935.0,2.5,9.5
2026-09-23 11:02:06,MLLB_000_y1.0.3,AMBER,v4_amber_MLLB_000_y103_0922_1155,2.6,2.608,100,100,,bitti,False,,,,,,,,,,,,,,935.0,2.5,9.5
2026-09-23 11:02:22,MLLB_000_y1.0.3,AMBER,v4_amber_MLLB_000_y103_0922_1155,2.6,2.608,100,80,12,kaba,True,,38.0,28.0,964.0,1002.0,1.024,228.47,223.035,0.7766,True,,True,,935.0,2.5,9.5
2026-09-23 11:02:38,MLLB_000_y1.0.3,AMBER,v4_amber_MLLB_000_y103_0922_1155,2.6,2.608,100,80,16,kaba,True,,38.0,28.0,964.0,1002.0,1.021,227.7,223.032,0.7764,True,,True,,935.0,2.5,9.5
2026-09-23 11:02:54,MLLB_000_y1.0.3,AMBER,v4_amber_MLLB_000_y103_0922_1155,2.6,2.608,100,80,20,kaba,True,,38.0,28.0,964.0,1002.0,1.029,228.47,221.962,0.7771,True,,True,,935.0,2.5,9.5
2026-09-23 11:03:10,MLLB_000_y1.0.3,AMBER,v4_amber_MLLB_000_y103_0922_1155,2.6,2.608,100,80,24,kaba,True,,38.0,28.0,964.0,1002.0,1.019,226.932,222.604,0.7766,True,,True,,935.0,2.5,9.5
2026-09-23 11:03:26,MLLB_000_y1.0.3,AMBER,v4_amber_MLLB_000_y103_0922_1155,2.6,2.608,100,80,28,kaba,True,,38.0,28.0,964.0,1002.0,1.018,226.932,222.926,0.7765,True,,True,,935.0,2.5,9.5
2026-09-23 11:03:39,MLLB_000_y1.0.3,AMBER,v4_amber_MLLB_000_y103_0922_1155,2.6,2.608,100,80,32,kaba,True,,38.0,28.0,964.0,1002.0,1.063,232.959,219.094,0.7772,True,,True,,935.0,2.5,9.5
2026-09-23 11:03:54,MLLB_000_y1.0.3,AMBER,v4_amber_MLLB_000_y103_0922_1155,2.6,2.608,100,80,36,kaba,True,,38.0,28.0,964.0,1002.0,1.019,227.701,223.5,0.7768,True,,True,,935.0,2.5,9.5
2026-09-23 11:04:06,MLLB_000_y1.0.3,AMBER,v4_amber_MLLB_000_y103_0922_1155,2.6,2.608,100,80,40,kaba,True,,38.0,28.0,964.0,1002.0,1.02,228.332,223.872,0.7766,True,,True,,935.0,2.5,9.5
2026-09-23 11:04:22,MLLB_000_y1.0.3,AMBER,v4_amber_MLLB_000_y103_0922_1155,2.6,2.608,100,80,44,kaba,True,,38.0,28.0,964.0,1002.0,1.024,229.623,224.191,0.7761,True,,True,,935.0,2.5,9.5
2026-09-23 11:04:38,MLLB_000_y1.0.3,AMBER,v4_amber_MLLB_000_y103_0922_1155,2.6,2.608,100,80,48,kaba,True,,38.0,28.0,964.0,1002.0,1.021,228.088,223.44,0.7768,True,,True,,935.0,2.5,9.5
2026-09-23 11:04:54,MLLB_000_y1.0.3,AMBER,v4_amber_MLLB_000_y103_0922_1155,2.6,2.608,100,80,50,kaba,True,,38.0,28.0,964.0,1002.0,1.025,228.47,222.848,0.7767,True,,True,,935.0,2.5,9.5
2026-09-23 11:04:54,MLLB_000_y1.0.3,AMBER,v4_amber_MLLB_000_y103_0922_1155,2.6,2.608,100,80,13,ince,False,iki-OK-arasi-monotonluk,,,,,,,,,,,True,,935.0,2.5,9.5
2026-09-23 11:04:54,MLLB_000_y1.0.3,AMBER,v4_amber_MLLB_000_y103_0922_1155,2.6,2.608,100,80,14,ince,False,iki-OK-arasi-monotonluk,,,,,,,,,,,True,,935.0,2.5,9.5
2026-09-23 11:04:54,MLLB_000_y1.0.3,AMBER,v4_amber_MLLB_000_y103_0922_1155,2.6,2.608,100,80,15,ince,False,iki-OK-arasi-monotonluk,,,,,,,,,,,True,,935.0,2.5,9.5
2026-09-23 11:04:54,MLLB_000_y1.0.3,AMBER,v4_amber_MLLB_000_y103_0922_1155,2.6,2.608,100,80,17,ince,False,iki-OK-arasi-monotonluk,,,,,,,,,,,True,,935.0,2.5,9.5
2026-09-23 11:04:54,MLLB_000_y1.0.3,AMBER,v4_amber_MLLB_000_y103_0922_1155,2.6,2.608,100,80,18,ince,False,iki-OK-arasi-monotonluk,,,,,,,,,,,True,,935.0,2.5,9.5
2026-09-23 11:04:54,MLLB_000_y1.0.3,AMBER,v4_amber_MLLB_000_y103_0922_1155,2.6,2.608,100,80,19,ince,False,iki-OK-arasi-monotonluk,,,,,,,,,,,True,,935.0,2.5,9.5
2026-09-23 11:04:54,MLLB_000_y1.0.3,AMBER,v4_amber_MLLB_000_y103_0922_1155,2.6,2.608,100,80,21,ince,False,iki-OK-arasi-monotonluk,,,,,,,,,,,True,,935.0,2.5,9.5
2026-09-23 11:04:54,MLLB_000_y1.0.3,AMBER,v4_amber_MLLB_000_y103_0922_1155,2.6,2.608,100,80,22,ince,False,iki-OK-arasi-monotonluk,,,,,,,,,,,True,,935.0,2.5,9.5
2026-09-23 11:04:54,MLLB_000_y1.0.3,AMBER,v4_amber_MLLB_000_y103_0922_1155,2.6,2.608,100,80,23,ince,False,iki-OK-arasi-monotonluk,,,,,,,,,,,True,,935.0,2.5,9.5
2026-09-23 11:04:54,MLLB_000_y1.0.3,AMBER,v4_amber_MLLB_000_y103_0922_1155,2.6,2.608,100,80,25,ince,False,iki-OK-arasi-monotonluk,,,,,,,,,,,True,,935.0,2.5,9.5
2026-09-23 11:04:54,MLLB_000_y1.0.3,AMBER,v4_amber_MLLB_000_y103_0922_1155,2.6,2.608,100,80,26,ince,False,iki-OK-arasi-monotonluk,,,,,,,,,,,True,,935.0,2.5,9.5
2026-09-23 11:04:54,MLLB_000_y1.0.3,AMBER,v4_amber_MLLB_000_y103_0922_1155,2.6,2.608,100,80,27,ince,False,iki-OK-arasi-monotonluk,,,,,,,,,,,True,,935.0,2.5,9.5
2026-09-23 11:04:54,MLLB_000_y1.0.3,AMBER,v4_amber_MLLB_000_y103_0922_1155,2.6,2.608,100,80,29,ince,False,iki-OK-arasi-monotonluk,,,,,,,,,,,True,,935.0,2.5,9.5
2026-09-23 11:04:54,MLLB_000_y1.0.3,AMBER,v4_amber_MLLB_000_y103_0922_1155,2.6,2.608,100,80,30,ince,False,iki-OK-arasi-monotonluk,,,,,,,,,,,True,,935.0,2.5,9.5
2026-09-23 11:04:54,MLLB_000_y1.0.3,AMBER,v4_amber_MLLB_000_y103_0922_1155,2.6,2.608,100,80,31,ince,False,iki-OK-arasi-monotonluk,,,,,,,,,,,True,,935.0,2.5,9.5
2026-09-23 11:04:54,MLLB_000_y1.0.3,AMBER,v4_amber_MLLB_000_y103_0922_1155,2.6,2.608,100,80,33,ince,False,iki-OK-arasi-monotonluk,,,,,,,,,,,True,,935.0,2.5,9.5
2026-09-23 11:04:54,MLLB_000_y1.0.3,AMBER,v4_amber_MLLB_000_y103_0922_1155,2.6,2.608,100,80,34,ince,False,iki-OK-arasi-monotonluk,,,,,,,,,,,True,,935.0,2.5,9.5
2026-09-23 11:04:54,MLLB_000_y1.0.3,AMBER,v4_amber_MLLB_000_y103_0922_1155,2.6,2.608,100,80,35,ince,False,iki-OK-arasi-monotonluk,,,,,,,,,,,True,,935.0,2.5,9.5
2026-09-23 11:04:54,MLLB_000_y1.0.3,AMBER,v4_amber_MLLB_000_y103_0922_1155,2.6,2.608,100,80,37,ince,False,iki-OK-arasi-monotonluk,,,,,,,,,,,True,,935.0,2.5,9.5
2026-09-23 11:04:54,MLLB_000_y1.0.3,AMBER,v4_amber_MLLB_000_y103_0922_1155,2.6,2.608,100,80,38,ince,False,iki-OK-arasi-monotonluk,,,,,,,,,,,True,,935.0,2.5,9.5
2026-09-23 11:04:54,MLLB_000_y1.0.3,AMBER,v4_amber_MLLB_000_y103_0922_1155,2.6,2.608,100,80,39,ince,False,iki-OK-arasi-monotonluk,,,,,,,,,,,True,,935.0,2.5,9.5
2026-09-23 11:04:54,MLLB_000_y1.0.3,AMBER,v4_amber_MLLB_000_y103_0922_1155,2.6,2.608,100,80,41,ince,False,iki-OK-arasi-monotonluk,,,,,,,,,,,True,,935.0,2.5,9.5
2026-09-23 11:04:54,MLLB_000_y1.0.3,AMBER,v4_amber_MLLB_000_y103_0922_1155,2.6,2.608,100,80,42,ince,False,iki-OK-arasi-monotonluk,,,,,,,,,,,True,,935.0,2.5,9.5
2026-09-23 11:04:54,MLLB_000_y1.0.3,AMBER,v4_amber_MLLB_000_y103_0922_1155,2.6,2.608,100,80,43,ince,False,iki-OK-arasi-monotonluk,,,,,,,,,,,True,,935.0,2.5,9.5
2026-09-23 11:04:55,MLLB_000_y1.0.3,AMBER,v4_amber_MLLB_000_y103_0922_1155,2.6,2.608,100,80,45,ince,False,iki-OK-arasi-monotonluk,,,,,,,,,,,True,,935.0,2.5,9.5
2026-09-23 11:04:55,MLLB_000_y1.0.3,AMBER,v4_amber_MLLB_000_y103_0922_1155,2.6,2.608,100,80,46,ince,False,iki-OK-arasi-monotonluk,,,,,,,,,,,True,,935.0,2.5,9.5
2026-09-23 11:04:55,MLLB_000_y1.0.3,AMBER,v4_amber_MLLB_000_y103_0922_1155,2.6,2.608,100,80,47,ince,False,iki-OK-arasi-monotonluk,,,,,,,,,,,True,,935.0,2.5,9.5
2026-09-23 11:04:55,MLLB_000_y1.0.3,AMBER,v4_amber_MLLB_000_y103_0922_1155,2.6,2.608,100,80,49,ince,False,iki-OK-arasi-monotonluk,,,,,,,,,,,True,,935.0,2.5,9.5
2026-09-23 11:04:55,MLLB_000_y1.0.3,AMBER,v4_amber_MLLB_000_y103_0922_1155,2.6,2.608,100,80,,bitti,False,,,,,,,,,,,,,,935.0,2.5,9.5
2026-09-23 11:05:10,MLLB_000_y1.0.3,AMBER,v4_amber_MLLB_000_y103_0922_1155,2.6,2.608,100,60,12,kaba,True,,38.0,28.0,964.0,1002.0,1.016,226.932,223.305,0.7756,True,,True,,935.0,2.5,9.5
2026-09-23 11:05:26,MLLB_000_y1.0.3,AMBER,v4_amber_MLLB_000_y103_0922_1155,2.6,2.608,100,60,16,kaba,True,,38.0,28.0,964.0,1002.0,1.022,228.854,224.026,0.7763,True,,True,,935.0,2.5,9.5
2026-09-23 11:05:42,MLLB_000_y1.0.3,AMBER,v4_amber_MLLB_000_y103_0922_1155,2.6,2.608,100,60,20,kaba,True,,38.0,28.0,964.0,1002.0,1.027,229.623,223.569,0.7769,True,,True,,935.0,2.5,9.5
2026-09-23 11:05:58,MLLB_000_y1.0.3,AMBER,v4_amber_MLLB_000_y103_0922_1155,2.6,2.608,100,60,24,kaba,True,,38.0,28.0,964.0,1002.0,1.024,229.239,223.763,0.7762,True,,True,,935.0,2.5,9.5
2026-09-23 11:06:14,MLLB_000_y1.0.3,AMBER,v4_amber_MLLB_000_y103_0922_1155,2.6,2.608,100,60,28,kaba,True,,38.0,28.0,964.0,1002.0,1.036,231.161,223.156,0.777,True,,True,,935.0,2.5,9.5
2026-09-23 11:06:30,MLLB_000_y1.0.3,AMBER,v4_amber_MLLB_000_y103_0922_1155,2.6,2.608,100,60,32,kaba,True,,38.0,28.0,964.0,1002.0,1.02,227.701,223.26,0.7766,True,,True,,935.0,2.5,9.5
2026-09-23 11:06:46,MLLB_000_y1.0.3,AMBER,v4_amber_MLLB_000_y103_0922_1155,2.6,2.608,100,60,36,kaba,True,,38.0,28.0,964.0,1002.0,1.021,228.47,223.782,0.7772,True,,True,,935.0,2.5,9.5
2026-09-23 11:06:59,MLLB_000_y1.0.3,AMBER,v4_amber_MLLB_000_y103_0922_1155,2.6,2.608,100,60,40,kaba,True,,38.0,28.0,964.0,1002.0,1.02,228.47,223.91,0.7768,True,,True,,935.0,2.5,9.5
2026-09-23 11:07:14,MLLB_000_y1.0.3,AMBER,v4_amber_MLLB_000_y103_0922_1155,2.6,2.608,100,60,44,kaba,True,,38.0,28.0,964.0,1002.0,1.021,228.47,223.846,0.7769,True,,True,,935.0,2.5,9.5
2026-09-23 11:07:30,MLLB_000_y1.0.3,AMBER,v4_amber_MLLB_000_y103_0922_1155,2.6,2.608,100,60,48,kaba,True,,38.0,28.0,964.0,1002.0,1.02,228.47,223.991,0.7769,True,,True,,935.0,2.5,9.5
2026-09-23 11:07:46,MLLB_000_y1.0.3,AMBER,v4_amber_MLLB_000_y103_0922_1155,2.6,2.608,100,60,50,kaba,True,,38.0,28.0,964.0,1002.0,1.02,228.47,224.052,0.7769,True,,True,,935.0,2.5,9.5
2026-09-23 11:07:46,MLLB_000_y1.0.3,AMBER,v4_amber_MLLB_000_y103_0922_1155,2.6,2.608,100,60,13,ince,False,iki-OK-arasi-monotonluk,,,,,,,,,,,True,,935.0,2.5,9.5
2026-09-23 11:07:46,MLLB_000_y1.0.3,AMBER,v4_amber_MLLB_000_y103_0922_1155,2.6,2.608,100,60,14,ince,False,iki-OK-arasi-monotonluk,,,,,,,,,,,True,,935.0,2.5,9.5
2026-09-23 11:07:46,MLLB_000_y1.0.3,AMBER,v4_amber_MLLB_000_y103_0922_1155,2.6,2.608,100,60,15,ince,False,iki-OK-arasi-monotonluk,,,,,,,,,,,True,,935.0,2.5,9.5
2026-09-23 11:07:46,MLLB_000_y1.0.3,AMBER,v4_amber_MLLB_000_y103_0922_1155,2.6,2.608,100,60,17,ince,False,iki-OK-arasi-monotonluk,,,,,,,,,,,True,,935.0,2.5,9.5
2026-09-23 11:07:46,MLLB_000_y1.0.3,AMBER,v4_amber_MLLB_000_y103_0922_1155,2.6,2.608,100,60,18,ince,False,iki-OK-arasi-monotonluk,,,,,,,,,,,True,,935.0,2.5,9.5
2026-09-23 11:07:46,MLLB_000_y1.0.3,AMBER,v4_amber_MLLB_000_y103_0922_1155,2.6,2.608,100,60,19,ince,False,iki-OK-arasi-monotonluk,,,,,,,,,,,True,,935.0,2.5,9.5
2026-09-23 11:07:46,MLLB_000_y1.0.3,AMBER,v4_amber_MLLB_000_y103_0922_1155,2.6,2.608,100,60,21,ince,False,iki-OK-arasi-monotonluk,,,,,,,,,,,True,,935.0,2.5,9.5
2026-09-23 11:07:46,MLLB_000_y1.0.3,AMBER,v4_amber_MLLB_000_y103_0922_1155,2.6,2.608,100,60,22,ince,False,iki-OK-arasi-monotonluk,,,,,,,,,,,True,,935.0,2.5,9.5
2026-09-23 11:07:46,MLLB_000_y1.0.3,AMBER,v4_amber_MLLB_000_y103_0922_1155,2.6,2.608,100,60,23,ince,False,iki-OK-arasi-monotonluk,,,,,,,,,,,True,,935.0,2.5,9.5
2026-09-23 11:07:46,MLLB_000_y1.0.3,AMBER,v4_amber_MLLB_000_y103_0922_1155,2.6,2.608,100,60,25,ince,False,iki-OK-arasi-monotonluk,,,,,,,,,,,True,,935.0,2.5,9.5
2026-09-23 11:07:46,MLLB_000_y1.0.3,AMBER,v4_amber_MLLB_000_y103_0922_1155,2.6,2.608,100,60,26,ince,False,iki-OK-arasi-monotonluk,,,,,,,,,,,True,,935.0,2.5,9.5
2026-09-23 11:07:46,MLLB_000_y1.0.3,AMBER,v4_amber_MLLB_000_y103_0922_1155,2.6,2.608,100,60,27,ince,False,iki-OK-arasi-monotonluk,,,,,,,,,,,True,,935.0,2.5,9.5
2026-09-23 11:07:46,MLLB_000_y1.0.3,AMBER,v4_amber_MLLB_000_y103_0922_1155,2.6,2.608,100,60,29,ince,False,iki-OK-arasi-monotonluk,,,,,,,,,,,True,,935.0,2.5,9.5
2026-09-23 11:07:46,MLLB_000_y1.0.3,AMBER,v4_amber_MLLB_000_y103_0922_1155,2.6,2.608,100,60,30,ince,False,iki-OK-arasi-monotonluk,,,,,,,,,,,True,,935.0,2.5,9.5
2026-09-23 11:07:46,MLLB_000_y1.0.3,AMBER,v4_amber_MLLB_000_y103_0922_1155,2.6,2.608,100,60,31,ince,False,iki-OK-arasi-monotonluk,,,,,,,,,,,True,,935.0,2.5,9.5
2026-09-23 11:07:46,MLLB_000_y1.0.3,AMBER,v4_amber_MLLB_000_y103_0922_1155,2.6,2.608,100,60,33,ince,False,iki-OK-arasi-monotonluk,,,,,,,,,,,True,,935.0,2.5,9.5
2026-09-23 11:07:46,MLLB_000_y1.0.3,AMBER,v4_amber_MLLB_000_y103_0922_1155,2.6,2.608,100,60,34,ince,False,iki-OK-arasi-monotonluk,,,,,,,,,,,True,,935.0,2.5,9.5
2026-09-23 11:07:46,MLLB_000_y1.0.3,AMBER,v4_amber_MLLB_000_y103_0922_1155,2.6,2.608,100,60,35,ince,False,iki-OK-arasi-monotonluk,,,,,,,,,,,True,,935.0,2.5,9.5
2026-09-23 11:07:46,MLLB_000_y1.0.3,AMBER,v4_amber_MLLB_000_y103_0922_1155,2.6,2.608,100,60,37,ince,False,iki-OK-arasi-monotonluk,,,,,,,,,,,True,,935.0,2.5,9.5
2026-09-23 11:07:46,MLLB_000_y1.0.3,AMBER,v4_amber_MLLB_000_y103_0922_1155,2.6,2.608,100,60,38,ince,False,iki-OK-arasi-monotonluk,,,,,,,,,,,True,,935.0,2.5,9.5
2026-09-23 11:07:46,MLLB_000_y1.0.3,AMBER,v4_amber_MLLB_000_y103_0922_1155,2.6,2.608,100,60,39,ince,False,iki-OK-arasi-monotonluk,,,,,,,,,,,True,,935.0,2.5,9.5
2026-09-23 11:07:46,MLLB_000_y1.0.3,AMBER,v4_amber_MLLB_000_y103_0922_1155,2.6,2.608,100,60,41,ince,False,iki-OK-arasi-monotonluk,,,,,,,,,,,True,,935.0,2.5,9.5
2026-09-23 11:07:46,MLLB_000_y1.0.3,AMBER,v4_amber_MLLB_000_y103_0922_1155,2.6,2.608,100,60,42,ince,False,iki-OK-arasi-monotonluk,,,,,,,,,,,True,,935.0,2.5,9.5
2026-09-23 11:07:46,MLLB_000_y1.0.3,AMBER,v4_amber_MLLB_000_y103_0922_1155,2.6,2.608,100,60,43,ince,False,iki-OK-arasi-monotonluk,,,,,,,,,,,True,,935.0,2.5,9.5
2026-09-23 11:07:46,MLLB_000_y1.0.3,AMBER,v4_amber_MLLB_000_y103_0922_1155,2.6,2.608,100,60,45,ince,False,iki-OK-arasi-monotonluk,,,,,,,,,,,True,,935.0,2.5,9.5
2026-09-23 11:07:46,MLLB_000_y1.0.3,AMBER,v4_amber_MLLB_000_y103_0922_1155,2.6,2.608,100,60,46,ince,False,iki-OK-arasi-monotonluk,,,,,,,,,,,True,,935.0,2.5,9.5
2026-09-23 11:07:46,MLLB_000_y1.0.3,AMBER,v4_amber_MLLB_000_y103_0922_1155,2.6,2.608,100,60,47,ince,False,iki-OK-arasi-monotonluk,,,,,,,,,,,True,,935.0,2.5,9.5
2026-09-23 11:07:46,MLLB_000_y1.0.3,AMBER,v4_amber_MLLB_000_y103_0922_1155,2.6,2.608,100,60,49,ince,False,iki-OK-arasi-monotonluk,,,,,,,,,,,True,,935.0,2.5,9.5
2026-09-23 11:07:46,MLLB_000_y1.0.3,AMBER,v4_amber_MLLB_000_y103_0922_1155,2.6,2.608,100,60,,bitti,False,,,,,,,,,,,,,,935.0,2.5,9.5
2026-09-23 11:16:30,MLLB_000_y1.0.3,AMBER,v4_amber_MLLB_000_y103_0922_1155,2.8,2.81,6,100,29,ince,True,,74.0,82.0,928.0,1002.0,1.059,10.234,9.664,0.3885,True,,False,ON,935.0,2.5,9.5
2026-09-23 11:16:46,MLLB_000_y1.0.3,AMBER,v4_amber_MLLB_000_y103_0922_1155,2.8,2.81,6,100,30,ince,True,,42.0,108.0,960.0,1002.0,1.075,10.394,9.664,0.3856,True,,True,,935.0,2.5,9.5
2026-09-23 11:17:02,MLLB_000_y1.0.3,AMBER,v4_amber_MLLB_000_y103_0922_1155,2.8,2.81,6,100,31,ince,True,,30.0,18.0,972.0,1002.0,4.173,40.322,9.661,0.3907,True,,False,FLAS,935.0,2.5,9.5
2026-09-23 11:17:24,MLLB_000_y1.0.3,AMBER,v4_amber_MLLB_000_y103_0922_1155,2.8,2.81,7,100,29,ince,True,,66.0,80.0,936.0,1002.0,1.019,12.209,11.981,0.4826,True,,True,,935.0,2.5,9.5
2026-09-23 11:17:40,MLLB_000_y1.0.3,AMBER,v4_amber_MLLB_000_y103_0922_1155,2.8,2.81,7,100,30,ince,True,,42.0,102.0,960.0,1002.0,1.025,12.278,11.982,0.4857,True,,True,,935.0,2.5,9.5
2026-09-23 11:17:56,MLLB_000_y1.0.3,AMBER,v4_amber_MLLB_000_y103_0922_1155,2.8,2.81,7,100,31,ince,True,,34.0,24.0,968.0,1002.0,3.369,40.4,11.993,0.4855,True,,False,FLAS,935.0,2.5,9.5
2026-09-23 11:18:18,MLLB_000_y1.0.3,AMBER,v4_amber_MLLB_000_y103_0922_1155,2.8,2.81,8,100,29,ince,True,,62.0,84.0,940.0,1002.0,1.075,15.492,14.411,0.5837,True,,True,,935.0,2.5,9.5
2026-09-23 11:18:34,MLLB_000_y1.0.3,AMBER,v4_amber_MLLB_000_y103_0922_1155,2.8,2.81,8,100,30,ince,True,,44.0,84.0,958.0,1002.0,1.076,15.515,14.416,0.5858,True,,True,,935.0,2.5,9.5
2026-09-23 11:18:50,MLLB_000_y1.0.3,AMBER,v4_amber_MLLB_000_y103_0922_1155,2.8,2.81,8,100,31,ince,True,,34.0,26.0,968.0,1002.0,2.694,38.828,14.411,0.5864,True,,False,FLAS,935.0,2.5,9.5
2026-09-23 11:19:12,MLLB_000_y1.0.3,AMBER,v4_amber_MLLB_000_y103_0922_1155,2.8,2.81,15,100,29,ince,True,,46.0,32.0,956.0,1002.0,1.033,32.819,31.757,0.7764,True,,True,,935.0,2.5,9.5
2026-09-23 11:19:28,MLLB_000_y1.0.3,AMBER,v4_amber_MLLB_000_y103_0922_1155,2.8,2.81,15,100,30,ince,True,,40.0,36.0,962.0,1002.0,1.034,32.844,31.771,0.7766,True,,True,,935.0,2.5,9.5
2026-09-23 11:19:44,MLLB_000_y1.0.3,AMBER,v4_amber_MLLB_000_y103_0922_1155,2.8,2.81,15,100,31,ince,True,,38.0,28.0,964.0,1002.0,1.224,38.907,31.774,0.7762,True,,True,,935.0,2.5,9.5
2026-09-23 11:20:14,MLLB_000_y1.0.3,AMBER,v4_amber_MLLB_000_y103_0922_1155,2.6,2.61,6,100,29,ince,True,,94.0,68.0,908.0,1002.0,1.023,9.937,9.71,0.3925,True,,False,ON,935.0,2.5,9.5
2026-09-23 11:20:30,MLLB_000_y1.0.3,AMBER,v4_amber_MLLB_000_y103_0922_1155,2.6,2.61,6,100,30,ince,True,,74.0,106.0,928.0,1002.0,1.02,9.891,9.694,0.392,True,,False,ON,935.0,2.5,9.5
2026-09-23 11:20:46,MLLB_000_y1.0.3,AMBER,v4_amber_MLLB_000_y103_0922_1155,2.6,2.61,6,100,31,ince,True,,46.0,112.0,956.0,1002.0,1.027,9.983,9.719,0.389,True,,True,,935.0,2.5,9.5
2026-09-23 11:21:02,MLLB_000_y1.0.3,AMBER,v4_amber_MLLB_000_y103_0922_1155,2.6,2.61,6,80,37,ince,True,,62.0,104.0,940.0,1002.0,1.02,9.891,9.697,0.3908,True,,True,,935.0,2.5,9.5
2026-09-23 11:21:18,MLLB_000_y1.0.3,AMBER,v4_amber_MLLB_000_y103_0922_1155,2.6,2.61,6,80,38,ince,True,,42.0,26.0,960.0,1002.0,1.496,14.531,9.713,0.3894,True,,True,,935.0,2.5,9.5
2026-09-23 11:21:34,MLLB_000_y1.0.3,AMBER,v4_amber_MLLB_000_y103_0922_1155,2.6,2.61,6,80,39,ince,True,,36.0,18.0,966.0,1002.0,2.579,25.034,9.707,0.3932,True,,False,FLAS,935.0,2.5,9.5
2026-09-23 11:21:56,MLLB_000_y1.0.3,AMBER,v4_amber_MLLB_000_y103_0922_1155,2.6,2.61,7,80,37,ince,True,,62.0,120.0,940.0,1002.0,1.018,12.255,12.036,0.4875,True,,True,,935.0,2.5,9.5
2026-09-23 11:22:12,MLLB_000_y1.0.3,AMBER,v4_amber_MLLB_000_y103_0922_1155,2.6,2.61,7,80,38,ince,True,,46.0,114.0,956.0,1002.0,1.135,13.645,12.024,0.4889,True,,True,,935.0,2.5,9.5
2026-09-23 11:22:28,MLLB_000_y1.0.3,AMBER,v4_amber_MLLB_000_y103_0922_1155,2.6,2.61,7,80,39,ince,True,,40.0,22.0,962.0,1002.0,2.026,24.396,12.039,0.4862,True,,True,,935.0,2.5,9.5
2026-09-23 11:22:50,MLLB_000_y1.0.3,AMBER,v4_amber_MLLB_000_y103_0922_1155,2.6,2.61,15,100,29,ince,True,,56.0,36.0,946.0,1002.0,1.017,32.386,31.83,0.7768,True,,True,,935.0,2.5,9.5
2026-09-23 11:23:06,MLLB_000_y1.0.3,AMBER,v4_amber_MLLB_000_y103_0922_1155,2.6,2.61,15,100,30,ince,True,,50.0,40.0,952.0,1002.0,1.019,32.437,31.826,0.7762,True,,True,,935.0,2.5,9.5
2026-09-23 11:23:22,MLLB_000_y1.0.3,AMBER,v4_amber_MLLB_000_y103_0922_1155,2.6,2.61,15,100,31,ince,True,,42.0,38.0,960.0,1002.0,1.018,32.386,31.821,0.7765,True,,True,,935.0,2.5,9.5
2026-09-23 11:23:38,MLLB_000_y1.0.3,AMBER,v4_amber_MLLB_000_y103_0922_1155,2.6,2.61,15,100,33,ince,True,,38.0,32.0,964.0,1002.0,1.067,33.967,31.822,0.7762,True,,True,,935.0,2.5,9.5
2026-09-23 11:23:54,MLLB_000_y1.0.3,AMBER,v4_amber_MLLB_000_y103_0922_1155,2.6,2.61,15,100,34,ince,True,,38.0,32.0,964.0,1002.0,1.468,46.709,31.827,0.7766,True,,True,,935.0,2.5,9.5
2026-09-23 11:24:10,MLLB_000_y1.0.3,AMBER,v4_amber_MLLB_000_y103_0922_1155,2.6,2.61,15,100,35,ince,True,,38.0,32.0,964.0,1002.0,2.19,74.739,34.126,0.7758,True,,True,,935.0,2.5,9.5
2026-09-23 11:24:26,MLLB_000_y1.0.3,AMBER,v4_amber_MLLB_000_y103_0922_1155,2.6,2.61,15,80,37,ince,True,,52.0,36.0,950.0,1002.0,1.021,32.463,31.783,0.7762,True,,True,,935.0,2.5,9.5
2026-09-23 11:24:39,MLLB_000_y1.0.3,AMBER,v4_amber_MLLB_000_y103_0922_1155,2.6,2.61,15,80,38,ince,True,,48.0,32.0,954.0,1002.0,1.021,32.485,31.818,0.7765,True,,True,,935.0,2.5,9.5
2026-09-23 11:24:54,MLLB_000_y1.0.3,AMBER,v4_amber_MLLB_000_y103_0922_1155,2.6,2.61,15,80,39,ince,True,,46.0,28.0,956.0,1002.0,1.016,32.335,31.814,0.7765,True,,True,,935.0,2.5,9.5
2026-09-23 11:25:10,MLLB_000_y1.0.3,AMBER,v4_amber_MLLB_000_y103_0922_1155,2.6,2.61,15,80,41,ince,True,,46.0,28.0,956.0,1002.0,1.445,45.982,31.811,0.7759,True,,True,,935.0,2.5,9.5
2026-09-23 11:25:26,MLLB_000_y1.0.3,AMBER,v4_amber_MLLB_000_y103_0922_1155,2.6,2.61,15,80,42,ince,True,,46.0,28.0,956.0,1002.0,2.326,74.031,31.824,0.7766,True,,True,,935.0,2.5,9.5
2026-09-23 11:25:42,MLLB_000_y1.0.3,AMBER,v4_amber_MLLB_000_y103_0922_1155,2.6,2.61,15,80,43,ince,True,,46.0,28.0,956.0,1002.0,2.596,82.652,31.837,0.7764,True,,False,FLAS,935.0,2.5,9.5
