ts,board_id,color,run_id,volt_set,volt_meas,intensity,kick_pc,kick_ms,phase,measured,skip_reason,t_on_ms,t_rising_ms,t_dead_ms,on_ms,en2_ms,flash,peak_mA,settled_mA,ldr_settled_V,valid,error,pass,fail_reason,on_min,flash_max,current_min
2026-09-23 16:52:37,MLLB_000_y1.0.3,GREEN,v4_green_MLLB_000_y103_0923,4.2,4.2,4,100,12,kaba,True,,414.0,432.0,18.0,588.0,1002.0,1.439,7.34,5.102,0.0677,True,,False,ON,935.0,3.0,4.5
2026-09-23 16:52:55,MLLB_000_y1.0.3,GREEN,v4_green_MLLB_000_y103_0923,4.2,4.2,4,100,16,kaba,True,,258.0,188.0,130.0,744.0,1002.0,1.416,7.333,5.18,0.0676,True,,False,ON,935.0,3.0,4.5
2026-09-23 16:53:13,MLLB_000_y1.0.3,GREEN,v4_green_MLLB_000_y103_0923,4.2,4.2,4,100,20,kaba,True,,56.0,148.0,14.0,946.0,1002.0,1.44,7.449,5.174,0.0686,True,,True,,935.0,3.0,4.5
2026-09-23 16:53:28,MLLB_000_y1.0.3,GREEN,v4_green_MLLB_000_y103_0923,4.2,4.2,4,100,24,kaba,True,,12.0,4.0,10.0,990.0,1002.0,10.419,53.994,5.182,0.0673,True,,False,FLAS,935.0,3.0,4.5
2026-09-23 16:53:45,MLLB_000_y1.0.3,GREEN,v4_green_MLLB_000_y103_0923,4.2,4.2,4,100,17,ince,True,,194.0,214.0,44.0,808.0,1002.0,1.408,7.288,5.176,0.0649,True,,False,ON,935.0,3.0,4.5
2026-09-23 16:54:03,MLLB_000_y1.0.3,GREEN,v4_green_MLLB_000_y103_0923,4.2,4.2,4,100,18,ince,True,,162.0,218.0,18.0,840.0,1002.0,1.433,7.468,5.21,0.0678,True,,False,ON,935.0,3.0,4.5
2026-09-23 16:54:18,MLLB_000_y1.0.3,GREEN,v4_green_MLLB_000_y103_0923,4.2,4.2,4,100,19,ince,True,,114.0,168.0,24.0,888.0,1002.0,1.411,7.309,5.181,0.0705,True,,False,ON,935.0,3.0,4.5
2026-09-23 16:54:35,MLLB_000_y1.0.3,GREEN,v4_green_MLLB_000_y103_0923,4.2,4.2,4,100,21,ince,True,,22.0,22.0,10.0,980.0,1002.0,2.071,10.794,5.211,0.0685,True,,True,,935.0,3.0,4.5
2026-09-23 16:54:53,MLLB_000_y1.0.3,GREEN,v4_green_MLLB_000_y103_0923,4.2,4.2,4,100,22,ince,True,,16.0,12.0,10.0,986.0,1002.0,4.59,23.857,5.198,0.0697,True,,False,FLAS,935.0,3.0,4.5
2026-09-23 16:55:08,MLLB_000_y1.0.3,GREEN,v4_green_MLLB_000_y103_0923,4.2,4.2,4,100,23,ince,True,,12.0,6.0,10.0,990.0,1002.0,7.565,39.299,5.195,0.0706,True,,False,FLAS,935.0,3.0,4.5
2026-09-23 16:55:08,MLLB_000_y1.0.3,GREEN,v4_green_MLLB_000_y103_0923,4.2,4.2,4,100,,bitti,False,,,,,,,,,,,,,,,935.0,3.0,4.5
2026-09-23 16:55:25,MLLB_000_y1.0.3,GREEN,v4_green_MLLB_000_y103_0923,4.2,4.2,4,80,12,kaba,True,,478.0,212.0,362.0,524.0,1002.0,1.444,7.343,5.084,0.0685,True,,False,ON,935.0,3.0,4.5
2026-09-23 16:55:43,MLLB_000_y1.0.3,GREEN,v4_green_MLLB_000_y103_0923,4.2,4.2,4,80,16,kaba,True,,356.0,356.0,74.0,646.0,1002.0,1.781,9.148,5.137,0.067,True,,False,ON,935.0,3.0,4.5
2026-09-23 16:56:01,MLLB_000_y1.0.3,GREEN,v4_green_MLLB_000_y103_0923,4.2,4.2,4,80,20,kaba,True,,202.0,184.0,110.0,800.0,1002.0,1.436,7.444,5.183,0.067,True,,False,ON,935.0,3.0,4.5
2026-09-23 16:56:19,MLLB_000_y1.0.3,GREEN,v4_green_MLLB_000_y103_0923,4.2,4.2,4,80,24,kaba,True,,70.0,150.0,14.0,932.0,1002.0,1.414,7.356,5.202,0.0673,True,,False,ON,935.0,3.0,4.5
2026-09-23 16:56:37,MLLB_000_y1.0.3,GREEN,v4_green_MLLB_000_y103_0923,4.2,4.2,4,80,28,kaba,True,,16.0,6.0,14.0,986.0,1002.0,8.034,41.93,5.219,0.0675,True,,False,FLAS,935.0,3.0,4.5
2026-09-23 16:56:55,MLLB_000_y1.0.3,GREEN,v4_green_MLLB_000_y103_0923,4.2,4.2,4,80,25,ince,True,,28.0,24.0,14.0,974.0,1002.0,1.633,8.506,5.21,0.0664,True,,True,,935.0,3.0,4.5
2026-09-23 16:57:13,MLLB_000_y1.0.3,GREEN,v4_green_MLLB_000_y103_0923,4.2,4.2,4,80,26,ince,True,,20.0,12.0,14.0,982.0,1002.0,3.42,17.688,5.172,0.0679,True,,False,FLAS,935.0,3.0,4.5
2026-09-23 16:57:31,MLLB_000_y1.0.3,GREEN,v4_green_MLLB_000_y103_0923,4.2,4.2,4,80,27,ince,True,,20.0,6.0,14.0,982.0,1002.0,5.686,29.513,5.19,0.0689,True,,False,FLAS,935.0,3.0,4.5
2026-09-23 16:57:31,MLLB_000_y1.0.3,GREEN,v4_green_MLLB_000_y103_0923,4.2,4.2,4,80,,bitti,False,,,,,,,,,,,,,,,935.0,3.0,4.5
2026-09-23 16:57:49,MLLB_000_y1.0.3,GREEN,v4_green_MLLB_000_y103_0923,4.2,4.2,4,60,12,kaba,True,,578.0,358.0,292.0,424.0,1002.0,1.467,7.355,5.014,0.0701,True,,False,ON,935.0,3.0,4.5
2026-09-23 16:58:07,MLLB_000_y1.0.3,GREEN,v4_green_MLLB_000_y103_0923,4.2,4.2,4,60,16,kaba,True,,482.0,536.0,0.0,520.0,1002.0,1.447,7.338,5.073,0.0663,True,,False,ON,935.0,3.0,4.5
2026-09-23 16:58:25,MLLB_000_y1.0.3,GREEN,v4_green_MLLB_000_y103_0923,4.2,4.2,4,60,20,kaba,True,,362.0,194.0,238.0,640.0,1002.0,1.44,7.378,5.124,0.0699,True,,False,ON,935.0,3.0,4.5
2026-09-23 16:58:40,MLLB_000_y1.0.3,GREEN,v4_green_MLLB_000_y103_0923,4.2,4.2,4,60,24,kaba,True,,258.0,258.0,88.0,744.0,1002.0,1.413,7.288,5.156,0.0695,True,,False,ON,935.0,3.0,4.5
2026-09-23 16:58:57,MLLB_000_y1.0.3,GREEN,v4_green_MLLB_000_y103_0923,4.2,4.2,4,60,28,kaba,True,,192.0,210.0,44.0,810.0,1002.0,1.417,7.333,5.175,0.0707,True,,False,ON,935.0,3.0,4.5
2026-09-23 16:59:15,MLLB_000_y1.0.3,GREEN,v4_green_MLLB_000_y103_0923,4.2,4.2,4,60,32,kaba,True,,50.0,122.0,22.0,952.0,1002.0,1.475,7.667,5.199,0.07,True,,True,,935.0,3.0,4.5
2026-09-23 16:59:33,MLLB_000_y1.0.3,GREEN,v4_green_MLLB_000_y103_0923,4.2,4.2,4,60,36,kaba,True,,26.0,8.0,22.0,976.0,1002.0,6.365,33.125,5.204,0.0675,True,,False,FLAS,935.0,3.0,4.5
2026-09-23 16:59:51,MLLB_000_y1.0.3,GREEN,v4_green_MLLB_000_y103_0923,4.2,4.2,4,60,29,ince,True,,158.0,176.0,36.0,844.0,1002.0,1.418,7.362,5.192,0.0677,True,,False,ON,935.0,3.0,4.5
2026-09-23 17:00:09,MLLB_000_y1.0.3,GREEN,v4_green_MLLB_000_y103_0923,4.2,4.2,4,60,30,ince,True,,118.0,142.0,36.0,884.0,1002.0,1.416,7.346,5.186,0.068,True,,False,ON,935.0,3.0,4.5
2026-09-23 17:00:27,MLLB_000_y1.0.3,GREEN,v4_green_MLLB_000_y103_0923,4.2,4.2,4,60,31,ince,True,,98.0,168.0,28.0,904.0,1002.0,1.551,8.073,5.204,0.07,True,,False,ON,935.0,3.0,4.5
2026-09-23 17:00:45,MLLB_000_y1.0.3,GREEN,v4_green_MLLB_000_y103_0923,4.2,4.2,4,60,33,ince,True,,34.0,18.0,22.0,968.0,1002.0,1.864,9.686,5.197,0.0666,True,,True,,935.0,3.0,4.5
2026-09-23 17:01:03,MLLB_000_y1.0.3,GREEN,v4_green_MLLB_000_y103_0923,4.2,4.2,4,60,34,ince,True,,28.0,14.0,22.0,974.0,1002.0,3.147,16.362,5.199,0.0666,True,,False,FLAS,935.0,3.0,4.5
2026-09-23 17:01:21,MLLB_000_y1.0.3,GREEN,v4_green_MLLB_000_y103_0923,4.2,4.2,4,60,35,ince,True,,28.0,10.0,22.0,974.0,1002.0,4.722,24.592,5.208,0.0698,True,,False,FLAS,935.0,3.0,4.5
2026-09-23 17:01:22,MLLB_000_y1.0.3,GREEN,v4_green_MLLB_000_y103_0923,4.2,4.2,4,60,,bitti,False,,,,,,,,,,,,,,,935.0,3.0,4.5
2026-09-23 17:02:05,MLLB_000_y1.0.3,GREEN,v4_green_MLLB_000_y103_0923,4.2,4.2,5,100,12,kaba,True,,302.0,124.0,214.0,700.0,1002.0,1.115,8.15,7.309,0.092,True,,False,ON,935.0,3.0,4.5
2026-09-23 17:02:23,MLLB_000_y1.0.3,GREEN,v4_green_MLLB_000_y103_0923,4.2,4.2,5,100,16,kaba,True,,186.0,102.0,98.0,816.0,1002.0,1.28,9.429,7.366,0.0923,True,,False,ON,935.0,3.0,4.5
2026-09-23 17:02:41,MLLB_000_y1.0.3,GREEN,v4_green_MLLB_000_y103_0923,4.2,4.2,5,100,20,kaba,True,,58.0,74.0,12.0,944.0,1002.0,1.119,8.26,7.383,0.0922,True,,True,,935.0,3.0,4.5
2026-09-23 17:02:59,MLLB_000_y1.0.3,GREEN,v4_green_MLLB_000_y103_0923,4.2,4.2,5,100,24,kaba,True,,14.0,6.0,10.0,988.0,1002.0,7.426,54.809,7.38,0.0896,True,,False,FLAS,935.0,3.0,4.5
2026-09-23 17:03:17,MLLB_000_y1.0.3,GREEN,v4_green_MLLB_000_y103_0923,4.2,4.2,5,100,17,ince,True,,150.0,104.0,72.0,852.0,1002.0,1.233,9.059,7.35,0.0896,True,,False,ON,935.0,3.0,4.5
2026-09-23 17:03:35,MLLB_000_y1.0.3,GREEN,v4_green_MLLB_000_y103_0923,4.2,4.2,5,100,18,ince,True,,128.0,152.0,24.0,874.0,1002.0,1.109,8.157,7.358,0.0919,True,,False,ON,935.0,3.0,4.5
2026-09-23 17:03:53,MLLB_000_y1.0.3,GREEN,v4_green_MLLB_000_y103_0923,4.2,4.2,5,100,19,ince,True,,100.0,88.0,26.0,902.0,1002.0,1.106,8.144,7.361,0.0916,True,,False,ON,935.0,3.0,4.5
2026-09-23 17:04:11,MLLB_000_y1.0.3,GREEN,v4_green_MLLB_000_y103_0923,4.2,4.2,5,100,21,ince,True,,26.0,24.0,10.0,976.0,1002.0,1.514,11.15,7.365,0.0927,True,,True,,935.0,3.0,4.5
2026-09-23 17:04:29,MLLB_000_y1.0.3,GREEN,v4_green_MLLB_000_y103_0923,4.2,4.2,5,100,22,ince,True,,20.0,14.0,10.0,982.0,1002.0,3.271,24.004,7.339,0.0929,True,,False,FLAS,935.0,3.0,4.5
2026-09-23 17:04:47,MLLB_000_y1.0.3,GREEN,v4_green_MLLB_000_y103_0923,4.2,4.2,5,100,23,ince,True,,16.0,10.0,10.0,986.0,1002.0,5.483,40.262,7.343,0.0926,True,,False,FLAS,935.0,3.0,4.5
2026-09-23 17:04:48,MLLB_000_y1.0.3,GREEN,v4_green_MLLB_000_y103_0923,4.2,4.2,5,100,,bitti,False,,,,,,,,,,,,,,,935.0,3.0,4.5
2026-09-23 17:05:05,MLLB_000_y1.0.3,GREEN,v4_green_MLLB_000_y103_0923,4.2,4.2,5,80,12,kaba,True,,350.0,88.0,278.0,652.0,1002.0,1.122,8.144,7.258,0.0929,True,,False,ON,935.0,3.0,4.5
2026-09-23 17:05:20,MLLB_000_y1.0.3,GREEN,v4_green_MLLB_000_y103_0923,4.2,4.2,5,80,16,kaba,True,,254.0,116.0,178.0,748.0,1002.0,1.179,8.6,7.294,0.0924,True,,False,ON,935.0,3.0,4.5
2026-09-23 17:05:37,MLLB_000_y1.0.3,GREEN,v4_green_MLLB_000_y103_0923,4.2,4.2,5,80,20,kaba,True,,166.0,106.0,80.0,836.0,1002.0,1.108,8.144,7.351,0.0917,True,,False,ON,935.0,3.0,4.5
2026-09-23 17:05:52,MLLB_000_y1.0.3,GREEN,v4_green_MLLB_000_y103_0923,4.2,4.2,5,80,24,kaba,True,,70.0,110.0,20.0,932.0,1002.0,1.148,8.459,7.368,0.0938,True,,False,ON,935.0,3.0,4.5
2026-09-23 17:06:09,MLLB_000_y1.0.3,GREEN,v4_green_MLLB_000_y103_0923,4.2,4.2,5,80,28,kaba,True,,18.0,8.0,14.0,984.0,1002.0,5.763,42.497,7.375,0.0924,True,,False,FLAS,935.0,3.0,4.5
2026-09-23 17:06:27,MLLB_000_y1.0.3,GREEN,v4_green_MLLB_000_y103_0923,4.2,4.2,5,80,32,kaba,True,,18.0,6.0,14.0,984.0,1002.0,11.593,85.653,7.388,0.0935,True,,False,FLAS,935.0,3.0,4.5
2026-09-23 17:06:45,MLLB_000_y1.0.3,GREEN,v4_green_MLLB_000_y103_0923,4.2,4.2,5,80,25,ince,True,,32.0,28.0,14.0,970.0,1002.0,1.199,8.868,7.394,0.0904,True,,True,,935.0,3.0,4.5
2026-09-23 17:07:03,MLLB_000_y1.0.3,GREEN,v4_green_MLLB_000_y103_0923,4.2,4.2,5,80,26,ince,True,,26.0,20.0,14.0,976.0,1002.0,2.447,18.052,7.378,0.0911,True,,True,,935.0,3.0,4.5
2026-09-23 17:07:21,MLLB_000_y1.0.3,GREEN,v4_green_MLLB_000_y103_0923,4.2,4.2,5,80,27,ince,True,,20.0,10.0,14.0,982.0,1002.0,4.071,29.959,7.358,0.0943,True,,False,FLAS,935.0,3.0,4.5
2026-09-23 17:07:21,MLLB_000_y1.0.3,GREEN,v4_green_MLLB_000_y103_0923,4.2,4.2,5,80,,bitti,False,,,,,,,,,,,,,,,935.0,3.0,4.5
2026-09-23 17:07:39,MLLB_000_y1.0.3,GREEN,v4_green_MLLB_000_y103_0923,4.2,4.2,5,60,12,kaba,True,,404.0,414.0,12.0,598.0,1002.0,1.142,8.245,7.221,0.0911,True,,False,ON,935.0,3.0,4.5
2026-09-23 17:07:57,MLLB_000_y1.0.3,GREEN,v4_green_MLLB_000_y103_0923,4.2,4.2,5,60,16,kaba,True,,338.0,164.0,190.0,664.0,1002.0,1.121,8.144,7.268,0.0938,True,,False,ON,935.0,3.0,4.5
2026-09-23 17:08:15,MLLB_000_y1.0.3,GREEN,v4_green_MLLB_000_y103_0923,4.2,4.2,5,60,20,kaba,True,,274.0,94.0,202.0,728.0,1002.0,1.125,8.234,7.319,0.0916,True,,False,ON,935.0,3.0,4.5
2026-09-23 17:08:33,MLLB_000_y1.0.3,GREEN,v4_green_MLLB_000_y103_0923,4.2,4.2,5,60,24,kaba,True,,206.0,94.0,134.0,796.0,1002.0,1.126,8.289,7.359,0.0948,True,,False,ON,935.0,3.0,4.5
2026-09-23 17:08:51,MLLB_000_y1.0.3,GREEN,v4_green_MLLB_000_y103_0923,4.2,4.2,5,60,28,kaba,True,,136.0,146.0,34.0,866.0,1002.0,1.117,8.234,7.373,0.0933,True,,False,ON,935.0,3.0,4.5
2026-09-23 17:09:06,MLLB_000_y1.0.3,GREEN,v4_green_MLLB_000_y103_0923,4.2,4.2,5,60,32,kaba,True,,50.0,52.0,26.0,952.0,1002.0,1.115,8.234,7.386,0.0913,True,,True,,935.0,3.0,4.5
2026-09-23 17:09:23,MLLB_000_y1.0.3,GREEN,v4_green_MLLB_000_y103_0923,4.2,4.2,5,60,36,kaba,True,,30.0,10.0,22.0,972.0,1002.0,4.52,33.354,7.379,0.0938,True,,False,FLAS,935.0,3.0,4.5
2026-09-23 17:09:41,MLLB_000_y1.0.3,GREEN,v4_green_MLLB_000_y103_0923,4.2,4.2,5,60,40,kaba,True,,26.0,6.0,22.0,976.0,1002.0,8.424,61.984,7.358,0.0903,True,,False,FLAS,935.0,3.0,4.5
2026-09-23 17:09:59,MLLB_000_y1.0.3,GREEN,v4_green_MLLB_000_y103_0923,4.2,4.2,5,60,29,ince,True,,116.0,112.0,24.0,886.0,1002.0,1.117,8.234,7.371,0.0916,True,,False,ON,935.0,3.0,4.5
2026-09-23 17:10:17,MLLB_000_y1.0.3,GREEN,v4_green_MLLB_000_y103_0923,4.2,4.2,5,60,30,ince,True,,114.0,96.0,36.0,888.0,1002.0,1.116,8.234,7.376,0.092,True,,False,ON,935.0,3.0,4.5
2026-09-23 17:10:32,MLLB_000_y1.0.3,GREEN,v4_green_MLLB_000_y103_0923,4.2,4.2,5,60,31,ince,True,,82.0,88.0,26.0,920.0,1002.0,1.114,8.234,7.389,0.0915,True,,False,ON,935.0,3.0,4.5
2026-09-23 17:10:47,MLLB_000_y1.0.3,GREEN,v4_green_MLLB_000_y103_0923,4.2,4.2,5,60,33,ince,True,,40.0,28.0,22.0,962.0,1002.0,1.332,9.84,7.387,0.0929,True,,True,,935.0,3.0,4.5
2026-09-23 17:11:05,MLLB_000_y1.0.3,GREEN,v4_green_MLLB_000_y103_0923,4.2,4.2,5,60,34,ince,True,,38.0,20.0,22.0,964.0,1002.0,2.266,16.781,7.406,0.0935,True,,True,,935.0,3.0,4.5
2026-09-23 17:11:23,MLLB_000_y1.0.3,GREEN,v4_green_MLLB_000_y103_0923,4.2,4.2,5,60,35,ince,True,,30.0,12.0,22.0,972.0,1002.0,3.308,24.445,7.389,0.0911,True,,False,FLAS,935.0,3.0,4.5
2026-09-23 17:11:24,MLLB_000_y1.0.3,GREEN,v4_green_MLLB_000_y103_0923,4.2,4.2,5,60,,bitti,False,,,,,,,,,,,,,,,935.0,3.0,4.5
2026-09-23 17:12:07,MLLB_000_y1.0.3,GREEN,v4_green_MLLB_000_y103_0923,4.2,4.2,6,100,12,kaba,True,,230.0,118.0,174.0,772.0,1002.0,1.106,10.541,9.534,0.1153,True,,False,ON,935.0,3.0,4.5
2026-09-23 17:12:25,MLLB_000_y1.0.3,GREEN,v4_green_MLLB_000_y103_0923,4.2,4.2,6,100,16,kaba,True,,144.0,108.0,86.0,858.0,1002.0,1.108,10.6,9.565,0.1122,True,,False,ON,935.0,3.0,4.5
2026-09-23 17:12:43,MLLB_000_y1.0.3,GREEN,v4_green_MLLB_000_y103_0923,4.2,4.2,6,100,20,kaba,True,,58.0,140.0,14.0,944.0,1002.0,1.107,10.6,9.574,0.1152,True,,True,,935.0,3.0,4.5
2026-09-23 17:13:01,MLLB_000_y1.0.3,GREEN,v4_green_MLLB_000_y103_0923,4.2,4.2,6,100,24,kaba,True,,16.0,8.0,10.0,986.0,1002.0,5.71,54.806,9.598,0.1126,True,,False,FLAS,935.0,3.0,4.5
2026-09-23 17:13:19,MLLB_000_y1.0.3,GREEN,v4_green_MLLB_000_y103_0923,4.2,4.2,6,100,28,kaba,True,,14.0,6.0,10.0,988.0,1002.0,11.155,107.076,9.599,0.1141,True,,False,FLAS,935.0,3.0,4.5
2026-09-23 17:13:37,MLLB_000_y1.0.3,GREEN,v4_green_MLLB_000_y103_0923,4.2,4.2,6,100,17,ince,True,,126.0,92.0,58.0,876.0,1002.0,1.107,10.6,9.574,0.1136,True,,False,ON,935.0,3.0,4.5
2026-09-23 17:13:55,MLLB_000_y1.0.3,GREEN,v4_green_MLLB_000_y103_0923,4.2,4.2,6,100,18,ince,True,,98.0,124.0,36.0,904.0,1002.0,1.099,10.51,9.559,0.1138,True,,False,ON,935.0,3.0,4.5
2026-09-23 17:14:13,MLLB_000_y1.0.3,GREEN,v4_green_MLLB_000_y103_0923,4.2,4.2,6,100,19,ince,True,,74.0,126.0,28.0,928.0,1002.0,1.106,10.6,9.585,0.1135,True,,False,ON,935.0,3.0,4.5
2026-09-23 17:14:31,MLLB_000_y1.0.3,GREEN,v4_green_MLLB_000_y103_0923,4.2,4.2,6,100,21,ince,True,,30.0,60.0,10.0,972.0,1002.0,1.162,11.15,9.596,0.1139,True,,True,,935.0,3.0,4.5
2026-09-23 17:14:49,MLLB_000_y1.0.3,GREEN,v4_green_MLLB_000_y103_0923,4.2,4.2,6,100,22,ince,True,,20.0,18.0,10.0,982.0,1002.0,2.515,24.06,9.568,0.1146,True,,True,,935.0,3.0,4.5
2026-09-23 17:15:07,MLLB_000_y1.0.3,GREEN,v4_green_MLLB_000_y103_0923,4.2,4.2,6,100,23,ince,True,,16.0,10.0,10.0,986.0,1002.0,4.18,40.129,9.6,0.1136,True,,False,FLAS,935.0,3.0,4.5
2026-09-23 17:15:07,MLLB_000_y1.0.3,GREEN,v4_green_MLLB_000_y103_0923,4.2,4.2,6,100,,bitti,False,,,,,,,,,,,,,,,935.0,3.0,4.5
2026-09-23 17:15:25,MLLB_000_y1.0.3,GREEN,v4_green_MLLB_000_y103_0923,4.2,4.2,6,80,12,kaba,True,,274.0,160.0,186.0,728.0,1002.0,1.108,10.508,9.48,0.113,True,,False,ON,935.0,3.0,4.5
2026-09-23 17:15:43,MLLB_000_y1.0.3,GREEN,v4_green_MLLB_000_y103_0923,4.2,4.2,6,80,16,kaba,True,,202.0,100.0,142.0,800.0,1002.0,1.106,10.547,9.537,0.113,True,,False,ON,935.0,3.0,4.5
2026-09-23 17:16:01,MLLB_000_y1.0.3,GREEN,v4_green_MLLB_000_y103_0923,4.2,4.2,6,80,20,kaba,True,,130.0,160.0,70.0,872.0,1002.0,1.097,10.508,9.578,0.1137,True,,False,ON,935.0,3.0,4.5
2026-09-23 17:16:19,MLLB_000_y1.0.3,GREEN,v4_green_MLLB_000_y103_0923,4.2,4.2,6,80,24,kaba,True,,58.0,80.0,18.0,944.0,1002.0,1.098,10.514,9.575,0.1151,True,,True,,935.0,3.0,4.5
2026-09-23 17:16:37,MLLB_000_y1.0.3,GREEN,v4_green_MLLB_000_y103_0923,4.2,4.2,6,80,28,kaba,True,,20.0,10.0,14.0,982.0,1002.0,4.396,42.088,9.575,0.1163,True,,False,FLAS,935.0,3.0,4.5
2026-09-23 17:16:55,MLLB_000_y1.0.3,GREEN,v4_green_MLLB_000_y103_0923,4.2,4.2,6,80,32,kaba,True,,18.0,6.0,14.0,984.0,1002.0,8.935,85.653,9.587,0.1138,True,,False,FLAS,935.0,3.0,4.5
2026-09-23 17:17:10,MLLB_000_y1.0.3,GREEN,v4_green_MLLB_000_y103_0923,4.2,4.2,6,80,21,ince,True,,116.0,118.0,44.0,886.0,1002.0,1.11,10.6,9.548,0.1152,True,,False,ON,935.0,3.0,4.5
2026-09-23 17:17:29,MLLB_000_y1.0.3,GREEN,v4_green_MLLB_000_y103_0923,4.2,4.2,6,80,22,ince,True,,100.0,94.0,36.0,902.0,1002.0,1.073,10.496,9.785,0.1156,True,,False,ON,935.0,3.0,4.5
2026-09-23 17:17:47,MLLB_000_y1.0.3,GREEN,v4_green_MLLB_000_y103_0923,4.2,4.2,6,80,23,ince,True,,78.0,118.0,24.0,924.0,1002.0,1.105,10.6,9.597,0.1161,True,,False,ON,935.0,3.0,4.5
2026-09-23 17:18:05,MLLB_000_y1.0.3,GREEN,v4_green_MLLB_000_y103_0923,4.2,4.2,6,80,25,ince,True,,38.0,46.0,16.0,964.0,1002.0,1.099,10.554,9.6,0.1143,True,,True,,935.0,3.0,4.5
2026-09-23 17:18:23,MLLB_000_y1.0.3,GREEN,v4_green_MLLB_000_y103_0923,4.2,4.2,6,80,26,ince,True,,28.0,24.0,14.0,974.0,1002.0,1.867,17.884,9.578,0.1141,True,,True,,935.0,3.0,4.5
2026-09-23 17:18:41,MLLB_000_y1.0.3,GREEN,v4_green_MLLB_000_y103_0923,4.2,4.2,6,80,27,ince,True,,22.0,14.0,14.0,980.0,1002.0,3.11,29.808,9.584,0.1156,True,,False,FLAS,935.0,3.0,4.5
2026-09-23 17:18:41,MLLB_000_y1.0.3,GREEN,v4_green_MLLB_000_y103_0923,4.2,4.2,6,80,,bitti,False,,,,,,,,,,,,,,,935.0,3.0,4.5
2026-09-23 17:18:56,MLLB_000_y1.0.3,GREEN,v4_green_MLLB_000_y103_0923,4.2,4.2,6,60,12,kaba,True,,314.0,100.0,262.0,688.0,1002.0,1.121,10.578,9.44,0.1136,True,,False,ON,935.0,3.0,4.5
2026-09-23 17:19:11,MLLB_000_y1.0.3,GREEN,v4_green_MLLB_000_y103_0923,4.2,4.2,6,60,16,kaba,True,,266.0,88.0,212.0,736.0,1002.0,1.115,10.554,9.466,0.1161,True,,False,ON,935.0,3.0,4.5
2026-09-23 17:19:29,MLLB_000_y1.0.3,GREEN,v4_green_MLLB_000_y103_0923,4.2,4.2,6,60,20,kaba,True,,226.0,88.0,162.0,776.0,1002.0,1.102,10.508,9.54,0.1145,True,,False,ON,935.0,3.0,4.5
2026-09-23 17:19:47,MLLB_000_y1.0.3,GREEN,v4_green_MLLB_000_y103_0923,4.2,4.2,6,60,24,kaba,True,,164.0,104.0,112.0,838.0,1002.0,1.109,10.6,9.556,0.1143,True,,False,ON,935.0,3.0,4.5
2026-09-23 17:20:05,MLLB_000_y1.0.3,GREEN,v4_green_MLLB_000_y103_0923,4.2,4.2,6,60,28,kaba,True,,114.0,78.0,52.0,888.0,1002.0,1.102,10.565,9.584,0.1133,True,,False,ON,935.0,3.0,4.5
2026-09-23 17:20:23,MLLB_000_y1.0.3,GREEN,v4_green_MLLB_000_y103_0923,4.2,4.2,6,60,32,kaba,True,,62.0,88.0,22.0,940.0,1002.0,1.101,10.51,9.542,0.1144,True,,True,,935.0,3.0,4.5
2026-09-23 17:20:38,MLLB_000_y1.0.3,GREEN,v4_green_MLLB_000_y103_0923,4.2,4.2,6,60,36,kaba,True,,28.0,12.0,22.0,974.0,1002.0,3.462,33.037,9.542,0.1161,True,,False,FLAS,935.0,3.0,4.5
2026-09-23 17:20:55,MLLB_000_y1.0.3,GREEN,v4_green_MLLB_000_y103_0923,4.2,4.2,6,60,40,kaba,True,,28.0,8.0,22.0,974.0,1002.0,6.467,61.699,9.541,0.1133,True,,False,FLAS,935.0,3.0,4.5
2026-09-23 17:21:13,MLLB_000_y1.0.3,GREEN,v4_green_MLLB_000_y103_0923,4.2,4.2,6,60,29,ince,True,,98.0,72.0,46.0,904.0,1002.0,1.098,10.508,9.574,0.1118,True,,False,ON,935.0,3.0,4.5
2026-09-23 17:21:31,MLLB_000_y1.0.3,GREEN,v4_green_MLLB_000_y103_0923,4.2,4.2,6,60,30,ince,True,,94.0,88.0,34.0,908.0,1002.0,1.107,10.6,9.578,0.1148,True,,False,ON,935.0,3.0,4.5
2026-09-23 17:21:49,MLLB_000_y1.0.3,GREEN,v4_green_MLLB_000_y103_0923,4.2,4.2,6,60,31,ince,True,,78.0,70.0,26.0,924.0,1002.0,1.099,10.525,9.581,0.1141,True,,False,ON,935.0,3.0,4.5
2026-09-23 17:22:07,MLLB_000_y1.0.3,GREEN,v4_green_MLLB_000_y103_0923,4.2,4.2,6,60,33,ince,True,,42.0,84.0,22.0,960.0,1002.0,1.102,10.517,9.548,0.1158,True,,True,,935.0,3.0,4.5
2026-09-23 17:22:25,MLLB_000_y1.0.3,GREEN,v4_green_MLLB_000_y103_0923,4.2,4.2,6,60,34,ince,True,,36.0,24.0,22.0,966.0,1002.0,1.702,16.268,9.559,0.112,True,,True,,935.0,3.0,4.5
2026-09-23 17:22:43,MLLB_000_y1.0.3,GREEN,v4_green_MLLB_000_y103_0923,4.2,4.2,6,60,35,ince,True,,32.0,18.0,22.0,970.0,1002.0,2.54,24.298,9.568,0.1179,True,,True,,935.0,3.0,4.5
2026-09-23 17:22:43,MLLB_000_y1.0.3,GREEN,v4_green_MLLB_000_y103_0923,4.2,4.2,6,60,,bitti,False,,,,,,,,,,,,,,,935.0,3.0,4.5
2026-09-23 17:23:27,MLLB_000_y1.0.3,GREEN,v4_green_MLLB_000_y103_0923,4.2,4.2,7,100,12,kaba,True,,192.0,92.0,146.0,810.0,1002.0,1.099,12.915,11.75,0.1333,True,,False,ON,935.0,3.0,4.5
2026-09-23 17:23:45,MLLB_000_y1.0.3,GREEN,v4_green_MLLB_000_y103_0923,4.2,4.2,7,100,16,kaba,True,,126.0,70.0,78.0,876.0,1002.0,1.094,12.903,11.79,0.137,True,,False,ON,935.0,3.0,4.5
2026-09-23 17:24:03,MLLB_000_y1.0.3,GREEN,v4_green_MLLB_000_y103_0923,4.2,4.2,7,100,20,kaba,True,,54.0,82.0,14.0,948.0,1002.0,1.092,12.932,11.84,0.1403,True,,True,,935.0,3.0,4.5
2026-09-23 17:24:21,MLLB_000_y1.0.3,GREEN,v4_green_MLLB_000_y103_0923,4.2,4.2,7,100,24,kaba,True,,16.0,10.0,10.0,986.0,1002.0,4.633,54.781,11.823,0.1403,True,,False,FLAS,935.0,3.0,4.5
2026-09-23 17:24:39,MLLB_000_y1.0.3,GREEN,v4_green_MLLB_000_y103_0923,4.2,4.2,7,100,28,kaba,True,,14.0,6.0,10.0,988.0,1002.0,9.17,108.512,11.833,0.1383,True,,False,FLAS,935.0,3.0,4.5
2026-09-23 17:24:57,MLLB_000_y1.0.3,GREEN,v4_green_MLLB_000_y103_0923,4.2,4.2,7,100,17,ince,True,,106.0,90.0,60.0,896.0,1002.0,1.098,12.995,11.833,0.1345,True,,False,ON,935.0,3.0,4.5
2026-09-23 17:25:15,MLLB_000_y1.0.3,GREEN,v4_green_MLLB_000_y103_0923,4.2,4.2,7,100,18,ince,True,,90.0,82.0,38.0,912.0,1002.0,1.098,12.995,11.835,0.1358,True,,False,ON,935.0,3.0,4.5
2026-09-23 17:25:33,MLLB_000_y1.0.3,GREEN,v4_green_MLLB_000_y103_0923,4.2,4.2,7,100,19,ince,True,,74.0,92.0,16.0,928.0,1002.0,1.098,12.995,11.836,0.134,True,,False,ON,935.0,3.0,4.5
2026-09-23 17:25:51,MLLB_000_y1.0.3,GREEN,v4_green_MLLB_000_y103_0923,4.2,4.2,7,100,21,ince,True,,32.0,92.0,10.0,970.0,1002.0,1.094,12.906,11.792,0.1362,True,,True,,935.0,3.0,4.5
2026-09-23 17:26:09,MLLB_000_y1.0.3,GREEN,v4_green_MLLB_000_y103_0923,4.2,4.2,7,100,22,ince,True,,26.0,24.0,10.0,976.0,1002.0,2.012,23.82,11.837,0.133,True,,True,,935.0,3.0,4.5
2026-09-23 17:26:27,MLLB_000_y1.0.3,GREEN,v4_green_MLLB_000_y103_0923,4.2,4.2,7,100,23,ince,True,,20.0,14.0,10.0,982.0,1002.0,3.333,39.456,11.839,0.14,True,,False,FLAS,935.0,3.0,4.5
2026-09-23 17:26:28,MLLB_000_y1.0.3,GREEN,v4_green_MLLB_000_y103_0923,4.2,4.2,7,100,,bitti,False,,,,,,,,,,,,,,,935.0,3.0,4.5
2026-09-23 17:26:45,MLLB_000_y1.0.3,GREEN,v4_green_MLLB_000_y103_0923,4.2,4.2,7,80,12,kaba,True,,226.0,78.0,178.0,776.0,1002.0,1.102,12.921,11.728,0.1322,True,,False,ON,935.0,3.0,4.5
2026-09-23 17:27:03,MLLB_000_y1.0.3,GREEN,v4_green_MLLB_000_y103_0923,4.2,4.2,7,80,16,kaba,True,,170.0,86.0,126.0,832.0,1002.0,1.104,12.995,11.774,0.1347,True,,False,ON,935.0,3.0,4.5
2026-09-23 17:27:21,MLLB_000_y1.0.3,GREEN,v4_green_MLLB_000_y103_0923,4.2,4.2,7,80,20,kaba,True,,118.0,112.0,68.0,884.0,1002.0,1.099,12.995,11.819,0.1346,True,,False,ON,935.0,3.0,4.5
2026-09-23 17:27:39,MLLB_000_y1.0.3,GREEN,v4_green_MLLB_000_y103_0923,4.2,4.2,7,80,24,kaba,True,,60.0,72.0,18.0,942.0,1002.0,1.098,12.995,11.838,0.1341,True,,True,,935.0,3.0,4.5
2026-09-23 17:27:57,MLLB_000_y1.0.3,GREEN,v4_green_MLLB_000_y103_0923,4.2,4.2,7,80,28,kaba,True,,22.0,14.0,14.0,980.0,1002.0,3.542,41.883,11.826,0.1363,True,,False,FLAS,935.0,3.0,4.5
2026-09-23 17:28:15,MLLB_000_y1.0.3,GREEN,v4_green_MLLB_000_y103_0923,4.2,4.2,7,80,32,kaba,True,,20.0,8.0,14.0,982.0,1002.0,7.104,84.152,11.847,0.1365,True,,False,FLAS,935.0,3.0,4.5
2026-09-23 17:28:33,MLLB_000_y1.0.3,GREEN,v4_green_MLLB_000_y103_0923,4.2,4.2,7,80,21,ince,True,,102.0,122.0,48.0,900.0,1002.0,1.091,12.903,11.823,0.1351,True,,False,ON,935.0,3.0,4.5
2026-09-23 17:28:48,MLLB_000_y1.0.3,GREEN,v4_green_MLLB_000_y103_0923,4.2,4.2,7,80,22,ince,True,,94.0,98.0,44.0,908.0,1002.0,1.1,12.995,11.815,0.1365,True,,False,ON,935.0,3.0,4.5
2026-09-23 17:29:05,MLLB_000_y1.0.3,GREEN,v4_green_MLLB_000_y103_0923,4.2,4.2,7,80,23,ince,True,,74.0,104.0,26.0,928.0,1002.0,1.1,12.995,11.815,0.1362,True,,False,ON,935.0,3.0,4.5
2026-09-23 17:29:23,MLLB_000_y1.0.3,GREEN,v4_green_MLLB_000_y103_0923,4.2,4.2,7,80,25,ince,True,,40.0,72.0,14.0,962.0,1002.0,1.1,12.995,11.818,0.1395,True,,True,,935.0,3.0,4.5
2026-09-23 17:29:41,MLLB_000_y1.0.3,GREEN,v4_green_MLLB_000_y103_0923,4.2,4.2,7,80,26,ince,True,,30.0,24.0,14.0,972.0,1002.0,1.488,17.593,11.821,0.1361,True,,True,,935.0,3.0,4.5
2026-09-23 17:29:59,MLLB_000_y1.0.3,GREEN,v4_green_MLLB_000_y103_0923,4.2,4.2,7,80,27,ince,True,,26.0,18.0,14.0,976.0,1002.0,2.471,29.206,11.82,0.1382,True,,True,,935.0,3.0,4.5
2026-09-23 17:29:59,MLLB_000_y1.0.3,GREEN,v4_green_MLLB_000_y103_0923,4.2,4.2,7,80,,bitti,False,,,,,,,,,,,,,,,935.0,3.0,4.5
2026-09-23 17:30:17,MLLB_000_y1.0.3,GREEN,v4_green_MLLB_000_y103_0923,4.2,4.2,7,60,12,kaba,True,,266.0,80.0,214.0,736.0,1002.0,1.106,12.943,11.699,0.1379,True,,False,ON,935.0,3.0,4.5
2026-09-23 17:30:36,MLLB_000_y1.0.3,GREEN,v4_green_MLLB_000_y103_0923,4.2,4.2,7,60,16,kaba,True,,222.0,254.0,0.0,780.0,1002.0,1.102,12.913,11.721,0.1205,True,,False,ON,935.0,3.0,4.5
2026-09-23 17:30:50,MLLB_000_y1.0.3,GREEN,v4_green_MLLB_000_y103_0923,4.2,4.2,7,60,20,kaba,True,,182.0,96.0,134.0,820.0,1002.0,1.105,12.995,11.76,0.1417,True,,False,ON,935.0,3.0,4.5
2026-09-23 17:31:09,MLLB_000_y1.0.3,GREEN,v4_green_MLLB_000_y103_0923,4.2,4.2,7,60,24,kaba,True,,142.0,90.0,96.0,860.0,1002.0,1.102,12.995,11.792,0.1389,True,,False,ON,935.0,3.0,4.5
2026-09-23 17:31:27,MLLB_000_y1.0.3,GREEN,v4_green_MLLB_000_y103_0923,4.2,4.2,7,60,28,kaba,True,,100.0,106.0,50.0,902.0,1002.0,1.093,12.92,11.821,0.1363,True,,False,ON,935.0,3.0,4.5
2026-09-23 17:31:45,MLLB_000_y1.0.3,GREEN,v4_green_MLLB_000_y103_0923,4.2,4.2,7,60,32,kaba,True,,54.0,76.0,26.0,948.0,1002.0,1.094,12.903,11.797,0.1392,True,,True,,935.0,3.0,4.5
2026-09-23 17:32:03,MLLB_000_y1.0.3,GREEN,v4_green_MLLB_000_y103_0923,4.2,4.2,7,60,36,kaba,True,,32.0,16.0,22.0,970.0,1002.0,2.783,32.895,11.821,0.1355,True,,True,,935.0,3.0,4.5
2026-09-23 17:32:21,MLLB_000_y1.0.3,GREEN,v4_green_MLLB_000_y103_0923,4.2,4.2,7,60,40,kaba,True,,28.0,10.0,22.0,974.0,1002.0,5.262,62.212,11.822,0.1371,True,,False,FLAS,935.0,3.0,4.5
2026-09-23 17:32:39,MLLB_000_y1.0.3,GREEN,v4_green_MLLB_000_y103_0923,4.2,4.2,7,60,44,kaba,True,,30.0,8.0,22.0,972.0,1002.0,7.51,88.656,11.805,0.1381,True,,False,FLAS,935.0,3.0,4.5
2026-09-23 17:32:57,MLLB_000_y1.0.3,GREEN,v4_green_MLLB_000_y103_0923,4.2,4.2,7,60,29,ince,True,,90.0,70.0,44.0,912.0,1002.0,1.097,12.995,11.851,0.1384,True,,False,ON,935.0,3.0,4.5
2026-09-23 17:33:15,MLLB_000_y1.0.3,GREEN,v4_green_MLLB_000_y103_0923,4.2,4.2,7,60,30,ince,True,,78.0,92.0,38.0,924.0,1002.0,1.102,12.995,11.797,0.1403,True,,False,ON,935.0,3.0,4.5
2026-09-23 17:33:33,MLLB_000_y1.0.3,GREEN,v4_green_MLLB_000_y103_0923,4.2,4.2,7,60,31,ince,True,,66.0,106.0,24.0,936.0,1002.0,1.094,12.91,11.797,0.1396,True,,True,,935.0,3.0,4.5
2026-09-23 17:33:34,MLLB_000_y1.0.3,GREEN,v4_green_MLLB_000_y103_0923,4.2,4.2,7,60,33,ince,False,iki-OK-arasi-monotonluk,,,,,,,,,,,,True,,935.0,3.0,4.5
2026-09-23 17:33:34,MLLB_000_y1.0.3,GREEN,v4_green_MLLB_000_y103_0923,4.2,4.2,7,60,34,ince,False,iki-OK-arasi-monotonluk,,,,,,,,,,,,True,,935.0,3.0,4.5
2026-09-23 17:33:34,MLLB_000_y1.0.3,GREEN,v4_green_MLLB_000_y103_0923,4.2,4.2,7,60,35,ince,False,iki-OK-arasi-monotonluk,,,,,,,,,,,,True,,935.0,3.0,4.5
2026-09-23 17:33:51,MLLB_000_y1.0.3,GREEN,v4_green_MLLB_000_y103_0923,4.2,4.2,7,60,37,ince,True,,30.0,14.0,22.0,972.0,1002.0,3.568,42.194,11.824,0.1342,True,,False,FLAS,935.0,3.0,4.5
2026-09-23 17:34:09,MLLB_000_y1.0.3,GREEN,v4_green_MLLB_000_y103_0923,4.2,4.2,7,60,38,ince,True,,30.0,12.0,22.0,972.0,1002.0,4.252,50.263,11.82,0.1367,True,,False,FLAS,935.0,3.0,4.5
2026-09-23 17:34:27,MLLB_000_y1.0.3,GREEN,v4_green_MLLB_000_y103_0923,4.2,4.2,7,60,39,ince,True,,28.0,10.0,22.0,974.0,1002.0,4.795,56.789,11.843,0.1389,True,,False,FLAS,935.0,3.0,4.5
2026-09-23 17:34:27,MLLB_000_y1.0.3,GREEN,v4_green_MLLB_000_y103_0923,4.2,4.2,7,60,,bitti,False,,,,,,,,,,,,,,,935.0,3.0,4.5
2026-09-23 17:35:11,MLLB_000_y1.0.3,GREEN,v4_green_MLLB_000_y103_0923,4.2,4.2,8,100,12,kaba,True,,168.0,78.0,128.0,834.0,1002.0,1.094,15.421,14.1,0.1612,True,,False,ON,935.0,3.0,4.5
2026-09-23 17:35:29,MLLB_000_y1.0.3,GREEN,v4_green_MLLB_000_y103_0923,4.2,4.2,8,100,16,kaba,True,,106.0,68.0,70.0,896.0,1002.0,1.091,15.421,14.13,0.1575,True,,False,ON,935.0,3.0,4.5
2026-09-23 17:35:44,MLLB_000_y1.0.3,GREEN,v4_green_MLLB_000_y103_0923,4.2,4.2,8,100,20,kaba,True,,50.0,74.0,14.0,952.0,1002.0,1.089,15.421,14.157,0.1612,True,,True,,935.0,3.0,4.5
2026-09-23 17:36:01,MLLB_000_y1.0.3,GREEN,v4_green_MLLB_000_y103_0923,4.2,4.2,8,100,24,kaba,True,,16.0,12.0,10.0,986.0,1002.0,3.887,55.004,14.149,0.1594,True,,False,FLAS,935.0,3.0,4.5
2026-09-23 17:36:19,MLLB_000_y1.0.3,GREEN,v4_green_MLLB_000_y103_0923,4.2,4.2,8,100,28,kaba,True,,16.0,8.0,10.0,986.0,1002.0,7.76,109.721,14.139,0.1577,True,,False,FLAS,935.0,3.0,4.5
2026-09-23 17:36:37,MLLB_000_y1.0.3,GREEN,v4_green_MLLB_000_y103_0923,4.2,4.2,8,100,17,ince,True,,98.0,118.0,48.0,904.0,1002.0,1.091,15.421,14.134,0.1598,True,,False,ON,935.0,3.0,4.5
2026-09-23 17:36:55,MLLB_000_y1.0.3,GREEN,v4_green_MLLB_000_y103_0923,4.2,4.2,8,100,18,ince,True,,82.0,82.0,32.0,920.0,1002.0,1.09,15.421,14.154,0.1595,True,,False,ON,935.0,3.0,4.5
2026-09-23 17:37:13,MLLB_000_y1.0.3,GREEN,v4_green_MLLB_000_y103_0923,4.2,4.2,8,100,19,ince,True,,66.0,88.0,22.0,936.0,1002.0,1.091,15.421,14.139,0.1599,True,,True,,935.0,3.0,4.5
2026-09-23 17:37:31,MLLB_000_y1.0.3,GREEN,v4_green_MLLB_000_y103_0923,4.2,4.2,8,100,21,ince,True,,36.0,132.0,10.0,966.0,1002.0,1.088,15.374,14.134,0.1622,True,,True,,935.0,3.0,4.5
2026-09-23 17:37:49,MLLB_000_y1.0.3,GREEN,v4_green_MLLB_000_y103_0923,4.2,4.2,8,100,22,ince,True,,24.0,24.0,10.0,978.0,1002.0,1.705,24.102,14.137,0.1573,True,,True,,935.0,3.0,4.5
2026-09-23 17:38:07,MLLB_000_y1.0.3,GREEN,v4_green_MLLB_000_y103_0923,4.2,4.2,8,100,23,ince,True,,20.0,16.0,10.0,982.0,1002.0,2.821,39.875,14.134,0.1571,True,,True,,935.0,3.0,4.5
2026-09-23 17:38:07,MLLB_000_y1.0.3,GREEN,v4_green_MLLB_000_y103_0923,4.2,4.2,8,100,,bitti,False,,,,,,,,,,,,,,,935.0,3.0,4.5
2026-09-23 17:38:22,MLLB_000_y1.0.3,GREEN,v4_green_MLLB_000_y103_0923,4.2,4.2,8,80,12,kaba,True,,194.0,88.0,148.0,808.0,1002.0,1.1,15.421,14.024,0.1566,True,,False,ON,935.0,3.0,4.5
2026-09-23 17:38:39,MLLB_000_y1.0.3,GREEN,v4_green_MLLB_000_y103_0923,4.2,4.2,8,80,16,kaba,True,,146.0,78.0,104.0,856.0,1002.0,1.096,15.442,14.092,0.1578,True,,False,ON,935.0,3.0,4.5
2026-09-23 17:38:57,MLLB_000_y1.0.3,GREEN,v4_green_MLLB_000_y103_0923,4.2,4.2,8,80,20,kaba,True,,102.0,72.0,58.0,900.0,1002.0,1.091,15.421,14.129,0.1562,True,,False,ON,935.0,3.0,4.5
2026-09-23 17:39:15,MLLB_000_y1.0.3,GREEN,v4_green_MLLB_000_y103_0923,4.2,4.2,8,80,24,kaba,True,,58.0,64.0,18.0,944.0,1002.0,1.092,15.421,14.126,0.1576,True,,True,,935.0,3.0,4.5
2026-09-23 17:39:33,MLLB_000_y1.0.3,GREEN,v4_green_MLLB_000_y103_0923,4.2,4.2,8,80,28,kaba,True,,24.0,16.0,14.0,978.0,1002.0,3.008,42.485,14.122,0.1573,True,,False,FLAS,935.0,3.0,4.5
2026-09-23 17:39:51,MLLB_000_y1.0.3,GREEN,v4_green_MLLB_000_y103_0923,4.2,4.2,8,80,32,kaba,True,,20.0,8.0,14.0,982.0,1002.0,6.123,86.602,14.144,0.1542,True,,False,FLAS,935.0,3.0,4.5
2026-09-23 17:40:09,MLLB_000_y1.0.3,GREEN,v4_green_MLLB_000_y103_0923,4.2,4.2,8,80,21,ince,True,,90.0,82.0,46.0,912.0,1002.0,1.089,15.421,14.16,0.1571,True,,False,ON,935.0,3.0,4.5
2026-09-23 17:40:27,MLLB_000_y1.0.3,GREEN,v4_green_MLLB_000_y103_0923,4.2,4.2,8,80,22,ince,True,,78.0,62.0,40.0,924.0,1002.0,1.09,15.421,14.153,0.1547,True,,False,ON,935.0,3.0,4.5
2026-09-23 17:40:45,MLLB_000_y1.0.3,GREEN,v4_green_MLLB_000_y103_0923,4.2,4.2,8,80,23,ince,True,,70.0,72.0,26.0,932.0,1002.0,1.09,15.421,14.142,0.1569,True,,False,ON,935.0,3.0,4.5
2026-09-23 17:41:03,MLLB_000_y1.0.3,GREEN,v4_green_MLLB_000_y103_0923,4.2,4.2,8,80,25,ince,True,,42.0,78.0,16.0,960.0,1002.0,1.09,15.421,14.143,0.1573,True,,True,,935.0,3.0,4.5
2026-09-23 17:41:21,MLLB_000_y1.0.3,GREEN,v4_green_MLLB_000_y103_0923,4.2,4.2,8,80,26,ince,True,,34.0,28.0,14.0,968.0,1002.0,1.254,17.735,14.146,0.1558,True,,True,,935.0,3.0,4.5
2026-09-23 17:41:39,MLLB_000_y1.0.3,GREEN,v4_green_MLLB_000_y103_0923,4.2,4.2,8,80,27,ince,True,,26.0,18.0,14.0,976.0,1002.0,2.118,29.91,14.124,0.1563,True,,True,,935.0,3.0,4.5
2026-09-23 17:41:39,MLLB_000_y1.0.3,GREEN,v4_green_MLLB_000_y103_0923,4.2,4.2,8,80,,bitti,False,,,,,,,,,,,,,,,935.0,3.0,4.5
2026-09-23 17:41:57,MLLB_000_y1.0.3,GREEN,v4_green_MLLB_000_y103_0923,4.2,4.2,8,60,12,kaba,True,,226.0,108.0,182.0,776.0,1002.0,1.099,15.421,14.028,0.1579,True,,False,ON,935.0,3.0,4.5
2026-09-23 17:42:15,MLLB_000_y1.0.3,GREEN,v4_green_MLLB_000_y103_0923,4.2,4.2,8,60,16,kaba,True,,194.0,98.0,152.0,808.0,1002.0,1.097,15.429,14.064,0.1618,True,,False,ON,935.0,3.0,4.5
2026-09-23 17:42:33,MLLB_000_y1.0.3,GREEN,v4_green_MLLB_000_y103_0923,4.2,4.2,8,60,20,kaba,True,,158.0,82.0,114.0,844.0,1002.0,1.096,15.421,14.076,0.1588,True,,False,ON,935.0,3.0,4.5
2026-09-23 17:42:51,MLLB_000_y1.0.3,GREEN,v4_green_MLLB_000_y103_0923,4.2,4.2,8,60,24,kaba,True,,126.0,92.0,88.0,876.0,1002.0,1.092,15.421,14.125,0.1605,True,,False,ON,935.0,3.0,4.5
2026-09-23 17:43:09,MLLB_000_y1.0.3,GREEN,v4_green_MLLB_000_y103_0923,4.2,4.2,8,60,28,kaba,True,,86.0,104.0,48.0,916.0,1002.0,1.09,15.421,14.143,0.1596,True,,False,ON,935.0,3.0,4.5
2026-09-23 17:43:27,MLLB_000_y1.0.3,GREEN,v4_green_MLLB_000_y103_0923,4.2,4.2,8,60,32,kaba,True,,54.0,86.0,26.0,948.0,1002.0,1.09,15.431,14.163,0.1593,True,,True,,935.0,3.0,4.5
2026-09-23 17:43:45,MLLB_000_y1.0.3,GREEN,v4_green_MLLB_000_y103_0923,4.2,4.2,8,60,36,kaba,True,,32.0,18.0,22.0,970.0,1002.0,2.349,33.252,14.157,0.161,True,,True,,935.0,3.0,4.5
2026-09-23 17:44:03,MLLB_000_y1.0.3,GREEN,v4_green_MLLB_000_y103_0923,4.2,4.2,8,60,40,kaba,True,,30.0,10.0,22.0,972.0,1002.0,4.402,62.326,14.159,0.161,True,,False,FLAS,935.0,3.0,4.5
2026-09-23 17:44:21,MLLB_000_y1.0.3,GREEN,v4_green_MLLB_000_y103_0923,4.2,4.2,8,60,44,kaba,True,,30.0,10.0,22.0,972.0,1002.0,6.263,88.656,14.156,0.1596,True,,False,FLAS,935.0,3.0,4.5
2026-09-23 17:44:39,MLLB_000_y1.0.3,GREEN,v4_green_MLLB_000_y103_0923,4.2,4.2,8,60,29,ince,True,,82.0,72.0,46.0,920.0,1002.0,1.092,15.421,14.127,0.1615,True,,False,ON,935.0,3.0,4.5
2026-09-23 17:44:57,MLLB_000_y1.0.3,GREEN,v4_green_MLLB_000_y103_0923,4.2,4.2,8,60,30,ince,True,,74.0,76.0,32.0,928.0,1002.0,1.09,15.421,14.152,0.1592,True,,False,ON,935.0,3.0,4.5
2026-09-23 17:45:15,MLLB_000_y1.0.3,GREEN,v4_green_MLLB_000_y103_0923,4.2,4.2,8,60,31,ince,True,,66.0,66.0,28.0,936.0,1002.0,1.091,15.422,14.13,0.1578,True,,True,,935.0,3.0,4.5
2026-09-23 17:45:16,MLLB_000_y1.0.3,GREEN,v4_green_MLLB_000_y103_0923,4.2,4.2,8,60,33,ince,False,iki-OK-arasi-monotonluk,,,,,,,,,,,,True,,935.0,3.0,4.5
2026-09-23 17:45:16,MLLB_000_y1.0.3,GREEN,v4_green_MLLB_000_y103_0923,4.2,4.2,8,60,34,ince,False,iki-OK-arasi-monotonluk,,,,,,,,,,,,True,,935.0,3.0,4.5
2026-09-23 17:45:16,MLLB_000_y1.0.3,GREEN,v4_green_MLLB_000_y103_0923,4.2,4.2,8,60,35,ince,False,iki-OK-arasi-monotonluk,,,,,,,,,,,,True,,935.0,3.0,4.5
2026-09-23 17:45:33,MLLB_000_y1.0.3,GREEN,v4_green_MLLB_000_y103_0923,4.2,4.2,8,60,37,ince,True,,32.0,16.0,22.0,970.0,1002.0,2.983,42.141,14.129,0.1602,True,,True,,935.0,3.0,4.5
2026-09-23 17:45:51,MLLB_000_y1.0.3,GREEN,v4_green_MLLB_000_y103_0923,4.2,4.2,8,60,38,ince,True,,32.0,14.0,22.0,970.0,1002.0,3.568,50.373,14.119,0.1571,True,,False,FLAS,935.0,3.0,4.5
2026-09-23 17:46:09,MLLB_000_y1.0.3,GREEN,v4_green_MLLB_000_y103_0923,4.2,4.2,8,60,39,ince,True,,30.0,12.0,22.0,972.0,1002.0,4.03,57.013,14.147,0.1619,True,,False,FLAS,935.0,3.0,4.5
2026-09-23 17:46:10,MLLB_000_y1.0.3,GREEN,v4_green_MLLB_000_y103_0923,4.2,4.2,8,60,,bitti,False,,,,,,,,,,,,,,,935.0,3.0,4.5
2026-09-23 17:46:53,MLLB_000_y1.0.3,GREEN,v4_green_MLLB_000_y103_0923,4.2,4.2,10,100,12,kaba,True,,134.0,76.0,94.0,868.0,1002.0,1.089,20.371,18.71,0.1994,True,,False,ON,935.0,3.0,4.5
2026-09-23 17:47:11,MLLB_000_y1.0.3,GREEN,v4_green_MLLB_000_y103_0923,4.2,4.2,10,100,16,kaba,True,,90.0,118.0,52.0,912.0,1002.0,1.085,20.364,18.764,0.2011,True,,False,ON,935.0,3.0,4.5
2026-09-23 17:47:29,MLLB_000_y1.0.3,GREEN,v4_green_MLLB_000_y103_0923,4.2,4.2,10,100,20,kaba,True,,46.0,86.0,12.0,956.0,1002.0,1.084,20.364,18.784,0.2016,True,,True,,935.0,3.0,4.5
2026-09-23 17:47:47,MLLB_000_y1.0.3,GREEN,v4_green_MLLB_000_y103_0923,4.2,4.2,10,100,24,kaba,True,,20.0,14.0,10.0,982.0,1002.0,2.969,55.783,18.788,0.2032,True,,True,,935.0,3.0,4.5
2026-09-23 17:48:05,MLLB_000_y1.0.3,GREEN,v4_green_MLLB_000_y103_0923,4.2,4.2,10,100,28,kaba,True,,16.0,10.0,10.0,986.0,1002.0,5.803,109.025,18.788,0.201,True,,False,FLAS,935.0,3.0,4.5
2026-09-23 17:48:23,MLLB_000_y1.0.3,GREEN,v4_green_MLLB_000_y103_0923,4.2,4.2,10,100,32,kaba,True,,16.0,10.0,10.0,986.0,1002.0,9.881,185.572,18.781,0.2009,True,,False,FLAS,935.0,3.0,4.5
2026-09-23 17:48:41,MLLB_000_y1.0.3,GREEN,v4_green_MLLB_000_y103_0923,4.2,4.2,10,100,17,ince,True,,82.0,72.0,42.0,920.0,1002.0,1.086,20.364,18.758,0.1996,True,,False,ON,935.0,3.0,4.5
2026-09-23 17:48:59,MLLB_000_y1.0.3,GREEN,v4_green_MLLB_000_y103_0923,4.2,4.2,10,100,18,ince,True,,70.0,78.0,34.0,932.0,1002.0,1.085,20.37,18.772,0.2017,True,,False,ON,935.0,3.0,4.5
2026-09-23 17:49:17,MLLB_000_y1.0.3,GREEN,v4_green_MLLB_000_y103_0923,4.2,4.2,10,100,19,ince,True,,62.0,68.0,26.0,940.0,1002.0,1.086,20.412,18.794,0.2001,True,,True,,935.0,3.0,4.5
2026-09-23 17:49:18,MLLB_000_y1.0.3,GREEN,v4_green_MLLB_000_y103_0923,4.2,4.2,10,100,21,ince,False,iki-OK-arasi-monotonluk,,,,,,,,,,,,True,,935.0,3.0,4.5
2026-09-23 17:49:18,MLLB_000_y1.0.3,GREEN,v4_green_MLLB_000_y103_0923,4.2,4.2,10,100,22,ince,False,iki-OK-arasi-monotonluk,,,,,,,,,,,,True,,935.0,3.0,4.5
2026-09-23 17:49:18,MLLB_000_y1.0.3,GREEN,v4_green_MLLB_000_y103_0923,4.2,4.2,10,100,23,ince,False,iki-OK-arasi-monotonluk,,,,,,,,,,,,True,,935.0,3.0,4.5
2026-09-23 17:49:35,MLLB_000_y1.0.3,GREEN,v4_green_MLLB_000_y103_0923,4.2,4.2,10,100,25,ince,True,,18.0,12.0,10.0,984.0,1002.0,3.927,73.682,18.762,0.2022,True,,False,FLAS,935.0,3.0,4.5
2026-09-23 17:49:53,MLLB_000_y1.0.3,GREEN,v4_green_MLLB_000_y103_0923,4.2,4.2,10,100,26,ince,True,,16.0,10.0,10.0,986.0,1002.0,4.555,85.653,18.803,0.2004,True,,False,FLAS,935.0,3.0,4.5
2026-09-23 17:50:11,MLLB_000_y1.0.3,GREEN,v4_green_MLLB_000_y103_0923,4.2,4.2,10,100,27,ince,True,,16.0,10.0,10.0,986.0,1002.0,5.246,98.427,18.763,0.1997,True,,False,FLAS,935.0,3.0,4.5
2026-09-23 17:50:11,MLLB_000_y1.0.3,GREEN,v4_green_MLLB_000_y103_0923,4.2,4.2,10,100,,bitti,False,,,,,,,,,,,,,,,935.0,3.0,4.5
2026-09-23 17:50:29,MLLB_000_y1.0.3,GREEN,v4_green_MLLB_000_y103_0923,4.2,4.2,10,80,12,kaba,True,,154.0,74.0,118.0,848.0,1002.0,1.091,20.364,18.665,0.1992,True,,False,ON,935.0,3.0,4.5
2026-09-23 17:50:47,MLLB_000_y1.0.3,GREEN,v4_green_MLLB_000_y103_0923,4.2,4.2,10,80,16,kaba,True,,122.0,68.0,86.0,880.0,1002.0,1.089,20.364,18.695,0.1974,True,,False,ON,935.0,3.0,4.5
2026-09-23 17:51:05,MLLB_000_y1.0.3,GREEN,v4_green_MLLB_000_y103_0923,4.2,4.2,10,80,20,kaba,True,,90.0,88.0,50.0,912.0,1002.0,1.087,20.364,18.74,0.2013,True,,False,ON,935.0,3.0,4.5
2026-09-23 17:51:23,MLLB_000_y1.0.3,GREEN,v4_green_MLLB_000_y103_0923,4.2,4.2,10,80,24,kaba,True,,54.0,68.0,18.0,948.0,1002.0,1.086,20.364,18.749,0.1973,True,,True,,935.0,3.0,4.5
2026-09-23 17:51:41,MLLB_000_y1.0.3,GREEN,v4_green_MLLB_000_y103_0923,4.2,4.2,10,80,28,kaba,True,,26.0,18.0,14.0,976.0,1002.0,2.304,43.228,18.76,0.1953,True,,True,,935.0,3.0,4.5
2026-09-23 17:51:59,MLLB_000_y1.0.3,GREEN,v4_green_MLLB_000_y103_0923,4.2,4.2,10,80,32,kaba,True,,22.0,12.0,14.0,980.0,1002.0,4.65,87.294,18.772,0.1972,True,,False,FLAS,935.0,3.0,4.5
2026-09-23 17:52:17,MLLB_000_y1.0.3,GREEN,v4_green_MLLB_000_y103_0923,4.2,4.2,10,80,36,kaba,True,,22.0,10.0,14.0,980.0,1002.0,6.704,125.621,18.739,0.1948,True,,False,FLAS,935.0,3.0,4.5
2026-09-23 17:52:35,MLLB_000_y1.0.3,GREEN,v4_green_MLLB_000_y103_0923,4.2,4.2,10,80,21,ince,True,,80.0,80.0,46.0,922.0,1002.0,1.086,20.364,18.758,0.1963,True,,False,ON,935.0,3.0,4.5
2026-09-23 17:52:53,MLLB_000_y1.0.3,GREEN,v4_green_MLLB_000_y103_0923,4.2,4.2,10,80,22,ince,True,,70.0,68.0,34.0,932.0,1002.0,1.085,20.364,18.765,0.1977,True,,False,ON,935.0,3.0,4.5
2026-09-23 17:53:11,MLLB_000_y1.0.3,GREEN,v4_green_MLLB_000_y103_0923,4.2,4.2,10,80,23,ince,True,,66.0,94.0,26.0,936.0,1002.0,1.085,20.364,18.777,0.2008,True,,True,,935.0,3.0,4.5
2026-09-23 17:53:11,MLLB_000_y1.0.3,GREEN,v4_green_MLLB_000_y103_0923,4.2,4.2,10,80,25,ince,False,iki-OK-arasi-monotonluk,,,,,,,,,,,,True,,935.0,3.0,4.5
2026-09-23 17:53:11,MLLB_000_y1.0.3,GREEN,v4_green_MLLB_000_y103_0923,4.2,4.2,10,80,26,ince,False,iki-OK-arasi-monotonluk,,,,,,,,,,,,True,,935.0,3.0,4.5
2026-09-23 17:53:11,MLLB_000_y1.0.3,GREEN,v4_green_MLLB_000_y103_0923,4.2,4.2,10,80,27,ince,False,iki-OK-arasi-monotonluk,,,,,,,,,,,,True,,935.0,3.0,4.5
2026-09-23 17:53:29,MLLB_000_y1.0.3,GREEN,v4_green_MLLB_000_y103_0923,4.2,4.2,10,80,29,ince,True,,24.0,14.0,14.0,978.0,1002.0,2.923,54.837,18.763,0.1979,True,,True,,935.0,3.0,4.5
2026-09-23 17:53:47,MLLB_000_y1.0.3,GREEN,v4_green_MLLB_000_y103_0923,4.2,4.2,10,80,30,ince,True,,22.0,12.0,14.0,980.0,1002.0,3.842,72.158,18.781,0.1965,True,,False,FLAS,935.0,3.0,4.5
2026-09-23 17:54:05,MLLB_000_y1.0.3,GREEN,v4_green_MLLB_000_y103_0923,4.2,4.2,10,80,31,ince,True,,22.0,10.0,14.0,980.0,1002.0,4.241,79.652,18.783,0.1967,True,,False,FLAS,935.0,3.0,4.5
2026-09-23 17:54:06,MLLB_000_y1.0.3,GREEN,v4_green_MLLB_000_y103_0923,4.2,4.2,10,80,,bitti,False,,,,,,,,,,,,,,,935.0,3.0,4.5
2026-09-23 17:54:23,MLLB_000_y1.0.3,GREEN,v4_green_MLLB_000_y103_0923,4.2,4.2,10,60,12,kaba,True,,178.0,74.0,144.0,824.0,1002.0,1.093,20.391,18.651,0.1989,True,,False,ON,935.0,3.0,4.5
2026-09-23 17:54:41,MLLB_000_y1.0.3,GREEN,v4_green_MLLB_000_y103_0923,4.2,4.2,10,60,16,kaba,True,,154.0,110.0,120.0,848.0,1002.0,1.092,20.399,18.685,0.1964,True,,False,ON,935.0,3.0,4.5
2026-09-23 17:54:56,MLLB_000_y1.0.3,GREEN,v4_green_MLLB_000_y103_0923,4.2,4.2,10,60,20,kaba,True,,134.0,84.0,94.0,868.0,1002.0,1.089,20.364,18.707,0.1958,True,,False,ON,935.0,3.0,4.5
2026-09-23 17:55:13,MLLB_000_y1.0.3,GREEN,v4_green_MLLB_000_y103_0923,4.2,4.2,10,60,24,kaba,True,,106.0,80.0,70.0,896.0,1002.0,1.088,20.412,18.753,0.1971,True,,False,ON,935.0,3.0,4.5
2026-09-23 17:55:28,MLLB_000_y1.0.3,GREEN,v4_green_MLLB_000_y103_0923,4.2,4.2,10,60,28,kaba,True,,82.0,66.0,48.0,920.0,1002.0,1.09,20.46,18.768,0.2007,True,,False,ON,935.0,3.0,4.5
2026-09-23 17:55:45,MLLB_000_y1.0.3,GREEN,v4_green_MLLB_000_y103_0923,4.2,4.2,10,60,32,kaba,True,,56.0,84.0,26.0,946.0,1002.0,1.085,20.364,18.764,0.2009,True,,True,,935.0,3.0,4.5
2026-09-23 17:56:03,MLLB_000_y1.0.3,GREEN,v4_green_MLLB_000_y103_0923,4.2,4.2,10,60,36,kaba,True,,36.0,24.0,22.0,966.0,1002.0,1.812,34.0,18.759,0.2013,True,,True,,935.0,3.0,4.5
2026-09-23 17:56:18,MLLB_000_y1.0.3,GREEN,v4_green_MLLB_000_y103_0923,4.2,4.2,10,60,40,kaba,True,,32.0,14.0,22.0,970.0,1002.0,3.766,70.639,18.756,0.1987,True,,False,FLAS,935.0,3.0,4.5
2026-09-23 17:56:35,MLLB_000_y1.0.3,GREEN,v4_green_MLLB_000_y103_0923,4.2,4.2,10,60,44,kaba,True,,30.0,12.0,22.0,972.0,1002.0,4.768,89.419,18.753,0.2009,True,,False,FLAS,935.0,3.0,4.5
2026-09-23 17:56:53,MLLB_000_y1.0.3,GREEN,v4_green_MLLB_000_y103_0923,4.2,4.2,10,60,29,ince,True,,74.0,66.0,38.0,928.0,1002.0,1.086,20.364,18.757,0.201,True,,False,ON,935.0,3.0,4.5
2026-09-23 17:57:11,MLLB_000_y1.0.3,GREEN,v4_green_MLLB_000_y103_0923,4.2,4.2,10,60,30,ince,True,,70.0,92.0,34.0,932.0,1002.0,1.085,20.364,18.762,0.2011,True,,False,ON,935.0,3.0,4.5
2026-09-23 17:57:29,MLLB_000_y1.0.3,GREEN,v4_green_MLLB_000_y103_0923,4.2,4.2,10,60,31,ince,True,,62.0,72.0,30.0,940.0,1002.0,1.085,20.364,18.77,0.2009,True,,True,,935.0,3.0,4.5
2026-09-23 17:57:30,MLLB_000_y1.0.3,GREEN,v4_green_MLLB_000_y103_0923,4.2,4.2,10,60,33,ince,False,iki-OK-arasi-monotonluk,,,,,,,,,,,,True,,935.0,3.0,4.5
2026-09-23 17:57:30,MLLB_000_y1.0.3,GREEN,v4_green_MLLB_000_y103_0923,4.2,4.2,10,60,34,ince,False,iki-OK-arasi-monotonluk,,,,,,,,,,,,True,,935.0,3.0,4.5
2026-09-23 17:57:30,MLLB_000_y1.0.3,GREEN,v4_green_MLLB_000_y103_0923,4.2,4.2,10,60,35,ince,False,iki-OK-arasi-monotonluk,,,,,,,,,,,,True,,935.0,3.0,4.5
2026-09-23 17:57:47,MLLB_000_y1.0.3,GREEN,v4_green_MLLB_000_y103_0923,4.2,4.2,10,60,37,ince,True,,36.0,20.0,22.0,966.0,1002.0,2.265,42.459,18.746,0.2008,True,,True,,935.0,3.0,4.5
2026-09-23 17:58:05,MLLB_000_y1.0.3,GREEN,v4_green_MLLB_000_y103_0923,4.2,4.2,10,60,38,ince,True,,32.0,18.0,22.0,970.0,1002.0,2.718,50.975,18.752,0.2013,True,,True,,935.0,3.0,4.5
2026-09-23 17:58:23,MLLB_000_y1.0.3,GREEN,v4_green_MLLB_000_y103_0923,4.2,4.2,10,60,39,ince,True,,32.0,14.0,22.0,970.0,1002.0,3.074,57.685,18.767,0.1996,True,,False,FLAS,935.0,3.0,4.5
2026-09-23 17:58:23,MLLB_000_y1.0.3,GREEN,v4_green_MLLB_000_y103_0923,4.2,4.2,10,60,,bitti,False,,,,,,,,,,,,,,,935.0,3.0,4.5
2026-09-23 17:59:03,MLLB_000_y1.0.3,GREEN,v4_green_MLLB_000_y103_0923,4.2,4.2,100,100,12,kaba,True,,32.0,36.0,12.0,970.0,1002.0,1.091,243.864,223.448,0.7768,True,,True,,935.0,3.0,4.5
2026-09-23 17:59:21,MLLB_000_y1.0.3,GREEN,v4_green_MLLB_000_y103_0923,4.2,4.2,100,100,16,kaba,True,,32.0,36.0,12.0,970.0,1002.0,1.092,243.864,223.359,0.7774,True,,True,,935.0,3.0,4.5
2026-09-23 17:59:36,MLLB_000_y1.0.3,GREEN,v4_green_MLLB_000_y103_0923,4.2,4.2,100,100,20,kaba,True,,32.0,30.0,12.0,970.0,1002.0,1.092,243.864,223.279,0.7777,True,,True,,935.0,3.0,4.5
2026-09-23 17:59:53,MLLB_000_y1.0.3,GREEN,v4_green_MLLB_000_y103_0923,4.2,4.2,100,100,24,kaba,True,,32.0,36.0,12.0,970.0,1002.0,1.092,243.864,223.335,0.7769,True,,True,,935.0,3.0,4.5
2026-09-23 18:00:11,MLLB_000_y1.0.3,GREEN,v4_green_MLLB_000_y103_0923,4.2,4.2,100,100,28,kaba,True,,32.0,30.0,12.0,970.0,1002.0,1.092,243.864,223.299,0.777,True,,True,,935.0,3.0,4.5
2026-09-23 18:00:29,MLLB_000_y1.0.3,GREEN,v4_green_MLLB_000_y103_0923,4.2,4.2,100,100,32,kaba,True,,32.0,36.0,12.0,970.0,1002.0,1.092,243.864,223.238,0.777,True,,True,,935.0,3.0,4.5
2026-09-23 18:00:44,MLLB_000_y1.0.3,GREEN,v4_green_MLLB_000_y103_0923,4.2,4.2,100,100,36,kaba,True,,32.0,30.0,12.0,970.0,1002.0,1.096,244.635,223.168,0.7766,True,,True,,935.0,3.0,4.5
2026-09-23 18:00:59,MLLB_000_y1.0.3,GREEN,v4_green_MLLB_000_y103_0923,4.2,4.2,100,100,40,kaba,True,,32.0,36.0,12.0,970.0,1002.0,1.093,243.864,223.211,0.777,True,,True,,935.0,3.0,4.5
2026-09-23 18:01:17,MLLB_000_y1.0.3,GREEN,v4_green_MLLB_000_y103_0923,4.2,4.2,100,100,44,kaba,True,,32.0,36.0,12.0,970.0,1002.0,1.092,243.873,223.255,0.7768,True,,True,,935.0,3.0,4.5
2026-09-23 18:01:35,MLLB_000_y1.0.3,GREEN,v4_green_MLLB_000_y103_0923,4.2,4.2,100,100,48,kaba,True,,32.0,30.0,12.0,970.0,1002.0,1.092,244.088,223.544,0.7774,True,,True,,935.0,3.0,4.5
2026-09-23 18:01:53,MLLB_000_y1.0.3,GREEN,v4_green_MLLB_000_y103_0923,4.2,4.2,100,100,50,kaba,True,,32.0,30.0,12.0,970.0,1002.0,1.093,243.864,223.139,0.7771,True,,True,,935.0,3.0,4.5
2026-09-23 18:01:54,MLLB_000_y1.0.3,GREEN,v4_green_MLLB_000_y103_0923,4.2,4.2,100,100,13,ince,False,iki-OK-arasi-monotonluk,,,,,,,,,,,,True,,935.0,3.0,4.5
2026-09-23 18:01:54,MLLB_000_y1.0.3,GREEN,v4_green_MLLB_000_y103_0923,4.2,4.2,100,100,14,ince,False,iki-OK-arasi-monotonluk,,,,,,,,,,,,True,,935.0,3.0,4.5
2026-09-23 18:01:54,MLLB_000_y1.0.3,GREEN,v4_green_MLLB_000_y103_0923,4.2,4.2,100,100,15,ince,False,iki-OK-arasi-monotonluk,,,,,,,,,,,,True,,935.0,3.0,4.5
2026-09-23 18:01:54,MLLB_000_y1.0.3,GREEN,v4_green_MLLB_000_y103_0923,4.2,4.2,100,100,17,ince,False,iki-OK-arasi-monotonluk,,,,,,,,,,,,True,,935.0,3.0,4.5
2026-09-23 18:01:54,MLLB_000_y1.0.3,GREEN,v4_green_MLLB_000_y103_0923,4.2,4.2,100,100,18,ince,False,iki-OK-arasi-monotonluk,,,,,,,,,,,,True,,935.0,3.0,4.5
2026-09-23 18:01:54,MLLB_000_y1.0.3,GREEN,v4_green_MLLB_000_y103_0923,4.2,4.2,100,100,19,ince,False,iki-OK-arasi-monotonluk,,,,,,,,,,,,True,,935.0,3.0,4.5
2026-09-23 18:01:54,MLLB_000_y1.0.3,GREEN,v4_green_MLLB_000_y103_0923,4.2,4.2,100,100,21,ince,False,iki-OK-arasi-monotonluk,,,,,,,,,,,,True,,935.0,3.0,4.5
2026-09-23 18:01:54,MLLB_000_y1.0.3,GREEN,v4_green_MLLB_000_y103_0923,4.2,4.2,100,100,22,ince,False,iki-OK-arasi-monotonluk,,,,,,,,,,,,True,,935.0,3.0,4.5
2026-09-23 18:01:54,MLLB_000_y1.0.3,GREEN,v4_green_MLLB_000_y103_0923,4.2,4.2,100,100,23,ince,False,iki-OK-arasi-monotonluk,,,,,,,,,,,,True,,935.0,3.0,4.5
2026-09-23 18:01:54,MLLB_000_y1.0.3,GREEN,v4_green_MLLB_000_y103_0923,4.2,4.2,100,100,25,ince,False,iki-OK-arasi-monotonluk,,,,,,,,,,,,True,,935.0,3.0,4.5
2026-09-23 18:01:54,MLLB_000_y1.0.3,GREEN,v4_green_MLLB_000_y103_0923,4.2,4.2,100,100,26,ince,False,iki-OK-arasi-monotonluk,,,,,,,,,,,,True,,935.0,3.0,4.5
2026-09-23 18:01:54,MLLB_000_y1.0.3,GREEN,v4_green_MLLB_000_y103_0923,4.2,4.2,100,100,27,ince,False,iki-OK-arasi-monotonluk,,,,,,,,,,,,True,,935.0,3.0,4.5
2026-09-23 18:01:54,MLLB_000_y1.0.3,GREEN,v4_green_MLLB_000_y103_0923,4.2,4.2,100,100,29,ince,False,iki-OK-arasi-monotonluk,,,,,,,,,,,,True,,935.0,3.0,4.5
2026-09-23 18:01:54,MLLB_000_y1.0.3,GREEN,v4_green_MLLB_000_y103_0923,4.2,4.2,100,100,30,ince,False,iki-OK-arasi-monotonluk,,,,,,,,,,,,True,,935.0,3.0,4.5
2026-09-23 18:01:54,MLLB_000_y1.0.3,GREEN,v4_green_MLLB_000_y103_0923,4.2,4.2,100,100,31,ince,False,iki-OK-arasi-monotonluk,,,,,,,,,,,,True,,935.0,3.0,4.5
2026-09-23 18:01:54,MLLB_000_y1.0.3,GREEN,v4_green_MLLB_000_y103_0923,4.2,4.2,100,100,33,ince,False,iki-OK-arasi-monotonluk,,,,,,,,,,,,True,,935.0,3.0,4.5
2026-09-23 18:01:54,MLLB_000_y1.0.3,GREEN,v4_green_MLLB_000_y103_0923,4.2,4.2,100,100,34,ince,False,iki-OK-arasi-monotonluk,,,,,,,,,,,,True,,935.0,3.0,4.5
2026-09-23 18:01:54,MLLB_000_y1.0.3,GREEN,v4_green_MLLB_000_y103_0923,4.2,4.2,100,100,35,ince,False,iki-OK-arasi-monotonluk,,,,,,,,,,,,True,,935.0,3.0,4.5
2026-09-23 18:01:54,MLLB_000_y1.0.3,GREEN,v4_green_MLLB_000_y103_0923,4.2,4.2,100,100,37,ince,False,iki-OK-arasi-monotonluk,,,,,,,,,,,,True,,935.0,3.0,4.5
2026-09-23 18:01:54,MLLB_000_y1.0.3,GREEN,v4_green_MLLB_000_y103_0923,4.2,4.2,100,100,38,ince,False,iki-OK-arasi-monotonluk,,,,,,,,,,,,True,,935.0,3.0,4.5
2026-09-23 18:01:54,MLLB_000_y1.0.3,GREEN,v4_green_MLLB_000_y103_0923,4.2,4.2,100,100,39,ince,False,iki-OK-arasi-monotonluk,,,,,,,,,,,,True,,935.0,3.0,4.5
2026-09-23 18:01:54,MLLB_000_y1.0.3,GREEN,v4_green_MLLB_000_y103_0923,4.2,4.2,100,100,41,ince,False,iki-OK-arasi-monotonluk,,,,,,,,,,,,True,,935.0,3.0,4.5
2026-09-23 18:01:54,MLLB_000_y1.0.3,GREEN,v4_green_MLLB_000_y103_0923,4.2,4.2,100,100,42,ince,False,iki-OK-arasi-monotonluk,,,,,,,,,,,,True,,935.0,3.0,4.5
2026-09-23 18:01:54,MLLB_000_y1.0.3,GREEN,v4_green_MLLB_000_y103_0923,4.2,4.2,100,100,43,ince,False,iki-OK-arasi-monotonluk,,,,,,,,,,,,True,,935.0,3.0,4.5
2026-09-23 18:01:54,MLLB_000_y1.0.3,GREEN,v4_green_MLLB_000_y103_0923,4.2,4.2,100,100,45,ince,False,iki-OK-arasi-monotonluk,,,,,,,,,,,,True,,935.0,3.0,4.5
2026-09-23 18:01:54,MLLB_000_y1.0.3,GREEN,v4_green_MLLB_000_y103_0923,4.2,4.2,100,100,46,ince,False,iki-OK-arasi-monotonluk,,,,,,,,,,,,True,,935.0,3.0,4.5
2026-09-23 18:01:54,MLLB_000_y1.0.3,GREEN,v4_green_MLLB_000_y103_0923,4.2,4.2,100,100,47,ince,False,iki-OK-arasi-monotonluk,,,,,,,,,,,,True,,935.0,3.0,4.5
2026-09-23 18:01:54,MLLB_000_y1.0.3,GREEN,v4_green_MLLB_000_y103_0923,4.2,4.2,100,100,49,ince,False,iki-OK-arasi-monotonluk,,,,,,,,,,,,True,,935.0,3.0,4.5
2026-09-23 18:01:54,MLLB_000_y1.0.3,GREEN,v4_green_MLLB_000_y103_0923,4.2,4.2,100,100,,bitti,False,,,,,,,,,,,,,,,935.0,3.0,4.5
2026-09-23 18:02:11,MLLB_000_y1.0.3,GREEN,v4_green_MLLB_000_y103_0923,4.2,4.2,100,80,12,kaba,True,,32.0,30.0,12.0,970.0,1002.0,1.096,244.635,223.255,0.7764,True,,True,,935.0,3.0,4.5
2026-09-23 18:02:29,MLLB_000_y1.0.3,GREEN,v4_green_MLLB_000_y103_0923,4.2,4.2,100,80,16,kaba,True,,32.0,30.0,12.0,970.0,1002.0,1.093,243.864,223.117,0.7772,True,,True,,935.0,3.0,4.5
2026-09-23 18:02:47,MLLB_000_y1.0.3,GREEN,v4_green_MLLB_000_y103_0923,4.2,4.2,100,80,20,kaba,True,,32.0,30.0,12.0,970.0,1002.0,1.094,243.864,222.914,0.7772,True,,True,,935.0,3.0,4.5
2026-09-23 18:03:05,MLLB_000_y1.0.3,GREEN,v4_green_MLLB_000_y103_0923,4.2,4.2,100,80,24,kaba,True,,32.0,32.0,10.0,970.0,1002.0,1.095,244.107,222.945,0.7771,True,,True,,935.0,3.0,4.5
2026-09-23 18:03:23,MLLB_000_y1.0.3,GREEN,v4_green_MLLB_000_y103_0923,4.2,4.2,100,80,28,kaba,True,,32.0,36.0,12.0,970.0,1002.0,1.093,243.864,223.085,0.7776,True,,True,,935.0,3.0,4.5
2026-09-23 18:03:41,MLLB_000_y1.0.3,GREEN,v4_green_MLLB_000_y103_0923,4.2,4.2,100,80,32,kaba,True,,32.0,36.0,12.0,970.0,1002.0,1.092,243.864,223.23,0.7777,True,,True,,935.0,3.0,4.5
2026-09-23 18:03:59,MLLB_000_y1.0.3,GREEN,v4_green_MLLB_000_y103_0923,4.2,4.2,100,80,36,kaba,True,,32.0,36.0,12.0,970.0,1002.0,1.093,243.864,223.107,0.777,True,,True,,935.0,3.0,4.5
2026-09-23 18:04:17,MLLB_000_y1.0.3,GREEN,v4_green_MLLB_000_y103_0923,4.2,4.2,100,80,40,kaba,True,,32.0,36.0,12.0,970.0,1002.0,1.093,243.864,223.102,0.7764,True,,True,,935.0,3.0,4.5
2026-09-23 18:04:35,MLLB_000_y1.0.3,GREEN,v4_green_MLLB_000_y103_0923,4.2,4.2,100,80,44,kaba,True,,32.0,30.0,12.0,970.0,1002.0,1.093,243.864,223.064,0.774,True,,True,,935.0,3.0,4.5
2026-09-23 18:04:53,MLLB_000_y1.0.3,GREEN,v4_green_MLLB_000_y103_0923,4.2,4.2,100,80,48,kaba,True,,32.0,30.0,12.0,970.0,1002.0,1.093,243.864,223.036,0.7766,True,,True,,935.0,3.0,4.5
2026-09-23 18:05:11,MLLB_000_y1.0.3,GREEN,v4_green_MLLB_000_y103_0923,4.2,4.2,100,80,50,kaba,True,,32.0,30.0,12.0,970.0,1002.0,1.093,243.864,223.197,0.7775,True,,True,,935.0,3.0,4.5
2026-09-23 18:05:12,MLLB_000_y1.0.3,GREEN,v4_green_MLLB_000_y103_0923,4.2,4.2,100,80,13,ince,False,iki-OK-arasi-monotonluk,,,,,,,,,,,,True,,935.0,3.0,4.5
2026-09-23 18:05:12,MLLB_000_y1.0.3,GREEN,v4_green_MLLB_000_y103_0923,4.2,4.2,100,80,14,ince,False,iki-OK-arasi-monotonluk,,,,,,,,,,,,True,,935.0,3.0,4.5
2026-09-23 18:05:12,MLLB_000_y1.0.3,GREEN,v4_green_MLLB_000_y103_0923,4.2,4.2,100,80,15,ince,False,iki-OK-arasi-monotonluk,,,,,,,,,,,,True,,935.0,3.0,4.5
2026-09-23 18:05:12,MLLB_000_y1.0.3,GREEN,v4_green_MLLB_000_y103_0923,4.2,4.2,100,80,17,ince,False,iki-OK-arasi-monotonluk,,,,,,,,,,,,True,,935.0,3.0,4.5
2026-09-23 18:05:12,MLLB_000_y1.0.3,GREEN,v4_green_MLLB_000_y103_0923,4.2,4.2,100,80,18,ince,False,iki-OK-arasi-monotonluk,,,,,,,,,,,,True,,935.0,3.0,4.5
2026-09-23 18:05:12,MLLB_000_y1.0.3,GREEN,v4_green_MLLB_000_y103_0923,4.2,4.2,100,80,19,ince,False,iki-OK-arasi-monotonluk,,,,,,,,,,,,True,,935.0,3.0,4.5
2026-09-23 18:05:12,MLLB_000_y1.0.3,GREEN,v4_green_MLLB_000_y103_0923,4.2,4.2,100,80,21,ince,False,iki-OK-arasi-monotonluk,,,,,,,,,,,,True,,935.0,3.0,4.5
2026-09-23 18:05:12,MLLB_000_y1.0.3,GREEN,v4_green_MLLB_000_y103_0923,4.2,4.2,100,80,22,ince,False,iki-OK-arasi-monotonluk,,,,,,,,,,,,True,,935.0,3.0,4.5
2026-09-23 18:05:12,MLLB_000_y1.0.3,GREEN,v4_green_MLLB_000_y103_0923,4.2,4.2,100,80,23,ince,False,iki-OK-arasi-monotonluk,,,,,,,,,,,,True,,935.0,3.0,4.5
2026-09-23 18:05:12,MLLB_000_y1.0.3,GREEN,v4_green_MLLB_000_y103_0923,4.2,4.2,100,80,25,ince,False,iki-OK-arasi-monotonluk,,,,,,,,,,,,True,,935.0,3.0,4.5
2026-09-23 18:05:12,MLLB_000_y1.0.3,GREEN,v4_green_MLLB_000_y103_0923,4.2,4.2,100,80,26,ince,False,iki-OK-arasi-monotonluk,,,,,,,,,,,,True,,935.0,3.0,4.5
2026-09-23 18:05:12,MLLB_000_y1.0.3,GREEN,v4_green_MLLB_000_y103_0923,4.2,4.2,100,80,27,ince,False,iki-OK-arasi-monotonluk,,,,,,,,,,,,True,,935.0,3.0,4.5
2026-09-23 18:05:12,MLLB_000_y1.0.3,GREEN,v4_green_MLLB_000_y103_0923,4.2,4.2,100,80,29,ince,False,iki-OK-arasi-monotonluk,,,,,,,,,,,,True,,935.0,3.0,4.5
2026-09-23 18:05:12,MLLB_000_y1.0.3,GREEN,v4_green_MLLB_000_y103_0923,4.2,4.2,100,80,30,ince,False,iki-OK-arasi-monotonluk,,,,,,,,,,,,True,,935.0,3.0,4.5
2026-09-23 18:05:12,MLLB_000_y1.0.3,GREEN,v4_green_MLLB_000_y103_0923,4.2,4.2,100,80,31,ince,False,iki-OK-arasi-monotonluk,,,,,,,,,,,,True,,935.0,3.0,4.5
2026-09-23 18:05:12,MLLB_000_y1.0.3,GREEN,v4_green_MLLB_000_y103_0923,4.2,4.2,100,80,33,ince,False,iki-OK-arasi-monotonluk,,,,,,,,,,,,True,,935.0,3.0,4.5
2026-09-23 18:05:12,MLLB_000_y1.0.3,GREEN,v4_green_MLLB_000_y103_0923,4.2,4.2,100,80,34,ince,False,iki-OK-arasi-monotonluk,,,,,,,,,,,,True,,935.0,3.0,4.5
2026-09-23 18:05:12,MLLB_000_y1.0.3,GREEN,v4_green_MLLB_000_y103_0923,4.2,4.2,100,80,35,ince,False,iki-OK-arasi-monotonluk,,,,,,,,,,,,True,,935.0,3.0,4.5
2026-09-23 18:05:12,MLLB_000_y1.0.3,GREEN,v4_green_MLLB_000_y103_0923,4.2,4.2,100,80,37,ince,False,iki-OK-arasi-monotonluk,,,,,,,,,,,,True,,935.0,3.0,4.5
2026-09-23 18:05:12,MLLB_000_y1.0.3,GREEN,v4_green_MLLB_000_y103_0923,4.2,4.2,100,80,38,ince,False,iki-OK-arasi-monotonluk,,,,,,,,,,,,True,,935.0,3.0,4.5
2026-09-23 18:05:12,MLLB_000_y1.0.3,GREEN,v4_green_MLLB_000_y103_0923,4.2,4.2,100,80,39,ince,False,iki-OK-arasi-monotonluk,,,,,,,,,,,,True,,935.0,3.0,4.5
2026-09-23 18:05:12,MLLB_000_y1.0.3,GREEN,v4_green_MLLB_000_y103_0923,4.2,4.2,100,80,41,ince,False,iki-OK-arasi-monotonluk,,,,,,,,,,,,True,,935.0,3.0,4.5
2026-09-23 18:05:12,MLLB_000_y1.0.3,GREEN,v4_green_MLLB_000_y103_0923,4.2,4.2,100,80,42,ince,False,iki-OK-arasi-monotonluk,,,,,,,,,,,,True,,935.0,3.0,4.5
2026-09-23 18:05:12,MLLB_000_y1.0.3,GREEN,v4_green_MLLB_000_y103_0923,4.2,4.2,100,80,43,ince,False,iki-OK-arasi-monotonluk,,,,,,,,,,,,True,,935.0,3.0,4.5
2026-09-23 18:05:12,MLLB_000_y1.0.3,GREEN,v4_green_MLLB_000_y103_0923,4.2,4.2,100,80,45,ince,False,iki-OK-arasi-monotonluk,,,,,,,,,,,,True,,935.0,3.0,4.5
2026-09-23 18:05:12,MLLB_000_y1.0.3,GREEN,v4_green_MLLB_000_y103_0923,4.2,4.2,100,80,46,ince,False,iki-OK-arasi-monotonluk,,,,,,,,,,,,True,,935.0,3.0,4.5
2026-09-23 18:05:12,MLLB_000_y1.0.3,GREEN,v4_green_MLLB_000_y103_0923,4.2,4.2,100,80,47,ince,False,iki-OK-arasi-monotonluk,,,,,,,,,,,,True,,935.0,3.0,4.5
2026-09-23 18:05:12,MLLB_000_y1.0.3,GREEN,v4_green_MLLB_000_y103_0923,4.2,4.2,100,80,49,ince,False,iki-OK-arasi-monotonluk,,,,,,,,,,,,True,,935.0,3.0,4.5
2026-09-23 18:05:12,MLLB_000_y1.0.3,GREEN,v4_green_MLLB_000_y103_0923,4.2,4.2,100,80,,bitti,False,,,,,,,,,,,,,,,935.0,3.0,4.5
2026-09-23 18:05:29,MLLB_000_y1.0.3,GREEN,v4_green_MLLB_000_y103_0923,4.2,4.2,100,60,12,kaba,True,,32.0,30.0,12.0,970.0,1002.0,1.092,243.864,223.384,0.777,True,,True,,935.0,3.0,4.5
2026-09-23 18:05:47,MLLB_000_y1.0.3,GREEN,v4_green_MLLB_000_y103_0923,4.2,4.2,100,60,16,kaba,True,,32.0,30.0,12.0,970.0,1002.0,1.092,243.864,223.238,0.7776,True,,True,,935.0,3.0,4.5
2026-09-23 18:06:02,MLLB_000_y1.0.3,GREEN,v4_green_MLLB_000_y103_0923,4.2,4.2,100,60,20,kaba,True,,32.0,30.0,12.0,970.0,1002.0,1.093,243.864,223.097,0.7767,True,,True,,935.0,3.0,4.5
2026-09-23 18:06:19,MLLB_000_y1.0.3,GREEN,v4_green_MLLB_000_y103_0923,4.2,4.2,100,60,24,kaba,True,,32.0,30.0,12.0,970.0,1002.0,1.096,244.635,223.122,0.7773,True,,True,,935.0,3.0,4.5
2026-09-23 18:06:37,MLLB_000_y1.0.3,GREEN,v4_green_MLLB_000_y103_0923,4.2,4.2,100,60,28,kaba,True,,32.0,30.0,12.0,970.0,1002.0,1.093,243.864,223.089,0.7766,True,,True,,935.0,3.0,4.5
2026-09-23 18:06:55,MLLB_000_y1.0.3,GREEN,v4_green_MLLB_000_y103_0923,4.2,4.2,100,60,32,kaba,True,,32.0,30.0,12.0,970.0,1002.0,1.093,243.952,223.128,0.7766,True,,True,,935.0,3.0,4.5
2026-09-23 18:07:13,MLLB_000_y1.0.3,GREEN,v4_green_MLLB_000_y103_0923,4.2,4.2,100,60,36,kaba,True,,32.0,30.0,12.0,970.0,1002.0,1.093,243.864,223.138,0.7765,True,,True,,935.0,3.0,4.5
2026-09-23 18:07:31,MLLB_000_y1.0.3,GREEN,v4_green_MLLB_000_y103_0923,4.2,4.2,100,60,40,kaba,True,,32.0,30.0,12.0,970.0,1002.0,1.093,243.864,223.083,0.7766,True,,True,,935.0,3.0,4.5
2026-09-23 18:07:49,MLLB_000_y1.0.3,GREEN,v4_green_MLLB_000_y103_0923,4.2,4.2,100,60,44,kaba,True,,32.0,30.0,12.0,970.0,1002.0,1.093,243.864,223.201,0.7769,True,,True,,935.0,3.0,4.5
2026-09-23 18:08:07,MLLB_000_y1.0.3,GREEN,v4_green_MLLB_000_y103_0923,4.2,4.2,100,60,48,kaba,True,,32.0,30.0,12.0,970.0,1002.0,1.093,243.864,223.018,0.7768,True,,True,,935.0,3.0,4.5
2026-09-23 18:08:25,MLLB_000_y1.0.3,GREEN,v4_green_MLLB_000_y103_0923,4.2,4.2,100,60,50,kaba,True,,32.0,32.0,10.0,970.0,1002.0,1.093,243.864,223.147,0.7769,True,,True,,935.0,3.0,4.5
2026-09-23 18:08:25,MLLB_000_y1.0.3,GREEN,v4_green_MLLB_000_y103_0923,4.2,4.2,100,60,13,ince,False,iki-OK-arasi-monotonluk,,,,,,,,,,,,True,,935.0,3.0,4.5
2026-09-23 18:08:25,MLLB_000_y1.0.3,GREEN,v4_green_MLLB_000_y103_0923,4.2,4.2,100,60,14,ince,False,iki-OK-arasi-monotonluk,,,,,,,,,,,,True,,935.0,3.0,4.5
2026-09-23 18:08:25,MLLB_000_y1.0.3,GREEN,v4_green_MLLB_000_y103_0923,4.2,4.2,100,60,15,ince,False,iki-OK-arasi-monotonluk,,,,,,,,,,,,True,,935.0,3.0,4.5
2026-09-23 18:08:25,MLLB_000_y1.0.3,GREEN,v4_green_MLLB_000_y103_0923,4.2,4.2,100,60,17,ince,False,iki-OK-arasi-monotonluk,,,,,,,,,,,,True,,935.0,3.0,4.5
2026-09-23 18:08:25,MLLB_000_y1.0.3,GREEN,v4_green_MLLB_000_y103_0923,4.2,4.2,100,60,18,ince,False,iki-OK-arasi-monotonluk,,,,,,,,,,,,True,,935.0,3.0,4.5
2026-09-23 18:08:25,MLLB_000_y1.0.3,GREEN,v4_green_MLLB_000_y103_0923,4.2,4.2,100,60,19,ince,False,iki-OK-arasi-monotonluk,,,,,,,,,,,,True,,935.0,3.0,4.5
2026-09-23 18:08:25,MLLB_000_y1.0.3,GREEN,v4_green_MLLB_000_y103_0923,4.2,4.2,100,60,21,ince,False,iki-OK-arasi-monotonluk,,,,,,,,,,,,True,,935.0,3.0,4.5
2026-09-23 18:08:25,MLLB_000_y1.0.3,GREEN,v4_green_MLLB_000_y103_0923,4.2,4.2,100,60,22,ince,False,iki-OK-arasi-monotonluk,,,,,,,,,,,,True,,935.0,3.0,4.5
2026-09-23 18:08:25,MLLB_000_y1.0.3,GREEN,v4_green_MLLB_000_y103_0923,4.2,4.2,100,60,23,ince,False,iki-OK-arasi-monotonluk,,,,,,,,,,,,True,,935.0,3.0,4.5
2026-09-23 18:08:25,MLLB_000_y1.0.3,GREEN,v4_green_MLLB_000_y103_0923,4.2,4.2,100,60,25,ince,False,iki-OK-arasi-monotonluk,,,,,,,,,,,,True,,935.0,3.0,4.5
2026-09-23 18:08:25,MLLB_000_y1.0.3,GREEN,v4_green_MLLB_000_y103_0923,4.2,4.2,100,60,26,ince,False,iki-OK-arasi-monotonluk,,,,,,,,,,,,True,,935.0,3.0,4.5
2026-09-23 18:08:25,MLLB_000_y1.0.3,GREEN,v4_green_MLLB_000_y103_0923,4.2,4.2,100,60,27,ince,False,iki-OK-arasi-monotonluk,,,,,,,,,,,,True,,935.0,3.0,4.5
2026-09-23 18:08:25,MLLB_000_y1.0.3,GREEN,v4_green_MLLB_000_y103_0923,4.2,4.2,100,60,29,ince,False,iki-OK-arasi-monotonluk,,,,,,,,,,,,True,,935.0,3.0,4.5
2026-09-23 18:08:25,MLLB_000_y1.0.3,GREEN,v4_green_MLLB_000_y103_0923,4.2,4.2,100,60,30,ince,False,iki-OK-arasi-monotonluk,,,,,,,,,,,,True,,935.0,3.0,4.5
2026-09-23 18:08:25,MLLB_000_y1.0.3,GREEN,v4_green_MLLB_000_y103_0923,4.2,4.2,100,60,31,ince,False,iki-OK-arasi-monotonluk,,,,,,,,,,,,True,,935.0,3.0,4.5
2026-09-23 18:08:25,MLLB_000_y1.0.3,GREEN,v4_green_MLLB_000_y103_0923,4.2,4.2,100,60,33,ince,False,iki-OK-arasi-monotonluk,,,,,,,,,,,,True,,935.0,3.0,4.5
2026-09-23 18:08:25,MLLB_000_y1.0.3,GREEN,v4_green_MLLB_000_y103_0923,4.2,4.2,100,60,34,ince,False,iki-OK-arasi-monotonluk,,,,,,,,,,,,True,,935.0,3.0,4.5
2026-09-23 18:08:26,MLLB_000_y1.0.3,GREEN,v4_green_MLLB_000_y103_0923,4.2,4.2,100,60,35,ince,False,iki-OK-arasi-monotonluk,,,,,,,,,,,,True,,935.0,3.0,4.5
2026-09-23 18:08:26,MLLB_000_y1.0.3,GREEN,v4_green_MLLB_000_y103_0923,4.2,4.2,100,60,37,ince,False,iki-OK-arasi-monotonluk,,,,,,,,,,,,True,,935.0,3.0,4.5
2026-09-23 18:08:26,MLLB_000_y1.0.3,GREEN,v4_green_MLLB_000_y103_0923,4.2,4.2,100,60,38,ince,False,iki-OK-arasi-monotonluk,,,,,,,,,,,,True,,935.0,3.0,4.5
2026-09-23 18:08:26,MLLB_000_y1.0.3,GREEN,v4_green_MLLB_000_y103_0923,4.2,4.2,100,60,39,ince,False,iki-OK-arasi-monotonluk,,,,,,,,,,,,True,,935.0,3.0,4.5
2026-09-23 18:08:26,MLLB_000_y1.0.3,GREEN,v4_green_MLLB_000_y103_0923,4.2,4.2,100,60,41,ince,False,iki-OK-arasi-monotonluk,,,,,,,,,,,,True,,935.0,3.0,4.5
2026-09-23 18:08:26,MLLB_000_y1.0.3,GREEN,v4_green_MLLB_000_y103_0923,4.2,4.2,100,60,42,ince,False,iki-OK-arasi-monotonluk,,,,,,,,,,,,True,,935.0,3.0,4.5
2026-09-23 18:08:26,MLLB_000_y1.0.3,GREEN,v4_green_MLLB_000_y103_0923,4.2,4.2,100,60,43,ince,False,iki-OK-arasi-monotonluk,,,,,,,,,,,,True,,935.0,3.0,4.5
2026-09-23 18:08:26,MLLB_000_y1.0.3,GREEN,v4_green_MLLB_000_y103_0923,4.2,4.2,100,60,45,ince,False,iki-OK-arasi-monotonluk,,,,,,,,,,,,True,,935.0,3.0,4.5
2026-09-23 18:08:26,MLLB_000_y1.0.3,GREEN,v4_green_MLLB_000_y103_0923,4.2,4.2,100,60,46,ince,False,iki-OK-arasi-monotonluk,,,,,,,,,,,,True,,935.0,3.0,4.5
2026-09-23 18:08:26,MLLB_000_y1.0.3,GREEN,v4_green_MLLB_000_y103_0923,4.2,4.2,100,60,47,ince,False,iki-OK-arasi-monotonluk,,,,,,,,,,,,True,,935.0,3.0,4.5
2026-09-23 18:08:26,MLLB_000_y1.0.3,GREEN,v4_green_MLLB_000_y103_0923,4.2,4.2,100,60,49,ince,False,iki-OK-arasi-monotonluk,,,,,,,,,,,,True,,935.0,3.0,4.5
2026-09-23 18:08:26,MLLB_000_y1.0.3,GREEN,v4_green_MLLB_000_y103_0923,4.2,4.2,100,60,,bitti,False,,,,,,,,,,,,,,,935.0,3.0,4.5
2026-09-23 18:08:57,MLLB_000_y1.0.3,GREEN,v4_green_MLLB_000_y103_0923,3.6,3.609,4,100,12,kaba,True,,574.0,568.0,102.0,428.0,1002.0,1.485,7.333,4.937,0.0702,True,,False,ON,935.0,3.0,4.5
2026-09-23 18:09:15,MLLB_000_y1.0.3,GREEN,v4_green_MLLB_000_y103_0923,3.6,3.609,4,100,16,kaba,True,,386.0,440.0,10.0,616.0,1002.0,1.51,7.576,5.016,0.0691,True,,False,ON,935.0,3.0,4.5
2026-09-23 18:09:33,MLLB_000_y1.0.3,GREEN,v4_green_MLLB_000_y103_0923,3.6,3.609,4,100,20,kaba,True,,222.0,268.0,68.0,780.0,1002.0,1.54,7.788,5.058,0.0702,True,,False,ON,935.0,3.0,4.5
2026-09-23 18:09:51,MLLB_000_y1.0.3,GREEN,v4_green_MLLB_000_y103_0923,3.6,3.609,4,100,24,kaba,True,,38.0,130.0,16.0,964.0,1002.0,1.579,8.049,5.097,0.0697,True,,True,,935.0,3.0,4.5
2026-09-23 18:10:09,MLLB_000_y1.0.3,GREEN,v4_green_MLLB_000_y103_0923,3.6,3.609,4,100,28,kaba,True,,16.0,6.0,14.0,986.0,1002.0,8.707,44.317,5.09,0.0691,True,,False,FLAS,935.0,3.0,4.5
2026-09-23 18:10:27,MLLB_000_y1.0.3,GREEN,v4_green_MLLB_000_y103_0923,3.6,3.609,4,100,21,ince,True,,198.0,236.0,50.0,804.0,1002.0,1.585,8.061,5.087,0.0713,True,,False,ON,935.0,3.0,4.5
2026-09-23 18:10:45,MLLB_000_y1.0.3,GREEN,v4_green_MLLB_000_y103_0923,3.6,3.609,4,100,22,ince,True,,132.0,180.0,36.0,870.0,1002.0,1.46,7.465,5.112,0.068,True,,False,ON,935.0,3.0,4.5
2026-09-23 18:11:03,MLLB_000_y1.0.3,GREEN,v4_green_MLLB_000_y103_0923,3.6,3.609,4,100,23,ince,True,,98.0,198.0,18.0,904.0,1002.0,1.444,7.333,5.079,0.0694,True,,False,ON,935.0,3.0,4.5
2026-09-23 18:11:21,MLLB_000_y1.0.3,GREEN,v4_green_MLLB_000_y103_0923,3.6,3.609,4,100,25,ince,True,,22.0,14.0,14.0,980.0,1002.0,3.032,15.468,5.102,0.0673,True,,False,FLAS,935.0,3.0,4.5
2026-09-23 18:11:39,MLLB_000_y1.0.3,GREEN,v4_green_MLLB_000_y103_0923,3.6,3.609,4,100,26,ince,True,,18.0,6.0,14.0,984.0,1002.0,5.158,26.218,5.083,0.069,True,,False,FLAS,935.0,3.0,4.5
2026-09-23 18:11:57,MLLB_000_y1.0.3,GREEN,v4_green_MLLB_000_y103_0923,3.6,3.609,4,100,27,ince,True,,16.0,6.0,14.0,986.0,1002.0,6.362,32.386,5.09,0.0691,True,,False,FLAS,935.0,3.0,4.5
2026-09-23 18:11:57,MLLB_000_y1.0.3,GREEN,v4_green_MLLB_000_y103_0923,3.6,3.609,4,100,,bitti,False,,,,,,,,,,,,,,,935.0,3.0,4.5
2026-09-23 18:12:15,MLLB_000_y1.0.3,GREEN,v4_green_MLLB_000_y103_0923,3.6,3.609,4,80,12,kaba,True,,646.0,596.0,120.0,356.0,1002.0,1.507,7.355,4.882,0.0654,True,,False,ON,935.0,3.0,4.5
2026-09-23 18:12:33,MLLB_000_y1.0.3,GREEN,v4_green_MLLB_000_y103_0923,3.6,3.609,4,80,16,kaba,True,,538.0,568.0,22.0,464.0,1002.0,1.635,8.125,4.97,0.0685,True,,False,ON,935.0,3.0,4.5
2026-09-23 18:12:48,MLLB_000_y1.0.3,GREEN,v4_green_MLLB_000_y103_0923,3.6,3.609,4,80,20,kaba,True,,370.0,326.0,148.0,632.0,1002.0,1.459,7.331,5.024,0.0682,True,,False,ON,935.0,3.0,4.5
2026-09-23 18:13:05,MLLB_000_y1.0.3,GREEN,v4_green_MLLB_000_y103_0923,3.6,3.609,4,80,24,kaba,True,,232.0,250.0,68.0,770.0,1002.0,1.495,7.595,5.082,0.0692,True,,False,ON,935.0,3.0,4.5
2026-09-23 18:13:23,MLLB_000_y1.0.3,GREEN,v4_green_MLLB_000_y103_0923,3.6,3.609,4,80,28,kaba,True,,90.0,184.0,20.0,912.0,1002.0,1.456,7.421,5.097,0.0684,True,,False,ON,935.0,3.0,4.5
2026-09-23 18:13:41,MLLB_000_y1.0.3,GREEN,v4_green_MLLB_000_y103_0923,3.6,3.609,4,80,32,kaba,True,,24.0,6.0,18.0,978.0,1002.0,5.779,29.557,5.115,0.0681,True,,False,FLAS,935.0,3.0,4.5
2026-09-23 18:13:59,MLLB_000_y1.0.3,GREEN,v4_green_MLLB_000_y103_0923,3.6,3.609,4,80,36,kaba,True,,22.0,4.0,18.0,980.0,1002.0,22.685,115.754,5.103,0.0702,True,,False,FLAS,935.0,3.0,4.5
2026-09-23 18:14:17,MLLB_000_y1.0.3,GREEN,v4_green_MLLB_000_y103_0923,3.6,3.609,4,80,29,ince,True,,38.0,28.0,18.0,964.0,1002.0,1.44,7.342,5.097,0.0656,True,,True,,935.0,3.0,4.5
2026-09-23 18:14:35,MLLB_000_y1.0.3,GREEN,v4_green_MLLB_000_y103_0923,3.6,3.609,4,80,30,ince,True,,28.0,14.0,18.0,974.0,1002.0,2.712,13.811,5.093,0.0681,True,,True,,935.0,3.0,4.5
2026-09-23 18:14:53,MLLB_000_y1.0.3,GREEN,v4_green_MLLB_000_y103_0923,3.6,3.609,4,80,31,ince,True,,24.0,10.0,18.0,978.0,1002.0,4.547,23.173,5.097,0.0671,True,,False,FLAS,935.0,3.0,4.5
2026-09-23 18:14:53,MLLB_000_y1.0.3,GREEN,v4_green_MLLB_000_y103_0923,3.6,3.609,4,80,,bitti,False,,,,,,,,,,,,,,,935.0,3.0,4.5
2026-09-23 18:15:11,MLLB_000_y1.0.3,GREEN,v4_green_MLLB_000_y103_0923,3.6,3.609,4,60,12,kaba,True,,718.0,766.0,0.0,284.0,1002.0,1.795,8.879,4.946,0.059,True,,False,ON,935.0,3.0,4.5
2026-09-23 18:15:29,MLLB_000_y1.0.3,GREEN,v4_green_MLLB_000_y103_0923,3.6,3.609,4,60,16,kaba,True,,650.0,262.0,476.0,352.0,1002.0,1.745,8.539,4.893,0.0653,True,,False,ON,935.0,3.0,4.5
2026-09-23 18:15:44,MLLB_000_y1.0.3,GREEN,v4_green_MLLB_000_y103_0923,3.6,3.609,4,60,20,kaba,True,,538.0,530.0,104.0,464.0,1002.0,1.99,9.829,4.938,0.0698,True,,False,ON,935.0,3.0,4.5
2026-09-23 18:16:01,MLLB_000_y1.0.3,GREEN,v4_green_MLLB_000_y103_0923,3.6,3.609,4,60,24,kaba,True,,438.0,334.0,194.0,564.0,1002.0,1.479,7.418,5.016,0.0677,True,,False,ON,935.0,3.0,4.5
2026-09-23 18:16:19,MLLB_000_y1.0.3,GREEN,v4_green_MLLB_000_y103_0923,3.6,3.609,4,60,28,kaba,True,,342.0,394.0,48.0,660.0,1002.0,1.516,7.659,5.051,0.0686,True,,False,ON,935.0,3.0,4.5
2026-09-23 18:16:37,MLLB_000_y1.0.3,GREEN,v4_green_MLLB_000_y103_0923,3.6,3.609,4,60,32,kaba,True,,224.0,296.0,28.0,778.0,1002.0,1.45,7.378,5.089,0.068,True,,False,ON,935.0,3.0,4.5
2026-09-23 18:16:55,MLLB_000_y1.0.3,GREEN,v4_green_MLLB_000_y103_0923,3.6,3.609,4,60,36,kaba,True,,130.0,202.0,22.0,872.0,1002.0,1.457,7.423,5.093,0.0679,True,,False,ON,935.0,3.0,4.5
2026-09-23 18:17:13,MLLB_000_y1.0.3,GREEN,v4_green_MLLB_000_y103_0923,3.6,3.609,4,60,40,kaba,True,,34.0,16.0,26.0,968.0,1002.0,3.297,16.678,5.059,0.0704,True,,False,FLAS,935.0,3.0,4.5
2026-09-23 18:17:31,MLLB_000_y1.0.3,GREEN,v4_green_MLLB_000_y103_0923,3.6,3.609,4,60,44,kaba,True,,32.0,6.0,26.0,970.0,1002.0,6.747,34.323,5.087,0.0678,True,,False,FLAS,935.0,3.0,4.5
2026-09-23 18:17:49,MLLB_000_y1.0.3,GREEN,v4_green_MLLB_000_y103_0923,3.6,3.609,4,60,37,ince,True,,84.0,182.0,28.0,918.0,1002.0,1.444,7.335,5.078,0.0654,True,,False,ON,935.0,3.0,4.5
2026-09-23 18:18:07,MLLB_000_y1.0.3,GREEN,v4_green_MLLB_000_y103_0923,3.6,3.609,4,60,38,ince,True,,52.0,104.0,26.0,950.0,1002.0,1.474,7.49,5.081,0.0648,True,,True,,935.0,3.0,4.5
2026-09-23 18:18:22,MLLB_000_y1.0.3,GREEN,v4_green_MLLB_000_y103_0923,3.6,3.609,4,60,39,ince,True,,38.0,16.0,26.0,964.0,1002.0,2.114,10.681,5.052,0.065,True,,True,,935.0,3.0,4.5
2026-09-23 18:18:22,MLLB_000_y1.0.3,GREEN,v4_green_MLLB_000_y103_0923,3.6,3.609,4,60,,bitti,False,,,,,,,,,,,,,,,935.0,3.0,4.5
2026-09-23 18:18:47,MLLB_000_y1.0.3,GREEN,v4_green_MLLB_000_y103_0923,3.6,3.609,5,100,12,kaba,True,,406.0,410.0,24.0,596.0,1002.0,1.132,8.054,7.113,0.0896,True,,False,ON,935.0,3.0,4.5
2026-09-23 18:19:02,MLLB_000_y1.0.3,GREEN,v4_green_MLLB_000_y103_0923,3.6,3.609,5,100,16,kaba,True,,294.0,112.0,206.0,708.0,1002.0,1.285,9.221,7.177,0.0895,True,,False,ON,935.0,3.0,4.5
2026-09-23 18:19:19,MLLB_000_y1.0.3,GREEN,v4_green_MLLB_000_y103_0923,3.6,3.609,5,100,20,kaba,True,,176.0,214.0,2.0,826.0,1002.0,1.219,9.015,7.393,0.0893,True,,False,ON,935.0,3.0,4.5
2026-09-23 18:19:37,MLLB_000_y1.0.3,GREEN,v4_green_MLLB_000_y103_0923,3.6,3.609,5,100,24,kaba,True,,40.0,40.0,14.0,962.0,1002.0,1.109,8.054,7.262,0.0878,True,,True,,935.0,3.0,4.5
2026-09-23 18:19:55,MLLB_000_y1.0.3,GREEN,v4_green_MLLB_000_y103_0923,3.6,3.609,5,100,28,kaba,True,,18.0,6.0,14.0,984.0,1002.0,5.841,42.406,7.26,0.0899,True,,False,FLAS,935.0,3.0,4.5
2026-09-23 18:20:13,MLLB_000_y1.0.3,GREEN,v4_green_MLLB_000_y103_0923,3.6,3.609,5,100,32,kaba,True,,18.0,4.0,14.0,984.0,1002.0,25.771,187.098,7.26,0.0892,True,,False,FLAS,935.0,3.0,4.5
2026-09-23 18:20:31,MLLB_000_y1.0.3,GREEN,v4_green_MLLB_000_y103_0923,3.6,3.609,5,100,21,ince,True,,152.0,178.0,10.0,850.0,1002.0,1.11,8.054,7.253,0.0882,True,,False,ON,935.0,3.0,4.5
2026-09-23 18:20:49,MLLB_000_y1.0.3,GREEN,v4_green_MLLB_000_y103_0923,3.6,3.609,5,100,22,ince,True,,122.0,132.0,10.0,880.0,1002.0,1.111,8.076,7.271,0.0881,True,,False,ON,935.0,3.0,4.5
2026-09-23 18:21:07,MLLB_000_y1.0.3,GREEN,v4_green_MLLB_000_y103_0923,3.6,3.609,5,100,23,ince,True,,78.0,94.0,20.0,924.0,1002.0,1.109,8.054,7.263,0.0883,True,,False,ON,935.0,3.0,4.5
2026-09-23 18:21:25,MLLB_000_y1.0.3,GREEN,v4_green_MLLB_000_y103_0923,3.6,3.609,5,100,25,ince,True,,30.0,22.0,14.0,972.0,1002.0,1.971,14.345,7.277,0.0907,True,,True,,935.0,3.0,4.5
2026-09-23 18:21:43,MLLB_000_y1.0.3,GREEN,v4_green_MLLB_000_y103_0923,3.6,3.609,5,100,26,ince,True,,20.0,12.0,14.0,982.0,1002.0,3.533,25.626,7.253,0.0895,True,,False,FLAS,935.0,3.0,4.5
2026-09-23 18:22:01,MLLB_000_y1.0.3,GREEN,v4_green_MLLB_000_y103_0923,3.6,3.609,5,100,27,ince,True,,20.0,8.0,14.0,982.0,1002.0,4.404,32.132,7.296,0.0894,True,,False,FLAS,935.0,3.0,4.5
2026-09-23 18:22:01,MLLB_000_y1.0.3,GREEN,v4_green_MLLB_000_y103_0923,3.6,3.609,5,100,,bitti,False,,,,,,,,,,,,,,,935.0,3.0,4.5
2026-09-23 18:22:16,MLLB_000_y1.0.3,GREEN,v4_green_MLLB_000_y103_0923,3.6,3.609,5,80,12,kaba,True,,458.0,128.0,374.0,544.0,1002.0,1.14,8.05,7.062,0.0894,True,,False,ON,935.0,3.0,4.5
2026-09-23 18:22:33,MLLB_000_y1.0.3,GREEN,v4_green_MLLB_000_y103_0923,3.6,3.609,5,80,16,kaba,True,,366.0,204.0,190.0,636.0,1002.0,1.127,8.054,7.148,0.091,True,,False,ON,935.0,3.0,4.5
2026-09-23 18:22:51,MLLB_000_y1.0.3,GREEN,v4_green_MLLB_000_y103_0923,3.6,3.609,5,80,20,kaba,True,,278.0,132.0,162.0,724.0,1002.0,1.113,8.054,7.234,0.0902,True,,False,ON,935.0,3.0,4.5
2026-09-23 18:23:09,MLLB_000_y1.0.3,GREEN,v4_green_MLLB_000_y103_0923,3.6,3.609,5,80,24,kaba,True,,186.0,130.0,78.0,816.0,1002.0,1.113,8.071,7.251,0.0911,True,,False,ON,935.0,3.0,4.5
2026-09-23 18:23:27,MLLB_000_y1.0.3,GREEN,v4_green_MLLB_000_y103_0923,3.6,3.609,5,80,28,kaba,True,,84.0,82.0,20.0,918.0,1002.0,1.108,8.054,7.27,0.0918,True,,False,ON,935.0,3.0,4.5
2026-09-23 18:23:42,MLLB_000_y1.0.3,GREEN,v4_green_MLLB_000_y103_0923,3.6,3.609,5,80,32,kaba,True,,24.0,10.0,18.0,978.0,1002.0,4.018,29.156,7.257,0.0927,True,,False,FLAS,935.0,3.0,4.5
2026-09-23 18:23:59,MLLB_000_y1.0.3,GREEN,v4_green_MLLB_000_y103_0923,3.6,3.609,5,80,36,kaba,True,,22.0,6.0,18.0,980.0,1002.0,15.805,114.853,7.267,0.0891,True,,False,FLAS,935.0,3.0,4.5
2026-09-23 18:24:17,MLLB_000_y1.0.3,GREEN,v4_green_MLLB_000_y103_0923,3.6,3.609,5,80,29,ince,True,,54.0,48.0,18.0,948.0,1002.0,1.107,8.054,7.272,0.0911,True,,True,,935.0,3.0,4.5
2026-09-23 18:24:35,MLLB_000_y1.0.3,GREEN,v4_green_MLLB_000_y103_0923,3.6,3.609,5,80,30,ince,True,,34.0,22.0,18.0,968.0,1002.0,1.813,13.181,7.271,0.0935,True,,True,,935.0,3.0,4.5
2026-09-23 18:24:53,MLLB_000_y1.0.3,GREEN,v4_green_MLLB_000_y103_0923,3.6,3.609,5,80,31,ince,True,,26.0,16.0,18.0,976.0,1002.0,3.107,22.589,7.27,0.0927,True,,False,FLAS,935.0,3.0,4.5
2026-09-23 18:24:54,MLLB_000_y1.0.3,GREEN,v4_green_MLLB_000_y103_0923,3.6,3.609,5,80,,bitti,False,,,,,,,,,,,,,,,935.0,3.0,4.5
2026-09-23 18:25:11,MLLB_000_y1.0.3,GREEN,v4_green_MLLB_000_y103_0923,3.6,3.609,5,60,12,kaba,True,,518.0,380.0,162.0,484.0,1002.0,1.146,8.054,7.027,0.0918,True,,False,ON,935.0,3.0,4.5
2026-09-23 18:25:29,MLLB_000_y1.0.3,GREEN,v4_green_MLLB_000_y103_0923,3.6,3.609,5,60,16,kaba,True,,462.0,482.0,0.0,540.0,1002.0,1.148,8.152,7.102,0.0898,True,,False,ON,935.0,3.0,4.5
2026-09-23 18:25:47,MLLB_000_y1.0.3,GREEN,v4_green_MLLB_000_y103_0923,3.6,3.609,5,60,20,kaba,True,,390.0,112.0,296.0,612.0,1002.0,1.128,8.054,7.139,0.0924,True,,False,ON,935.0,3.0,4.5
2026-09-23 18:26:05,MLLB_000_y1.0.3,GREEN,v4_green_MLLB_000_y103_0923,3.6,3.609,5,60,24,kaba,True,,318.0,134.0,206.0,684.0,1002.0,1.118,8.054,7.2,0.0916,True,,False,ON,935.0,3.0,4.5
2026-09-23 18:26:23,MLLB_000_y1.0.3,GREEN,v4_green_MLLB_000_y103_0923,3.6,3.609,5,60,28,kaba,True,,248.0,242.0,96.0,754.0,1002.0,1.112,8.054,7.242,0.0892,True,,False,ON,935.0,3.0,4.5
2026-09-23 18:26:41,MLLB_000_y1.0.3,GREEN,v4_green_MLLB_000_y103_0923,3.6,3.609,5,60,32,kaba,True,,184.0,206.0,4.0,818.0,1002.0,1.111,8.065,7.258,0.0933,True,,False,ON,935.0,3.0,4.5
2026-09-23 18:26:59,MLLB_000_y1.0.3,GREEN,v4_green_MLLB_000_y103_0923,3.6,3.609,5,60,36,kaba,True,,110.0,102.0,32.0,892.0,1002.0,1.11,8.054,7.255,0.0913,True,,False,ON,935.0,3.0,4.5
2026-09-23 18:27:17,MLLB_000_y1.0.3,GREEN,v4_green_MLLB_000_y103_0923,3.6,3.609,5,60,40,kaba,True,,40.0,22.0,26.0,962.0,1002.0,2.177,15.797,7.257,0.0925,True,,True,,935.0,3.0,4.5
2026-09-23 18:27:35,MLLB_000_y1.0.3,GREEN,v4_green_MLLB_000_y103_0923,3.6,3.609,5,60,44,kaba,True,,34.0,10.0,26.0,968.0,1002.0,4.665,33.932,7.274,0.094,True,,False,FLAS,935.0,3.0,4.5
2026-09-23 18:27:53,MLLB_000_y1.0.3,GREEN,v4_green_MLLB_000_y103_0923,3.6,3.609,5,60,48,kaba,True,,34.0,8.0,26.0,968.0,1002.0,14.288,103.695,7.257,0.0899,True,,False,FLAS,935.0,3.0,4.5
2026-09-23 18:28:11,MLLB_000_y1.0.3,GREEN,v4_green_MLLB_000_y103_0923,3.6,3.609,5,60,37,ince,True,,90.0,84.0,32.0,912.0,1002.0,1.148,8.333,7.261,0.0906,True,,False,ON,935.0,3.0,4.5
2026-09-23 18:28:29,MLLB_000_y1.0.3,GREEN,v4_green_MLLB_000_y103_0923,3.6,3.609,5,60,38,ince,True,,58.0,52.0,30.0,944.0,1002.0,1.108,8.054,7.267,0.0942,True,,True,,935.0,3.0,4.5
2026-09-23 18:28:47,MLLB_000_y1.0.3,GREEN,v4_green_MLLB_000_y103_0923,3.6,3.609,5,60,39,ince,True,,42.0,24.0,26.0,960.0,1002.0,1.409,10.234,7.262,0.0914,True,,True,,935.0,3.0,4.5
2026-09-23 18:29:05,MLLB_000_y1.0.3,GREEN,v4_green_MLLB_000_y103_0923,3.6,3.609,5,60,41,ince,True,,38.0,14.0,26.0,964.0,1002.0,3.147,22.889,7.274,0.0919,True,,False,FLAS,935.0,3.0,4.5
2026-09-23 18:29:20,MLLB_000_y1.0.3,GREEN,v4_green_MLLB_000_y103_0923,3.6,3.609,5,60,42,ince,True,,34.0,12.0,26.0,968.0,1002.0,3.8,27.553,7.25,0.0913,True,,False,FLAS,935.0,3.0,4.5
2026-09-23 18:29:37,MLLB_000_y1.0.3,GREEN,v4_green_MLLB_000_y103_0923,3.6,3.609,5,60,43,ince,True,,32.0,10.0,26.0,970.0,1002.0,4.308,31.269,7.258,0.0886,True,,False,FLAS,935.0,3.0,4.5
2026-09-23 18:29:38,MLLB_000_y1.0.3,GREEN,v4_green_MLLB_000_y103_0923,3.6,3.609,5,60,,bitti,False,,,,,,,,,,,,,,,935.0,3.0,4.5
2026-09-23 18:30:03,MLLB_000_y1.0.3,GREEN,v4_green_MLLB_000_y103_0923,3.6,3.609,6,100,12,kaba,True,,314.0,120.0,234.0,688.0,1002.0,1.08,10.391,9.624,0.1144,True,,False,ON,935.0,3.0,4.5
2026-09-23 18:30:21,MLLB_000_y1.0.3,GREEN,v4_green_MLLB_000_y103_0923,3.6,3.609,6,100,16,kaba,True,,226.0,126.0,160.0,776.0,1002.0,1.113,10.5,9.433,0.1166,True,,False,ON,935.0,3.0,4.5
2026-09-23 18:30:39,MLLB_000_y1.0.3,GREEN,v4_green_MLLB_000_y103_0923,3.6,3.609,6,100,20,kaba,True,,142.0,112.0,74.0,860.0,1002.0,1.101,10.417,9.459,0.1133,True,,False,ON,935.0,3.0,4.5
2026-09-23 18:30:57,MLLB_000_y1.0.3,GREEN,v4_green_MLLB_000_y103_0923,3.6,3.609,6,100,24,kaba,True,,50.0,92.0,14.0,952.0,1002.0,1.101,10.417,9.464,0.1097,True,,True,,935.0,3.0,4.5
2026-09-23 18:31:15,MLLB_000_y1.0.3,GREEN,v4_green_MLLB_000_y103_0923,3.6,3.609,6,100,28,kaba,True,,20.0,8.0,14.0,982.0,1002.0,4.428,41.877,9.457,0.1111,True,,False,FLAS,935.0,3.0,4.5
2026-09-23 18:31:30,MLLB_000_y1.0.3,GREEN,v4_green_MLLB_000_y103_0923,3.6,3.609,6,100,32,kaba,True,,18.0,6.0,14.0,984.0,1002.0,19.702,185.916,9.437,0.1121,True,,False,FLAS,935.0,3.0,4.5
2026-09-23 18:31:47,MLLB_000_y1.0.3,GREEN,v4_green_MLLB_000_y103_0923,3.6,3.609,6,100,21,ince,True,,126.0,100.0,52.0,876.0,1002.0,1.102,10.417,9.45,0.1111,True,,False,ON,935.0,3.0,4.5
2026-09-23 18:32:05,MLLB_000_y1.0.3,GREEN,v4_green_MLLB_000_y103_0923,3.6,3.609,6,100,22,ince,True,,106.0,102.0,32.0,896.0,1002.0,1.099,10.417,9.476,0.1105,True,,False,ON,935.0,3.0,4.5
2026-09-23 18:32:23,MLLB_000_y1.0.3,GREEN,v4_green_MLLB_000_y103_0923,3.6,3.609,6,100,23,ince,True,,82.0,130.0,18.0,920.0,1002.0,1.1,10.417,9.471,0.1129,True,,False,ON,935.0,3.0,4.5
2026-09-23 18:32:41,MLLB_000_y1.0.3,GREEN,v4_green_MLLB_000_y103_0923,3.6,3.609,6,100,25,ince,True,,30.0,28.0,14.0,972.0,1002.0,1.488,14.071,9.455,0.1092,True,,True,,935.0,3.0,4.5
2026-09-23 18:32:59,MLLB_000_y1.0.3,GREEN,v4_green_MLLB_000_y103_0923,3.6,3.609,6,100,26,ince,True,,24.0,14.0,14.0,978.0,1002.0,2.69,25.428,9.454,0.1112,True,,True,,935.0,3.0,4.5
2026-09-23 18:33:17,MLLB_000_y1.0.3,GREEN,v4_green_MLLB_000_y103_0923,3.6,3.609,6,100,27,ince,True,,20.0,10.0,14.0,982.0,1002.0,3.375,31.929,9.46,0.1124,True,,False,FLAS,935.0,3.0,4.5
2026-09-23 18:33:17,MLLB_000_y1.0.3,GREEN,v4_green_MLLB_000_y103_0923,3.6,3.609,6,100,,bitti,False,,,,,,,,,,,,,,,935.0,3.0,4.5
2026-09-23 18:33:35,MLLB_000_y1.0.3,GREEN,v4_green_MLLB_000_y103_0923,3.6,3.609,6,80,12,kaba,True,,362.0,144.0,290.0,640.0,1002.0,1.115,10.356,9.291,0.11,True,,False,ON,935.0,3.0,4.5
2026-09-23 18:33:53,MLLB_000_y1.0.3,GREEN,v4_green_MLLB_000_y103_0923,3.6,3.609,6,80,16,kaba,True,,290.0,124.0,226.0,712.0,1002.0,1.113,10.417,9.355,0.111,True,,False,ON,935.0,3.0,4.5
2026-09-23 18:34:11,MLLB_000_y1.0.3,GREEN,v4_green_MLLB_000_y103_0923,3.6,3.609,6,80,20,kaba,True,,218.0,116.0,146.0,784.0,1002.0,1.108,10.417,9.402,0.1117,True,,False,ON,935.0,3.0,4.5
2026-09-23 18:34:29,MLLB_000_y1.0.3,GREEN,v4_green_MLLB_000_y103_0923,3.6,3.609,6,80,24,kaba,True,,138.0,132.0,82.0,864.0,1002.0,1.104,10.432,9.448,0.1107,True,,False,ON,935.0,3.0,4.5
2026-09-23 18:34:47,MLLB_000_y1.0.3,GREEN,v4_green_MLLB_000_y103_0923,3.6,3.609,6,80,28,kaba,True,,74.0,180.0,22.0,928.0,1002.0,1.102,10.417,9.454,0.1122,True,,False,ON,935.0,3.0,4.5
2026-09-23 18:35:02,MLLB_000_y1.0.3,GREEN,v4_green_MLLB_000_y103_0923,3.6,3.609,6,80,32,kaba,True,,28.0,14.0,18.0,974.0,1002.0,3.066,28.955,9.443,0.1161,True,,False,FLAS,935.0,3.0,4.5
2026-09-23 18:35:17,MLLB_000_y1.0.3,GREEN,v4_green_MLLB_000_y103_0923,3.6,3.609,6,80,36,kaba,True,,24.0,6.0,18.0,978.0,1002.0,11.759,113.82,9.68,0.1149,True,,False,FLAS,935.0,3.0,4.5
2026-09-23 18:35:35,MLLB_000_y1.0.3,GREEN,v4_green_MLLB_000_y103_0923,3.6,3.609,6,80,29,ince,True,,50.0,134.0,22.0,952.0,1002.0,1.102,10.417,9.45,0.1161,True,,True,,935.0,3.0,4.5
2026-09-23 18:35:50,MLLB_000_y1.0.3,GREEN,v4_green_MLLB_000_y103_0923,3.6,3.609,6,80,30,ince,True,,36.0,26.0,18.0,966.0,1002.0,1.351,12.764,9.447,0.1124,True,,True,,935.0,3.0,4.5
2026-09-23 18:36:07,MLLB_000_y1.0.3,GREEN,v4_green_MLLB_000_y103_0923,3.6,3.609,6,80,31,ince,True,,28.0,18.0,18.0,974.0,1002.0,2.327,22.006,9.458,0.1143,True,,True,,935.0,3.0,4.5
2026-09-23 18:36:08,MLLB_000_y1.0.3,GREEN,v4_green_MLLB_000_y103_0923,3.6,3.609,6,80,,bitti,False,,,,,,,,,,,,,,,935.0,3.0,4.5
2026-09-23 18:36:25,MLLB_000_y1.0.3,GREEN,v4_green_MLLB_000_y103_0923,3.6,3.609,6,60,12,kaba,True,,398.0,146.0,310.0,604.0,1002.0,1.125,10.417,9.256,0.1147,True,,False,ON,935.0,3.0,4.5
2026-09-23 18:36:43,MLLB_000_y1.0.3,GREEN,v4_green_MLLB_000_y103_0923,3.6,3.609,6,60,16,kaba,True,,354.0,144.0,282.0,648.0,1002.0,1.119,10.426,9.316,0.1149,True,,False,ON,935.0,3.0,4.5
2026-09-23 18:37:01,MLLB_000_y1.0.3,GREEN,v4_green_MLLB_000_y103_0923,3.6,3.609,6,60,20,kaba,True,,294.0,114.0,220.0,708.0,1002.0,1.116,10.417,9.333,0.1122,True,,False,ON,935.0,3.0,4.5
2026-09-23 18:37:19,MLLB_000_y1.0.3,GREEN,v4_green_MLLB_000_y103_0923,3.6,3.609,6,60,24,kaba,True,,250.0,92.0,182.0,752.0,1002.0,1.112,10.45,9.401,0.1131,True,,False,ON,935.0,3.0,4.5
2026-09-23 18:37:37,MLLB_000_y1.0.3,GREEN,v4_green_MLLB_000_y103_0923,3.6,3.609,6,60,28,kaba,True,,204.0,294.0,4.0,798.0,1002.0,1.104,10.417,9.431,0.1134,True,,False,ON,935.0,3.0,4.5
2026-09-23 18:37:55,MLLB_000_y1.0.3,GREEN,v4_green_MLLB_000_y103_0923,3.6,3.609,6,60,32,kaba,True,,146.0,128.0,78.0,856.0,1002.0,1.103,10.46,9.484,0.1098,True,,False,ON,935.0,3.0,4.5
2026-09-23 18:38:13,MLLB_000_y1.0.3,GREEN,v4_green_MLLB_000_y103_0923,3.6,3.609,6,60,36,kaba,True,,94.0,108.0,32.0,908.0,1002.0,1.102,10.417,9.453,0.1108,True,,False,ON,935.0,3.0,4.5
2026-09-23 18:38:31,MLLB_000_y1.0.3,GREEN,v4_green_MLLB_000_y103_0923,3.6,3.609,6,60,40,kaba,True,,46.0,26.0,26.0,956.0,1002.0,1.634,15.478,9.474,0.1125,True,,True,,935.0,3.0,4.5
2026-09-23 18:38:49,MLLB_000_y1.0.3,GREEN,v4_green_MLLB_000_y103_0923,3.6,3.609,6,60,44,kaba,True,,36.0,12.0,26.0,966.0,1002.0,3.58,33.865,9.46,0.1127,True,,False,FLAS,935.0,3.0,4.5
2026-09-23 18:39:07,MLLB_000_y1.0.3,GREEN,v4_green_MLLB_000_y103_0923,3.6,3.609,6,60,48,kaba,True,,34.0,10.0,26.0,968.0,1002.0,10.965,103.695,9.457,0.1141,True,,False,FLAS,935.0,3.0,4.5
2026-09-23 18:39:25,MLLB_000_y1.0.3,GREEN,v4_green_MLLB_000_y103_0923,3.6,3.609,6,60,37,ince,True,,78.0,124.0,32.0,924.0,1002.0,1.101,10.417,9.458,0.1134,True,,False,ON,935.0,3.0,4.5
2026-09-23 18:39:43,MLLB_000_y1.0.3,GREEN,v4_green_MLLB_000_y103_0923,3.6,3.609,6,60,38,ince,True,,62.0,78.0,26.0,940.0,1002.0,1.104,10.417,9.434,0.1117,True,,True,,935.0,3.0,4.5
2026-09-23 18:40:01,MLLB_000_y1.0.3,GREEN,v4_green_MLLB_000_y103_0923,3.6,3.609,6,60,39,ince,True,,46.0,30.0,26.0,956.0,1002.0,1.101,10.417,9.465,0.1149,True,,True,,935.0,3.0,4.5
2026-09-23 18:40:16,MLLB_000_y1.0.3,GREEN,v4_green_MLLB_000_y103_0923,3.6,3.609,6,60,41,ince,True,,38.0,18.0,26.0,964.0,1002.0,2.394,22.592,9.437,0.1123,True,,True,,935.0,3.0,4.5
2026-09-23 18:40:33,MLLB_000_y1.0.3,GREEN,v4_green_MLLB_000_y103_0923,3.6,3.609,6,60,42,ince,True,,36.0,14.0,26.0,966.0,1002.0,2.909,27.494,9.452,0.1148,True,,True,,935.0,3.0,4.5
2026-09-23 18:40:48,MLLB_000_y1.0.3,GREEN,v4_green_MLLB_000_y103_0923,3.6,3.609,6,60,43,ince,True,,36.0,14.0,26.0,966.0,1002.0,3.288,31.068,9.45,0.1137,True,,False,FLAS,935.0,3.0,4.5
2026-09-23 18:40:49,MLLB_000_y1.0.3,GREEN,v4_green_MLLB_000_y103_0923,3.6,3.609,6,60,,bitti,False,,,,,,,,,,,,,,,935.0,3.0,4.5
2026-09-23 18:41:13,MLLB_000_y1.0.3,GREEN,v4_green_MLLB_000_y103_0923,3.6,3.609,7,100,12,kaba,True,,260.0,106.0,208.0,742.0,1002.0,1.106,12.839,11.608,0.1332,True,,False,ON,935.0,3.0,4.5
2026-09-23 18:41:31,MLLB_000_y1.0.3,GREEN,v4_green_MLLB_000_y103_0923,3.6,3.609,7,100,16,kaba,True,,194.0,150.0,132.0,808.0,1002.0,1.102,12.81,11.622,0.1324,True,,False,ON,935.0,3.0,4.5
2026-09-23 18:41:49,MLLB_000_y1.0.3,GREEN,v4_green_MLLB_000_y103_0923,3.6,3.609,7,100,20,kaba,True,,120.0,88.0,70.0,882.0,1002.0,1.096,12.81,11.683,0.1345,True,,False,ON,935.0,3.0,4.5
2026-09-23 18:42:07,MLLB_000_y1.0.3,GREEN,v4_green_MLLB_000_y103_0923,3.6,3.609,7,100,24,kaba,True,,44.0,70.0,18.0,958.0,1002.0,1.096,12.81,11.684,0.1316,True,,True,,935.0,3.0,4.5
2026-09-23 18:42:25,MLLB_000_y1.0.3,GREEN,v4_green_MLLB_000_y103_0923,3.6,3.609,7,100,28,kaba,True,,20.0,10.0,14.0,982.0,1002.0,3.581,41.877,11.694,0.1354,True,,False,FLAS,935.0,3.0,4.5
2026-09-23 18:42:43,MLLB_000_y1.0.3,GREEN,v4_green_MLLB_000_y103_0923,3.6,3.609,7,100,32,kaba,True,,20.0,6.0,14.0,982.0,1002.0,15.744,184.083,11.692,0.1346,True,,False,FLAS,935.0,3.0,4.5
2026-09-23 18:43:01,MLLB_000_y1.0.3,GREEN,v4_green_MLLB_000_y103_0923,3.6,3.609,7,100,21,ince,True,,106.0,138.0,58.0,896.0,1002.0,1.094,12.81,11.706,0.135,True,,False,ON,935.0,3.0,4.5
2026-09-23 18:43:19,MLLB_000_y1.0.3,GREEN,v4_green_MLLB_000_y103_0923,3.6,3.609,7,100,22,ince,True,,90.0,128.0,24.0,912.0,1002.0,1.095,12.81,11.7,0.1348,True,,False,ON,935.0,3.0,4.5
2026-09-23 18:43:37,MLLB_000_y1.0.3,GREEN,v4_green_MLLB_000_y103_0923,3.6,3.609,7,100,23,ince,True,,70.0,84.0,22.0,932.0,1002.0,1.095,12.844,11.73,0.1336,True,,False,ON,935.0,3.0,4.5
2026-09-23 18:43:55,MLLB_000_y1.0.3,GREEN,v4_green_MLLB_000_y103_0923,3.6,3.609,7,100,25,ince,True,,34.0,56.0,14.0,968.0,1002.0,1.188,13.879,11.686,0.1318,True,,True,,935.0,3.0,4.5
2026-09-23 18:44:13,MLLB_000_y1.0.3,GREEN,v4_green_MLLB_000_y103_0923,3.6,3.609,7,100,26,ince,True,,24.0,20.0,14.0,978.0,1002.0,2.145,25.083,11.696,0.133,True,,True,,935.0,3.0,4.5
2026-09-23 18:44:31,MLLB_000_y1.0.3,GREEN,v4_green_MLLB_000_y103_0923,3.6,3.609,7,100,27,ince,True,,24.0,14.0,14.0,978.0,1002.0,2.706,31.63,11.687,0.1346,True,,True,,935.0,3.0,4.5
2026-09-23 18:44:32,MLLB_000_y1.0.3,GREEN,v4_green_MLLB_000_y103_0923,3.6,3.609,7,100,,bitti,False,,,,,,,,,,,,,,,935.0,3.0,4.5
2026-09-23 18:44:49,MLLB_000_y1.0.3,GREEN,v4_green_MLLB_000_y103_0923,3.6,3.609,7,80,12,kaba,True,,298.0,352.0,22.0,704.0,1002.0,1.109,12.81,11.551,0.1336,True,,False,ON,935.0,3.0,4.5
2026-09-23 18:45:07,MLLB_000_y1.0.3,GREEN,v4_green_MLLB_000_y103_0923,3.6,3.609,7,80,16,kaba,True,,234.0,124.0,178.0,768.0,1002.0,1.104,12.81,11.605,0.1313,True,,False,ON,935.0,3.0,4.5
2026-09-23 18:45:25,MLLB_000_y1.0.3,GREEN,v4_green_MLLB_000_y103_0923,3.6,3.609,7,80,20,kaba,True,,178.0,108.0,126.0,824.0,1002.0,1.099,12.81,11.66,0.1298,True,,False,ON,935.0,3.0,4.5
2026-09-23 18:45:43,MLLB_000_y1.0.3,GREEN,v4_green_MLLB_000_y103_0923,3.6,3.609,7,80,24,kaba,True,,126.0,118.0,78.0,876.0,1002.0,1.097,12.81,11.681,0.1313,True,,False,ON,935.0,3.0,4.5
2026-09-23 18:46:01,MLLB_000_y1.0.3,GREEN,v4_green_MLLB_000_y103_0923,3.6,3.609,7,80,28,kaba,True,,70.0,102.0,22.0,932.0,1002.0,1.095,12.81,11.698,0.1313,True,,False,ON,935.0,3.0,4.5
2026-09-23 18:46:19,MLLB_000_y1.0.3,GREEN,v4_green_MLLB_000_y103_0923,3.6,3.609,7,80,32,kaba,True,,28.0,14.0,18.0,974.0,1002.0,2.466,28.855,11.701,0.1333,True,,True,,935.0,3.0,4.5
2026-09-23 18:46:37,MLLB_000_y1.0.3,GREEN,v4_green_MLLB_000_y103_0923,3.6,3.609,7,80,36,kaba,True,,24.0,8.0,18.0,978.0,1002.0,9.652,112.737,11.68,0.1325,True,,False,FLAS,935.0,3.0,4.5
2026-09-23 18:46:55,MLLB_000_y1.0.3,GREEN,v4_green_MLLB_000_y103_0923,3.6,3.609,7,80,29,ince,True,,52.0,120.0,18.0,950.0,1002.0,1.097,12.81,11.678,0.1332,True,,True,,935.0,3.0,4.5
2026-09-23 18:47:13,MLLB_000_y1.0.3,GREEN,v4_green_MLLB_000_y103_0923,3.6,3.609,7,80,30,ince,True,,38.0,68.0,18.0,964.0,1002.0,1.097,12.81,11.682,0.1337,True,,True,,935.0,3.0,4.5
2026-09-23 18:47:31,MLLB_000_y1.0.3,GREEN,v4_green_MLLB_000_y103_0923,3.6,3.609,7,80,31,ince,True,,32.0,24.0,18.0,970.0,1002.0,1.864,21.813,11.705,0.1332,True,,True,,935.0,3.0,4.5
2026-09-23 18:47:49,MLLB_000_y1.0.3,GREEN,v4_green_MLLB_000_y103_0923,3.6,3.609,7,80,33,ince,True,,26.0,12.0,18.0,976.0,1002.0,2.792,32.64,11.689,0.1304,True,,True,,935.0,3.0,4.5
2026-09-23 18:48:04,MLLB_000_y1.0.3,GREEN,v4_green_MLLB_000_y103_0923,3.6,3.609,7,80,34,ince,True,,26.0,12.0,18.0,976.0,1002.0,3.617,42.247,11.681,0.1309,True,,False,FLAS,935.0,3.0,4.5
2026-09-23 18:48:19,MLLB_000_y1.0.3,GREEN,v4_green_MLLB_000_y103_0923,3.6,3.609,7,80,35,ince,True,,24.0,10.0,18.0,978.0,1002.0,6.695,78.152,11.673,0.1351,True,,False,FLAS,935.0,3.0,4.5
2026-09-23 18:48:19,MLLB_000_y1.0.3,GREEN,v4_green_MLLB_000_y103_0923,3.6,3.609,7,80,,bitti,False,,,,,,,,,,,,,,,935.0,3.0,4.5
2026-09-23 18:48:37,MLLB_000_y1.0.3,GREEN,v4_green_MLLB_000_y103_0923,3.6,3.609,7,60,12,kaba,True,,330.0,106.0,268.0,672.0,1002.0,1.114,12.81,11.5,0.1325,True,,False,ON,935.0,3.0,4.5
2026-09-23 18:48:52,MLLB_000_y1.0.3,GREEN,v4_green_MLLB_000_y103_0923,3.6,3.609,7,60,16,kaba,True,,294.0,104.0,234.0,708.0,1002.0,1.111,12.81,11.527,0.1329,True,,False,ON,935.0,3.0,4.5
2026-09-23 18:49:09,MLLB_000_y1.0.3,GREEN,v4_green_MLLB_000_y103_0923,3.6,3.609,7,60,20,kaba,True,,250.0,92.0,190.0,752.0,1002.0,1.106,12.81,11.583,0.1339,True,,False,ON,935.0,3.0,4.5
2026-09-23 18:49:24,MLLB_000_y1.0.3,GREEN,v4_green_MLLB_000_y103_0923,3.6,3.609,7,60,24,kaba,True,,212.0,100.0,154.0,790.0,1002.0,1.102,12.763,11.579,0.1343,True,,False,ON,935.0,3.0,4.5
2026-09-23 18:49:41,MLLB_000_y1.0.3,GREEN,v4_green_MLLB_000_y103_0923,3.6,3.609,7,60,28,kaba,True,,166.0,136.0,120.0,836.0,1002.0,1.099,12.81,11.653,0.1321,True,,False,ON,935.0,3.0,4.5
2026-09-23 18:49:59,MLLB_000_y1.0.3,GREEN,v4_green_MLLB_000_y103_0923,3.6,3.609,7,60,32,kaba,True,,130.0,176.0,76.0,872.0,1002.0,1.096,12.831,11.706,0.1362,True,,False,ON,935.0,3.0,4.5
2026-09-23 18:50:17,MLLB_000_y1.0.3,GREEN,v4_green_MLLB_000_y103_0923,3.6,3.609,7,60,36,kaba,True,,86.0,142.0,42.0,916.0,1002.0,1.095,12.81,11.698,0.1361,True,,False,ON,935.0,3.0,4.5
2026-09-23 18:50:32,MLLB_000_y1.0.3,GREEN,v4_green_MLLB_000_y103_0923,3.6,3.609,7,60,40,kaba,True,,44.0,28.0,26.0,958.0,1002.0,1.31,15.289,11.672,0.1339,True,,True,,935.0,3.0,4.5
2026-09-23 18:50:51,MLLB_000_y1.0.3,GREEN,v4_green_MLLB_000_y103_0923,3.6,3.609,7,60,44,kaba,True,,38.0,14.0,26.0,964.0,1002.0,2.868,33.566,11.704,0.1342,True,,True,,935.0,3.0,4.5
2026-09-23 18:51:09,MLLB_000_y1.0.3,GREEN,v4_green_MLLB_000_y103_0923,3.6,3.609,7,60,48,kaba,True,,34.0,10.0,26.0,968.0,1002.0,8.738,102.189,11.695,0.1338,True,,False,FLAS,935.0,3.0,4.5
2026-09-23 18:51:27,MLLB_000_y1.0.3,GREEN,v4_green_MLLB_000_y103_0923,3.6,3.609,7,60,37,ince,True,,78.0,124.0,34.0,924.0,1002.0,1.098,12.81,11.669,0.1357,True,,False,ON,935.0,3.0,4.5
2026-09-23 18:51:45,MLLB_000_y1.0.3,GREEN,v4_green_MLLB_000_y103_0923,3.6,3.609,7,60,38,ince,True,,58.0,70.0,30.0,944.0,1002.0,1.094,12.81,11.711,0.1318,True,,True,,935.0,3.0,4.5
2026-09-23 18:52:03,MLLB_000_y1.0.3,GREEN,v4_green_MLLB_000_y103_0923,3.6,3.609,7,60,39,ince,True,,48.0,60.0,26.0,954.0,1002.0,1.098,12.849,11.698,0.1329,True,,True,,935.0,3.0,4.5
2026-09-23 18:52:04,MLLB_000_y1.0.3,GREEN,v4_green_MLLB_000_y103_0923,3.6,3.609,7,60,41,ince,False,iki-OK-arasi-monotonluk,,,,,,,,,,,,True,,935.0,3.0,4.5
2026-09-23 18:52:04,MLLB_000_y1.0.3,GREEN,v4_green_MLLB_000_y103_0923,3.6,3.609,7,60,42,ince,False,iki-OK-arasi-monotonluk,,,,,,,,,,,,True,,935.0,3.0,4.5
2026-09-23 18:52:04,MLLB_000_y1.0.3,GREEN,v4_green_MLLB_000_y103_0923,3.6,3.609,7,60,43,ince,False,iki-OK-arasi-monotonluk,,,,,,,,,,,,True,,935.0,3.0,4.5
2026-09-23 18:52:21,MLLB_000_y1.0.3,GREEN,v4_green_MLLB_000_y103_0923,3.6,3.609,7,60,45,ince,True,,36.0,14.0,26.0,966.0,1002.0,3.464,40.544,11.704,0.1333,True,,False,FLAS,935.0,3.0,4.5
2026-09-23 18:52:36,MLLB_000_y1.0.3,GREEN,v4_green_MLLB_000_y103_0923,3.6,3.609,7,60,46,ince,True,,36.0,14.0,26.0,966.0,1002.0,4.373,51.084,11.682,0.133,True,,False,FLAS,935.0,3.0,4.5
2026-09-23 18:52:53,MLLB_000_y1.0.3,GREEN,v4_green_MLLB_000_y103_0923,3.6,3.609,7,60,47,ince,True,,36.0,12.0,26.0,966.0,1002.0,6.883,80.644,11.716,0.1338,True,,False,FLAS,935.0,3.0,4.5
2026-09-23 18:52:53,MLLB_000_y1.0.3,GREEN,v4_green_MLLB_000_y103_0923,3.6,3.609,7,60,,bitti,False,,,,,,,,,,,,,,,935.0,3.0,4.5
2026-09-23 18:53:19,MLLB_000_y1.0.3,GREEN,v4_green_MLLB_000_y103_0923,3.6,3.609,8,100,12,kaba,True,,222.0,118.0,160.0,780.0,1002.0,1.069,15.31,14.325,0.1555,True,,False,ON,935.0,3.0,4.5
2026-09-23 18:53:37,MLLB_000_y1.0.3,GREEN,v4_green_MLLB_000_y103_0923,3.6,3.609,8,100,16,kaba,True,,170.0,114.0,114.0,832.0,1002.0,1.098,15.327,13.959,0.1552,True,,False,ON,935.0,3.0,4.5
2026-09-23 18:53:55,MLLB_000_y1.0.3,GREEN,v4_green_MLLB_000_y103_0923,3.6,3.609,8,100,20,kaba,True,,108.0,112.0,58.0,894.0,1002.0,1.094,15.321,14.011,0.1548,True,,False,ON,935.0,3.0,4.5
2026-09-23 18:54:13,MLLB_000_y1.0.3,GREEN,v4_green_MLLB_000_y103_0923,3.6,3.609,8,100,24,kaba,True,,50.0,70.0,18.0,952.0,1002.0,1.094,15.327,14.014,0.1549,True,,True,,935.0,3.0,4.5
2026-09-23 18:54:31,MLLB_000_y1.0.3,GREEN,v4_green_MLLB_000_y103_0923,3.6,3.609,8,100,28,kaba,True,,24.0,14.0,14.0,978.0,1002.0,2.956,41.434,14.017,0.1587,True,,True,,935.0,3.0,4.5
2026-09-23 18:54:49,MLLB_000_y1.0.3,GREEN,v4_green_MLLB_000_y103_0923,3.6,3.609,8,100,32,kaba,True,,20.0,8.0,14.0,982.0,1002.0,13.071,183.306,14.023,0.1577,True,,False,FLAS,935.0,3.0,4.5
2026-09-23 18:55:07,MLLB_000_y1.0.3,GREEN,v4_green_MLLB_000_y103_0923,3.6,3.609,8,100,21,ince,True,,98.0,96.0,48.0,904.0,1002.0,1.088,15.259,14.025,0.1545,True,,False,ON,935.0,3.0,4.5
2026-09-23 18:55:25,MLLB_000_y1.0.3,GREEN,v4_green_MLLB_000_y103_0923,3.6,3.609,8,100,22,ince,True,,86.0,104.0,38.0,916.0,1002.0,1.092,15.327,14.039,0.157,True,,False,ON,935.0,3.0,4.5
2026-09-23 18:55:43,MLLB_000_y1.0.3,GREEN,v4_green_MLLB_000_y103_0923,3.6,3.609,8,100,23,ince,True,,66.0,86.0,22.0,936.0,1002.0,1.089,15.28,14.029,0.1568,True,,True,,935.0,3.0,4.5
2026-09-23 18:55:44,MLLB_000_y1.0.3,GREEN,v4_green_MLLB_000_y103_0923,3.6,3.609,8,100,25,ince,False,iki-OK-arasi-monotonluk,,,,,,,,,,,,True,,935.0,3.0,4.5
2026-09-23 18:55:44,MLLB_000_y1.0.3,GREEN,v4_green_MLLB_000_y103_0923,3.6,3.609,8,100,26,ince,False,iki-OK-arasi-monotonluk,,,,,,,,,,,,True,,935.0,3.0,4.5
2026-09-23 18:55:44,MLLB_000_y1.0.3,GREEN,v4_green_MLLB_000_y103_0923,3.6,3.609,8,100,27,ince,False,iki-OK-arasi-monotonluk,,,,,,,,,,,,True,,935.0,3.0,4.5
2026-09-23 18:56:01,MLLB_000_y1.0.3,GREEN,v4_green_MLLB_000_y103_0923,3.6,3.609,8,100,29,ince,True,,20.0,10.0,14.0,982.0,1002.0,6.059,84.989,14.026,0.1579,True,,False,FLAS,935.0,3.0,4.5
2026-09-23 18:56:19,MLLB_000_y1.0.3,GREEN,v4_green_MLLB_000_y103_0923,3.6,3.609,8,100,30,ince,True,,20.0,10.0,14.0,982.0,1002.0,9.127,127.837,14.007,0.158,True,,False,FLAS,935.0,3.0,4.5
2026-09-23 18:56:37,MLLB_000_y1.0.3,GREEN,v4_green_MLLB_000_y103_0923,3.6,3.609,8,100,31,ince,True,,20.0,8.0,14.0,982.0,1002.0,11.28,158.154,14.021,0.1568,True,,False,FLAS,935.0,3.0,4.5
2026-09-23 18:56:38,MLLB_000_y1.0.3,GREEN,v4_green_MLLB_000_y103_0923,3.6,3.609,8,100,,bitti,False,,,,,,,,,,,,,,,935.0,3.0,4.5
2026-09-23 18:56:55,MLLB_000_y1.0.3,GREEN,v4_green_MLLB_000_y103_0923,3.6,3.609,8,80,12,kaba,True,,250.0,94.0,208.0,752.0,1002.0,1.098,15.256,13.897,0.1526,True,,False,ON,935.0,3.0,4.5
2026-09-23 18:57:13,MLLB_000_y1.0.3,GREEN,v4_green_MLLB_000_y103_0923,3.6,3.609,8,80,16,kaba,True,,206.0,100.0,158.0,796.0,1002.0,1.098,15.291,13.926,0.1539,True,,False,ON,935.0,3.0,4.5
2026-09-23 18:57:31,MLLB_000_y1.0.3,GREEN,v4_green_MLLB_000_y103_0923,3.6,3.609,8,80,20,kaba,True,,162.0,108.0,110.0,840.0,1002.0,1.095,15.28,13.959,0.1552,True,,False,ON,935.0,3.0,4.5
2026-09-23 18:57:49,MLLB_000_y1.0.3,GREEN,v4_green_MLLB_000_y103_0923,3.6,3.609,8,80,24,kaba,True,,114.0,94.0,68.0,888.0,1002.0,1.091,15.313,14.034,0.1554,True,,False,ON,935.0,3.0,4.5
2026-09-23 18:58:07,MLLB_000_y1.0.3,GREEN,v4_green_MLLB_000_y103_0923,3.6,3.609,8,80,28,kaba,True,,66.0,134.0,26.0,936.0,1002.0,1.089,15.28,14.038,0.1537,True,,True,,935.0,3.0,4.5
2026-09-23 18:58:25,MLLB_000_y1.0.3,GREEN,v4_green_MLLB_000_y103_0923,3.6,3.609,8,80,32,kaba,True,,30.0,18.0,18.0,972.0,1002.0,2.055,28.805,14.02,0.1535,True,,True,,935.0,3.0,4.5
2026-09-23 18:58:43,MLLB_000_y1.0.3,GREEN,v4_green_MLLB_000_y103_0923,3.6,3.609,8,80,36,kaba,True,,24.0,10.0,18.0,978.0,1002.0,8.055,112.848,14.009,0.1549,True,,False,FLAS,935.0,3.0,4.5
2026-09-23 18:59:01,MLLB_000_y1.0.3,GREEN,v4_green_MLLB_000_y103_0923,3.6,3.609,8,80,25,ince,True,,102.0,92.0,50.0,900.0,1002.0,1.093,15.327,14.019,0.1518,True,,False,ON,935.0,3.0,4.5
2026-09-23 18:59:19,MLLB_000_y1.0.3,GREEN,v4_green_MLLB_000_y103_0923,3.6,3.609,8,80,26,ince,True,,90.0,148.0,34.0,912.0,1002.0,1.087,15.234,14.01,0.1516,True,,False,ON,935.0,3.0,4.5
2026-09-23 18:59:37,MLLB_000_y1.0.3,GREEN,v4_green_MLLB_000_y103_0923,3.6,3.609,8,80,27,ince,True,,82.0,94.0,34.0,920.0,1002.0,1.093,15.327,14.026,0.1527,True,,False,ON,935.0,3.0,4.5
2026-09-23 18:59:38,MLLB_000_y1.0.3,GREEN,v4_green_MLLB_000_y103_0923,3.6,3.609,8,80,29,ince,False,iki-OK-arasi-monotonluk,,,,,,,,,,,,True,,935.0,3.0,4.5
2026-09-23 18:59:38,MLLB_000_y1.0.3,GREEN,v4_green_MLLB_000_y103_0923,3.6,3.609,8,80,30,ince,False,iki-OK-arasi-monotonluk,,,,,,,,,,,,True,,935.0,3.0,4.5
2026-09-23 18:59:38,MLLB_000_y1.0.3,GREEN,v4_green_MLLB_000_y103_0923,3.6,3.609,8,80,31,ince,False,iki-OK-arasi-monotonluk,,,,,,,,,,,,True,,935.0,3.0,4.5
2026-09-23 18:59:55,MLLB_000_y1.0.3,GREEN,v4_green_MLLB_000_y103_0923,3.6,3.609,8,80,33,ince,True,,30.0,16.0,18.0,972.0,1002.0,2.321,32.574,14.033,0.1524,True,,True,,935.0,3.0,4.5
2026-09-23 19:00:13,MLLB_000_y1.0.3,GREEN,v4_green_MLLB_000_y103_0923,3.6,3.609,8,80,34,ince,True,,28.0,16.0,18.0,974.0,1002.0,2.985,41.855,14.022,0.155,True,,True,,935.0,3.0,4.5
2026-09-23 19:00:31,MLLB_000_y1.0.3,GREEN,v4_green_MLLB_000_y103_0923,3.6,3.609,8,80,35,ince,True,,24.0,10.0,18.0,978.0,1002.0,5.538,77.574,14.008,0.1543,True,,False,FLAS,935.0,3.0,4.5
2026-09-23 19:00:32,MLLB_000_y1.0.3,GREEN,v4_green_MLLB_000_y103_0923,3.6,3.609,8,80,,bitti,False,,,,,,,,,,,,,,,935.0,3.0,4.5
2026-09-23 19:00:49,MLLB_000_y1.0.3,GREEN,v4_green_MLLB_000_y103_0923,3.6,3.609,8,60,12,kaba,True,,282.0,118.0,240.0,720.0,1002.0,1.104,15.28,13.846,0.1536,True,,False,ON,935.0,3.0,4.5
2026-09-23 19:01:07,MLLB_000_y1.0.3,GREEN,v4_green_MLLB_000_y103_0923,3.6,3.609,8,60,16,kaba,True,,250.0,86.0,206.0,752.0,1002.0,1.104,15.327,13.888,0.1555,True,,False,ON,935.0,3.0,4.5
2026-09-23 19:01:22,MLLB_000_y1.0.3,GREEN,v4_green_MLLB_000_y103_0923,3.6,3.609,8,60,20,kaba,True,,222.0,102.0,168.0,780.0,1002.0,1.1,15.327,13.931,0.157,True,,False,ON,935.0,3.0,4.5
2026-09-23 19:01:37,MLLB_000_y1.0.3,GREEN,v4_green_MLLB_000_y103_0923,3.6,3.609,8,60,24,kaba,True,,186.0,92.0,138.0,816.0,1002.0,1.096,15.304,13.96,0.1548,True,,False,ON,935.0,3.0,4.5
2026-09-23 19:01:55,MLLB_000_y1.0.3,GREEN,v4_green_MLLB_000_y103_0923,3.6,3.609,8,60,28,kaba,True,,150.0,96.0,94.0,852.0,1002.0,1.094,15.315,13.999,0.1567,True,,False,ON,935.0,3.0,4.5
2026-09-23 19:02:13,MLLB_000_y1.0.3,GREEN,v4_green_MLLB_000_y103_0923,3.6,3.609,8,60,32,kaba,True,,118.0,128.0,64.0,884.0,1002.0,1.091,15.28,14.01,0.1562,True,,False,ON,935.0,3.0,4.5
2026-09-23 19:02:31,MLLB_000_y1.0.3,GREEN,v4_green_MLLB_000_y103_0923,3.6,3.609,8,60,36,kaba,True,,82.0,92.0,38.0,920.0,1002.0,1.092,15.327,14.03,0.1532,True,,False,ON,935.0,3.0,4.5
2026-09-23 19:02:49,MLLB_000_y1.0.3,GREEN,v4_green_MLLB_000_y103_0923,3.6,3.609,8,60,40,kaba,True,,48.0,92.0,26.0,954.0,1002.0,1.09,15.28,14.025,0.1576,True,,True,,935.0,3.0,4.5
2026-09-23 19:03:07,MLLB_000_y1.0.3,GREEN,v4_green_MLLB_000_y103_0923,3.6,3.609,8,60,44,kaba,True,,38.0,16.0,26.0,964.0,1002.0,2.388,33.456,14.007,0.157,True,,True,,935.0,3.0,4.5
2026-09-23 19:03:25,MLLB_000_y1.0.3,GREEN,v4_green_MLLB_000_y103_0923,3.6,3.609,8,60,48,kaba,True,,36.0,12.0,26.0,966.0,1002.0,7.278,102.189,14.042,0.1538,True,,False,FLAS,935.0,3.0,4.5
2026-09-23 19:03:40,MLLB_000_y1.0.3,GREEN,v4_green_MLLB_000_y103_0923,3.6,3.609,8,60,37,ince,True,,70.0,72.0,34.0,932.0,1002.0,1.093,15.327,14.024,0.1543,True,,False,ON,935.0,3.0,4.5
2026-09-23 19:03:57,MLLB_000_y1.0.3,GREEN,v4_green_MLLB_000_y103_0923,3.6,3.609,8,60,38,ince,True,,64.0,88.0,30.0,938.0,1002.0,1.093,15.327,14.017,0.1579,True,,True,,935.0,3.0,4.5
2026-09-23 19:04:15,MLLB_000_y1.0.3,GREEN,v4_green_MLLB_000_y103_0923,3.6,3.609,8,60,39,ince,True,,52.0,74.0,26.0,950.0,1002.0,1.094,15.342,14.028,0.1533,True,,True,,935.0,3.0,4.5
2026-09-23 19:04:16,MLLB_000_y1.0.3,GREEN,v4_green_MLLB_000_y103_0923,3.6,3.609,8,60,41,ince,False,iki-OK-arasi-monotonluk,,,,,,,,,,,,True,,935.0,3.0,4.5
2026-09-23 19:04:16,MLLB_000_y1.0.3,GREEN,v4_green_MLLB_000_y103_0923,3.6,3.609,8,60,42,ince,False,iki-OK-arasi-monotonluk,,,,,,,,,,,,True,,935.0,3.0,4.5
2026-09-23 19:04:16,MLLB_000_y1.0.3,GREEN,v4_green_MLLB_000_y103_0923,3.6,3.609,8,60,43,ince,False,iki-OK-arasi-monotonluk,,,,,,,,,,,,True,,935.0,3.0,4.5
2026-09-23 19:04:33,MLLB_000_y1.0.3,GREEN,v4_green_MLLB_000_y103_0923,3.6,3.609,8,60,45,ince,True,,38.0,18.0,26.0,964.0,1002.0,2.866,40.19,14.025,0.1543,True,,True,,935.0,3.0,4.5
2026-09-23 19:04:51,MLLB_000_y1.0.3,GREEN,v4_green_MLLB_000_y103_0923,3.6,3.609,8,60,46,ince,True,,36.0,14.0,28.0,966.0,1002.0,3.62,50.756,14.023,0.1552,True,,False,FLAS,935.0,3.0,4.5
2026-09-23 19:05:09,MLLB_000_y1.0.3,GREEN,v4_green_MLLB_000_y103_0923,3.6,3.609,8,60,47,ince,True,,36.0,12.0,26.0,966.0,1002.0,5.797,81.273,14.02,0.1583,True,,False,FLAS,935.0,3.0,4.5
2026-09-23 19:05:10,MLLB_000_y1.0.3,GREEN,v4_green_MLLB_000_y103_0923,3.6,3.609,8,60,,bitti,False,,,,,,,,,,,,,,,935.0,3.0,4.5
2026-09-23 19:05:35,MLLB_000_y1.0.3,GREEN,v4_green_MLLB_000_y103_0923,3.6,3.609,10,100,12,kaba,True,,176.0,92.0,134.0,826.0,1002.0,1.058,20.189,19.077,0.1969,True,,False,ON,935.0,3.0,4.5
2026-09-23 19:05:53,MLLB_000_y1.0.3,GREEN,v4_green_MLLB_000_y103_0923,3.6,3.609,10,100,16,kaba,True,,138.0,80.0,98.0,864.0,1002.0,1.086,20.172,18.572,0.1972,True,,False,ON,935.0,3.0,4.5
2026-09-23 19:06:11,MLLB_000_y1.0.3,GREEN,v4_green_MLLB_000_y103_0923,3.6,3.609,10,100,20,kaba,True,,94.0,86.0,54.0,908.0,1002.0,1.083,20.201,18.651,0.1986,True,,False,ON,935.0,3.0,4.5
2026-09-23 19:06:29,MLLB_000_y1.0.3,GREEN,v4_green_MLLB_000_y103_0923,3.6,3.609,10,100,24,kaba,True,,52.0,78.0,18.0,950.0,1002.0,1.082,20.172,18.642,0.1953,True,,True,,935.0,3.0,4.5
2026-09-23 19:06:47,MLLB_000_y1.0.3,GREEN,v4_green_MLLB_000_y103_0923,3.6,3.609,10,100,28,kaba,True,,26.0,18.0,14.0,976.0,1002.0,2.232,41.612,18.642,0.1966,True,,True,,935.0,3.0,4.5
2026-09-23 19:07:05,MLLB_000_y1.0.3,GREEN,v4_green_MLLB_000_y103_0923,3.6,3.609,10,100,32,kaba,True,,20.0,10.0,14.0,982.0,1002.0,9.795,182.519,18.634,0.197,True,,False,FLAS,935.0,3.0,4.5
2026-09-23 19:07:23,MLLB_000_y1.0.3,GREEN,v4_green_MLLB_000_y103_0923,3.6,3.609,10,100,21,ince,True,,82.0,126.0,44.0,920.0,1002.0,1.088,20.307,18.667,0.1993,True,,False,ON,935.0,3.0,4.5
2026-09-23 19:07:41,MLLB_000_y1.0.3,GREEN,v4_green_MLLB_000_y103_0923,3.6,3.609,10,100,22,ince,True,,70.0,76.0,30.0,932.0,1002.0,1.083,20.186,18.635,0.1972,True,,False,ON,935.0,3.0,4.5
2026-09-23 19:07:59,MLLB_000_y1.0.3,GREEN,v4_green_MLLB_000_y103_0923,3.6,3.609,10,100,23,ince,True,,62.0,84.0,22.0,940.0,1002.0,1.084,20.172,18.608,0.1962,True,,True,,935.0,3.0,4.5
2026-09-23 19:08:00,MLLB_000_y1.0.3,GREEN,v4_green_MLLB_000_y103_0923,3.6,3.609,10,100,25,ince,False,iki-OK-arasi-monotonluk,,,,,,,,,,,,True,,935.0,3.0,4.5
2026-09-23 19:08:00,MLLB_000_y1.0.3,GREEN,v4_green_MLLB_000_y103_0923,3.6,3.609,10,100,26,ince,False,iki-OK-arasi-monotonluk,,,,,,,,,,,,True,,935.0,3.0,4.5
2026-09-23 19:08:00,MLLB_000_y1.0.3,GREEN,v4_green_MLLB_000_y103_0923,3.6,3.609,10,100,27,ince,False,iki-OK-arasi-monotonluk,,,,,,,,,,,,True,,935.0,3.0,4.5
2026-09-23 19:08:17,MLLB_000_y1.0.3,GREEN,v4_green_MLLB_000_y103_0923,3.6,3.609,10,100,29,ince,True,,24.0,14.0,14.0,978.0,1002.0,4.644,86.431,18.61,0.1979,True,,False,FLAS,935.0,3.0,4.5
2026-09-23 19:08:35,MLLB_000_y1.0.3,GREEN,v4_green_MLLB_000_y103_0923,3.6,3.609,10,100,30,ince,True,,22.0,12.0,14.0,980.0,1002.0,6.858,127.837,18.642,0.1957,True,,False,FLAS,935.0,3.0,4.5
2026-09-23 19:08:53,MLLB_000_y1.0.3,GREEN,v4_green_MLLB_000_y103_0923,3.6,3.609,10,100,31,ince,True,,20.0,10.0,14.0,982.0,1002.0,8.576,159.742,18.626,0.1962,True,,False,FLAS,935.0,3.0,4.5
2026-09-23 19:08:54,MLLB_000_y1.0.3,GREEN,v4_green_MLLB_000_y103_0923,3.6,3.609,10,100,,bitti,False,,,,,,,,,,,,,,,935.0,3.0,4.5
2026-09-23 19:09:11,MLLB_000_y1.0.3,GREEN,v4_green_MLLB_000_y103_0923,3.6,3.609,10,80,12,kaba,True,,202.0,74.0,156.0,800.0,1002.0,1.092,20.191,18.494,0.1962,True,,False,ON,935.0,3.0,4.5
2026-09-23 19:09:29,MLLB_000_y1.0.3,GREEN,v4_green_MLLB_000_y103_0923,3.6,3.609,10,80,16,kaba,True,,166.0,98.0,118.0,836.0,1002.0,1.087,20.172,18.558,0.1951,True,,False,ON,935.0,3.0,4.5
2026-09-23 19:09:47,MLLB_000_y1.0.3,GREEN,v4_green_MLLB_000_y103_0923,3.6,3.609,10,80,20,kaba,True,,134.0,90.0,94.0,868.0,1002.0,1.084,20.172,18.603,0.1969,True,,False,ON,935.0,3.0,4.5
2026-09-23 19:10:02,MLLB_000_y1.0.3,GREEN,v4_green_MLLB_000_y103_0923,3.6,3.609,10,80,24,kaba,True,,102.0,84.0,54.0,900.0,1002.0,1.086,20.22,18.619,0.1938,True,,False,ON,935.0,3.0,4.5
2026-09-23 19:10:19,MLLB_000_y1.0.3,GREEN,v4_green_MLLB_000_y103_0923,3.6,3.609,10,80,28,kaba,True,,66.0,78.0,28.0,936.0,1002.0,1.084,20.183,18.627,0.1943,True,,True,,935.0,3.0,4.5
2026-09-23 19:10:37,MLLB_000_y1.0.3,GREEN,v4_green_MLLB_000_y103_0923,3.6,3.609,10,80,32,kaba,True,,32.0,24.0,18.0,970.0,1002.0,1.543,28.805,18.671,0.1959,True,,True,,935.0,3.0,4.5
2026-09-23 19:10:55,MLLB_000_y1.0.3,GREEN,v4_green_MLLB_000_y103_0923,3.6,3.609,10,80,36,kaba,True,,26.0,10.0,18.0,976.0,1002.0,6.097,113.491,18.613,0.1926,True,,False,FLAS,935.0,3.0,4.5
2026-09-23 19:11:13,MLLB_000_y1.0.3,GREEN,v4_green_MLLB_000_y103_0923,3.6,3.609,10,80,25,ince,True,,90.0,108.0,50.0,912.0,1002.0,1.086,20.243,18.648,0.1931,True,,False,ON,935.0,3.0,4.5
2026-09-23 19:11:31,MLLB_000_y1.0.3,GREEN,v4_green_MLLB_000_y103_0923,3.6,3.609,10,80,26,ince,True,,82.0,88.0,40.0,920.0,1002.0,1.082,20.172,18.65,0.1941,True,,False,ON,935.0,3.0,4.5
2026-09-23 19:11:46,MLLB_000_y1.0.3,GREEN,v4_green_MLLB_000_y103_0923,3.6,3.609,10,80,27,ince,True,,74.0,80.0,34.0,928.0,1002.0,1.084,20.172,18.606,0.1922,True,,False,ON,935.0,3.0,4.5
2026-09-23 19:11:46,MLLB_000_y1.0.3,GREEN,v4_green_MLLB_000_y103_0923,3.6,3.609,10,80,29,ince,False,iki-OK-arasi-monotonluk,,,,,,,,,,,,True,,935.0,3.0,4.5
2026-09-23 19:11:46,MLLB_000_y1.0.3,GREEN,v4_green_MLLB_000_y103_0923,3.6,3.609,10,80,30,ince,False,iki-OK-arasi-monotonluk,,,,,,,,,,,,True,,935.0,3.0,4.5
2026-09-23 19:11:46,MLLB_000_y1.0.3,GREEN,v4_green_MLLB_000_y103_0923,3.6,3.609,10,80,31,ince,False,iki-OK-arasi-monotonluk,,,,,,,,,,,,True,,935.0,3.0,4.5
2026-09-23 19:12:03,MLLB_000_y1.0.3,GREEN,v4_green_MLLB_000_y103_0923,3.6,3.609,10,80,33,ince,True,,32.0,20.0,18.0,970.0,1002.0,1.757,32.691,18.61,0.1944,True,,True,,935.0,3.0,4.5
2026-09-23 19:12:21,MLLB_000_y1.0.3,GREEN,v4_green_MLLB_000_y103_0923,3.6,3.609,10,80,34,ince,True,,30.0,20.0,18.0,972.0,1002.0,2.247,41.927,18.662,0.1945,True,,True,,935.0,3.0,4.5
2026-09-23 19:12:39,MLLB_000_y1.0.3,GREEN,v4_green_MLLB_000_y103_0923,3.6,3.609,10,80,35,ince,True,,28.0,14.0,18.0,974.0,1002.0,4.112,76.653,18.642,0.1956,True,,False,FLAS,935.0,3.0,4.5
2026-09-23 19:12:40,MLLB_000_y1.0.3,GREEN,v4_green_MLLB_000_y103_0923,3.6,3.609,10,80,,bitti,False,,,,,,,,,,,,,,,935.0,3.0,4.5
2026-09-23 19:12:57,MLLB_000_y1.0.3,GREEN,v4_green_MLLB_000_y103_0923,3.6,3.609,10,60,12,kaba,True,,226.0,94.0,180.0,776.0,1002.0,1.093,20.188,18.467,0.1946,True,,False,ON,935.0,3.0,4.5
2026-09-23 19:13:15,MLLB_000_y1.0.3,GREEN,v4_green_MLLB_000_y103_0923,3.6,3.609,10,60,16,kaba,True,,198.0,116.0,154.0,804.0,1002.0,1.091,20.172,18.495,0.1947,True,,False,ON,935.0,3.0,4.5
2026-09-23 19:13:33,MLLB_000_y1.0.3,GREEN,v4_green_MLLB_000_y103_0923,3.6,3.609,10,60,20,kaba,True,,178.0,94.0,134.0,824.0,1002.0,1.092,20.268,18.556,0.1958,True,,False,ON,935.0,3.0,4.5
2026-09-23 19:13:51,MLLB_000_y1.0.3,GREEN,v4_green_MLLB_000_y103_0923,3.6,3.609,10,60,24,kaba,True,,154.0,88.0,110.0,848.0,1002.0,1.087,20.172,18.566,0.1932,True,,False,ON,935.0,3.0,4.5
2026-09-23 19:14:09,MLLB_000_y1.0.3,GREEN,v4_green_MLLB_000_y103_0923,3.6,3.609,10,60,28,kaba,True,,130.0,122.0,80.0,872.0,1002.0,1.085,20.172,18.596,0.1952,True,,False,ON,935.0,3.0,4.5
2026-09-23 19:14:27,MLLB_000_y1.0.3,GREEN,v4_green_MLLB_000_y103_0923,3.6,3.609,10,60,32,kaba,True,,102.0,86.0,58.0,900.0,1002.0,1.084,20.198,18.634,0.1982,True,,False,ON,935.0,3.0,4.5
2026-09-23 19:14:45,MLLB_000_y1.0.3,GREEN,v4_green_MLLB_000_y103_0923,3.6,3.609,10,60,36,kaba,True,,76.0,88.0,38.0,926.0,1002.0,1.084,20.172,18.605,0.1978,True,,False,ON,935.0,3.0,4.5
2026-09-23 19:15:00,MLLB_000_y1.0.3,GREEN,v4_green_MLLB_000_y103_0923,3.6,3.609,10,60,40,kaba,True,,52.0,78.0,28.0,950.0,1002.0,1.089,20.22,18.575,0.1959,True,,True,,935.0,3.0,4.5
2026-09-23 19:15:15,MLLB_000_y1.0.3,GREEN,v4_green_MLLB_000_y103_0923,3.6,3.609,10,60,44,kaba,True,,42.0,20.0,28.0,960.0,1002.0,1.804,33.602,18.627,0.195,True,,True,,935.0,3.0,4.5
2026-09-23 19:15:33,MLLB_000_y1.0.3,GREEN,v4_green_MLLB_000_y103_0923,3.6,3.609,10,60,48,kaba,True,,36.0,14.0,26.0,966.0,1002.0,5.611,104.449,18.615,0.1949,True,,False,FLAS,935.0,3.0,4.5
2026-09-23 19:15:48,MLLB_000_y1.0.3,GREEN,v4_green_MLLB_000_y103_0923,3.6,3.609,10,60,50,kaba,True,,36.0,14.0,26.0,966.0,1002.0,6.503,120.986,18.604,0.1969,True,,False,FLAS,935.0,3.0,4.5
2026-09-23 19:16:05,MLLB_000_y1.0.3,GREEN,v4_green_MLLB_000_y103_0923,3.6,3.609,10,60,37,ince,True,,70.0,144.0,32.0,932.0,1002.0,1.082,20.172,18.648,0.2024,True,,False,ON,935.0,3.0,4.5
2026-09-23 19:16:23,MLLB_000_y1.0.3,GREEN,v4_green_MLLB_000_y103_0923,3.6,3.609,10,60,38,ince,True,,62.0,70.0,32.0,940.0,1002.0,1.086,20.232,18.627,0.1981,True,,True,,935.0,3.0,4.5
2026-09-23 19:16:41,MLLB_000_y1.0.3,GREEN,v4_green_MLLB_000_y103_0923,3.6,3.609,10,60,39,ince,True,,54.0,82.0,26.0,948.0,1002.0,1.086,20.268,18.668,0.1958,True,,True,,935.0,3.0,4.5
2026-09-23 19:16:42,MLLB_000_y1.0.3,GREEN,v4_green_MLLB_000_y103_0923,3.6,3.609,10,60,41,ince,False,iki-OK-arasi-monotonluk,,,,,,,,,,,,True,,935.0,3.0,4.5
2026-09-23 19:16:42,MLLB_000_y1.0.3,GREEN,v4_green_MLLB_000_y103_0923,3.6,3.609,10,60,42,ince,False,iki-OK-arasi-monotonluk,,,,,,,,,,,,True,,935.0,3.0,4.5
2026-09-23 19:16:42,MLLB_000_y1.0.3,GREEN,v4_green_MLLB_000_y103_0923,3.6,3.609,10,60,43,ince,False,iki-OK-arasi-monotonluk,,,,,,,,,,,,True,,935.0,3.0,4.5
2026-09-23 19:16:59,MLLB_000_y1.0.3,GREEN,v4_green_MLLB_000_y103_0923,3.6,3.609,10,60,45,ince,True,,40.0,20.0,28.0,962.0,1002.0,2.151,40.106,18.646,0.1998,True,,True,,935.0,3.0,4.5
2026-09-23 19:17:17,MLLB_000_y1.0.3,GREEN,v4_green_MLLB_000_y103_0923,3.6,3.609,10,60,46,ince,True,,40.0,16.0,28.0,962.0,1002.0,2.732,50.812,18.599,0.1969,True,,True,,935.0,3.0,4.5
2026-09-23 19:17:32,MLLB_000_y1.0.3,GREEN,v4_green_MLLB_000_y103_0923,3.6,3.609,10,60,47,ince,True,,38.0,16.0,26.0,964.0,1002.0,4.402,81.902,18.605,0.1969,True,,False,FLAS,935.0,3.0,4.5
2026-09-23 19:17:32,MLLB_000_y1.0.3,GREEN,v4_green_MLLB_000_y103_0923,3.6,3.609,10,60,,bitti,False,,,,,,,,,,,,,,,935.0,3.0,4.5
2026-09-23 19:17:57,MLLB_000_y1.0.3,GREEN,v4_green_MLLB_000_y103_0923,3.6,3.609,100,100,12,kaba,True,,36.0,28.0,18.0,966.0,1002.0,1.085,243.864,224.72,0.7766,True,,True,,935.0,3.0,4.5
2026-09-23 19:18:15,MLLB_000_y1.0.3,GREEN,v4_green_MLLB_000_y103_0923,3.6,3.609,100,100,16,kaba,True,,36.0,30.0,16.0,966.0,1002.0,1.086,243.864,224.493,0.7767,True,,True,,935.0,3.0,4.5
2026-09-23 19:18:30,MLLB_000_y1.0.3,GREEN,v4_green_MLLB_000_y103_0923,3.6,3.609,100,100,20,kaba,True,,36.0,30.0,16.0,966.0,1002.0,1.086,243.864,224.512,0.7764,True,,True,,935.0,3.0,4.5
2026-09-23 19:18:47,MLLB_000_y1.0.3,GREEN,v4_green_MLLB_000_y103_0923,3.6,3.609,100,100,24,kaba,True,,36.0,28.0,18.0,966.0,1002.0,1.086,244.04,224.72,0.7774,True,,True,,935.0,3.0,4.5
2026-09-23 19:19:05,MLLB_000_y1.0.3,GREEN,v4_green_MLLB_000_y103_0923,3.6,3.609,100,100,28,kaba,True,,36.0,28.0,18.0,966.0,1002.0,1.086,243.864,224.512,0.7772,True,,True,,935.0,3.0,4.5
2026-09-23 19:19:23,MLLB_000_y1.0.3,GREEN,v4_green_MLLB_000_y103_0923,3.6,3.609,100,100,32,kaba,True,,36.0,30.0,16.0,966.0,1002.0,1.086,243.864,224.594,0.7771,True,,True,,935.0,3.0,4.5
2026-09-23 19:19:41,MLLB_000_y1.0.3,GREEN,v4_green_MLLB_000_y103_0923,3.6,3.609,100,100,36,kaba,True,,36.0,30.0,16.0,966.0,1002.0,1.087,243.864,224.339,0.7768,True,,True,,935.0,3.0,4.5
2026-09-23 19:19:59,MLLB_000_y1.0.3,GREEN,v4_green_MLLB_000_y103_0923,3.6,3.609,100,100,40,kaba,True,,36.0,30.0,16.0,966.0,1002.0,1.086,243.864,224.557,0.7774,True,,True,,935.0,3.0,4.5
2026-09-23 19:20:14,MLLB_000_y1.0.3,GREEN,v4_green_MLLB_000_y103_0923,3.6,3.609,100,100,44,kaba,True,,36.0,30.0,16.0,966.0,1002.0,1.09,245.02,224.707,0.777,True,,True,,935.0,3.0,4.5
2026-09-23 19:20:29,MLLB_000_y1.0.3,GREEN,v4_green_MLLB_000_y103_0923,3.6,3.609,100,100,48,kaba,True,,36.0,30.0,16.0,966.0,1002.0,1.056,244.072,231.093,0.7769,True,,True,,935.0,3.0,4.5
2026-09-23 19:20:44,MLLB_000_y1.0.3,GREEN,v4_green_MLLB_000_y103_0923,3.6,3.609,100,100,50,kaba,True,,36.0,30.0,16.0,966.0,1002.0,1.086,243.864,224.529,0.777,True,,True,,935.0,3.0,4.5
2026-09-23 19:20:44,MLLB_000_y1.0.3,GREEN,v4_green_MLLB_000_y103_0923,3.6,3.609,100,100,13,ince,False,iki-OK-arasi-monotonluk,,,,,,,,,,,,True,,935.0,3.0,4.5
2026-09-23 19:20:44,MLLB_000_y1.0.3,GREEN,v4_green_MLLB_000_y103_0923,3.6,3.609,100,100,14,ince,False,iki-OK-arasi-monotonluk,,,,,,,,,,,,True,,935.0,3.0,4.5
2026-09-23 19:20:44,MLLB_000_y1.0.3,GREEN,v4_green_MLLB_000_y103_0923,3.6,3.609,100,100,15,ince,False,iki-OK-arasi-monotonluk,,,,,,,,,,,,True,,935.0,3.0,4.5
2026-09-23 19:20:44,MLLB_000_y1.0.3,GREEN,v4_green_MLLB_000_y103_0923,3.6,3.609,100,100,17,ince,False,iki-OK-arasi-monotonluk,,,,,,,,,,,,True,,935.0,3.0,4.5
2026-09-23 19:20:44,MLLB_000_y1.0.3,GREEN,v4_green_MLLB_000_y103_0923,3.6,3.609,100,100,18,ince,False,iki-OK-arasi-monotonluk,,,,,,,,,,,,True,,935.0,3.0,4.5
2026-09-23 19:20:44,MLLB_000_y1.0.3,GREEN,v4_green_MLLB_000_y103_0923,3.6,3.609,100,100,19,ince,False,iki-OK-arasi-monotonluk,,,,,,,,,,,,True,,935.0,3.0,4.5
2026-09-23 19:20:44,MLLB_000_y1.0.3,GREEN,v4_green_MLLB_000_y103_0923,3.6,3.609,100,100,21,ince,False,iki-OK-arasi-monotonluk,,,,,,,,,,,,True,,935.0,3.0,4.5
2026-09-23 19:20:44,MLLB_000_y1.0.3,GREEN,v4_green_MLLB_000_y103_0923,3.6,3.609,100,100,22,ince,False,iki-OK-arasi-monotonluk,,,,,,,,,,,,True,,935.0,3.0,4.5
2026-09-23 19:20:44,MLLB_000_y1.0.3,GREEN,v4_green_MLLB_000_y103_0923,3.6,3.609,100,100,23,ince,False,iki-OK-arasi-monotonluk,,,,,,,,,,,,True,,935.0,3.0,4.5
2026-09-23 19:20:44,MLLB_000_y1.0.3,GREEN,v4_green_MLLB_000_y103_0923,3.6,3.609,100,100,25,ince,False,iki-OK-arasi-monotonluk,,,,,,,,,,,,True,,935.0,3.0,4.5
2026-09-23 19:20:44,MLLB_000_y1.0.3,GREEN,v4_green_MLLB_000_y103_0923,3.6,3.609,100,100,26,ince,False,iki-OK-arasi-monotonluk,,,,,,,,,,,,True,,935.0,3.0,4.5
2026-09-23 19:20:44,MLLB_000_y1.0.3,GREEN,v4_green_MLLB_000_y103_0923,3.6,3.609,100,100,27,ince,False,iki-OK-arasi-monotonluk,,,,,,,,,,,,True,,935.0,3.0,4.5
2026-09-23 19:20:44,MLLB_000_y1.0.3,GREEN,v4_green_MLLB_000_y103_0923,3.6,3.609,100,100,29,ince,False,iki-OK-arasi-monotonluk,,,,,,,,,,,,True,,935.0,3.0,4.5
2026-09-23 19:20:44,MLLB_000_y1.0.3,GREEN,v4_green_MLLB_000_y103_0923,3.6,3.609,100,100,30,ince,False,iki-OK-arasi-monotonluk,,,,,,,,,,,,True,,935.0,3.0,4.5
2026-09-23 19:20:44,MLLB_000_y1.0.3,GREEN,v4_green_MLLB_000_y103_0923,3.6,3.609,100,100,31,ince,False,iki-OK-arasi-monotonluk,,,,,,,,,,,,True,,935.0,3.0,4.5
2026-09-23 19:20:44,MLLB_000_y1.0.3,GREEN,v4_green_MLLB_000_y103_0923,3.6,3.609,100,100,33,ince,False,iki-OK-arasi-monotonluk,,,,,,,,,,,,True,,935.0,3.0,4.5
2026-09-23 19:20:44,MLLB_000_y1.0.3,GREEN,v4_green_MLLB_000_y103_0923,3.6,3.609,100,100,34,ince,False,iki-OK-arasi-monotonluk,,,,,,,,,,,,True,,935.0,3.0,4.5
2026-09-23 19:20:44,MLLB_000_y1.0.3,GREEN,v4_green_MLLB_000_y103_0923,3.6,3.609,100,100,35,ince,False,iki-OK-arasi-monotonluk,,,,,,,,,,,,True,,935.0,3.0,4.5
2026-09-23 19:20:44,MLLB_000_y1.0.3,GREEN,v4_green_MLLB_000_y103_0923,3.6,3.609,100,100,37,ince,False,iki-OK-arasi-monotonluk,,,,,,,,,,,,True,,935.0,3.0,4.5
2026-09-23 19:20:44,MLLB_000_y1.0.3,GREEN,v4_green_MLLB_000_y103_0923,3.6,3.609,100,100,38,ince,False,iki-OK-arasi-monotonluk,,,,,,,,,,,,True,,935.0,3.0,4.5
2026-09-23 19:20:44,MLLB_000_y1.0.3,GREEN,v4_green_MLLB_000_y103_0923,3.6,3.609,100,100,39,ince,False,iki-OK-arasi-monotonluk,,,,,,,,,,,,True,,935.0,3.0,4.5
2026-09-23 19:20:44,MLLB_000_y1.0.3,GREEN,v4_green_MLLB_000_y103_0923,3.6,3.609,100,100,41,ince,False,iki-OK-arasi-monotonluk,,,,,,,,,,,,True,,935.0,3.0,4.5
2026-09-23 19:20:44,MLLB_000_y1.0.3,GREEN,v4_green_MLLB_000_y103_0923,3.6,3.609,100,100,42,ince,False,iki-OK-arasi-monotonluk,,,,,,,,,,,,True,,935.0,3.0,4.5
2026-09-23 19:20:44,MLLB_000_y1.0.3,GREEN,v4_green_MLLB_000_y103_0923,3.6,3.609,100,100,43,ince,False,iki-OK-arasi-monotonluk,,,,,,,,,,,,True,,935.0,3.0,4.5
2026-09-23 19:20:44,MLLB_000_y1.0.3,GREEN,v4_green_MLLB_000_y103_0923,3.6,3.609,100,100,45,ince,False,iki-OK-arasi-monotonluk,,,,,,,,,,,,True,,935.0,3.0,4.5
2026-09-23 19:20:44,MLLB_000_y1.0.3,GREEN,v4_green_MLLB_000_y103_0923,3.6,3.609,100,100,46,ince,False,iki-OK-arasi-monotonluk,,,,,,,,,,,,True,,935.0,3.0,4.5
2026-09-23 19:20:44,MLLB_000_y1.0.3,GREEN,v4_green_MLLB_000_y103_0923,3.6,3.609,100,100,47,ince,False,iki-OK-arasi-monotonluk,,,,,,,,,,,,True,,935.0,3.0,4.5
2026-09-23 19:20:44,MLLB_000_y1.0.3,GREEN,v4_green_MLLB_000_y103_0923,3.6,3.609,100,100,49,ince,False,iki-OK-arasi-monotonluk,,,,,,,,,,,,True,,935.0,3.0,4.5
2026-09-23 19:20:44,MLLB_000_y1.0.3,GREEN,v4_green_MLLB_000_y103_0923,3.6,3.609,100,100,,bitti,False,,,,,,,,,,,,,,,935.0,3.0,4.5
2026-09-23 19:21:01,MLLB_000_y1.0.3,GREEN,v4_green_MLLB_000_y103_0923,3.6,3.609,100,80,12,kaba,True,,36.0,28.0,18.0,966.0,1002.0,1.089,244.635,224.67,0.777,True,,True,,935.0,3.0,4.5
2026-09-23 19:21:16,MLLB_000_y1.0.3,GREEN,v4_green_MLLB_000_y103_0923,3.6,3.609,100,80,16,kaba,True,,36.0,30.0,16.0,966.0,1002.0,1.087,243.864,224.388,0.7772,True,,True,,935.0,3.0,4.5
2026-09-23 19:21:33,MLLB_000_y1.0.3,GREEN,v4_green_MLLB_000_y103_0923,3.6,3.609,100,80,20,kaba,True,,36.0,30.0,16.0,966.0,1002.0,1.056,244.199,231.172,0.7769,True,,True,,935.0,3.0,4.5
2026-09-23 19:21:51,MLLB_000_y1.0.3,GREEN,v4_green_MLLB_000_y103_0923,3.6,3.609,100,80,24,kaba,True,,36.0,30.0,16.0,966.0,1002.0,1.087,244.064,224.47,0.777,True,,True,,935.0,3.0,4.5
2026-09-23 19:22:09,MLLB_000_y1.0.3,GREEN,v4_green_MLLB_000_y103_0923,3.6,3.609,100,80,28,kaba,True,,36.0,30.0,16.0,966.0,1002.0,1.086,243.864,224.451,0.7768,True,,True,,935.0,3.0,4.5
2026-09-23 19:22:27,MLLB_000_y1.0.3,GREEN,v4_green_MLLB_000_y103_0923,3.6,3.609,100,80,32,kaba,True,,36.0,30.0,16.0,966.0,1002.0,1.085,243.864,224.666,0.7767,True,,True,,935.0,3.0,4.5
2026-09-23 19:22:45,MLLB_000_y1.0.3,GREEN,v4_green_MLLB_000_y103_0923,3.6,3.609,100,80,36,kaba,True,,36.0,30.0,16.0,966.0,1002.0,1.088,243.864,224.206,0.7771,True,,True,,935.0,3.0,4.5
2026-09-23 19:23:03,MLLB_000_y1.0.3,GREEN,v4_green_MLLB_000_y103_0923,3.6,3.609,100,80,40,kaba,True,,36.0,28.0,18.0,966.0,1002.0,1.087,243.864,224.421,0.7771,True,,True,,935.0,3.0,4.5
2026-09-23 19:23:21,MLLB_000_y1.0.3,GREEN,v4_green_MLLB_000_y103_0923,3.6,3.609,100,80,44,kaba,True,,36.0,30.0,16.0,966.0,1002.0,1.087,243.864,224.362,0.7768,True,,True,,935.0,3.0,4.5
2026-09-23 19:23:39,MLLB_000_y1.0.3,GREEN,v4_green_MLLB_000_y103_0923,3.6,3.609,100,80,48,kaba,True,,36.0,30.0,16.0,966.0,1002.0,1.087,243.864,224.418,0.7766,True,,True,,935.0,3.0,4.5
2026-09-23 19:23:57,MLLB_000_y1.0.3,GREEN,v4_green_MLLB_000_y103_0923,3.6,3.609,100,80,50,kaba,True,,36.0,30.0,16.0,966.0,1002.0,1.087,243.864,224.399,0.7775,True,,True,,935.0,3.0,4.5
2026-09-23 19:23:58,MLLB_000_y1.0.3,GREEN,v4_green_MLLB_000_y103_0923,3.6,3.609,100,80,13,ince,False,iki-OK-arasi-monotonluk,,,,,,,,,,,,True,,935.0,3.0,4.5
2026-09-23 19:23:58,MLLB_000_y1.0.3,GREEN,v4_green_MLLB_000_y103_0923,3.6,3.609,100,80,14,ince,False,iki-OK-arasi-monotonluk,,,,,,,,,,,,True,,935.0,3.0,4.5
2026-09-23 19:23:58,MLLB_000_y1.0.3,GREEN,v4_green_MLLB_000_y103_0923,3.6,3.609,100,80,15,ince,False,iki-OK-arasi-monotonluk,,,,,,,,,,,,True,,935.0,3.0,4.5
2026-09-23 19:23:58,MLLB_000_y1.0.3,GREEN,v4_green_MLLB_000_y103_0923,3.6,3.609,100,80,17,ince,False,iki-OK-arasi-monotonluk,,,,,,,,,,,,True,,935.0,3.0,4.5
2026-09-23 19:23:58,MLLB_000_y1.0.3,GREEN,v4_green_MLLB_000_y103_0923,3.6,3.609,100,80,18,ince,False,iki-OK-arasi-monotonluk,,,,,,,,,,,,True,,935.0,3.0,4.5
2026-09-23 19:23:58,MLLB_000_y1.0.3,GREEN,v4_green_MLLB_000_y103_0923,3.6,3.609,100,80,19,ince,False,iki-OK-arasi-monotonluk,,,,,,,,,,,,True,,935.0,3.0,4.5
2026-09-23 19:23:58,MLLB_000_y1.0.3,GREEN,v4_green_MLLB_000_y103_0923,3.6,3.609,100,80,21,ince,False,iki-OK-arasi-monotonluk,,,,,,,,,,,,True,,935.0,3.0,4.5
2026-09-23 19:23:58,MLLB_000_y1.0.3,GREEN,v4_green_MLLB_000_y103_0923,3.6,3.609,100,80,22,ince,False,iki-OK-arasi-monotonluk,,,,,,,,,,,,True,,935.0,3.0,4.5
2026-09-23 19:23:58,MLLB_000_y1.0.3,GREEN,v4_green_MLLB_000_y103_0923,3.6,3.609,100,80,23,ince,False,iki-OK-arasi-monotonluk,,,,,,,,,,,,True,,935.0,3.0,4.5
2026-09-23 19:23:58,MLLB_000_y1.0.3,GREEN,v4_green_MLLB_000_y103_0923,3.6,3.609,100,80,25,ince,False,iki-OK-arasi-monotonluk,,,,,,,,,,,,True,,935.0,3.0,4.5
2026-09-23 19:23:58,MLLB_000_y1.0.3,GREEN,v4_green_MLLB_000_y103_0923,3.6,3.609,100,80,26,ince,False,iki-OK-arasi-monotonluk,,,,,,,,,,,,True,,935.0,3.0,4.5
2026-09-23 19:23:58,MLLB_000_y1.0.3,GREEN,v4_green_MLLB_000_y103_0923,3.6,3.609,100,80,27,ince,False,iki-OK-arasi-monotonluk,,,,,,,,,,,,True,,935.0,3.0,4.5
2026-09-23 19:23:58,MLLB_000_y1.0.3,GREEN,v4_green_MLLB_000_y103_0923,3.6,3.609,100,80,29,ince,False,iki-OK-arasi-monotonluk,,,,,,,,,,,,True,,935.0,3.0,4.5
2026-09-23 19:23:58,MLLB_000_y1.0.3,GREEN,v4_green_MLLB_000_y103_0923,3.6,3.609,100,80,30,ince,False,iki-OK-arasi-monotonluk,,,,,,,,,,,,True,,935.0,3.0,4.5
2026-09-23 19:23:58,MLLB_000_y1.0.3,GREEN,v4_green_MLLB_000_y103_0923,3.6,3.609,100,80,31,ince,False,iki-OK-arasi-monotonluk,,,,,,,,,,,,True,,935.0,3.0,4.5
2026-09-23 19:23:58,MLLB_000_y1.0.3,GREEN,v4_green_MLLB_000_y103_0923,3.6,3.609,100,80,33,ince,False,iki-OK-arasi-monotonluk,,,,,,,,,,,,True,,935.0,3.0,4.5
2026-09-23 19:23:58,MLLB_000_y1.0.3,GREEN,v4_green_MLLB_000_y103_0923,3.6,3.609,100,80,34,ince,False,iki-OK-arasi-monotonluk,,,,,,,,,,,,True,,935.0,3.0,4.5
2026-09-23 19:23:58,MLLB_000_y1.0.3,GREEN,v4_green_MLLB_000_y103_0923,3.6,3.609,100,80,35,ince,False,iki-OK-arasi-monotonluk,,,,,,,,,,,,True,,935.0,3.0,4.5
2026-09-23 19:23:58,MLLB_000_y1.0.3,GREEN,v4_green_MLLB_000_y103_0923,3.6,3.609,100,80,37,ince,False,iki-OK-arasi-monotonluk,,,,,,,,,,,,True,,935.0,3.0,4.5
2026-09-23 19:23:58,MLLB_000_y1.0.3,GREEN,v4_green_MLLB_000_y103_0923,3.6,3.609,100,80,38,ince,False,iki-OK-arasi-monotonluk,,,,,,,,,,,,True,,935.0,3.0,4.5
2026-09-23 19:23:58,MLLB_000_y1.0.3,GREEN,v4_green_MLLB_000_y103_0923,3.6,3.609,100,80,39,ince,False,iki-OK-arasi-monotonluk,,,,,,,,,,,,True,,935.0,3.0,4.5
2026-09-23 19:23:58,MLLB_000_y1.0.3,GREEN,v4_green_MLLB_000_y103_0923,3.6,3.609,100,80,41,ince,False,iki-OK-arasi-monotonluk,,,,,,,,,,,,True,,935.0,3.0,4.5
2026-09-23 19:23:58,MLLB_000_y1.0.3,GREEN,v4_green_MLLB_000_y103_0923,3.6,3.609,100,80,42,ince,False,iki-OK-arasi-monotonluk,,,,,,,,,,,,True,,935.0,3.0,4.5
2026-09-23 19:23:58,MLLB_000_y1.0.3,GREEN,v4_green_MLLB_000_y103_0923,3.6,3.609,100,80,43,ince,False,iki-OK-arasi-monotonluk,,,,,,,,,,,,True,,935.0,3.0,4.5
2026-09-23 19:23:58,MLLB_000_y1.0.3,GREEN,v4_green_MLLB_000_y103_0923,3.6,3.609,100,80,45,ince,False,iki-OK-arasi-monotonluk,,,,,,,,,,,,True,,935.0,3.0,4.5
2026-09-23 19:23:58,MLLB_000_y1.0.3,GREEN,v4_green_MLLB_000_y103_0923,3.6,3.609,100,80,46,ince,False,iki-OK-arasi-monotonluk,,,,,,,,,,,,True,,935.0,3.0,4.5
2026-09-23 19:23:58,MLLB_000_y1.0.3,GREEN,v4_green_MLLB_000_y103_0923,3.6,3.609,100,80,47,ince,False,iki-OK-arasi-monotonluk,,,,,,,,,,,,True,,935.0,3.0,4.5
2026-09-23 19:23:58,MLLB_000_y1.0.3,GREEN,v4_green_MLLB_000_y103_0923,3.6,3.609,100,80,49,ince,False,iki-OK-arasi-monotonluk,,,,,,,,,,,,True,,935.0,3.0,4.5
2026-09-23 19:23:58,MLLB_000_y1.0.3,GREEN,v4_green_MLLB_000_y103_0923,3.6,3.609,100,80,,bitti,False,,,,,,,,,,,,,,,935.0,3.0,4.5
2026-09-23 19:24:15,MLLB_000_y1.0.3,GREEN,v4_green_MLLB_000_y103_0923,3.6,3.609,100,60,12,kaba,True,,36.0,30.0,16.0,966.0,1002.0,1.087,243.864,224.321,0.7766,True,,True,,935.0,3.0,4.5
2026-09-23 19:24:33,MLLB_000_y1.0.3,GREEN,v4_green_MLLB_000_y103_0923,3.6,3.609,100,60,16,kaba,True,,36.0,30.0,16.0,966.0,1002.0,1.087,243.864,224.338,0.777,True,,True,,935.0,3.0,4.5
2026-09-23 19:24:51,MLLB_000_y1.0.3,GREEN,v4_green_MLLB_000_y103_0923,3.6,3.609,100,60,20,kaba,True,,36.0,30.0,16.0,966.0,1002.0,1.087,243.864,224.404,0.7766,True,,True,,935.0,3.0,4.5
2026-09-23 19:25:09,MLLB_000_y1.0.3,GREEN,v4_green_MLLB_000_y103_0923,3.6,3.609,100,60,24,kaba,True,,36.0,30.0,16.0,966.0,1002.0,1.087,243.864,224.262,0.7773,True,,True,,935.0,3.0,4.5
2026-09-23 19:25:27,MLLB_000_y1.0.3,GREEN,v4_green_MLLB_000_y103_0923,3.6,3.609,100,60,28,kaba,True,,36.0,30.0,16.0,966.0,1002.0,1.088,243.899,224.114,0.7762,True,,True,,935.0,3.0,4.5
2026-09-23 19:25:45,MLLB_000_y1.0.3,GREEN,v4_green_MLLB_000_y103_0923,3.6,3.609,100,60,32,kaba,True,,36.0,30.0,16.0,966.0,1002.0,1.088,243.864,224.069,0.7769,True,,True,,935.0,3.0,4.5
2026-09-23 19:26:03,MLLB_000_y1.0.3,GREEN,v4_green_MLLB_000_y103_0923,3.6,3.609,100,60,36,kaba,True,,36.0,30.0,16.0,966.0,1002.0,1.088,243.864,224.196,0.7766,True,,True,,935.0,3.0,4.5
2026-09-23 19:26:18,MLLB_000_y1.0.3,GREEN,v4_green_MLLB_000_y103_0923,3.6,3.609,100,60,40,kaba,True,,36.0,30.0,16.0,966.0,1002.0,1.089,243.864,223.961,0.7768,True,,True,,935.0,3.0,4.5
2026-09-23 19:26:33,MLLB_000_y1.0.3,GREEN,v4_green_MLLB_000_y103_0923,3.6,3.609,100,60,44,kaba,True,,36.0,30.0,16.0,966.0,1002.0,1.089,243.864,223.984,0.7774,True,,True,,935.0,3.0,4.5
2026-09-23 19:26:51,MLLB_000_y1.0.3,GREEN,v4_green_MLLB_000_y103_0923,3.6,3.609,100,60,48,kaba,True,,36.0,30.0,16.0,966.0,1002.0,1.088,243.864,224.061,0.7771,True,,True,,935.0,3.0,4.5
2026-09-23 19:27:06,MLLB_000_y1.0.3,GREEN,v4_green_MLLB_000_y103_0923,3.6,3.609,100,60,50,kaba,True,,36.0,30.0,16.0,966.0,1002.0,1.091,244.618,224.183,0.7764,True,,True,,935.0,3.0,4.5
2026-09-23 19:27:06,MLLB_000_y1.0.3,GREEN,v4_green_MLLB_000_y103_0923,3.6,3.609,100,60,13,ince,False,iki-OK-arasi-monotonluk,,,,,,,,,,,,True,,935.0,3.0,4.5
2026-09-23 19:27:06,MLLB_000_y1.0.3,GREEN,v4_green_MLLB_000_y103_0923,3.6,3.609,100,60,14,ince,False,iki-OK-arasi-monotonluk,,,,,,,,,,,,True,,935.0,3.0,4.5
2026-09-23 19:27:06,MLLB_000_y1.0.3,GREEN,v4_green_MLLB_000_y103_0923,3.6,3.609,100,60,15,ince,False,iki-OK-arasi-monotonluk,,,,,,,,,,,,True,,935.0,3.0,4.5
2026-09-23 19:27:06,MLLB_000_y1.0.3,GREEN,v4_green_MLLB_000_y103_0923,3.6,3.609,100,60,17,ince,False,iki-OK-arasi-monotonluk,,,,,,,,,,,,True,,935.0,3.0,4.5
2026-09-23 19:27:06,MLLB_000_y1.0.3,GREEN,v4_green_MLLB_000_y103_0923,3.6,3.609,100,60,18,ince,False,iki-OK-arasi-monotonluk,,,,,,,,,,,,True,,935.0,3.0,4.5
2026-09-23 19:27:06,MLLB_000_y1.0.3,GREEN,v4_green_MLLB_000_y103_0923,3.6,3.609,100,60,19,ince,False,iki-OK-arasi-monotonluk,,,,,,,,,,,,True,,935.0,3.0,4.5
2026-09-23 19:27:06,MLLB_000_y1.0.3,GREEN,v4_green_MLLB_000_y103_0923,3.6,3.609,100,60,21,ince,False,iki-OK-arasi-monotonluk,,,,,,,,,,,,True,,935.0,3.0,4.5
2026-09-23 19:27:06,MLLB_000_y1.0.3,GREEN,v4_green_MLLB_000_y103_0923,3.6,3.609,100,60,22,ince,False,iki-OK-arasi-monotonluk,,,,,,,,,,,,True,,935.0,3.0,4.5
2026-09-23 19:27:06,MLLB_000_y1.0.3,GREEN,v4_green_MLLB_000_y103_0923,3.6,3.609,100,60,23,ince,False,iki-OK-arasi-monotonluk,,,,,,,,,,,,True,,935.0,3.0,4.5
2026-09-23 19:27:06,MLLB_000_y1.0.3,GREEN,v4_green_MLLB_000_y103_0923,3.6,3.609,100,60,25,ince,False,iki-OK-arasi-monotonluk,,,,,,,,,,,,True,,935.0,3.0,4.5
2026-09-23 19:27:06,MLLB_000_y1.0.3,GREEN,v4_green_MLLB_000_y103_0923,3.6,3.609,100,60,26,ince,False,iki-OK-arasi-monotonluk,,,,,,,,,,,,True,,935.0,3.0,4.5
2026-09-23 19:27:06,MLLB_000_y1.0.3,GREEN,v4_green_MLLB_000_y103_0923,3.6,3.609,100,60,27,ince,False,iki-OK-arasi-monotonluk,,,,,,,,,,,,True,,935.0,3.0,4.5
2026-09-23 19:27:06,MLLB_000_y1.0.3,GREEN,v4_green_MLLB_000_y103_0923,3.6,3.609,100,60,29,ince,False,iki-OK-arasi-monotonluk,,,,,,,,,,,,True,,935.0,3.0,4.5
2026-09-23 19:27:06,MLLB_000_y1.0.3,GREEN,v4_green_MLLB_000_y103_0923,3.6,3.609,100,60,30,ince,False,iki-OK-arasi-monotonluk,,,,,,,,,,,,True,,935.0,3.0,4.5
2026-09-23 19:27:06,MLLB_000_y1.0.3,GREEN,v4_green_MLLB_000_y103_0923,3.6,3.609,100,60,31,ince,False,iki-OK-arasi-monotonluk,,,,,,,,,,,,True,,935.0,3.0,4.5
2026-09-23 19:27:06,MLLB_000_y1.0.3,GREEN,v4_green_MLLB_000_y103_0923,3.6,3.609,100,60,33,ince,False,iki-OK-arasi-monotonluk,,,,,,,,,,,,True,,935.0,3.0,4.5
2026-09-23 19:27:06,MLLB_000_y1.0.3,GREEN,v4_green_MLLB_000_y103_0923,3.6,3.609,100,60,34,ince,False,iki-OK-arasi-monotonluk,,,,,,,,,,,,True,,935.0,3.0,4.5
2026-09-23 19:27:06,MLLB_000_y1.0.3,GREEN,v4_green_MLLB_000_y103_0923,3.6,3.609,100,60,35,ince,False,iki-OK-arasi-monotonluk,,,,,,,,,,,,True,,935.0,3.0,4.5
2026-09-23 19:27:06,MLLB_000_y1.0.3,GREEN,v4_green_MLLB_000_y103_0923,3.6,3.609,100,60,37,ince,False,iki-OK-arasi-monotonluk,,,,,,,,,,,,True,,935.0,3.0,4.5
2026-09-23 19:27:06,MLLB_000_y1.0.3,GREEN,v4_green_MLLB_000_y103_0923,3.6,3.609,100,60,38,ince,False,iki-OK-arasi-monotonluk,,,,,,,,,,,,True,,935.0,3.0,4.5
2026-09-23 19:27:06,MLLB_000_y1.0.3,GREEN,v4_green_MLLB_000_y103_0923,3.6,3.609,100,60,39,ince,False,iki-OK-arasi-monotonluk,,,,,,,,,,,,True,,935.0,3.0,4.5
2026-09-23 19:27:06,MLLB_000_y1.0.3,GREEN,v4_green_MLLB_000_y103_0923,3.6,3.609,100,60,41,ince,False,iki-OK-arasi-monotonluk,,,,,,,,,,,,True,,935.0,3.0,4.5
2026-09-23 19:27:06,MLLB_000_y1.0.3,GREEN,v4_green_MLLB_000_y103_0923,3.6,3.609,100,60,42,ince,False,iki-OK-arasi-monotonluk,,,,,,,,,,,,True,,935.0,3.0,4.5
2026-09-23 19:27:06,MLLB_000_y1.0.3,GREEN,v4_green_MLLB_000_y103_0923,3.6,3.609,100,60,43,ince,False,iki-OK-arasi-monotonluk,,,,,,,,,,,,True,,935.0,3.0,4.5
2026-09-23 19:27:06,MLLB_000_y1.0.3,GREEN,v4_green_MLLB_000_y103_0923,3.6,3.609,100,60,45,ince,False,iki-OK-arasi-monotonluk,,,,,,,,,,,,True,,935.0,3.0,4.5
2026-09-23 19:27:06,MLLB_000_y1.0.3,GREEN,v4_green_MLLB_000_y103_0923,3.6,3.609,100,60,46,ince,False,iki-OK-arasi-monotonluk,,,,,,,,,,,,True,,935.0,3.0,4.5
2026-09-23 19:27:06,MLLB_000_y1.0.3,GREEN,v4_green_MLLB_000_y103_0923,3.6,3.609,100,60,47,ince,False,iki-OK-arasi-monotonluk,,,,,,,,,,,,True,,935.0,3.0,4.5
2026-09-23 19:27:06,MLLB_000_y1.0.3,GREEN,v4_green_MLLB_000_y103_0923,3.6,3.609,100,60,49,ince,False,iki-OK-arasi-monotonluk,,,,,,,,,,,,True,,935.0,3.0,4.5
2026-09-23 19:27:06,MLLB_000_y1.0.3,GREEN,v4_green_MLLB_000_y103_0923,3.6,3.609,100,60,,bitti,False,,,,,,,,,,,,,,,935.0,3.0,4.5
2026-09-23 19:27:39,MLLB_000_y1.0.3,GREEN,v4_green_MLLB_000_y103_0923,3.4,3.41,4,100,12,kaba,True,,638.0,600.0,130.0,364.0,1002.0,1.756,8.609,4.902,0.066,True,,False,ON,935.0,3.0,4.5
2026-09-23 19:27:57,MLLB_000_y1.0.3,GREEN,v4_green_MLLB_000_y103_0923,3.4,3.41,4,100,16,kaba,True,,456.0,422.0,114.0,546.0,1002.0,1.446,7.202,4.982,0.0675,True,,False,ON,935.0,3.0,4.5
2026-09-23 19:28:15,MLLB_000_y1.0.3,GREEN,v4_green_MLLB_000_y103_0923,3.4,3.41,4,100,20,kaba,True,,298.0,392.0,4.0,704.0,1002.0,1.435,7.266,5.064,0.0671,True,,False,ON,935.0,3.0,4.5
2026-09-23 19:28:33,MLLB_000_y1.0.3,GREEN,v4_green_MLLB_000_y103_0923,3.4,3.41,4,100,24,kaba,True,,118.0,174.0,24.0,884.0,1002.0,1.429,7.271,5.088,0.0659,True,,False,ON,935.0,3.0,4.5
2026-09-23 19:28:51,MLLB_000_y1.0.3,GREEN,v4_green_MLLB_000_y103_0923,3.4,3.41,4,100,28,kaba,True,,20.0,8.0,14.0,982.0,1002.0,4.76,24.302,5.106,0.0629,True,,False,FLAS,935.0,3.0,4.5
2026-09-23 19:29:09,MLLB_000_y1.0.3,GREEN,v4_green_MLLB_000_y103_0923,3.4,3.41,4,100,32,kaba,True,,18.0,4.0,14.0,984.0,1002.0,30.914,157.432,5.093,0.068,True,,False,FLAS,935.0,3.0,4.5
2026-09-23 19:29:27,MLLB_000_y1.0.3,GREEN,v4_green_MLLB_000_y103_0923,3.4,3.41,4,100,25,ince,True,,46.0,164.0,14.0,956.0,1002.0,1.433,7.288,5.086,0.0669,True,,True,,935.0,3.0,4.5
2026-09-23 19:29:45,MLLB_000_y1.0.3,GREEN,v4_green_MLLB_000_y103_0923,3.4,3.41,4,100,26,ince,True,,26.0,18.0,14.0,976.0,1002.0,2.2,11.242,5.11,0.0658,True,,True,,935.0,3.0,4.5
2026-09-23 19:30:03,MLLB_000_y1.0.3,GREEN,v4_green_MLLB_000_y103_0923,3.4,3.41,4,100,27,ince,True,,20.0,10.0,14.0,982.0,1002.0,3.367,17.074,5.07,0.0666,True,,False,FLAS,935.0,3.0,4.5
2026-09-23 19:30:04,MLLB_000_y1.0.3,GREEN,v4_green_MLLB_000_y103_0923,3.4,3.41,4,100,,bitti,False,,,,,,,,,,,,,,,935.0,3.0,4.5
2026-09-23 19:30:21,MLLB_000_y1.0.3,GREEN,v4_green_MLLB_000_y103_0923,3.4,3.41,4,80,12,kaba,True,,688.0,608.0,148.0,314.0,1002.0,1.484,7.259,4.892,0.0601,True,,False,ON,935.0,3.0,4.5
2026-09-23 19:30:39,MLLB_000_y1.0.3,GREEN,v4_green_MLLB_000_y103_0923,3.4,3.41,4,80,16,kaba,True,,570.0,638.0,0.0,432.0,1002.0,1.47,7.252,4.934,0.0681,True,,False,ON,935.0,3.0,4.5
2026-09-23 19:30:57,MLLB_000_y1.0.3,GREEN,v4_green_MLLB_000_y103_0923,3.4,3.41,4,80,20,kaba,True,,450.0,502.0,40.0,552.0,1002.0,1.457,7.299,5.011,0.0681,True,,False,ON,935.0,3.0,4.5
2026-09-23 19:31:15,MLLB_000_y1.0.3,GREEN,v4_green_MLLB_000_y103_0923,3.4,3.41,4,80,24,kaba,True,,302.0,272.0,114.0,700.0,1002.0,1.513,7.669,5.07,0.0672,True,,False,ON,935.0,3.0,4.5
2026-09-23 19:31:33,MLLB_000_y1.0.3,GREEN,v4_green_MLLB_000_y103_0923,3.4,3.41,4,80,28,kaba,True,,158.0,216.0,42.0,844.0,1002.0,1.418,7.243,5.108,0.0657,True,,False,ON,935.0,3.0,4.5
2026-09-23 19:31:51,MLLB_000_y1.0.3,GREEN,v4_green_MLLB_000_y103_0923,3.4,3.41,4,80,32,kaba,True,,30.0,32.0,0.0,972.0,1002.0,2.812,14.354,5.105,0.0681,True,,True,,935.0,3.0,4.5
2026-09-23 19:32:06,MLLB_000_y1.0.3,GREEN,v4_green_MLLB_000_y103_0923,3.4,3.41,4,80,36,kaba,True,,22.0,6.0,18.0,980.0,1002.0,18.172,92.345,5.082,0.0668,True,,False,FLAS,935.0,3.0,4.5
2026-09-23 19:32:23,MLLB_000_y1.0.3,GREEN,v4_green_MLLB_000_y103_0923,3.4,3.41,4,80,29,ince,True,,138.0,204.0,30.0,864.0,1002.0,1.419,7.399,5.213,0.0668,True,,False,ON,935.0,3.0,4.5
2026-09-23 19:32:41,MLLB_000_y1.0.3,GREEN,v4_green_MLLB_000_y103_0923,3.4,3.41,4,80,30,ince,True,,82.0,146.0,22.0,920.0,1002.0,1.425,7.254,5.09,0.0665,True,,False,ON,935.0,3.0,4.5
2026-09-23 19:32:59,MLLB_000_y1.0.3,GREEN,v4_green_MLLB_000_y103_0923,3.4,3.41,4,80,31,ince,True,,34.0,24.0,18.0,968.0,1002.0,1.689,8.596,5.09,0.0668,True,,True,,935.0,3.0,4.5
2026-09-23 19:33:17,MLLB_000_y1.0.3,GREEN,v4_green_MLLB_000_y103_0923,3.4,3.41,4,80,33,ince,True,,26.0,12.0,18.0,976.0,1002.0,3.548,18.115,5.106,0.067,True,,False,FLAS,935.0,3.0,4.5
2026-09-23 19:33:32,MLLB_000_y1.0.3,GREEN,v4_green_MLLB_000_y103_0923,3.4,3.41,4,80,34,ince,True,,26.0,12.0,18.0,976.0,1002.0,4.859,24.74,5.091,0.0655,True,,False,FLAS,935.0,3.0,4.5
2026-09-23 19:33:49,MLLB_000_y1.0.3,GREEN,v4_green_MLLB_000_y103_0923,3.4,3.41,4,80,35,ince,True,,24.0,8.0,18.0,978.0,1002.0,10.979,55.895,5.091,0.0674,True,,False,FLAS,935.0,3.0,4.5
2026-09-23 19:33:50,MLLB_000_y1.0.3,GREEN,v4_green_MLLB_000_y103_0923,3.4,3.41,4,80,,bitti,False,,,,,,,,,,,,,,,935.0,3.0,4.5
2026-09-23 19:34:07,MLLB_000_y1.0.3,GREEN,v4_green_MLLB_000_y103_0923,3.4,3.41,4,60,12,kaba,True,,762.0,786.0,22.0,240.0,1002.0,1.6,7.994,4.996,0.0454,True,,False,ON,935.0,3.0,4.5
2026-09-23 19:34:25,MLLB_000_y1.0.3,GREEN,v4_green_MLLB_000_y103_0923,3.4,3.41,4,60,16,kaba,True,,674.0,674.0,96.0,328.0,1002.0,1.486,7.243,4.875,0.0614,True,,False,ON,935.0,3.0,4.5
2026-09-23 19:34:40,MLLB_000_y1.0.3,GREEN,v4_green_MLLB_000_y103_0923,3.4,3.41,4,60,20,kaba,True,,606.0,666.0,16.0,396.0,1002.0,1.594,7.819,4.905,0.0659,True,,False,ON,935.0,3.0,4.5
2026-09-23 19:34:57,MLLB_000_y1.0.3,GREEN,v4_green_MLLB_000_y103_0923,3.4,3.41,4,60,24,kaba,True,,502.0,488.0,66.0,500.0,1002.0,1.463,7.307,4.994,0.0649,True,,False,ON,935.0,3.0,4.5
2026-09-23 19:35:15,MLLB_000_y1.0.3,GREEN,v4_green_MLLB_000_y103_0923,3.4,3.41,4,60,28,kaba,True,,410.0,396.0,82.0,592.0,1002.0,1.462,7.354,5.029,0.0647,True,,False,ON,935.0,3.0,4.5
2026-09-23 19:35:33,MLLB_000_y1.0.3,GREEN,v4_green_MLLB_000_y103_0923,3.4,3.41,4,60,32,kaba,True,,288.0,282.0,52.0,714.0,1002.0,1.448,7.314,5.051,0.0645,True,,False,ON,935.0,3.0,4.5
2026-09-23 19:35:51,MLLB_000_y1.0.3,GREEN,v4_green_MLLB_000_y103_0923,3.4,3.41,4,60,36,kaba,True,,216.0,234.0,62.0,786.0,1002.0,1.749,8.903,5.091,0.0699,True,,False,ON,935.0,3.0,4.5
2026-09-23 19:36:09,MLLB_000_y1.0.3,GREEN,v4_green_MLLB_000_y103_0923,3.4,3.41,4,60,40,kaba,True,,86.0,128.0,34.0,916.0,1002.0,1.453,7.37,5.073,0.0644,True,,False,ON,935.0,3.0,4.5
2026-09-23 19:36:27,MLLB_000_y1.0.3,GREEN,v4_green_MLLB_000_y103_0923,3.4,3.41,4,60,44,kaba,True,,36.0,10.0,30.0,966.0,1002.0,3.819,19.452,5.094,0.0635,True,,False,FLAS,935.0,3.0,4.5
2026-09-23 19:36:45,MLLB_000_y1.0.3,GREEN,v4_green_MLLB_000_y103_0923,3.4,3.41,4,60,48,kaba,True,,34.0,4.0,30.0,968.0,1002.0,17.485,88.854,5.082,0.0634,True,,False,FLAS,935.0,3.0,4.5
2026-09-23 19:37:03,MLLB_000_y1.0.3,GREEN,v4_green_MLLB_000_y103_0923,3.4,3.41,4,60,41,ince,True,,42.0,24.0,30.0,960.0,1002.0,1.824,9.277,5.087,0.0632,True,,True,,935.0,3.0,4.5
2026-09-23 19:37:21,MLLB_000_y1.0.3,GREEN,v4_green_MLLB_000_y103_0923,3.4,3.41,4,60,42,ince,True,,40.0,16.0,30.0,962.0,1002.0,2.58,13.146,5.095,0.0645,True,,True,,935.0,3.0,4.5
2026-09-23 19:37:39,MLLB_000_y1.0.3,GREEN,v4_green_MLLB_000_y103_0923,3.4,3.41,4,60,43,ince,True,,36.0,10.0,30.0,966.0,1002.0,3.246,16.551,5.099,0.0664,True,,False,FLAS,935.0,3.0,4.5
2026-09-23 19:37:40,MLLB_000_y1.0.3,GREEN,v4_green_MLLB_000_y103_0923,3.4,3.41,4,60,,bitti,False,,,,,,,,,,,,,,,935.0,3.0,4.5
2026-09-23 19:38:05,MLLB_000_y1.0.3,GREEN,v4_green_MLLB_000_y103_0923,3.4,3.41,5,100,12,kaba,True,,454.0,500.0,10.0,548.0,1002.0,1.095,8.038,7.34,0.0885,True,,False,ON,935.0,3.0,4.5
2026-09-23 19:38:20,MLLB_000_y1.0.3,GREEN,v4_green_MLLB_000_y103_0923,3.4,3.41,5,100,16,kaba,True,,338.0,298.0,60.0,664.0,1002.0,1.195,8.566,7.168,0.0877,True,,False,ON,935.0,3.0,4.5
2026-09-23 19:38:35,MLLB_000_y1.0.3,GREEN,v4_green_MLLB_000_y103_0923,3.4,3.41,5,100,20,kaba,True,,224.0,128.0,114.0,778.0,1002.0,1.17,8.457,7.23,0.089,True,,False,ON,935.0,3.0,4.5
2026-09-23 19:38:50,MLLB_000_y1.0.3,GREEN,v4_green_MLLB_000_y103_0923,3.4,3.41,5,100,24,kaba,True,,112.0,128.0,30.0,890.0,1002.0,1.131,8.199,7.248,0.0892,True,,False,ON,935.0,3.0,4.5
2026-09-23 19:39:04,MLLB_000_y1.0.3,GREEN,v4_green_MLLB_000_y103_0923,3.4,3.41,5,100,28,kaba,True,,22.0,12.0,14.0,980.0,1002.0,3.201,23.271,7.27,0.0895,True,,False,FLAS,935.0,3.0,4.5
2026-09-23 19:39:23,MLLB_000_y1.0.3,GREEN,v4_green_MLLB_000_y103_0923,3.4,3.41,5,100,32,kaba,True,,18.0,6.0,14.0,984.0,1002.0,21.258,154.741,7.279,0.0865,True,,False,FLAS,935.0,3.0,4.5
2026-09-23 19:39:41,MLLB_000_y1.0.3,GREEN,v4_green_MLLB_000_y103_0923,3.4,3.41,5,100,25,ince,True,,66.0,108.0,14.0,936.0,1002.0,1.111,8.054,7.251,0.0891,True,,True,,935.0,3.0,4.5
2026-09-23 19:39:56,MLLB_000_y1.0.3,GREEN,v4_green_MLLB_000_y103_0923,3.4,3.41,5,100,26,ince,True,,32.0,26.0,14.0,970.0,1002.0,1.461,10.56,7.229,0.0873,True,,True,,935.0,3.0,4.5
2026-09-23 19:40:13,MLLB_000_y1.0.3,GREEN,v4_green_MLLB_000_y103_0923,3.4,3.41,5,100,27,ince,True,,26.0,18.0,14.0,976.0,1002.0,2.278,16.551,7.265,0.0918,True,,True,,935.0,3.0,4.5
2026-09-23 19:40:14,MLLB_000_y1.0.3,GREEN,v4_green_MLLB_000_y103_0923,3.4,3.41,5,100,,bitti,False,,,,,,,,,,,,,,,935.0,3.0,4.5
2026-09-23 19:40:31,MLLB_000_y1.0.3,GREEN,v4_green_MLLB_000_y103_0923,3.4,3.41,5,80,12,kaba,True,,500.0,386.0,150.0,502.0,1002.0,1.291,9.078,7.033,0.0903,True,,False,ON,935.0,3.0,4.5
2026-09-23 19:40:49,MLLB_000_y1.0.3,GREEN,v4_green_MLLB_000_y103_0923,3.4,3.41,5,80,16,kaba,True,,410.0,120.0,306.0,592.0,1002.0,1.13,8.054,7.126,0.0905,True,,False,ON,935.0,3.0,4.5
2026-09-23 19:41:07,MLLB_000_y1.0.3,GREEN,v4_green_MLLB_000_y103_0923,3.4,3.41,5,80,20,kaba,True,,318.0,316.0,38.0,684.0,1002.0,1.121,8.054,7.186,0.0919,True,,False,ON,935.0,3.0,4.5
2026-09-23 19:41:25,MLLB_000_y1.0.3,GREEN,v4_green_MLLB_000_y103_0923,3.4,3.41,5,80,24,kaba,True,,226.0,140.0,106.0,776.0,1002.0,1.111,8.054,7.246,0.0901,True,,False,ON,935.0,3.0,4.5
2026-09-23 19:41:43,MLLB_000_y1.0.3,GREEN,v4_green_MLLB_000_y103_0923,3.4,3.41,5,80,28,kaba,True,,134.0,110.0,52.0,868.0,1002.0,1.138,8.259,7.257,0.0918,True,,False,ON,935.0,3.0,4.5
2026-09-23 19:42:01,MLLB_000_y1.0.3,GREEN,v4_green_MLLB_000_y103_0923,3.4,3.41,5,80,32,kaba,True,,32.0,24.0,18.0,970.0,1002.0,1.907,13.832,7.255,0.091,True,,True,,935.0,3.0,4.5
2026-09-23 19:42:19,MLLB_000_y1.0.3,GREEN,v4_green_MLLB_000_y103_0923,3.4,3.41,5,80,36,kaba,True,,24.0,6.0,18.0,978.0,1002.0,12.539,90.919,7.251,0.0916,True,,False,FLAS,935.0,3.0,4.5
2026-09-23 19:42:37,MLLB_000_y1.0.3,GREEN,v4_green_MLLB_000_y103_0923,3.4,3.41,5,80,29,ince,True,,106.0,118.0,12.0,896.0,1002.0,1.111,8.089,7.278,0.0892,True,,False,ON,935.0,3.0,4.5
2026-09-23 19:42:55,MLLB_000_y1.0.3,GREEN,v4_green_MLLB_000_y103_0923,3.4,3.41,5,80,30,ince,True,,80.0,108.0,26.0,922.0,1002.0,1.114,8.099,7.273,0.0917,True,,False,ON,935.0,3.0,4.5
2026-09-23 19:43:13,MLLB_000_y1.0.3,GREEN,v4_green_MLLB_000_y103_0923,3.4,3.41,5,80,31,ince,True,,38.0,30.0,18.0,964.0,1002.0,1.112,8.054,7.245,0.0914,True,,True,,935.0,3.0,4.5
2026-09-23 19:43:31,MLLB_000_y1.0.3,GREEN,v4_green_MLLB_000_y103_0923,3.4,3.41,5,80,33,ince,True,,28.0,18.0,18.0,974.0,1002.0,2.433,17.688,7.27,0.0904,True,,True,,935.0,3.0,4.5
2026-09-23 19:43:46,MLLB_000_y1.0.3,GREEN,v4_green_MLLB_000_y103_0923,3.4,3.41,5,80,34,ince,True,,28.0,16.0,18.0,974.0,1002.0,3.319,24.13,7.27,0.0924,True,,False,FLAS,935.0,3.0,4.5
2026-09-23 19:44:03,MLLB_000_y1.0.3,GREEN,v4_green_MLLB_000_y103_0923,3.4,3.41,5,80,35,ince,True,,24.0,10.0,18.0,978.0,1002.0,7.492,54.393,7.26,0.0929,True,,False,FLAS,935.0,3.0,4.5
2026-09-23 19:44:04,MLLB_000_y1.0.3,GREEN,v4_green_MLLB_000_y103_0923,3.4,3.41,5,80,,bitti,False,,,,,,,,,,,,,,,935.0,3.0,4.5
2026-09-23 19:44:21,MLLB_000_y1.0.3,GREEN,v4_green_MLLB_000_y103_0923,3.4,3.41,5,60,12,kaba,True,,566.0,610.0,0.0,436.0,1002.0,1.149,8.054,7.009,0.0915,True,,False,ON,935.0,3.0,4.5
2026-09-23 19:44:39,MLLB_000_y1.0.3,GREEN,v4_green_MLLB_000_y103_0923,3.4,3.41,5,60,16,kaba,True,,502.0,354.0,188.0,500.0,1002.0,1.197,8.452,7.059,0.0894,True,,False,ON,935.0,3.0,4.5
2026-09-23 19:44:57,MLLB_000_y1.0.3,GREEN,v4_green_MLLB_000_y103_0923,3.4,3.41,5,60,20,kaba,True,,422.0,152.0,292.0,580.0,1002.0,1.134,8.064,7.109,0.0877,True,,False,ON,935.0,3.0,4.5
2026-09-23 19:45:15,MLLB_000_y1.0.3,GREEN,v4_green_MLLB_000_y103_0923,3.4,3.41,5,60,24,kaba,True,,354.0,148.0,272.0,648.0,1002.0,1.132,8.103,7.159,0.0906,True,,False,ON,935.0,3.0,4.5
2026-09-23 19:45:33,MLLB_000_y1.0.3,GREEN,v4_green_MLLB_000_y103_0923,3.4,3.41,5,60,28,kaba,True,,294.0,122.0,186.0,708.0,1002.0,1.119,8.054,7.195,0.0904,True,,False,ON,935.0,3.0,4.5
2026-09-23 19:45:51,MLLB_000_y1.0.3,GREEN,v4_green_MLLB_000_y103_0923,3.4,3.41,5,60,32,kaba,True,,226.0,142.0,104.0,776.0,1002.0,1.162,8.403,7.228,0.0918,True,,False,ON,935.0,3.0,4.5
2026-09-23 19:46:09,MLLB_000_y1.0.3,GREEN,v4_green_MLLB_000_y103_0923,3.4,3.41,5,60,36,kaba,True,,158.0,150.0,62.0,844.0,1002.0,1.111,8.054,7.248,0.0891,True,,False,ON,935.0,3.0,4.5
2026-09-23 19:46:27,MLLB_000_y1.0.3,GREEN,v4_green_MLLB_000_y103_0923,3.4,3.41,5,60,40,kaba,True,,68.0,54.0,30.0,934.0,1002.0,1.108,8.054,7.268,0.0902,True,,False,ON,935.0,3.0,4.5
2026-09-23 19:46:45,MLLB_000_y1.0.3,GREEN,v4_green_MLLB_000_y103_0923,3.4,3.41,5,60,44,kaba,True,,40.0,14.0,30.0,962.0,1002.0,2.618,19.069,7.283,0.0905,True,,True,,935.0,3.0,4.5
2026-09-23 19:47:00,MLLB_000_y1.0.3,GREEN,v4_green_MLLB_000_y103_0923,3.4,3.41,5,60,48,kaba,True,,36.0,6.0,30.0,966.0,1002.0,12.11,87.851,7.255,0.0934,True,,False,FLAS,935.0,3.0,4.5
2026-09-23 19:47:15,MLLB_000_y1.0.3,GREEN,v4_green_MLLB_000_y103_0923,3.4,3.41,5,60,41,ince,True,,48.0,28.0,30.0,954.0,1002.0,1.222,8.868,7.257,0.0908,True,,True,,935.0,3.0,4.5
2026-09-23 19:47:33,MLLB_000_y1.0.3,GREEN,v4_green_MLLB_000_y103_0923,3.4,3.41,5,60,42,ince,True,,44.0,20.0,30.0,958.0,1002.0,1.775,12.903,7.268,0.0879,True,,True,,935.0,3.0,4.5
2026-09-23 19:47:51,MLLB_000_y1.0.3,GREEN,v4_green_MLLB_000_y103_0923,3.4,3.41,5,60,43,ince,True,,40.0,16.0,30.0,962.0,1002.0,2.248,16.298,7.252,0.0918,True,,True,,935.0,3.0,4.5
2026-09-23 19:48:09,MLLB_000_y1.0.3,GREEN,v4_green_MLLB_000_y103_0923,3.4,3.41,5,60,45,ince,True,,36.0,12.0,30.0,966.0,1002.0,3.294,23.869,7.247,0.0906,True,,False,FLAS,935.0,3.0,4.5
2026-09-23 19:48:24,MLLB_000_y1.0.3,GREEN,v4_green_MLLB_000_y103_0923,3.4,3.41,5,60,46,ince,True,,36.0,10.0,30.0,966.0,1002.0,4.998,36.179,7.239,0.0933,True,,False,FLAS,935.0,3.0,4.5
2026-09-23 19:48:41,MLLB_000_y1.0.3,GREEN,v4_green_MLLB_000_y103_0923,3.4,3.41,5,60,47,ince,True,,36.0,6.0,30.0,966.0,1002.0,10.161,73.656,7.249,0.0901,True,,False,FLAS,935.0,3.0,4.5
2026-09-23 19:48:42,MLLB_000_y1.0.3,GREEN,v4_green_MLLB_000_y103_0923,3.4,3.41,5,60,,bitti,False,,,,,,,,,,,,,,,935.0,3.0,4.5
2026-09-23 19:49:07,MLLB_000_y1.0.3,GREEN,v4_green_MLLB_000_y103_0923,3.4,3.41,6,100,12,kaba,True,,350.0,126.0,264.0,652.0,1002.0,1.084,10.407,9.601,0.1114,True,,False,ON,935.0,3.0,4.5
2026-09-23 19:49:25,MLLB_000_y1.0.3,GREEN,v4_green_MLLB_000_y103_0923,3.4,3.41,6,100,16,kaba,True,,258.0,106.0,186.0,744.0,1002.0,1.112,10.417,9.368,0.111,True,,False,ON,935.0,3.0,4.5
2026-09-23 19:49:43,MLLB_000_y1.0.3,GREEN,v4_green_MLLB_000_y103_0923,3.4,3.41,6,100,20,kaba,True,,178.0,140.0,98.0,824.0,1002.0,1.105,10.417,9.43,0.1093,True,,False,ON,935.0,3.0,4.5
2026-09-23 19:50:01,MLLB_000_y1.0.3,GREEN,v4_green_MLLB_000_y103_0923,3.4,3.41,6,100,24,kaba,True,,90.0,98.0,20.0,912.0,1002.0,1.099,10.417,9.482,0.1113,True,,False,ON,935.0,3.0,4.5
2026-09-23 19:50:19,MLLB_000_y1.0.3,GREEN,v4_green_MLLB_000_y103_0923,3.4,3.41,6,100,28,kaba,True,,24.0,18.0,14.0,978.0,1002.0,2.421,22.848,9.436,0.1113,True,,True,,935.0,3.0,4.5
2026-09-23 19:50:34,MLLB_000_y1.0.3,GREEN,v4_green_MLLB_000_y103_0923,3.4,3.41,6,100,32,kaba,True,,20.0,6.0,14.0,982.0,1002.0,16.192,152.078,9.392,0.1133,True,,False,FLAS,935.0,3.0,4.5
2026-09-23 19:50:51,MLLB_000_y1.0.3,GREEN,v4_green_MLLB_000_y103_0923,3.4,3.41,6,100,25,ince,True,,66.0,110.0,20.0,936.0,1002.0,1.105,10.417,9.424,0.1097,True,,True,,935.0,3.0,4.5
2026-09-23 19:51:09,MLLB_000_y1.0.3,GREEN,v4_green_MLLB_000_y103_0923,3.4,3.41,6,100,26,ince,True,,36.0,78.0,14.0,966.0,1002.0,1.103,10.417,9.44,0.1105,True,,True,,935.0,3.0,4.5
2026-09-23 19:51:27,MLLB_000_y1.0.3,GREEN,v4_green_MLLB_000_y103_0923,3.4,3.41,6,100,27,ince,True,,28.0,18.0,14.0,974.0,1002.0,1.735,16.382,9.441,0.113,True,,True,,935.0,3.0,4.5
2026-09-23 19:51:45,MLLB_000_y1.0.3,GREEN,v4_green_MLLB_000_y103_0923,3.4,3.41,6,100,29,ince,True,,20.0,12.0,14.0,982.0,1002.0,6.057,57.103,9.427,0.1101,True,,False,FLAS,935.0,3.0,4.5
2026-09-23 19:52:03,MLLB_000_y1.0.3,GREEN,v4_green_MLLB_000_y103_0923,3.4,3.41,6,100,30,ince,True,,20.0,6.0,14.0,982.0,1002.0,11.288,106.707,9.453,0.1126,True,,False,FLAS,935.0,3.0,4.5
2026-09-23 19:52:21,MLLB_000_y1.0.3,GREEN,v4_green_MLLB_000_y103_0923,3.4,3.41,6,100,31,ince,True,,20.0,6.0,14.0,982.0,1002.0,14.64,138.431,9.456,0.113,True,,False,FLAS,935.0,3.0,4.5
2026-09-23 19:52:22,MLLB_000_y1.0.3,GREEN,v4_green_MLLB_000_y103_0923,3.4,3.41,6,100,,bitti,False,,,,,,,,,,,,,,,935.0,3.0,4.5
2026-09-23 19:52:39,MLLB_000_y1.0.3,GREEN,v4_green_MLLB_000_y103_0923,3.4,3.41,6,80,12,kaba,True,,386.0,126.0,328.0,616.0,1002.0,1.126,10.417,9.251,0.1116,True,,False,ON,935.0,3.0,4.5
2026-09-23 19:52:57,MLLB_000_y1.0.3,GREEN,v4_green_MLLB_000_y103_0923,3.4,3.41,6,80,16,kaba,True,,320.0,110.0,244.0,682.0,1002.0,1.117,10.417,9.328,0.1107,True,,False,ON,935.0,3.0,4.5
2026-09-23 19:53:15,MLLB_000_y1.0.3,GREEN,v4_green_MLLB_000_y103_0923,3.4,3.41,6,80,20,kaba,True,,250.0,104.0,178.0,752.0,1002.0,1.114,10.417,9.348,0.1101,True,,False,ON,935.0,3.0,4.5
2026-09-23 19:53:33,MLLB_000_y1.0.3,GREEN,v4_green_MLLB_000_y103_0923,3.4,3.41,6,80,24,kaba,True,,176.0,124.0,98.0,826.0,1002.0,1.106,10.417,9.421,0.1127,True,,False,ON,935.0,3.0,4.5
2026-09-23 19:53:51,MLLB_000_y1.0.3,GREEN,v4_green_MLLB_000_y103_0923,3.4,3.41,6,80,28,kaba,True,,112.0,164.0,14.0,890.0,1002.0,1.103,10.417,9.441,0.111,True,,False,ON,935.0,3.0,4.5
2026-09-23 19:54:09,MLLB_000_y1.0.3,GREEN,v4_green_MLLB_000_y103_0923,3.4,3.41,6,80,32,kaba,True,,38.0,28.0,18.0,964.0,1002.0,1.43,13.508,9.448,0.1137,True,,True,,935.0,3.0,4.5
2026-09-23 19:54:27,MLLB_000_y1.0.3,GREEN,v4_green_MLLB_000_y103_0923,3.4,3.41,6,80,36,kaba,True,,24.0,8.0,20.0,978.0,1002.0,9.367,88.656,9.464,0.1126,True,,False,FLAS,935.0,3.0,4.5
2026-09-23 19:54:45,MLLB_000_y1.0.3,GREEN,v4_green_MLLB_000_y103_0923,3.4,3.41,6,80,29,ince,True,,90.0,130.0,30.0,912.0,1002.0,1.107,10.417,9.413,0.1101,True,,False,ON,935.0,3.0,4.5
2026-09-23 19:55:03,MLLB_000_y1.0.3,GREEN,v4_green_MLLB_000_y103_0923,3.4,3.41,6,80,30,ince,True,,70.0,132.0,26.0,932.0,1002.0,1.103,10.417,9.441,0.1142,True,,False,ON,935.0,3.0,4.5
2026-09-23 19:55:21,MLLB_000_y1.0.3,GREEN,v4_green_MLLB_000_y103_0923,3.4,3.41,6,80,31,ince,True,,46.0,50.0,22.0,956.0,1002.0,1.103,10.417,9.444,0.1154,True,,True,,935.0,3.0,4.5
2026-09-23 19:55:39,MLLB_000_y1.0.3,GREEN,v4_green_MLLB_000_y103_0923,3.4,3.41,6,80,33,ince,True,,32.0,22.0,18.0,970.0,1002.0,1.862,17.55,9.424,0.1137,True,,True,,935.0,3.0,4.5
2026-09-23 19:55:57,MLLB_000_y1.0.3,GREEN,v4_green_MLLB_000_y103_0923,3.4,3.41,6,80,34,ince,True,,28.0,18.0,18.0,974.0,1002.0,2.541,23.977,9.438,0.1131,True,,True,,935.0,3.0,4.5
2026-09-23 19:56:15,MLLB_000_y1.0.3,GREEN,v4_green_MLLB_000_y103_0923,3.4,3.41,6,80,35,ince,True,,26.0,12.0,18.0,976.0,1002.0,5.313,50.219,9.452,0.1124,True,,False,FLAS,935.0,3.0,4.5
2026-09-23 19:56:16,MLLB_000_y1.0.3,GREEN,v4_green_MLLB_000_y103_0923,3.4,3.41,6,80,,bitti,False,,,,,,,,,,,,,,,935.0,3.0,4.5
2026-09-23 19:56:33,MLLB_000_y1.0.3,GREEN,v4_green_MLLB_000_y103_0923,3.4,3.41,6,60,12,kaba,True,,434.0,94.0,360.0,568.0,1002.0,1.122,10.349,9.221,0.1132,True,,False,ON,935.0,3.0,4.5
2026-09-23 19:56:51,MLLB_000_y1.0.3,GREEN,v4_green_MLLB_000_y103_0923,3.4,3.41,6,60,16,kaba,True,,388.0,148.0,278.0,614.0,1002.0,1.124,10.417,9.266,0.1135,True,,False,ON,935.0,3.0,4.5
2026-09-23 19:57:09,MLLB_000_y1.0.3,GREEN,v4_green_MLLB_000_y103_0923,3.4,3.41,6,60,20,kaba,True,,330.0,92.0,258.0,672.0,1002.0,1.114,10.343,9.286,0.1107,True,,False,ON,935.0,3.0,4.5
2026-09-23 19:57:27,MLLB_000_y1.0.3,GREEN,v4_green_MLLB_000_y103_0923,3.4,3.41,6,60,24,kaba,True,,286.0,94.0,218.0,716.0,1002.0,1.115,10.417,9.345,0.1137,True,,False,ON,935.0,3.0,4.5
2026-09-23 19:57:45,MLLB_000_y1.0.3,GREEN,v4_green_MLLB_000_y103_0923,3.4,3.41,6,60,28,kaba,True,,230.0,112.0,162.0,772.0,1002.0,1.109,10.417,9.394,0.1133,True,,False,ON,935.0,3.0,4.5
2026-09-23 19:58:03,MLLB_000_y1.0.3,GREEN,v4_green_MLLB_000_y103_0923,3.4,3.41,6,60,32,kaba,True,,178.0,108.0,94.0,824.0,1002.0,1.103,10.417,9.442,0.1119,True,,False,ON,935.0,3.0,4.5
2026-09-23 19:58:21,MLLB_000_y1.0.3,GREEN,v4_green_MLLB_000_y103_0923,3.4,3.41,6,60,36,kaba,True,,130.0,100.0,50.0,872.0,1002.0,1.103,10.417,9.444,0.1166,True,,False,ON,935.0,3.0,4.5
2026-09-23 19:58:39,MLLB_000_y1.0.3,GREEN,v4_green_MLLB_000_y103_0923,3.4,3.41,6,60,40,kaba,True,,74.0,76.0,34.0,928.0,1002.0,1.098,10.375,9.448,0.1097,True,,False,ON,935.0,3.0,4.5
2026-09-23 19:58:57,MLLB_000_y1.0.3,GREEN,v4_green_MLLB_000_y103_0923,3.4,3.41,6,60,44,kaba,True,,42.0,20.0,30.0,960.0,1002.0,2.011,18.95,9.423,0.1118,True,,True,,935.0,3.0,4.5
2026-09-23 19:59:15,MLLB_000_y1.0.3,GREEN,v4_green_MLLB_000_y103_0923,3.4,3.41,6,60,48,kaba,True,,36.0,6.0,30.0,966.0,1002.0,9.166,86.404,9.427,0.1123,True,,False,FLAS,935.0,3.0,4.5
2026-09-23 19:59:33,MLLB_000_y1.0.3,GREEN,v4_green_MLLB_000_y103_0923,3.4,3.41,6,60,41,ince,True,,54.0,38.0,30.0,948.0,1002.0,1.105,10.417,9.427,0.1118,True,,True,,935.0,3.0,4.5
2026-09-23 19:59:48,MLLB_000_y1.0.3,GREEN,v4_green_MLLB_000_y103_0923,3.4,3.41,6,60,42,ince,True,,44.0,22.0,30.0,958.0,1002.0,1.342,12.625,9.405,0.1103,True,,True,,935.0,3.0,4.5
2026-09-23 20:00:05,MLLB_000_y1.0.3,GREEN,v4_green_MLLB_000_y103_0923,3.4,3.41,6,60,43,ince,True,,44.0,20.0,30.0,958.0,1002.0,1.715,16.174,9.432,0.1131,True,,True,,935.0,3.0,4.5
2026-09-23 20:00:20,MLLB_000_y1.0.3,GREEN,v4_green_MLLB_000_y103_0923,3.4,3.41,6,60,45,ince,True,,40.0,16.0,30.0,962.0,1002.0,2.516,23.784,9.452,0.1145,True,,True,,935.0,3.0,4.5
2026-09-23 20:00:37,MLLB_000_y1.0.3,GREEN,v4_green_MLLB_000_y103_0923,3.4,3.41,6,60,46,ince,True,,38.0,12.0,30.0,964.0,1002.0,3.671,35.441,9.653,0.1118,True,,False,FLAS,935.0,3.0,4.5
2026-09-23 20:00:55,MLLB_000_y1.0.3,GREEN,v4_green_MLLB_000_y103_0923,3.4,3.41,6,60,47,ince,True,,36.0,10.0,30.0,966.0,1002.0,7.233,68.316,9.445,0.1135,True,,False,FLAS,935.0,3.0,4.5
2026-09-23 20:00:56,MLLB_000_y1.0.3,GREEN,v4_green_MLLB_000_y103_0923,3.4,3.41,6,60,,bitti,False,,,,,,,,,,,,,,,935.0,3.0,4.5
2026-09-23 20:01:17,MLLB_000_y1.0.3,GREEN,v4_green_MLLB_000_y103_0923,3.4,3.41,7,100,12,kaba,True,,286.0,172.0,226.0,716.0,1002.0,1.069,12.704,11.878,0.1356,True,,False,ON,935.0,3.0,4.5
2026-09-23 20:01:35,MLLB_000_y1.0.3,GREEN,v4_green_MLLB_000_y103_0923,3.4,3.41,7,100,16,kaba,True,,218.0,164.0,148.0,784.0,1002.0,1.095,12.717,11.616,0.1345,True,,False,ON,935.0,3.0,4.5
2026-09-23 20:01:53,MLLB_000_y1.0.3,GREEN,v4_green_MLLB_000_y103_0923,3.4,3.41,7,100,20,kaba,True,,150.0,110.0,84.0,852.0,1002.0,1.095,12.81,11.696,0.1339,True,,False,ON,935.0,3.0,4.5
2026-09-23 20:02:11,MLLB_000_y1.0.3,GREEN,v4_green_MLLB_000_y103_0923,3.4,3.41,7,100,24,kaba,True,,76.0,68.0,28.0,926.0,1002.0,1.096,12.81,11.691,0.1332,True,,False,ON,935.0,3.0,4.5
2026-09-23 20:02:29,MLLB_000_y1.0.3,GREEN,v4_green_MLLB_000_y103_0923,3.4,3.41,7,100,28,kaba,True,,28.0,18.0,14.0,974.0,1002.0,1.919,22.443,11.696,0.1319,True,,True,,935.0,3.0,4.5
2026-09-23 20:02:47,MLLB_000_y1.0.3,GREEN,v4_green_MLLB_000_y103_0923,3.4,3.41,7,100,32,kaba,True,,20.0,8.0,14.0,982.0,1002.0,13.027,152.078,11.674,0.1316,True,,False,FLAS,935.0,3.0,4.5
2026-09-23 20:03:05,MLLB_000_y1.0.3,GREEN,v4_green_MLLB_000_y103_0923,3.4,3.41,7,100,25,ince,True,,58.0,132.0,16.0,944.0,1002.0,1.094,12.81,11.714,0.1326,True,,True,,935.0,3.0,4.5
2026-09-23 20:03:23,MLLB_000_y1.0.3,GREEN,v4_green_MLLB_000_y103_0923,3.4,3.41,7,100,26,ince,True,,38.0,102.0,14.0,964.0,1002.0,1.092,12.735,11.665,0.1319,True,,True,,935.0,3.0,4.5
2026-09-23 20:03:41,MLLB_000_y1.0.3,GREEN,v4_green_MLLB_000_y103_0923,3.4,3.41,7,100,27,ince,True,,28.0,22.0,14.0,974.0,1002.0,1.389,16.221,11.675,0.131,True,,True,,935.0,3.0,4.5
2026-09-23 20:03:59,MLLB_000_y1.0.3,GREEN,v4_green_MLLB_000_y103_0923,3.4,3.41,7,100,29,ince,True,,24.0,14.0,14.0,978.0,1002.0,4.851,56.677,11.683,0.131,True,,False,FLAS,935.0,3.0,4.5
2026-09-23 20:04:17,MLLB_000_y1.0.3,GREEN,v4_green_MLLB_000_y103_0923,3.4,3.41,7,100,30,ince,True,,20.0,10.0,14.0,982.0,1002.0,9.014,105.201,11.67,0.1347,True,,False,FLAS,935.0,3.0,4.5
2026-09-23 20:04:35,MLLB_000_y1.0.3,GREEN,v4_green_MLLB_000_y103_0923,3.4,3.41,7,100,31,ince,True,,20.0,8.0,14.0,982.0,1002.0,11.725,137.042,11.688,0.131,True,,False,FLAS,935.0,3.0,4.5
2026-09-23 20:04:36,MLLB_000_y1.0.3,GREEN,v4_green_MLLB_000_y103_0923,3.4,3.41,7,100,,bitti,False,,,,,,,,,,,,,,,935.0,3.0,4.5
2026-09-23 20:04:53,MLLB_000_y1.0.3,GREEN,v4_green_MLLB_000_y103_0923,3.4,3.41,7,80,12,kaba,True,,320.0,156.0,254.0,682.0,1002.0,1.107,12.717,11.485,0.1322,True,,False,ON,935.0,3.0,4.5
2026-09-23 20:05:11,MLLB_000_y1.0.3,GREEN,v4_green_MLLB_000_y103_0923,3.4,3.41,7,80,16,kaba,True,,266.0,104.0,214.0,736.0,1002.0,1.109,12.81,11.549,0.1321,True,,False,ON,935.0,3.0,4.5
2026-09-23 20:05:26,MLLB_000_y1.0.3,GREEN,v4_green_MLLB_000_y103_0923,3.4,3.41,7,80,20,kaba,True,,210.0,96.0,154.0,792.0,1002.0,1.097,12.717,11.595,0.1317,True,,False,ON,935.0,3.0,4.5
2026-09-23 20:05:43,MLLB_000_y1.0.3,GREEN,v4_green_MLLB_000_y103_0923,3.4,3.41,7,80,24,kaba,True,,150.0,116.0,98.0,852.0,1002.0,1.092,12.717,11.641,0.1313,True,,False,ON,935.0,3.0,4.5
2026-09-23 20:06:01,MLLB_000_y1.0.3,GREEN,v4_green_MLLB_000_y103_0923,3.4,3.41,7,80,28,kaba,True,,100.0,118.0,46.0,902.0,1002.0,1.087,12.717,11.697,0.1311,True,,False,ON,935.0,3.0,4.5
2026-09-23 20:06:19,MLLB_000_y1.0.3,GREEN,v4_green_MLLB_000_y103_0923,3.4,3.41,7,80,32,kaba,True,,38.0,28.0,18.0,964.0,1002.0,1.145,13.367,11.672,0.1314,True,,True,,935.0,3.0,4.5
2026-09-23 20:06:37,MLLB_000_y1.0.3,GREEN,v4_green_MLLB_000_y103_0923,3.4,3.41,7,80,36,kaba,True,,24.0,10.0,18.0,978.0,1002.0,7.722,90.247,11.686,0.132,True,,False,FLAS,935.0,3.0,4.5
2026-09-23 20:06:52,MLLB_000_y1.0.3,GREEN,v4_green_MLLB_000_y103_0923,3.4,3.41,7,80,29,ince,True,,86.0,150.0,30.0,916.0,1002.0,1.097,12.806,11.679,0.1363,True,,False,ON,935.0,3.0,4.5
2026-09-23 20:07:07,MLLB_000_y1.0.3,GREEN,v4_green_MLLB_000_y103_0923,3.4,3.41,7,80,30,ince,True,,62.0,138.0,26.0,940.0,1002.0,1.098,12.81,11.671,0.1341,True,,True,,935.0,3.0,4.5
2026-09-23 20:07:25,MLLB_000_y1.0.3,GREEN,v4_green_MLLB_000_y103_0923,3.4,3.41,7,80,31,ince,True,,48.0,126.0,22.0,954.0,1002.0,1.09,12.717,11.664,0.1342,True,,True,,935.0,3.0,4.5
2026-09-23 20:07:43,MLLB_000_y1.0.3,GREEN,v4_green_MLLB_000_y103_0923,3.4,3.41,7,80,33,ince,True,,36.0,24.0,20.0,966.0,1002.0,1.499,17.498,11.671,0.1337,True,,True,,935.0,3.0,4.5
2026-09-23 20:08:01,MLLB_000_y1.0.3,GREEN,v4_green_MLLB_000_y103_0923,3.4,3.41,7,80,34,ince,True,,34.0,20.0,18.0,968.0,1002.0,2.016,23.563,11.689,0.1326,True,,True,,935.0,3.0,4.5
2026-09-23 20:08:19,MLLB_000_y1.0.3,GREEN,v4_green_MLLB_000_y103_0923,3.4,3.41,7,80,35,ince,True,,28.0,16.0,20.0,974.0,1002.0,4.202,49.01,11.663,0.1358,True,,False,FLAS,935.0,3.0,4.5
2026-09-23 20:08:20,MLLB_000_y1.0.3,GREEN,v4_green_MLLB_000_y103_0923,3.4,3.41,7,80,,bitti,False,,,,,,,,,,,,,,,935.0,3.0,4.5
2026-09-23 20:08:37,MLLB_000_y1.0.3,GREEN,v4_green_MLLB_000_y103_0923,3.4,3.41,7,60,12,kaba,True,,360.0,136.0,296.0,642.0,1002.0,1.108,12.717,11.478,0.1344,True,,False,ON,935.0,3.0,4.5
2026-09-23 20:08:55,MLLB_000_y1.0.3,GREEN,v4_green_MLLB_000_y103_0923,3.4,3.41,7,60,16,kaba,True,,322.0,130.0,260.0,680.0,1002.0,1.104,12.717,11.523,0.1327,True,,False,ON,935.0,3.0,4.5
2026-09-23 20:09:13,MLLB_000_y1.0.3,GREEN,v4_green_MLLB_000_y103_0923,3.4,3.41,7,60,20,kaba,True,,276.0,94.0,222.0,726.0,1002.0,1.102,12.717,11.54,0.1348,True,,False,ON,935.0,3.0,4.5
2026-09-23 20:09:28,MLLB_000_y1.0.3,GREEN,v4_green_MLLB_000_y103_0923,3.4,3.41,7,60,24,kaba,True,,242.0,128.0,178.0,760.0,1002.0,1.102,12.781,11.596,0.135,True,,False,ON,935.0,3.0,4.5
2026-09-23 20:09:45,MLLB_000_y1.0.3,GREEN,v4_green_MLLB_000_y103_0923,3.4,3.41,7,60,28,kaba,True,,198.0,252.0,138.0,804.0,1002.0,1.094,12.717,11.63,0.1374,True,,False,ON,935.0,3.0,4.5
2026-09-23 20:10:00,MLLB_000_y1.0.3,GREEN,v4_green_MLLB_000_y103_0923,3.4,3.41,7,60,32,kaba,True,,154.0,88.0,94.0,848.0,1002.0,1.099,12.81,11.652,0.1338,True,,False,ON,935.0,3.0,4.5
2026-09-23 20:10:17,MLLB_000_y1.0.3,GREEN,v4_green_MLLB_000_y103_0923,3.4,3.41,7,60,36,kaba,True,,118.0,138.0,60.0,884.0,1002.0,1.095,12.81,11.7,0.1323,True,,False,ON,935.0,3.0,4.5
2026-09-23 20:10:36,MLLB_000_y1.0.3,GREEN,v4_green_MLLB_000_y103_0923,3.4,3.41,7,60,40,kaba,True,,74.0,98.0,30.0,928.0,1002.0,1.095,12.81,11.697,0.1314,True,,False,ON,935.0,3.0,4.5
2026-09-23 20:10:50,MLLB_000_y1.0.3,GREEN,v4_green_MLLB_000_y103_0923,3.4,3.41,7,60,44,kaba,True,,46.0,24.0,30.0,956.0,1002.0,1.608,18.783,11.681,0.135,True,,True,,935.0,3.0,4.5
2026-09-23 20:11:09,MLLB_000_y1.0.3,GREEN,v4_green_MLLB_000_y103_0923,3.4,3.41,7,60,48,kaba,True,,36.0,10.0,30.0,966.0,1002.0,7.331,87.761,11.971,0.1341,True,,False,FLAS,935.0,3.0,4.5
2026-09-23 20:11:27,MLLB_000_y1.0.3,GREEN,v4_green_MLLB_000_y103_0923,3.4,3.41,7,60,41,ince,True,,58.0,110.0,30.0,944.0,1002.0,1.097,12.81,11.682,0.133,True,,True,,935.0,3.0,4.5
2026-09-23 20:11:45,MLLB_000_y1.0.3,GREEN,v4_green_MLLB_000_y103_0923,3.4,3.41,7,60,42,ince,True,,50.0,28.0,30.0,952.0,1002.0,1.097,12.81,11.68,0.1318,True,,True,,935.0,3.0,4.5
2026-09-23 20:12:03,MLLB_000_y1.0.3,GREEN,v4_green_MLLB_000_y103_0923,3.4,3.41,7,60,43,ince,True,,48.0,26.0,30.0,954.0,1002.0,1.377,16.08,11.677,0.1343,True,,True,,935.0,3.0,4.5
2026-09-23 20:12:21,MLLB_000_y1.0.3,GREEN,v4_green_MLLB_000_y103_0923,3.4,3.41,7,60,45,ince,True,,44.0,20.0,30.0,958.0,1002.0,2.009,23.469,11.683,0.1364,True,,True,,935.0,3.0,4.5
2026-09-23 20:12:39,MLLB_000_y1.0.3,GREEN,v4_green_MLLB_000_y103_0923,3.4,3.41,7,60,46,ince,True,,40.0,16.0,30.0,962.0,1002.0,2.964,34.583,11.668,0.1343,True,,True,,935.0,3.0,4.5
2026-09-23 20:12:57,MLLB_000_y1.0.3,GREEN,v4_green_MLLB_000_y103_0923,3.4,3.41,7,60,47,ince,True,,38.0,12.0,30.0,964.0,1002.0,5.33,62.441,11.715,0.1339,True,,False,FLAS,935.0,3.0,4.5
2026-09-23 20:12:58,MLLB_000_y1.0.3,GREEN,v4_green_MLLB_000_y103_0923,3.4,3.41,7,60,,bitti,False,,,,,,,,,,,,,,,935.0,3.0,4.5
2026-09-23 20:13:23,MLLB_000_y1.0.3,GREEN,v4_green_MLLB_000_y103_0923,3.4,3.41,8,100,12,kaba,True,,248.0,104.0,194.0,754.0,1002.0,1.065,15.247,14.319,0.1559,True,,False,ON,935.0,3.0,4.5
2026-09-23 20:13:41,MLLB_000_y1.0.3,GREEN,v4_green_MLLB_000_y103_0923,3.4,3.41,8,100,16,kaba,True,,190.0,98.0,140.0,812.0,1002.0,1.093,15.247,13.943,0.1561,True,,False,ON,935.0,3.0,4.5
2026-09-23 20:13:59,MLLB_000_y1.0.3,GREEN,v4_green_MLLB_000_y103_0923,3.4,3.41,8,100,20,kaba,True,,136.0,94.0,76.0,866.0,1002.0,1.089,15.234,13.985,0.1551,True,,False,ON,935.0,3.0,4.5
2026-09-23 20:14:14,MLLB_000_y1.0.3,GREEN,v4_green_MLLB_000_y103_0923,3.4,3.41,8,100,24,kaba,True,,74.0,84.0,22.0,928.0,1002.0,1.088,15.234,13.998,0.1562,True,,False,ON,935.0,3.0,4.5
2026-09-23 20:14:31,MLLB_000_y1.0.3,GREEN,v4_green_MLLB_000_y103_0923,3.4,3.41,8,100,28,kaba,True,,30.0,24.0,14.0,972.0,1002.0,1.601,22.414,14.002,0.1554,True,,True,,935.0,3.0,4.5
2026-09-23 20:14:49,MLLB_000_y1.0.3,GREEN,v4_green_MLLB_000_y103_0923,3.4,3.41,8,100,32,kaba,True,,20.0,10.0,14.0,982.0,1002.0,10.873,152.216,13.999,0.1578,True,,False,FLAS,935.0,3.0,4.5
2026-09-23 20:15:07,MLLB_000_y1.0.3,GREEN,v4_green_MLLB_000_y103_0923,3.4,3.41,8,100,25,ince,True,,58.0,156.0,20.0,944.0,1002.0,1.087,15.234,14.018,0.1564,True,,True,,935.0,3.0,4.5
2026-09-23 20:15:25,MLLB_000_y1.0.3,GREEN,v4_green_MLLB_000_y103_0923,3.4,3.41,8,100,26,ince,True,,42.0,132.0,14.0,960.0,1002.0,1.088,15.234,14.006,0.1551,True,,True,,935.0,3.0,4.5
2026-09-23 20:15:43,MLLB_000_y1.0.3,GREEN,v4_green_MLLB_000_y103_0923,3.4,3.41,8,100,27,ince,True,,34.0,30.0,14.0,968.0,1002.0,1.156,16.174,13.992,0.1525,True,,True,,935.0,3.0,4.5
2026-09-23 20:16:01,MLLB_000_y1.0.3,GREEN,v4_green_MLLB_000_y103_0923,3.4,3.41,8,100,29,ince,True,,24.0,16.0,14.0,978.0,1002.0,4.026,56.397,14.007,0.1514,True,,False,FLAS,935.0,3.0,4.5
2026-09-23 20:16:19,MLLB_000_y1.0.3,GREEN,v4_green_MLLB_000_y103_0923,3.4,3.41,8,100,30,ince,True,,20.0,10.0,14.0,982.0,1002.0,7.511,105.294,14.018,0.155,True,,False,FLAS,935.0,3.0,4.5
2026-09-23 20:16:37,MLLB_000_y1.0.3,GREEN,v4_green_MLLB_000_y103_0923,3.4,3.41,8,100,31,ince,True,,20.0,10.0,14.0,982.0,1002.0,9.768,136.916,14.017,0.1498,True,,False,FLAS,935.0,3.0,4.5
2026-09-23 20:16:38,MLLB_000_y1.0.3,GREEN,v4_green_MLLB_000_y103_0923,3.4,3.41,8,100,,bitti,False,,,,,,,,,,,,,,,935.0,3.0,4.5
2026-09-23 20:16:55,MLLB_000_y1.0.3,GREEN,v4_green_MLLB_000_y103_0923,3.4,3.41,8,80,12,kaba,True,,278.0,188.0,218.0,724.0,1002.0,1.102,15.259,13.842,0.1548,True,,False,ON,935.0,3.0,4.5
2026-09-23 20:17:13,MLLB_000_y1.0.3,GREEN,v4_green_MLLB_000_y103_0923,3.4,3.41,8,80,16,kaba,True,,230.0,88.0,182.0,772.0,1002.0,1.096,15.234,13.897,0.1516,True,,False,ON,935.0,3.0,4.5
2026-09-23 20:17:31,MLLB_000_y1.0.3,GREEN,v4_green_MLLB_000_y103_0923,3.4,3.41,8,80,20,kaba,True,,182.0,108.0,134.0,820.0,1002.0,1.091,15.234,13.962,0.1515,True,,False,ON,935.0,3.0,4.5
2026-09-23 20:17:49,MLLB_000_y1.0.3,GREEN,v4_green_MLLB_000_y103_0923,3.4,3.41,8,80,24,kaba,True,,138.0,90.0,92.0,864.0,1002.0,1.088,15.234,13.997,0.1512,True,,False,ON,935.0,3.0,4.5
2026-09-23 20:18:07,MLLB_000_y1.0.3,GREEN,v4_green_MLLB_000_y103_0923,3.4,3.41,8,80,28,kaba,True,,90.0,90.0,44.0,912.0,1002.0,1.088,15.234,14.006,0.1545,True,,False,ON,935.0,3.0,4.5
2026-09-23 20:18:25,MLLB_000_y1.0.3,GREEN,v4_green_MLLB_000_y103_0923,3.4,3.41,8,80,32,kaba,True,,42.0,70.0,20.0,960.0,1002.0,1.088,15.234,13.995,0.1534,True,,True,,935.0,3.0,4.5
2026-09-23 20:18:43,MLLB_000_y1.0.3,GREEN,v4_green_MLLB_000_y103_0923,3.4,3.41,8,80,36,kaba,True,,26.0,10.0,20.0,976.0,1002.0,6.34,88.717,13.994,0.152,True,,False,FLAS,935.0,3.0,4.5
2026-09-23 20:19:01,MLLB_000_y1.0.3,GREEN,v4_green_MLLB_000_y103_0923,3.4,3.41,8,80,29,ince,True,,78.0,104.0,30.0,924.0,1002.0,1.086,15.234,14.028,0.1531,True,,False,ON,935.0,3.0,4.5
2026-09-23 20:19:19,MLLB_000_y1.0.3,GREEN,v4_green_MLLB_000_y103_0923,3.4,3.41,8,80,30,ince,True,,62.0,100.0,22.0,940.0,1002.0,1.087,15.28,14.051,0.1505,True,,True,,935.0,3.0,4.5
2026-09-23 20:19:37,MLLB_000_y1.0.3,GREEN,v4_green_MLLB_000_y103_0923,3.4,3.41,8,80,31,ince,True,,50.0,94.0,22.0,952.0,1002.0,1.089,15.234,13.992,0.1518,True,,True,,935.0,3.0,4.5
2026-09-23 20:19:55,MLLB_000_y1.0.3,GREEN,v4_green_MLLB_000_y103_0923,3.4,3.41,8,80,33,ince,True,,38.0,24.0,22.0,964.0,1002.0,1.244,17.45,14.029,0.1553,True,,True,,935.0,3.0,4.5
2026-09-23 20:20:10,MLLB_000_y1.0.3,GREEN,v4_green_MLLB_000_y103_0923,3.4,3.41,8,80,34,ince,True,,36.0,20.0,22.0,966.0,1002.0,1.669,23.369,14.0,0.157,True,,True,,935.0,3.0,4.5
2026-09-23 20:20:27,MLLB_000_y1.0.3,GREEN,v4_green_MLLB_000_y103_0923,3.4,3.41,8,80,35,ince,True,,30.0,16.0,20.0,972.0,1002.0,3.413,47.816,14.011,0.1539,True,,False,FLAS,935.0,3.0,4.5
2026-09-23 20:20:28,MLLB_000_y1.0.3,GREEN,v4_green_MLLB_000_y103_0923,3.4,3.41,8,80,,bitti,False,,,,,,,,,,,,,,,935.0,3.0,4.5
2026-09-23 20:20:45,MLLB_000_y1.0.3,GREEN,v4_green_MLLB_000_y103_0923,3.4,3.41,8,60,12,kaba,True,,306.0,152.0,258.0,696.0,1002.0,1.102,15.234,13.829,0.157,True,,False,ON,935.0,3.0,4.5
2026-09-23 20:21:03,MLLB_000_y1.0.3,GREEN,v4_green_MLLB_000_y103_0923,3.4,3.41,8,60,16,kaba,True,,272.0,164.0,220.0,730.0,1002.0,1.101,15.234,13.835,0.157,True,,False,ON,935.0,3.0,4.5
2026-09-23 20:21:21,MLLB_000_y1.0.3,GREEN,v4_green_MLLB_000_y103_0923,3.4,3.41,8,60,20,kaba,True,,242.0,110.0,184.0,760.0,1002.0,1.097,15.234,13.892,0.153,True,,False,ON,935.0,3.0,4.5
2026-09-23 20:21:39,MLLB_000_y1.0.3,GREEN,v4_green_MLLB_000_y103_0923,3.4,3.41,8,60,24,kaba,True,,206.0,136.0,154.0,796.0,1002.0,1.092,15.234,13.951,0.1547,True,,False,ON,935.0,3.0,4.5
2026-09-23 20:21:57,MLLB_000_y1.0.3,GREEN,v4_green_MLLB_000_y103_0923,3.4,3.41,8,60,28,kaba,True,,174.0,128.0,120.0,828.0,1002.0,1.093,15.28,13.984,0.1568,True,,False,ON,935.0,3.0,4.5
2026-09-23 20:22:15,MLLB_000_y1.0.3,GREEN,v4_green_MLLB_000_y103_0923,3.4,3.41,8,60,32,kaba,True,,138.0,126.0,68.0,864.0,1002.0,1.09,15.234,13.978,0.1563,True,,False,ON,935.0,3.0,4.5
2026-09-23 20:22:33,MLLB_000_y1.0.3,GREEN,v4_green_MLLB_000_y103_0923,3.4,3.41,8,60,36,kaba,True,,110.0,132.0,58.0,892.0,1002.0,1.088,15.239,14.004,0.1562,True,,False,ON,935.0,3.0,4.5
2026-09-23 20:22:51,MLLB_000_y1.0.3,GREEN,v4_green_MLLB_000_y103_0923,3.4,3.41,8,60,40,kaba,True,,66.0,106.0,34.0,936.0,1002.0,1.087,15.234,14.017,0.1551,True,,True,,935.0,3.0,4.5
2026-09-23 20:23:09,MLLB_000_y1.0.3,GREEN,v4_green_MLLB_000_y103_0923,3.4,3.41,8,60,44,kaba,True,,46.0,24.0,30.0,956.0,1002.0,1.343,18.83,14.02,0.1557,True,,True,,935.0,3.0,4.5
2026-09-23 20:23:27,MLLB_000_y1.0.3,GREEN,v4_green_MLLB_000_y103_0923,3.4,3.41,8,60,48,kaba,True,,36.0,12.0,30.0,966.0,1002.0,6.217,87.155,14.02,0.1591,True,,False,FLAS,935.0,3.0,4.5
2026-09-23 20:23:45,MLLB_000_y1.0.3,GREEN,v4_green_MLLB_000_y103_0923,3.4,3.41,8,60,37,ince,True,,98.0,120.0,46.0,904.0,1002.0,1.09,15.249,13.994,0.1536,True,,False,ON,935.0,3.0,4.5
2026-09-23 20:24:03,MLLB_000_y1.0.3,GREEN,v4_green_MLLB_000_y103_0923,3.4,3.41,8,60,38,ince,True,,90.0,142.0,40.0,912.0,1002.0,1.089,15.234,13.987,0.153,True,,False,ON,935.0,3.0,4.5
2026-09-23 20:24:21,MLLB_000_y1.0.3,GREEN,v4_green_MLLB_000_y103_0923,3.4,3.41,8,60,39,ince,True,,78.0,88.0,32.0,924.0,1002.0,1.087,15.234,14.008,0.152,True,,False,ON,935.0,3.0,4.5
2026-09-23 20:24:22,MLLB_000_y1.0.3,GREEN,v4_green_MLLB_000_y103_0923,3.4,3.41,8,60,41,ince,False,iki-OK-arasi-monotonluk,,,,,,,,,,,,True,,935.0,3.0,4.5
2026-09-23 20:24:22,MLLB_000_y1.0.3,GREEN,v4_green_MLLB_000_y103_0923,3.4,3.41,8,60,42,ince,False,iki-OK-arasi-monotonluk,,,,,,,,,,,,True,,935.0,3.0,4.5
2026-09-23 20:24:22,MLLB_000_y1.0.3,GREEN,v4_green_MLLB_000_y103_0923,3.4,3.41,8,60,43,ince,False,iki-OK-arasi-monotonluk,,,,,,,,,,,,True,,935.0,3.0,4.5
2026-09-23 20:24:39,MLLB_000_y1.0.3,GREEN,v4_green_MLLB_000_y103_0923,3.4,3.41,8,60,45,ince,True,,46.0,24.0,30.0,956.0,1002.0,1.704,23.864,14.001,0.1574,True,,True,,935.0,3.0,4.5
2026-09-23 20:24:57,MLLB_000_y1.0.3,GREEN,v4_green_MLLB_000_y103_0923,3.4,3.41,8,60,46,ince,True,,42.0,18.0,30.0,960.0,1002.0,2.502,35.008,13.991,0.1542,True,,True,,935.0,3.0,4.5
2026-09-23 20:25:15,MLLB_000_y1.0.3,GREEN,v4_green_MLLB_000_y103_0923,3.4,3.41,8,60,47,ince,True,,40.0,14.0,30.0,962.0,1002.0,4.459,62.499,14.016,0.1533,True,,False,FLAS,935.0,3.0,4.5
2026-09-23 20:25:16,MLLB_000_y1.0.3,GREEN,v4_green_MLLB_000_y103_0923,3.4,3.41,8,60,,bitti,False,,,,,,,,,,,,,,,935.0,3.0,4.5
2026-09-23 20:25:41,MLLB_000_y1.0.3,GREEN,v4_green_MLLB_000_y103_0923,3.4,3.41,10,100,12,kaba,True,,196.0,132.0,150.0,806.0,1002.0,1.088,20.268,18.628,0.1964,True,,False,ON,935.0,3.0,4.5
2026-09-23 20:25:59,MLLB_000_y1.0.3,GREEN,v4_green_MLLB_000_y103_0923,3.4,3.41,10,100,16,kaba,True,,158.0,142.0,114.0,844.0,1002.0,1.089,20.338,18.681,0.1965,True,,False,ON,935.0,3.0,4.5
2026-09-23 20:26:17,MLLB_000_y1.0.3,GREEN,v4_green_MLLB_000_y103_0923,3.4,3.41,10,100,20,kaba,True,,114.0,130.0,70.0,888.0,1002.0,1.082,20.268,18.732,0.1979,True,,False,ON,935.0,3.0,4.5
2026-09-23 20:26:35,MLLB_000_y1.0.3,GREEN,v4_green_MLLB_000_y103_0923,3.4,3.41,10,100,24,kaba,True,,74.0,138.0,24.0,928.0,1002.0,1.083,20.299,18.741,0.1979,True,,False,ON,935.0,3.0,4.5
2026-09-23 20:26:53,MLLB_000_y1.0.3,GREEN,v4_green_MLLB_000_y103_0923,3.4,3.41,10,100,28,kaba,True,,32.0,32.0,14.0,970.0,1002.0,1.202,22.55,18.759,0.1964,True,,True,,935.0,3.0,4.5
2026-09-23 20:27:11,MLLB_000_y1.0.3,GREEN,v4_green_MLLB_000_y103_0923,3.4,3.41,10,100,32,kaba,True,,22.0,12.0,14.0,980.0,1002.0,8.089,151.404,18.717,0.1982,True,,False,FLAS,935.0,3.0,4.5
2026-09-23 20:27:29,MLLB_000_y1.0.3,GREEN,v4_green_MLLB_000_y103_0923,3.4,3.41,10,100,25,ince,True,,58.0,144.0,22.0,944.0,1002.0,1.083,20.268,18.723,0.1997,True,,True,,935.0,3.0,4.5
2026-09-23 20:27:47,MLLB_000_y1.0.3,GREEN,v4_green_MLLB_000_y103_0923,3.4,3.41,10,100,26,ince,True,,46.0,138.0,18.0,956.0,1002.0,1.083,20.318,18.756,0.1967,True,,True,,935.0,3.0,4.5
2026-09-23 20:28:05,MLLB_000_y1.0.3,GREEN,v4_green_MLLB_000_y103_0923,3.4,3.41,10,100,27,ince,True,,38.0,60.0,16.0,964.0,1002.0,1.085,20.364,18.766,0.1969,True,,True,,935.0,3.0,4.5
2026-09-23 20:28:23,MLLB_000_y1.0.3,GREEN,v4_green_MLLB_000_y103_0923,3.4,3.41,10,100,29,ince,True,,30.0,24.0,14.0,972.0,1002.0,3.0,56.341,18.783,0.1968,True,,True,,935.0,3.0,4.5
2026-09-23 20:28:41,MLLB_000_y1.0.3,GREEN,v4_green_MLLB_000_y103_0923,3.4,3.41,10,100,30,ince,True,,24.0,18.0,14.0,978.0,1002.0,5.602,105.201,18.779,0.1956,True,,False,FLAS,935.0,3.0,4.5
2026-09-23 20:28:59,MLLB_000_y1.0.3,GREEN,v4_green_MLLB_000_y103_0923,3.4,3.41,10,100,31,ince,True,,22.0,14.0,14.0,980.0,1002.0,7.298,136.916,18.76,0.1958,True,,False,FLAS,935.0,3.0,4.5
2026-09-23 20:29:00,MLLB_000_y1.0.3,GREEN,v4_green_MLLB_000_y103_0923,3.4,3.41,10,100,,bitti,False,,,,,,,,,,,,,,,935.0,3.0,4.5
2026-09-23 20:29:17,MLLB_000_y1.0.3,GREEN,v4_green_MLLB_000_y103_0923,3.4,3.41,10,80,12,kaba,True,,220.0,108.0,180.0,782.0,1002.0,1.09,20.283,18.602,0.1956,True,,False,ON,935.0,3.0,4.5
2026-09-23 20:29:35,MLLB_000_y1.0.3,GREEN,v4_green_MLLB_000_y103_0923,3.4,3.41,10,80,16,kaba,True,,182.0,122.0,138.0,820.0,1002.0,1.091,20.364,18.659,0.1927,True,,False,ON,935.0,3.0,4.5
2026-09-23 20:29:53,MLLB_000_y1.0.3,GREEN,v4_green_MLLB_000_y103_0923,3.4,3.41,10,80,20,kaba,True,,150.0,114.0,110.0,852.0,1002.0,1.087,20.316,18.691,0.1937,True,,False,ON,935.0,3.0,4.5
2026-09-23 20:30:11,MLLB_000_y1.0.3,GREEN,v4_green_MLLB_000_y103_0923,3.4,3.41,10,80,24,kaba,True,,118.0,144.0,70.0,884.0,1002.0,1.085,20.339,18.74,0.1948,True,,False,ON,935.0,3.0,4.5
2026-09-23 20:30:26,MLLB_000_y1.0.3,GREEN,v4_green_MLLB_000_y103_0923,3.4,3.41,10,80,28,kaba,True,,86.0,120.0,38.0,916.0,1002.0,1.084,20.316,18.75,0.1926,True,,False,ON,935.0,3.0,4.5
2026-09-23 20:30:45,MLLB_000_y1.0.3,GREEN,v4_green_MLLB_000_y103_0923,3.4,3.41,10,80,32,kaba,True,,46.0,104.0,20.0,956.0,1002.0,1.056,20.304,19.231,0.1935,True,,True,,935.0,3.0,4.5
2026-09-23 20:31:03,MLLB_000_y1.0.3,GREEN,v4_green_MLLB_000_y103_0923,3.4,3.41,10,80,36,kaba,True,,28.0,16.0,20.0,974.0,1002.0,4.729,88.714,18.76,0.1942,True,,False,FLAS,935.0,3.0,4.5
2026-09-23 20:31:21,MLLB_000_y1.0.3,GREEN,v4_green_MLLB_000_y103_0923,3.4,3.41,10,80,40,kaba,True,,28.0,8.0,22.0,974.0,1002.0,8.106,152.078,18.761,0.1933,True,,False,FLAS,935.0,3.0,4.5
2026-09-23 20:31:39,MLLB_000_y1.0.3,GREEN,v4_green_MLLB_000_y103_0923,3.4,3.41,10,80,29,ince,True,,78.0,124.0,34.0,924.0,1002.0,1.086,20.364,18.759,0.1961,True,,False,ON,935.0,3.0,4.5
2026-09-23 20:31:57,MLLB_000_y1.0.3,GREEN,v4_green_MLLB_000_y103_0923,3.4,3.41,10,80,30,ince,True,,70.0,130.0,26.0,932.0,1002.0,1.085,20.364,18.774,0.1958,True,,False,ON,935.0,3.0,4.5
2026-09-23 20:32:15,MLLB_000_y1.0.3,GREEN,v4_green_MLLB_000_y103_0923,3.4,3.41,10,80,31,ince,True,,54.0,138.0,22.0,948.0,1002.0,1.086,20.364,18.757,0.1948,True,,True,,935.0,3.0,4.5
2026-09-23 20:32:33,MLLB_000_y1.0.3,GREEN,v4_green_MLLB_000_y103_0923,3.4,3.41,10,80,33,ince,True,,42.0,86.0,22.0,960.0,1002.0,1.082,20.273,18.734,0.1918,True,,True,,935.0,3.0,4.5
2026-09-23 20:32:51,MLLB_000_y1.0.3,GREEN,v4_green_MLLB_000_y103_0923,3.4,3.41,10,80,34,ince,True,,40.0,28.0,22.0,962.0,1002.0,1.267,23.762,18.757,0.1964,True,,True,,935.0,3.0,4.5
2026-09-23 20:33:09,MLLB_000_y1.0.3,GREEN,v4_green_MLLB_000_y103_0923,3.4,3.41,10,80,35,ince,True,,32.0,20.0,22.0,970.0,1002.0,2.515,47.221,18.775,0.198,True,,True,,935.0,3.0,4.5
2026-09-23 20:33:10,MLLB_000_y1.0.3,GREEN,v4_green_MLLB_000_y103_0923,3.4,3.41,10,80,,bitti,False,,,,,,,,,,,,,,,935.0,3.0,4.5
2026-09-23 20:33:27,MLLB_000_y1.0.3,GREEN,v4_green_MLLB_000_y103_0923,3.4,3.41,10,60,12,kaba,True,,242.0,130.0,192.0,760.0,1002.0,1.095,20.316,18.561,0.1988,True,,False,ON,935.0,3.0,4.5
2026-09-23 20:33:45,MLLB_000_y1.0.3,GREEN,v4_green_MLLB_000_y103_0923,3.4,3.41,10,60,16,kaba,True,,222.0,116.0,178.0,780.0,1002.0,1.091,20.285,18.597,0.1945,True,,False,ON,935.0,3.0,4.5
2026-09-23 20:34:03,MLLB_000_y1.0.3,GREEN,v4_green_MLLB_000_y103_0923,3.4,3.41,10,60,20,kaba,True,,194.0,142.0,150.0,808.0,1002.0,1.087,20.268,18.64,0.1983,True,,False,ON,935.0,3.0,4.5
2026-09-23 20:34:21,MLLB_000_y1.0.3,GREEN,v4_green_MLLB_000_y103_0923,3.4,3.41,10,60,24,kaba,True,,170.0,142.0,126.0,832.0,1002.0,1.091,20.364,18.668,0.2003,True,,False,ON,935.0,3.0,4.5
2026-09-23 20:34:39,MLLB_000_y1.0.3,GREEN,v4_green_MLLB_000_y103_0923,3.4,3.41,10,60,28,kaba,True,,146.0,136.0,96.0,856.0,1002.0,1.082,20.268,18.731,0.1931,True,,False,ON,935.0,3.0,4.5
2026-09-23 20:34:54,MLLB_000_y1.0.3,GREEN,v4_green_MLLB_000_y103_0923,3.4,3.41,10,60,32,kaba,True,,122.0,126.0,74.0,880.0,1002.0,1.085,20.281,18.697,0.1941,True,,False,ON,935.0,3.0,4.5
2026-09-23 20:35:11,MLLB_000_y1.0.3,GREEN,v4_green_MLLB_000_y103_0923,3.4,3.41,10,60,36,kaba,True,,96.0,144.0,54.0,906.0,1002.0,1.085,20.355,18.769,0.1992,True,,False,ON,935.0,3.0,4.5
2026-09-23 20:35:29,MLLB_000_y1.0.3,GREEN,v4_green_MLLB_000_y103_0923,3.4,3.41,10,60,40,kaba,True,,70.0,118.0,38.0,932.0,1002.0,1.085,20.364,18.762,0.193,True,,False,ON,935.0,3.0,4.5
2026-09-23 20:35:44,MLLB_000_y1.0.3,GREEN,v4_green_MLLB_000_y103_0923,3.4,3.41,10,60,44,kaba,True,,50.0,74.0,30.0,952.0,1002.0,1.084,20.316,18.734,0.1993,True,,True,,935.0,3.0,4.5
2026-09-23 20:36:03,MLLB_000_y1.0.3,GREEN,v4_green_MLLB_000_y103_0923,3.4,3.41,10,60,48,kaba,True,,40.0,16.0,30.0,962.0,1002.0,4.532,87.215,19.244,0.1967,True,,False,FLAS,935.0,3.0,4.5
2026-09-23 20:36:21,MLLB_000_y1.0.3,GREEN,v4_green_MLLB_000_y103_0923,3.4,3.41,10,60,50,kaba,True,,38.0,12.0,30.0,964.0,1002.0,6.379,119.527,18.739,0.1949,True,,False,FLAS,935.0,3.0,4.5
2026-09-23 20:36:39,MLLB_000_y1.0.3,GREEN,v4_green_MLLB_000_y103_0923,3.4,3.41,10,60,41,ince,True,,58.0,108.0,30.0,944.0,1002.0,1.085,20.348,18.754,0.1958,True,,True,,935.0,3.0,4.5
2026-09-23 20:36:54,MLLB_000_y1.0.3,GREEN,v4_green_MLLB_000_y103_0923,3.4,3.41,10,60,42,ince,True,,58.0,110.0,32.0,944.0,1002.0,1.087,20.364,18.738,0.1951,True,,True,,935.0,3.0,4.5
2026-09-23 20:37:11,MLLB_000_y1.0.3,GREEN,v4_green_MLLB_000_y103_0923,3.4,3.41,10,60,43,ince,True,,54.0,86.0,30.0,948.0,1002.0,1.087,20.364,18.731,0.1973,True,,True,,935.0,3.0,4.5
2026-09-23 20:37:29,MLLB_000_y1.0.3,GREEN,v4_green_MLLB_000_y103_0923,3.4,3.41,10,60,45,ince,True,,48.0,28.0,30.0,954.0,1002.0,1.242,23.271,18.743,0.1953,True,,True,,935.0,3.0,4.5
2026-09-23 20:37:47,MLLB_000_y1.0.3,GREEN,v4_green_MLLB_000_y103_0923,3.4,3.41,10,60,46,ince,True,,46.0,26.0,30.0,956.0,1002.0,1.822,34.121,18.726,0.1961,True,,True,,935.0,3.0,4.5
2026-09-23 20:38:05,MLLB_000_y1.0.3,GREEN,v4_green_MLLB_000_y103_0923,3.4,3.41,10,60,47,ince,True,,44.0,20.0,30.0,958.0,1002.0,3.338,62.502,18.726,0.1972,True,,False,FLAS,935.0,3.0,4.5
2026-09-23 20:38:06,MLLB_000_y1.0.3,GREEN,v4_green_MLLB_000_y103_0923,3.4,3.41,10,60,,bitti,False,,,,,,,,,,,,,,,935.0,3.0,4.5
2026-09-23 20:38:31,MLLB_000_y1.0.3,GREEN,v4_green_MLLB_000_y103_0923,3.4,3.41,100,100,12,kaba,True,,38.0,28.0,18.0,964.0,1002.0,1.086,243.864,224.59,0.7775,True,,True,,935.0,3.0,4.5
2026-09-23 20:38:49,MLLB_000_y1.0.3,GREEN,v4_green_MLLB_000_y103_0923,3.4,3.41,100,100,16,kaba,True,,38.0,28.0,18.0,964.0,1002.0,1.085,243.864,224.673,0.7774,True,,True,,935.0,3.0,4.5
2026-09-23 20:39:07,MLLB_000_y1.0.3,GREEN,v4_green_MLLB_000_y103_0923,3.4,3.41,100,100,20,kaba,True,,38.0,28.0,18.0,964.0,1002.0,1.087,243.864,224.251,0.7771,True,,True,,935.0,3.0,4.5
2026-09-23 20:39:22,MLLB_000_y1.0.3,GREEN,v4_green_MLLB_000_y103_0923,3.4,3.41,100,100,24,kaba,True,,38.0,28.0,18.0,964.0,1002.0,1.09,244.635,224.456,0.7769,True,,True,,935.0,3.0,4.5
2026-09-23 20:39:37,MLLB_000_y1.0.3,GREEN,v4_green_MLLB_000_y103_0923,3.4,3.41,100,100,28,kaba,True,,38.0,28.0,18.0,964.0,1002.0,1.086,243.864,224.555,0.7767,True,,True,,935.0,3.0,4.5
2026-09-23 20:39:55,MLLB_000_y1.0.3,GREEN,v4_green_MLLB_000_y103_0923,3.4,3.41,100,100,32,kaba,True,,38.0,28.0,18.0,964.0,1002.0,1.086,243.864,224.554,0.7772,True,,True,,935.0,3.0,4.5
2026-09-23 20:40:13,MLLB_000_y1.0.3,GREEN,v4_green_MLLB_000_y103_0923,3.4,3.41,100,100,36,kaba,True,,38.0,28.0,18.0,964.0,1002.0,1.087,243.864,224.346,0.7776,True,,True,,935.0,3.0,4.5
2026-09-23 20:40:31,MLLB_000_y1.0.3,GREEN,v4_green_MLLB_000_y103_0923,3.4,3.41,100,100,40,kaba,True,,38.0,28.0,18.0,964.0,1002.0,1.085,243.864,224.76,0.777,True,,True,,935.0,3.0,4.5
2026-09-23 20:40:47,MLLB_000_y1.0.3,GREEN,v4_green_MLLB_000_y103_0923,3.4,3.41,100,100,44,kaba,True,,38.0,28.0,18.0,964.0,1002.0,1.086,243.864,224.502,0.7771,True,,True,,935.0,3.0,4.5
2026-09-23 20:41:05,MLLB_000_y1.0.3,GREEN,v4_green_MLLB_000_y103_0923,3.4,3.41,100,100,48,kaba,True,,38.0,28.0,18.0,964.0,1002.0,1.086,243.896,224.533,0.7774,True,,True,,935.0,3.0,4.5
2026-09-23 20:41:23,MLLB_000_y1.0.3,GREEN,v4_green_MLLB_000_y103_0923,3.4,3.41,100,100,50,kaba,True,,38.0,28.0,18.0,964.0,1002.0,1.086,244.153,224.728,0.7766,True,,True,,935.0,3.0,4.5
2026-09-23 20:41:24,MLLB_000_y1.0.3,GREEN,v4_green_MLLB_000_y103_0923,3.4,3.41,100,100,13,ince,False,iki-OK-arasi-monotonluk,,,,,,,,,,,,True,,935.0,3.0,4.5
2026-09-23 20:41:24,MLLB_000_y1.0.3,GREEN,v4_green_MLLB_000_y103_0923,3.4,3.41,100,100,14,ince,False,iki-OK-arasi-monotonluk,,,,,,,,,,,,True,,935.0,3.0,4.5
2026-09-23 20:41:24,MLLB_000_y1.0.3,GREEN,v4_green_MLLB_000_y103_0923,3.4,3.41,100,100,15,ince,False,iki-OK-arasi-monotonluk,,,,,,,,,,,,True,,935.0,3.0,4.5
2026-09-23 20:41:24,MLLB_000_y1.0.3,GREEN,v4_green_MLLB_000_y103_0923,3.4,3.41,100,100,17,ince,False,iki-OK-arasi-monotonluk,,,,,,,,,,,,True,,935.0,3.0,4.5
2026-09-23 20:41:24,MLLB_000_y1.0.3,GREEN,v4_green_MLLB_000_y103_0923,3.4,3.41,100,100,18,ince,False,iki-OK-arasi-monotonluk,,,,,,,,,,,,True,,935.0,3.0,4.5
2026-09-23 20:41:24,MLLB_000_y1.0.3,GREEN,v4_green_MLLB_000_y103_0923,3.4,3.41,100,100,19,ince,False,iki-OK-arasi-monotonluk,,,,,,,,,,,,True,,935.0,3.0,4.5
2026-09-23 20:41:24,MLLB_000_y1.0.3,GREEN,v4_green_MLLB_000_y103_0923,3.4,3.41,100,100,21,ince,False,iki-OK-arasi-monotonluk,,,,,,,,,,,,True,,935.0,3.0,4.5
2026-09-23 20:41:24,MLLB_000_y1.0.3,GREEN,v4_green_MLLB_000_y103_0923,3.4,3.41,100,100,22,ince,False,iki-OK-arasi-monotonluk,,,,,,,,,,,,True,,935.0,3.0,4.5
2026-09-23 20:41:24,MLLB_000_y1.0.3,GREEN,v4_green_MLLB_000_y103_0923,3.4,3.41,100,100,23,ince,False,iki-OK-arasi-monotonluk,,,,,,,,,,,,True,,935.0,3.0,4.5
2026-09-23 20:41:24,MLLB_000_y1.0.3,GREEN,v4_green_MLLB_000_y103_0923,3.4,3.41,100,100,25,ince,False,iki-OK-arasi-monotonluk,,,,,,,,,,,,True,,935.0,3.0,4.5
2026-09-23 20:41:24,MLLB_000_y1.0.3,GREEN,v4_green_MLLB_000_y103_0923,3.4,3.41,100,100,26,ince,False,iki-OK-arasi-monotonluk,,,,,,,,,,,,True,,935.0,3.0,4.5
2026-09-23 20:41:24,MLLB_000_y1.0.3,GREEN,v4_green_MLLB_000_y103_0923,3.4,3.41,100,100,27,ince,False,iki-OK-arasi-monotonluk,,,,,,,,,,,,True,,935.0,3.0,4.5
2026-09-23 20:41:24,MLLB_000_y1.0.3,GREEN,v4_green_MLLB_000_y103_0923,3.4,3.41,100,100,29,ince,False,iki-OK-arasi-monotonluk,,,,,,,,,,,,True,,935.0,3.0,4.5
2026-09-23 20:41:24,MLLB_000_y1.0.3,GREEN,v4_green_MLLB_000_y103_0923,3.4,3.41,100,100,30,ince,False,iki-OK-arasi-monotonluk,,,,,,,,,,,,True,,935.0,3.0,4.5
2026-09-23 20:41:24,MLLB_000_y1.0.3,GREEN,v4_green_MLLB_000_y103_0923,3.4,3.41,100,100,31,ince,False,iki-OK-arasi-monotonluk,,,,,,,,,,,,True,,935.0,3.0,4.5
2026-09-23 20:41:24,MLLB_000_y1.0.3,GREEN,v4_green_MLLB_000_y103_0923,3.4,3.41,100,100,33,ince,False,iki-OK-arasi-monotonluk,,,,,,,,,,,,True,,935.0,3.0,4.5
2026-09-23 20:41:24,MLLB_000_y1.0.3,GREEN,v4_green_MLLB_000_y103_0923,3.4,3.41,100,100,34,ince,False,iki-OK-arasi-monotonluk,,,,,,,,,,,,True,,935.0,3.0,4.5
2026-09-23 20:41:24,MLLB_000_y1.0.3,GREEN,v4_green_MLLB_000_y103_0923,3.4,3.41,100,100,35,ince,False,iki-OK-arasi-monotonluk,,,,,,,,,,,,True,,935.0,3.0,4.5
2026-09-23 20:41:24,MLLB_000_y1.0.3,GREEN,v4_green_MLLB_000_y103_0923,3.4,3.41,100,100,37,ince,False,iki-OK-arasi-monotonluk,,,,,,,,,,,,True,,935.0,3.0,4.5
2026-09-23 20:41:24,MLLB_000_y1.0.3,GREEN,v4_green_MLLB_000_y103_0923,3.4,3.41,100,100,38,ince,False,iki-OK-arasi-monotonluk,,,,,,,,,,,,True,,935.0,3.0,4.5
2026-09-23 20:41:24,MLLB_000_y1.0.3,GREEN,v4_green_MLLB_000_y103_0923,3.4,3.41,100,100,39,ince,False,iki-OK-arasi-monotonluk,,,,,,,,,,,,True,,935.0,3.0,4.5
2026-09-23 20:41:24,MLLB_000_y1.0.3,GREEN,v4_green_MLLB_000_y103_0923,3.4,3.41,100,100,41,ince,False,iki-OK-arasi-monotonluk,,,,,,,,,,,,True,,935.0,3.0,4.5
2026-09-23 20:41:24,MLLB_000_y1.0.3,GREEN,v4_green_MLLB_000_y103_0923,3.4,3.41,100,100,42,ince,False,iki-OK-arasi-monotonluk,,,,,,,,,,,,True,,935.0,3.0,4.5
2026-09-23 20:41:24,MLLB_000_y1.0.3,GREEN,v4_green_MLLB_000_y103_0923,3.4,3.41,100,100,43,ince,False,iki-OK-arasi-monotonluk,,,,,,,,,,,,True,,935.0,3.0,4.5
2026-09-23 20:41:24,MLLB_000_y1.0.3,GREEN,v4_green_MLLB_000_y103_0923,3.4,3.41,100,100,45,ince,False,iki-OK-arasi-monotonluk,,,,,,,,,,,,True,,935.0,3.0,4.5
2026-09-23 20:41:24,MLLB_000_y1.0.3,GREEN,v4_green_MLLB_000_y103_0923,3.4,3.41,100,100,46,ince,False,iki-OK-arasi-monotonluk,,,,,,,,,,,,True,,935.0,3.0,4.5
2026-09-23 20:41:24,MLLB_000_y1.0.3,GREEN,v4_green_MLLB_000_y103_0923,3.4,3.41,100,100,47,ince,False,iki-OK-arasi-monotonluk,,,,,,,,,,,,True,,935.0,3.0,4.5
2026-09-23 20:41:24,MLLB_000_y1.0.3,GREEN,v4_green_MLLB_000_y103_0923,3.4,3.41,100,100,49,ince,False,iki-OK-arasi-monotonluk,,,,,,,,,,,,True,,935.0,3.0,4.5
2026-09-23 20:41:24,MLLB_000_y1.0.3,GREEN,v4_green_MLLB_000_y103_0923,3.4,3.41,100,100,,bitti,False,,,,,,,,,,,,,,,935.0,3.0,4.5
2026-09-23 20:41:41,MLLB_000_y1.0.3,GREEN,v4_green_MLLB_000_y103_0923,3.4,3.41,100,80,12,kaba,True,,38.0,28.0,18.0,964.0,1002.0,1.086,243.935,224.633,0.7773,True,,True,,935.0,3.0,4.5
2026-09-23 20:41:59,MLLB_000_y1.0.3,GREEN,v4_green_MLLB_000_y103_0923,3.4,3.41,100,80,16,kaba,True,,38.0,28.0,18.0,964.0,1002.0,1.086,243.864,224.527,0.7778,True,,True,,935.0,3.0,4.5
2026-09-23 20:42:17,MLLB_000_y1.0.3,GREEN,v4_green_MLLB_000_y103_0923,3.4,3.41,100,80,20,kaba,True,,38.0,28.0,18.0,964.0,1002.0,1.086,243.864,224.458,0.7775,True,,True,,935.0,3.0,4.5
2026-09-23 20:42:35,MLLB_000_y1.0.3,GREEN,v4_green_MLLB_000_y103_0923,3.4,3.41,100,80,24,kaba,True,,38.0,28.0,18.0,964.0,1002.0,1.086,243.864,224.605,0.7772,True,,True,,935.0,3.0,4.5
2026-09-23 20:42:53,MLLB_000_y1.0.3,GREEN,v4_green_MLLB_000_y103_0923,3.4,3.41,100,80,28,kaba,True,,36.0,28.0,18.0,966.0,1002.0,1.086,243.864,224.458,0.7767,True,,True,,935.0,3.0,4.5
2026-09-23 20:43:11,MLLB_000_y1.0.3,GREEN,v4_green_MLLB_000_y103_0923,3.4,3.41,100,80,32,kaba,True,,38.0,28.0,18.0,964.0,1002.0,1.086,243.864,224.493,0.7766,True,,True,,935.0,3.0,4.5
2026-09-23 20:43:29,MLLB_000_y1.0.3,GREEN,v4_green_MLLB_000_y103_0923,3.4,3.41,100,80,36,kaba,True,,36.0,28.0,18.0,966.0,1002.0,1.087,244.002,224.561,0.7774,True,,True,,935.0,3.0,4.5
2026-09-23 20:43:47,MLLB_000_y1.0.3,GREEN,v4_green_MLLB_000_y103_0923,3.4,3.41,100,80,40,kaba,True,,38.0,28.0,18.0,964.0,1002.0,1.087,243.864,224.385,0.7765,True,,True,,935.0,3.0,4.5
2026-09-23 20:44:05,MLLB_000_y1.0.3,GREEN,v4_green_MLLB_000_y103_0923,3.4,3.41,100,80,44,kaba,True,,36.0,28.0,18.0,966.0,1002.0,1.087,243.864,224.436,0.7768,True,,True,,935.0,3.0,4.5
2026-09-23 20:44:23,MLLB_000_y1.0.3,GREEN,v4_green_MLLB_000_y103_0923,3.4,3.41,100,80,48,kaba,True,,38.0,28.0,18.0,964.0,1002.0,1.087,243.864,224.328,0.7772,True,,True,,935.0,3.0,4.5
2026-09-23 20:44:41,MLLB_000_y1.0.3,GREEN,v4_green_MLLB_000_y103_0923,3.4,3.41,100,80,50,kaba,True,,36.0,28.0,18.0,966.0,1002.0,1.087,243.864,224.433,0.7767,True,,True,,935.0,3.0,4.5
2026-09-23 20:44:42,MLLB_000_y1.0.3,GREEN,v4_green_MLLB_000_y103_0923,3.4,3.41,100,80,13,ince,False,iki-OK-arasi-monotonluk,,,,,,,,,,,,True,,935.0,3.0,4.5
2026-09-23 20:44:42,MLLB_000_y1.0.3,GREEN,v4_green_MLLB_000_y103_0923,3.4,3.41,100,80,14,ince,False,iki-OK-arasi-monotonluk,,,,,,,,,,,,True,,935.0,3.0,4.5
2026-09-23 20:44:42,MLLB_000_y1.0.3,GREEN,v4_green_MLLB_000_y103_0923,3.4,3.41,100,80,15,ince,False,iki-OK-arasi-monotonluk,,,,,,,,,,,,True,,935.0,3.0,4.5
2026-09-23 20:44:42,MLLB_000_y1.0.3,GREEN,v4_green_MLLB_000_y103_0923,3.4,3.41,100,80,17,ince,False,iki-OK-arasi-monotonluk,,,,,,,,,,,,True,,935.0,3.0,4.5
2026-09-23 20:44:42,MLLB_000_y1.0.3,GREEN,v4_green_MLLB_000_y103_0923,3.4,3.41,100,80,18,ince,False,iki-OK-arasi-monotonluk,,,,,,,,,,,,True,,935.0,3.0,4.5
2026-09-23 20:44:42,MLLB_000_y1.0.3,GREEN,v4_green_MLLB_000_y103_0923,3.4,3.41,100,80,19,ince,False,iki-OK-arasi-monotonluk,,,,,,,,,,,,True,,935.0,3.0,4.5
2026-09-23 20:44:42,MLLB_000_y1.0.3,GREEN,v4_green_MLLB_000_y103_0923,3.4,3.41,100,80,21,ince,False,iki-OK-arasi-monotonluk,,,,,,,,,,,,True,,935.0,3.0,4.5
2026-09-23 20:44:42,MLLB_000_y1.0.3,GREEN,v4_green_MLLB_000_y103_0923,3.4,3.41,100,80,22,ince,False,iki-OK-arasi-monotonluk,,,,,,,,,,,,True,,935.0,3.0,4.5
2026-09-23 20:44:42,MLLB_000_y1.0.3,GREEN,v4_green_MLLB_000_y103_0923,3.4,3.41,100,80,23,ince,False,iki-OK-arasi-monotonluk,,,,,,,,,,,,True,,935.0,3.0,4.5
2026-09-23 20:44:42,MLLB_000_y1.0.3,GREEN,v4_green_MLLB_000_y103_0923,3.4,3.41,100,80,25,ince,False,iki-OK-arasi-monotonluk,,,,,,,,,,,,True,,935.0,3.0,4.5
2026-09-23 20:44:42,MLLB_000_y1.0.3,GREEN,v4_green_MLLB_000_y103_0923,3.4,3.41,100,80,26,ince,False,iki-OK-arasi-monotonluk,,,,,,,,,,,,True,,935.0,3.0,4.5
2026-09-23 20:44:42,MLLB_000_y1.0.3,GREEN,v4_green_MLLB_000_y103_0923,3.4,3.41,100,80,27,ince,False,iki-OK-arasi-monotonluk,,,,,,,,,,,,True,,935.0,3.0,4.5
2026-09-23 20:44:42,MLLB_000_y1.0.3,GREEN,v4_green_MLLB_000_y103_0923,3.4,3.41,100,80,29,ince,False,iki-OK-arasi-monotonluk,,,,,,,,,,,,True,,935.0,3.0,4.5
2026-09-23 20:44:42,MLLB_000_y1.0.3,GREEN,v4_green_MLLB_000_y103_0923,3.4,3.41,100,80,30,ince,False,iki-OK-arasi-monotonluk,,,,,,,,,,,,True,,935.0,3.0,4.5
2026-09-23 20:44:42,MLLB_000_y1.0.3,GREEN,v4_green_MLLB_000_y103_0923,3.4,3.41,100,80,31,ince,False,iki-OK-arasi-monotonluk,,,,,,,,,,,,True,,935.0,3.0,4.5
2026-09-23 20:44:42,MLLB_000_y1.0.3,GREEN,v4_green_MLLB_000_y103_0923,3.4,3.41,100,80,33,ince,False,iki-OK-arasi-monotonluk,,,,,,,,,,,,True,,935.0,3.0,4.5
2026-09-23 20:44:42,MLLB_000_y1.0.3,GREEN,v4_green_MLLB_000_y103_0923,3.4,3.41,100,80,34,ince,False,iki-OK-arasi-monotonluk,,,,,,,,,,,,True,,935.0,3.0,4.5
2026-09-23 20:44:42,MLLB_000_y1.0.3,GREEN,v4_green_MLLB_000_y103_0923,3.4,3.41,100,80,35,ince,False,iki-OK-arasi-monotonluk,,,,,,,,,,,,True,,935.0,3.0,4.5
2026-09-23 20:44:42,MLLB_000_y1.0.3,GREEN,v4_green_MLLB_000_y103_0923,3.4,3.41,100,80,37,ince,False,iki-OK-arasi-monotonluk,,,,,,,,,,,,True,,935.0,3.0,4.5
2026-09-23 20:44:42,MLLB_000_y1.0.3,GREEN,v4_green_MLLB_000_y103_0923,3.4,3.41,100,80,38,ince,False,iki-OK-arasi-monotonluk,,,,,,,,,,,,True,,935.0,3.0,4.5
2026-09-23 20:44:42,MLLB_000_y1.0.3,GREEN,v4_green_MLLB_000_y103_0923,3.4,3.41,100,80,39,ince,False,iki-OK-arasi-monotonluk,,,,,,,,,,,,True,,935.0,3.0,4.5
2026-09-23 20:44:42,MLLB_000_y1.0.3,GREEN,v4_green_MLLB_000_y103_0923,3.4,3.41,100,80,41,ince,False,iki-OK-arasi-monotonluk,,,,,,,,,,,,True,,935.0,3.0,4.5
2026-09-23 20:44:42,MLLB_000_y1.0.3,GREEN,v4_green_MLLB_000_y103_0923,3.4,3.41,100,80,42,ince,False,iki-OK-arasi-monotonluk,,,,,,,,,,,,True,,935.0,3.0,4.5
2026-09-23 20:44:42,MLLB_000_y1.0.3,GREEN,v4_green_MLLB_000_y103_0923,3.4,3.41,100,80,43,ince,False,iki-OK-arasi-monotonluk,,,,,,,,,,,,True,,935.0,3.0,4.5
2026-09-23 20:44:42,MLLB_000_y1.0.3,GREEN,v4_green_MLLB_000_y103_0923,3.4,3.41,100,80,45,ince,False,iki-OK-arasi-monotonluk,,,,,,,,,,,,True,,935.0,3.0,4.5
2026-09-23 20:44:42,MLLB_000_y1.0.3,GREEN,v4_green_MLLB_000_y103_0923,3.4,3.41,100,80,46,ince,False,iki-OK-arasi-monotonluk,,,,,,,,,,,,True,,935.0,3.0,4.5
2026-09-23 20:44:42,MLLB_000_y1.0.3,GREEN,v4_green_MLLB_000_y103_0923,3.4,3.41,100,80,47,ince,False,iki-OK-arasi-monotonluk,,,,,,,,,,,,True,,935.0,3.0,4.5
2026-09-23 20:44:42,MLLB_000_y1.0.3,GREEN,v4_green_MLLB_000_y103_0923,3.4,3.41,100,80,49,ince,False,iki-OK-arasi-monotonluk,,,,,,,,,,,,True,,935.0,3.0,4.5
2026-09-23 20:44:42,MLLB_000_y1.0.3,GREEN,v4_green_MLLB_000_y103_0923,3.4,3.41,100,80,,bitti,False,,,,,,,,,,,,,,,935.0,3.0,4.5
2026-09-23 20:44:59,MLLB_000_y1.0.3,GREEN,v4_green_MLLB_000_y103_0923,3.4,3.41,100,60,12,kaba,True,,38.0,28.0,18.0,964.0,1002.0,1.087,243.864,224.355,0.7777,True,,True,,935.0,3.0,4.5
2026-09-23 20:45:17,MLLB_000_y1.0.3,GREEN,v4_green_MLLB_000_y103_0923,3.4,3.41,100,60,16,kaba,True,,38.0,28.0,18.0,964.0,1002.0,1.086,243.864,224.575,0.7773,True,,True,,935.0,3.0,4.5
2026-09-23 20:45:35,MLLB_000_y1.0.3,GREEN,v4_green_MLLB_000_y103_0923,3.4,3.41,100,60,20,kaba,True,,38.0,28.0,18.0,964.0,1002.0,1.086,243.864,224.562,0.7774,True,,True,,935.0,3.0,4.5
2026-09-23 20:45:53,MLLB_000_y1.0.3,GREEN,v4_green_MLLB_000_y103_0923,3.4,3.41,100,60,24,kaba,True,,38.0,28.0,18.0,964.0,1002.0,1.088,243.864,224.233,0.7767,True,,True,,935.0,3.0,4.5
2026-09-23 20:46:11,MLLB_000_y1.0.3,GREEN,v4_green_MLLB_000_y103_0923,3.4,3.41,100,60,28,kaba,True,,36.0,28.0,18.0,966.0,1002.0,1.086,243.864,224.484,0.7772,True,,True,,935.0,3.0,4.5
2026-09-23 20:46:29,MLLB_000_y1.0.3,GREEN,v4_green_MLLB_000_y103_0923,3.4,3.41,100,60,32,kaba,True,,38.0,28.0,18.0,964.0,1002.0,1.086,243.864,224.557,0.7774,True,,True,,935.0,3.0,4.5
2026-09-23 20:46:44,MLLB_000_y1.0.3,GREEN,v4_green_MLLB_000_y103_0923,3.4,3.41,100,60,36,kaba,True,,38.0,28.0,18.0,964.0,1002.0,1.087,243.864,224.442,0.7771,True,,True,,935.0,3.0,4.5
2026-09-23 20:47:03,MLLB_000_y1.0.3,GREEN,v4_green_MLLB_000_y103_0923,3.4,3.41,100,60,40,kaba,True,,38.0,28.0,18.0,964.0,1002.0,1.06,245.116,231.344,0.7773,True,,True,,935.0,3.0,4.5
2026-09-23 20:47:21,MLLB_000_y1.0.3,GREEN,v4_green_MLLB_000_y103_0923,3.4,3.41,100,60,44,kaba,True,,36.0,28.0,18.0,966.0,1002.0,1.087,243.936,224.428,0.7771,True,,True,,935.0,3.0,4.5
2026-09-23 20:47:39,MLLB_000_y1.0.3,GREEN,v4_green_MLLB_000_y103_0923,3.4,3.41,100,60,48,kaba,True,,38.0,28.0,18.0,964.0,1002.0,1.086,243.929,224.564,0.7774,True,,True,,935.0,3.0,4.5
2026-09-23 20:47:57,MLLB_000_y1.0.3,GREEN,v4_green_MLLB_000_y103_0923,3.4,3.41,100,60,50,kaba,True,,38.0,28.0,18.0,964.0,1002.0,1.087,244.026,224.399,0.7778,True,,True,,935.0,3.0,4.5
2026-09-23 20:47:58,MLLB_000_y1.0.3,GREEN,v4_green_MLLB_000_y103_0923,3.4,3.41,100,60,13,ince,False,iki-OK-arasi-monotonluk,,,,,,,,,,,,True,,935.0,3.0,4.5
2026-09-23 20:47:58,MLLB_000_y1.0.3,GREEN,v4_green_MLLB_000_y103_0923,3.4,3.41,100,60,14,ince,False,iki-OK-arasi-monotonluk,,,,,,,,,,,,True,,935.0,3.0,4.5
2026-09-23 20:47:58,MLLB_000_y1.0.3,GREEN,v4_green_MLLB_000_y103_0923,3.4,3.41,100,60,15,ince,False,iki-OK-arasi-monotonluk,,,,,,,,,,,,True,,935.0,3.0,4.5
2026-09-23 20:47:58,MLLB_000_y1.0.3,GREEN,v4_green_MLLB_000_y103_0923,3.4,3.41,100,60,17,ince,False,iki-OK-arasi-monotonluk,,,,,,,,,,,,True,,935.0,3.0,4.5
2026-09-23 20:47:58,MLLB_000_y1.0.3,GREEN,v4_green_MLLB_000_y103_0923,3.4,3.41,100,60,18,ince,False,iki-OK-arasi-monotonluk,,,,,,,,,,,,True,,935.0,3.0,4.5
2026-09-23 20:47:58,MLLB_000_y1.0.3,GREEN,v4_green_MLLB_000_y103_0923,3.4,3.41,100,60,19,ince,False,iki-OK-arasi-monotonluk,,,,,,,,,,,,True,,935.0,3.0,4.5
2026-09-23 20:47:58,MLLB_000_y1.0.3,GREEN,v4_green_MLLB_000_y103_0923,3.4,3.41,100,60,21,ince,False,iki-OK-arasi-monotonluk,,,,,,,,,,,,True,,935.0,3.0,4.5
2026-09-23 20:47:58,MLLB_000_y1.0.3,GREEN,v4_green_MLLB_000_y103_0923,3.4,3.41,100,60,22,ince,False,iki-OK-arasi-monotonluk,,,,,,,,,,,,True,,935.0,3.0,4.5
2026-09-23 20:47:58,MLLB_000_y1.0.3,GREEN,v4_green_MLLB_000_y103_0923,3.4,3.41,100,60,23,ince,False,iki-OK-arasi-monotonluk,,,,,,,,,,,,True,,935.0,3.0,4.5
2026-09-23 20:47:58,MLLB_000_y1.0.3,GREEN,v4_green_MLLB_000_y103_0923,3.4,3.41,100,60,25,ince,False,iki-OK-arasi-monotonluk,,,,,,,,,,,,True,,935.0,3.0,4.5
2026-09-23 20:47:58,MLLB_000_y1.0.3,GREEN,v4_green_MLLB_000_y103_0923,3.4,3.41,100,60,26,ince,False,iki-OK-arasi-monotonluk,,,,,,,,,,,,True,,935.0,3.0,4.5
2026-09-23 20:47:58,MLLB_000_y1.0.3,GREEN,v4_green_MLLB_000_y103_0923,3.4,3.41,100,60,27,ince,False,iki-OK-arasi-monotonluk,,,,,,,,,,,,True,,935.0,3.0,4.5
2026-09-23 20:47:58,MLLB_000_y1.0.3,GREEN,v4_green_MLLB_000_y103_0923,3.4,3.41,100,60,29,ince,False,iki-OK-arasi-monotonluk,,,,,,,,,,,,True,,935.0,3.0,4.5
2026-09-23 20:47:58,MLLB_000_y1.0.3,GREEN,v4_green_MLLB_000_y103_0923,3.4,3.41,100,60,30,ince,False,iki-OK-arasi-monotonluk,,,,,,,,,,,,True,,935.0,3.0,4.5
2026-09-23 20:47:58,MLLB_000_y1.0.3,GREEN,v4_green_MLLB_000_y103_0923,3.4,3.41,100,60,31,ince,False,iki-OK-arasi-monotonluk,,,,,,,,,,,,True,,935.0,3.0,4.5
2026-09-23 20:47:58,MLLB_000_y1.0.3,GREEN,v4_green_MLLB_000_y103_0923,3.4,3.41,100,60,33,ince,False,iki-OK-arasi-monotonluk,,,,,,,,,,,,True,,935.0,3.0,4.5
2026-09-23 20:47:58,MLLB_000_y1.0.3,GREEN,v4_green_MLLB_000_y103_0923,3.4,3.41,100,60,34,ince,False,iki-OK-arasi-monotonluk,,,,,,,,,,,,True,,935.0,3.0,4.5
2026-09-23 20:47:58,MLLB_000_y1.0.3,GREEN,v4_green_MLLB_000_y103_0923,3.4,3.41,100,60,35,ince,False,iki-OK-arasi-monotonluk,,,,,,,,,,,,True,,935.0,3.0,4.5
2026-09-23 20:47:58,MLLB_000_y1.0.3,GREEN,v4_green_MLLB_000_y103_0923,3.4,3.41,100,60,37,ince,False,iki-OK-arasi-monotonluk,,,,,,,,,,,,True,,935.0,3.0,4.5
2026-09-23 20:47:58,MLLB_000_y1.0.3,GREEN,v4_green_MLLB_000_y103_0923,3.4,3.41,100,60,38,ince,False,iki-OK-arasi-monotonluk,,,,,,,,,,,,True,,935.0,3.0,4.5
2026-09-23 20:47:58,MLLB_000_y1.0.3,GREEN,v4_green_MLLB_000_y103_0923,3.4,3.41,100,60,39,ince,False,iki-OK-arasi-monotonluk,,,,,,,,,,,,True,,935.0,3.0,4.5
2026-09-23 20:47:58,MLLB_000_y1.0.3,GREEN,v4_green_MLLB_000_y103_0923,3.4,3.41,100,60,41,ince,False,iki-OK-arasi-monotonluk,,,,,,,,,,,,True,,935.0,3.0,4.5
2026-09-23 20:47:58,MLLB_000_y1.0.3,GREEN,v4_green_MLLB_000_y103_0923,3.4,3.41,100,60,42,ince,False,iki-OK-arasi-monotonluk,,,,,,,,,,,,True,,935.0,3.0,4.5
2026-09-23 20:47:58,MLLB_000_y1.0.3,GREEN,v4_green_MLLB_000_y103_0923,3.4,3.41,100,60,43,ince,False,iki-OK-arasi-monotonluk,,,,,,,,,,,,True,,935.0,3.0,4.5
2026-09-23 20:47:58,MLLB_000_y1.0.3,GREEN,v4_green_MLLB_000_y103_0923,3.4,3.41,100,60,45,ince,False,iki-OK-arasi-monotonluk,,,,,,,,,,,,True,,935.0,3.0,4.5
2026-09-23 20:47:58,MLLB_000_y1.0.3,GREEN,v4_green_MLLB_000_y103_0923,3.4,3.41,100,60,46,ince,False,iki-OK-arasi-monotonluk,,,,,,,,,,,,True,,935.0,3.0,4.5
2026-09-23 20:47:58,MLLB_000_y1.0.3,GREEN,v4_green_MLLB_000_y103_0923,3.4,3.41,100,60,47,ince,False,iki-OK-arasi-monotonluk,,,,,,,,,,,,True,,935.0,3.0,4.5
2026-09-23 20:47:58,MLLB_000_y1.0.3,GREEN,v4_green_MLLB_000_y103_0923,3.4,3.41,100,60,49,ince,False,iki-OK-arasi-monotonluk,,,,,,,,,,,,True,,935.0,3.0,4.5
2026-09-23 20:47:58,MLLB_000_y1.0.3,GREEN,v4_green_MLLB_000_y103_0923,3.4,3.41,100,60,,bitti,False,,,,,,,,,,,,,,,935.0,3.0,4.5
2026-09-23 20:48:29,MLLB_000_y1.0.3,GREEN,v4_green_MLLB_000_y103_0923,3.2,3.209,4,100,12,kaba,True,,686.0,424.0,324.0,316.0,1002.0,1.396,7.215,5.167,0.0615,True,,False,ON,935.0,3.0,4.5
2026-09-23 20:48:47,MLLB_000_y1.0.3,GREEN,v4_green_MLLB_000_y103_0923,3.2,3.209,4,100,16,kaba,True,,534.0,566.0,122.0,468.0,1002.0,1.413,7.153,5.062,0.0689,True,,False,ON,935.0,3.0,4.5
2026-09-23 20:49:05,MLLB_000_y1.0.3,GREEN,v4_green_MLLB_000_y103_0923,3.2,3.209,4,100,20,kaba,True,,378.0,374.0,104.0,624.0,1002.0,1.429,7.198,5.039,0.0674,True,,False,ON,935.0,3.0,4.5
2026-09-23 20:49:20,MLLB_000_y1.0.3,GREEN,v4_green_MLLB_000_y103_0923,3.2,3.209,4,100,24,kaba,True,,184.0,338.0,48.0,818.0,1002.0,1.413,7.108,5.029,0.0683,True,,False,ON,935.0,3.0,4.5
2026-09-23 20:49:37,MLLB_000_y1.0.3,GREEN,v4_green_MLLB_000_y103_0923,3.2,3.209,4,100,28,kaba,True,,28.0,18.0,16.0,974.0,1002.0,2.014,10.234,5.081,0.0675,True,,True,,935.0,3.0,4.5
2026-09-23 20:49:55,MLLB_000_y1.0.3,GREEN,v4_green_MLLB_000_y103_0923,3.2,3.209,4,100,32,kaba,True,,18.0,2.0,18.0,984.0,1002.0,26.573,134.645,5.067,0.0665,True,,False,FLAS,935.0,3.0,4.5
2026-09-23 20:50:13,MLLB_000_y1.0.3,GREEN,v4_green_MLLB_000_y103_0923,3.2,3.209,4,100,25,ince,True,,154.0,260.0,28.0,848.0,1002.0,1.411,7.158,5.074,0.0643,True,,False,ON,935.0,3.0,4.5
2026-09-23 20:50:31,MLLB_000_y1.0.3,GREEN,v4_green_MLLB_000_y103_0923,3.2,3.209,4,100,26,ince,True,,116.0,184.0,22.0,886.0,1002.0,1.393,7.063,5.069,0.0661,True,,False,ON,935.0,3.0,4.5
2026-09-23 20:50:49,MLLB_000_y1.0.3,GREEN,v4_green_MLLB_000_y103_0923,3.2,3.209,4,100,27,ince,True,,42.0,212.0,18.0,960.0,1002.0,1.419,7.167,5.051,0.0681,True,,True,,935.0,3.0,4.5
2026-09-23 20:51:07,MLLB_000_y1.0.3,GREEN,v4_green_MLLB_000_y103_0923,3.2,3.209,4,100,29,ince,True,,20.0,8.0,18.0,982.0,1002.0,6.021,30.416,5.051,0.0651,True,,False,FLAS,935.0,3.0,4.5
2026-09-23 20:51:25,MLLB_000_y1.0.3,GREEN,v4_green_MLLB_000_y103_0923,3.2,3.209,4,100,30,ince,True,,18.0,14.0,6.0,984.0,1002.0,17.448,88.656,5.081,0.0668,True,,False,FLAS,935.0,3.0,4.5
2026-09-23 20:51:43,MLLB_000_y1.0.3,GREEN,v4_green_MLLB_000_y103_0923,3.2,3.209,4,100,31,ince,True,,18.0,2.0,18.0,984.0,1002.0,22.22,112.737,5.074,0.0636,True,,False,FLAS,935.0,3.0,4.5
2026-09-23 20:51:44,MLLB_000_y1.0.3,GREEN,v4_green_MLLB_000_y103_0923,3.2,3.209,4,100,,bitti,False,,,,,,,,,,,,,,,935.0,3.0,4.5
2026-09-23 20:52:01,MLLB_000_y1.0.3,GREEN,v4_green_MLLB_000_y103_0923,3.2,3.209,4,80,12,kaba,True,,742.0,696.0,108.0,260.0,1002.0,1.576,7.365,4.674,0.046,True,,False,ON,935.0,3.0,4.5
2026-09-23 20:52:19,MLLB_000_y1.0.3,GREEN,v4_green_MLLB_000_y103_0923,3.2,3.209,4,80,16,kaba,True,,642.0,486.0,240.0,360.0,1002.0,1.359,7.216,5.311,0.0623,True,,False,ON,935.0,3.0,4.5
2026-09-23 20:52:37,MLLB_000_y1.0.3,GREEN,v4_green_MLLB_000_y103_0923,3.2,3.209,4,80,20,kaba,True,,530.0,338.0,352.0,472.0,1002.0,1.418,7.198,5.077,0.068,True,,False,ON,935.0,3.0,4.5
2026-09-23 20:52:55,MLLB_000_y1.0.3,GREEN,v4_green_MLLB_000_y103_0923,3.2,3.209,4,80,24,kaba,True,,350.0,462.0,0.0,652.0,1002.0,1.445,7.278,5.036,0.065,True,,False,ON,935.0,3.0,4.5
2026-09-23 20:53:13,MLLB_000_y1.0.3,GREEN,v4_green_MLLB_000_y103_0923,3.2,3.209,4,80,28,kaba,True,,238.0,280.0,44.0,764.0,1002.0,1.701,8.633,5.075,0.0659,True,,False,ON,935.0,3.0,4.5
2026-09-23 20:53:31,MLLB_000_y1.0.3,GREEN,v4_green_MLLB_000_y103_0923,3.2,3.209,4,80,32,kaba,True,,70.0,186.0,22.0,932.0,1002.0,1.405,7.136,5.078,0.0665,True,,False,ON,935.0,3.0,4.5
2026-09-23 20:53:49,MLLB_000_y1.0.3,GREEN,v4_green_MLLB_000_y103_0923,3.2,3.209,4,80,36,kaba,True,,24.0,4.0,22.0,978.0,1002.0,14.839,75.155,5.065,0.0661,True,,False,FLAS,935.0,3.0,4.5
2026-09-23 20:54:07,MLLB_000_y1.0.3,GREEN,v4_green_MLLB_000_y103_0923,3.2,3.209,4,80,33,ince,True,,46.0,84.0,22.0,956.0,1002.0,1.408,7.153,5.079,0.0658,True,,True,,935.0,3.0,4.5
2026-09-23 20:54:22,MLLB_000_y1.0.3,GREEN,v4_green_MLLB_000_y103_0923,3.2,3.209,4,80,34,ince,True,,34.0,14.0,22.0,968.0,1002.0,2.115,10.691,5.055,0.0635,True,,True,,935.0,3.0,4.5
2026-09-23 20:54:41,MLLB_000_y1.0.3,GREEN,v4_green_MLLB_000_y103_0923,3.2,3.209,4,80,35,ince,True,,26.0,8.0,22.0,976.0,1002.0,5.496,28.366,5.161,0.0637,True,,False,FLAS,935.0,3.0,4.5
2026-09-23 20:54:42,MLLB_000_y1.0.3,GREEN,v4_green_MLLB_000_y103_0923,3.2,3.209,4,80,,bitti,False,,,,,,,,,,,,,,,935.0,3.0,4.5
2026-09-23 20:54:59,MLLB_000_y1.0.3,GREEN,v4_green_MLLB_000_y103_0923,3.2,3.209,4,60,12,kaba,True,,794.0,820.0,2.0,208.0,1002.0,1.267,4.924,3.888,0.0305,True,,False,AKIM,935.0,3.0,4.5
2026-09-23 20:55:17,MLLB_000_y1.0.3,GREEN,v4_green_MLLB_000_y103_0923,3.2,3.209,4,60,16,kaba,True,,730.0,774.0,8.0,272.0,1002.0,1.565,7.418,4.74,0.0461,True,,False,ON,935.0,3.0,4.5
2026-09-23 20:55:32,MLLB_000_y1.0.3,GREEN,v4_green_MLLB_000_y103_0923,3.2,3.209,4,60,20,kaba,True,,690.0,710.0,74.0,312.0,1002.0,1.355,7.153,5.281,0.0595,True,,False,ON,935.0,3.0,4.5
2026-09-23 20:55:49,MLLB_000_y1.0.3,GREEN,v4_green_MLLB_000_y103_0923,3.2,3.209,4,60,24,kaba,True,,568.0,578.0,46.0,434.0,1002.0,1.367,7.066,5.171,0.0642,True,,False,ON,935.0,3.0,4.5
2026-09-23 20:56:07,MLLB_000_y1.0.3,GREEN,v4_green_MLLB_000_y103_0923,3.2,3.209,4,60,28,kaba,True,,508.0,444.0,132.0,494.0,1002.0,1.424,7.162,5.031,0.0664,True,,False,ON,935.0,3.0,4.5
2026-09-23 20:56:25,MLLB_000_y1.0.3,GREEN,v4_green_MLLB_000_y103_0923,3.2,3.209,4,60,32,kaba,True,,366.0,470.0,8.0,636.0,1002.0,1.441,7.25,5.031,0.0644,True,,False,ON,935.0,3.0,4.5
2026-09-23 20:56:43,MLLB_000_y1.0.3,GREEN,v4_green_MLLB_000_y103_0923,3.2,3.209,4,60,36,kaba,True,,274.0,316.0,44.0,728.0,1002.0,1.488,7.521,5.053,0.0631,True,,False,ON,935.0,3.0,4.5
2026-09-23 20:57:01,MLLB_000_y1.0.3,GREEN,v4_green_MLLB_000_y103_0923,3.2,3.209,4,60,40,kaba,True,,164.0,328.0,26.0,838.0,1002.0,1.417,7.156,5.051,0.0624,True,,False,ON,935.0,3.0,4.5
2026-09-23 20:57:19,MLLB_000_y1.0.3,GREEN,v4_green_MLLB_000_y103_0923,3.2,3.209,4,60,44,kaba,True,,46.0,20.0,34.0,956.0,1002.0,1.538,7.788,5.063,0.0607,True,,True,,935.0,3.0,4.5
2026-09-23 20:57:37,MLLB_000_y1.0.3,GREEN,v4_green_MLLB_000_y103_0923,3.2,3.209,4,60,48,kaba,True,,36.0,4.0,32.0,966.0,1002.0,16.168,81.902,5.066,0.063,True,,False,FLAS,935.0,3.0,4.5
2026-09-23 20:57:55,MLLB_000_y1.0.3,GREEN,v4_green_MLLB_000_y103_0923,3.2,3.209,4,60,41,ince,True,,122.0,214.0,36.0,880.0,1002.0,1.651,8.356,5.061,0.0638,True,,False,ON,935.0,3.0,4.5
2026-09-23 20:58:13,MLLB_000_y1.0.3,GREEN,v4_green_MLLB_000_y103_0923,3.2,3.209,4,60,42,ince,True,,78.0,164.0,34.0,924.0,1002.0,1.451,7.327,5.05,0.062,True,,False,ON,935.0,3.0,4.5
2026-09-23 20:58:31,MLLB_000_y1.0.3,GREEN,v4_green_MLLB_000_y103_0923,3.2,3.209,4,60,43,ince,True,,58.0,112.0,34.0,944.0,1002.0,1.483,7.512,5.065,0.0631,True,,True,,935.0,3.0,4.5
2026-09-23 20:58:46,MLLB_000_y1.0.3,GREEN,v4_green_MLLB_000_y103_0923,3.2,3.209,4,60,45,ince,True,,44.0,16.0,34.0,958.0,1002.0,2.154,10.827,5.026,0.062,True,,True,,935.0,3.0,4.5
2026-09-23 20:59:03,MLLB_000_y1.0.3,GREEN,v4_green_MLLB_000_y103_0923,3.2,3.209,4,60,46,ince,True,,38.0,30.0,14.0,964.0,1002.0,4.898,24.74,5.051,0.0636,True,,False,FLAS,935.0,3.0,4.5
2026-09-23 20:59:21,MLLB_000_y1.0.3,GREEN,v4_green_MLLB_000_y103_0923,3.2,3.209,4,60,47,ince,True,,36.0,16.0,22.0,966.0,1002.0,7.988,40.558,5.077,0.0634,True,,False,FLAS,935.0,3.0,4.5
2026-09-23 20:59:22,MLLB_000_y1.0.3,GREEN,v4_green_MLLB_000_y103_0923,3.2,3.209,4,60,,bitti,False,,,,,,,,,,,,,,,935.0,3.0,4.5
2026-09-23 20:59:47,MLLB_000_y1.0.3,GREEN,v4_green_MLLB_000_y103_0923,3.2,3.209,5,100,12,kaba,True,,514.0,170.0,392.0,488.0,1002.0,1.097,7.972,7.269,0.0885,True,,False,ON,935.0,3.0,4.5
2026-09-23 21:00:05,MLLB_000_y1.0.3,GREEN,v4_green_MLLB_000_y103_0923,3.2,3.209,5,100,16,kaba,True,,402.0,184.0,244.0,600.0,1002.0,1.12,8.083,7.218,0.0898,True,,False,ON,935.0,3.0,4.5
2026-09-23 21:00:23,MLLB_000_y1.0.3,GREEN,v4_green_MLLB_000_y103_0923,3.2,3.209,5,100,20,kaba,True,,294.0,194.0,120.0,708.0,1002.0,1.112,8.059,7.248,0.0924,True,,False,ON,935.0,3.0,4.5
2026-09-23 21:00:41,MLLB_000_y1.0.3,GREEN,v4_green_MLLB_000_y103_0923,3.2,3.209,5,100,24,kaba,True,,148.0,188.0,2.0,854.0,1002.0,1.158,8.45,7.299,0.091,True,,False,ON,935.0,3.0,4.5
2026-09-23 21:00:59,MLLB_000_y1.0.3,GREEN,v4_green_MLLB_000_y103_0923,3.2,3.209,5,100,28,kaba,True,,34.0,32.0,14.0,968.0,1002.0,1.294,9.504,7.343,0.089,True,,True,,935.0,3.0,4.5
2026-09-23 21:01:17,MLLB_000_y1.0.3,GREEN,v4_green_MLLB_000_y103_0923,3.2,3.209,5,100,32,kaba,True,,20.0,2.0,18.0,982.0,1002.0,18.051,132.196,7.324,0.0911,True,,False,FLAS,935.0,3.0,4.5
2026-09-23 21:01:35,MLLB_000_y1.0.3,GREEN,v4_green_MLLB_000_y103_0923,3.2,3.209,5,100,25,ince,True,,126.0,126.0,34.0,876.0,1002.0,1.101,8.054,7.312,0.0906,True,,False,ON,935.0,3.0,4.5
2026-09-23 21:01:50,MLLB_000_y1.0.3,GREEN,v4_green_MLLB_000_y103_0923,3.2,3.209,5,100,26,ince,True,,128.0,154.0,22.0,874.0,1002.0,1.102,8.054,7.306,0.0918,True,,False,ON,935.0,3.0,4.5
2026-09-23 21:02:09,MLLB_000_y1.0.3,GREEN,v4_green_MLLB_000_y103_0923,3.2,3.209,5,100,27,ince,True,,74.0,128.0,18.0,928.0,1002.0,1.168,8.693,7.444,0.0911,True,,False,ON,935.0,3.0,4.5
2026-09-23 21:02:27,MLLB_000_y1.0.3,GREEN,v4_green_MLLB_000_y103_0923,3.2,3.209,5,100,29,ince,True,,28.0,16.0,18.0,974.0,1002.0,3.859,28.205,7.309,0.0896,True,,False,FLAS,935.0,3.0,4.5
2026-09-23 21:02:45,MLLB_000_y1.0.3,GREEN,v4_green_MLLB_000_y103_0923,3.2,3.209,5,100,30,ince,True,,20.0,4.0,18.0,982.0,1002.0,11.76,86.404,7.347,0.0904,True,,False,FLAS,935.0,3.0,4.5
2026-09-23 21:03:03,MLLB_000_y1.0.3,GREEN,v4_green_MLLB_000_y103_0923,3.2,3.209,5,100,31,ince,True,,20.0,2.0,18.0,982.0,1002.0,14.96,109.721,7.334,0.0895,True,,False,FLAS,935.0,3.0,4.5
2026-09-23 21:03:04,MLLB_000_y1.0.3,GREEN,v4_green_MLLB_000_y103_0923,3.2,3.209,5,100,,bitti,False,,,,,,,,,,,,,,,935.0,3.0,4.5
2026-09-23 21:03:21,MLLB_000_y1.0.3,GREEN,v4_green_MLLB_000_y103_0923,3.2,3.209,5,80,12,kaba,True,,566.0,202.0,406.0,436.0,1002.0,1.146,8.079,7.053,0.0906,True,,False,ON,935.0,3.0,4.5
2026-09-23 21:03:39,MLLB_000_y1.0.3,GREEN,v4_green_MLLB_000_y103_0923,3.2,3.209,5,80,16,kaba,True,,484.0,208.0,342.0,518.0,1002.0,1.262,8.997,7.131,0.0893,True,,False,ON,935.0,3.0,4.5
2026-09-23 21:03:57,MLLB_000_y1.0.3,GREEN,v4_green_MLLB_000_y103_0923,3.2,3.209,5,80,20,kaba,True,,394.0,152.0,258.0,608.0,1002.0,1.126,8.144,7.232,0.0903,True,,False,ON,935.0,3.0,4.5
2026-09-23 21:04:15,MLLB_000_y1.0.3,GREEN,v4_green_MLLB_000_y103_0923,3.2,3.209,5,80,24,kaba,True,,298.0,166.0,164.0,704.0,1002.0,1.106,8.059,7.288,0.0879,True,,False,ON,935.0,3.0,4.5
2026-09-23 21:04:33,MLLB_000_y1.0.3,GREEN,v4_green_MLLB_000_y103_0923,3.2,3.209,5,80,28,kaba,True,,176.0,204.0,36.0,826.0,1002.0,1.113,8.144,7.316,0.0886,True,,False,ON,935.0,3.0,4.5
2026-09-23 21:04:48,MLLB_000_y1.0.3,GREEN,v4_green_MLLB_000_y103_0923,3.2,3.209,5,80,32,kaba,True,,94.0,176.0,24.0,908.0,1002.0,1.109,8.099,7.305,0.091,True,,False,ON,935.0,3.0,4.5
2026-09-23 21:05:05,MLLB_000_y1.0.3,GREEN,v4_green_MLLB_000_y103_0923,3.2,3.209,5,80,36,kaba,True,,26.0,6.0,22.0,976.0,1002.0,8.108,59.296,7.313,0.0929,True,,False,FLAS,935.0,3.0,4.5
2026-09-23 21:05:23,MLLB_000_y1.0.3,GREEN,v4_green_MLLB_000_y103_0923,3.2,3.209,5,80,33,ince,True,,50.0,118.0,22.0,952.0,1002.0,1.104,8.102,7.336,0.0936,True,,True,,935.0,3.0,4.5
2026-09-23 21:05:41,MLLB_000_y1.0.3,GREEN,v4_green_MLLB_000_y103_0923,3.2,3.209,5,80,34,ince,True,,42.0,26.0,22.0,960.0,1002.0,1.396,10.234,7.331,0.0937,True,,True,,935.0,3.0,4.5
2026-09-23 21:05:59,MLLB_000_y1.0.3,GREEN,v4_green_MLLB_000_y103_0923,3.2,3.209,5,80,35,ince,True,,30.0,14.0,22.0,972.0,1002.0,3.647,26.614,7.298,0.0921,True,,False,FLAS,935.0,3.0,4.5
2026-09-23 21:06:00,MLLB_000_y1.0.3,GREEN,v4_green_MLLB_000_y103_0923,3.2,3.209,5,80,,bitti,False,,,,,,,,,,,,,,,935.0,3.0,4.5
2026-09-23 21:06:17,MLLB_000_y1.0.3,GREEN,v4_green_MLLB_000_y103_0923,3.2,3.209,5,60,12,kaba,True,,628.0,162.0,504.0,374.0,1002.0,1.155,8.073,6.988,0.0882,True,,False,ON,935.0,3.0,4.5
2026-09-23 21:06:35,MLLB_000_y1.0.3,GREEN,v4_green_MLLB_000_y103_0923,3.2,3.209,5,60,16,kaba,True,,574.0,486.0,152.0,428.0,1002.0,1.263,8.926,7.065,0.0891,True,,False,ON,935.0,3.0,4.5
2026-09-23 21:06:53,MLLB_000_y1.0.3,GREEN,v4_green_MLLB_000_y103_0923,3.2,3.209,5,60,20,kaba,True,,478.0,198.0,332.0,524.0,1002.0,1.13,8.054,7.13,0.0895,True,,False,ON,935.0,3.0,4.5
2026-09-23 21:07:11,MLLB_000_y1.0.3,GREEN,v4_green_MLLB_000_y103_0923,3.2,3.209,5,60,24,kaba,True,,426.0,184.0,274.0,576.0,1002.0,1.122,8.054,7.18,0.0874,True,,False,ON,935.0,3.0,4.5
2026-09-23 21:07:26,MLLB_000_y1.0.3,GREEN,v4_green_MLLB_000_y103_0923,3.2,3.209,5,60,28,kaba,True,,364.0,164.0,224.0,638.0,1002.0,1.127,8.139,7.22,0.0896,True,,False,ON,935.0,3.0,4.5
2026-09-23 21:07:43,MLLB_000_y1.0.3,GREEN,v4_green_MLLB_000_y103_0923,3.2,3.209,5,60,32,kaba,True,,298.0,168.0,150.0,704.0,1002.0,1.11,8.065,7.263,0.0884,True,,False,ON,935.0,3.0,4.5
2026-09-23 21:07:58,MLLB_000_y1.0.3,GREEN,v4_green_MLLB_000_y103_0923,3.2,3.209,5,60,36,kaba,True,,228.0,238.0,96.0,774.0,1002.0,1.145,8.368,7.311,0.0904,True,,False,ON,935.0,3.0,4.5
2026-09-23 21:08:15,MLLB_000_y1.0.3,GREEN,v4_green_MLLB_000_y103_0923,3.2,3.209,5,60,40,kaba,True,,154.0,178.0,44.0,848.0,1002.0,1.123,8.225,7.323,0.0867,True,,False,ON,935.0,3.0,4.5
2026-09-23 21:08:33,MLLB_000_y1.0.3,GREEN,v4_green_MLLB_000_y103_0923,3.2,3.209,5,60,44,kaba,True,,56.0,98.0,30.0,946.0,1002.0,1.101,8.067,7.325,0.0853,True,,True,,935.0,3.0,4.5
2026-09-23 21:08:51,MLLB_000_y1.0.3,GREEN,v4_green_MLLB_000_y103_0923,3.2,3.209,5,60,48,kaba,True,,36.0,8.0,30.0,966.0,1002.0,10.791,79.044,7.325,0.0891,True,,False,FLAS,935.0,3.0,4.5
2026-09-23 21:09:06,MLLB_000_y1.0.3,GREEN,v4_green_MLLB_000_y103_0923,3.2,3.209,5,60,41,ince,True,,142.0,188.0,42.0,860.0,1002.0,1.104,8.054,7.296,0.0911,True,,False,ON,935.0,3.0,4.5
2026-09-23 21:09:25,MLLB_000_y1.0.3,GREEN,v4_green_MLLB_000_y103_0923,3.2,3.209,5,60,42,ince,True,,114.0,98.0,36.0,888.0,1002.0,1.078,8.069,7.482,0.0851,True,,False,ON,935.0,3.0,4.5
2026-09-23 21:09:43,MLLB_000_y1.0.3,GREEN,v4_green_MLLB_000_y103_0923,3.2,3.209,5,60,43,ince,True,,88.0,144.0,34.0,914.0,1002.0,1.101,8.062,7.319,0.0879,True,,False,ON,935.0,3.0,4.5
2026-09-23 21:10:01,MLLB_000_y1.0.3,GREEN,v4_green_MLLB_000_y103_0923,3.2,3.209,5,60,45,ince,True,,46.0,20.0,34.0,956.0,1002.0,1.463,10.691,7.308,0.0879,True,,True,,935.0,3.0,4.5
2026-09-23 21:10:19,MLLB_000_y1.0.3,GREEN,v4_green_MLLB_000_y103_0923,3.2,3.209,5,60,46,ince,True,,44.0,16.0,34.0,958.0,1002.0,3.107,22.735,7.317,0.0862,True,,False,FLAS,935.0,3.0,4.5
2026-09-23 21:10:37,MLLB_000_y1.0.3,GREEN,v4_green_MLLB_000_y103_0923,3.2,3.209,5,60,47,ince,True,,38.0,28.0,16.0,964.0,1002.0,5.364,39.246,7.317,0.0905,True,,False,FLAS,935.0,3.0,4.5
2026-09-23 21:10:38,MLLB_000_y1.0.3,GREEN,v4_green_MLLB_000_y103_0923,3.2,3.209,5,60,,bitti,False,,,,,,,,,,,,,,,935.0,3.0,4.5
2026-09-23 21:11:03,MLLB_000_y1.0.3,GREEN,v4_green_MLLB_000_y103_0923,3.2,3.209,6,100,12,kaba,True,,400.0,164.0,318.0,602.0,1002.0,1.078,10.385,9.634,0.1098,True,,False,ON,935.0,3.0,4.5
2026-09-23 21:11:21,MLLB_000_y1.0.3,GREEN,v4_green_MLLB_000_y103_0923,3.2,3.209,6,100,16,kaba,True,,304.0,258.0,98.0,698.0,1002.0,1.111,10.508,9.459,0.1105,True,,False,ON,935.0,3.0,4.5
2026-09-23 21:11:36,MLLB_000_y1.0.3,GREEN,v4_green_MLLB_000_y103_0923,3.2,3.209,6,100,20,kaba,True,,226.0,136.0,138.0,776.0,1002.0,1.104,10.484,9.496,0.1118,True,,False,ON,935.0,3.0,4.5
2026-09-23 21:11:51,MLLB_000_y1.0.3,GREEN,v4_green_MLLB_000_y103_0923,3.2,3.209,6,100,24,kaba,True,,138.0,236.0,46.0,864.0,1002.0,1.097,10.485,9.56,0.1114,True,,False,ON,935.0,3.0,4.5
2026-09-23 21:12:09,MLLB_000_y1.0.3,GREEN,v4_green_MLLB_000_y103_0923,3.2,3.209,6,100,28,kaba,True,,38.0,72.0,18.0,964.0,1002.0,1.098,10.462,9.532,0.1112,True,,True,,935.0,3.0,4.5
2026-09-23 21:12:27,MLLB_000_y1.0.3,GREEN,v4_green_MLLB_000_y103_0923,3.2,3.209,6,100,32,kaba,True,,20.0,4.0,18.0,982.0,1002.0,13.702,130.862,9.551,0.1103,True,,False,FLAS,935.0,3.0,4.5
2026-09-23 21:12:45,MLLB_000_y1.0.3,GREEN,v4_green_MLLB_000_y103_0923,3.2,3.209,6,100,25,ince,True,,116.0,156.0,30.0,886.0,1002.0,1.094,10.462,9.567,0.1132,True,,False,ON,935.0,3.0,4.5
2026-09-23 21:13:03,MLLB_000_y1.0.3,GREEN,v4_green_MLLB_000_y103_0923,3.2,3.209,6,100,26,ince,True,,98.0,146.0,24.0,904.0,1002.0,1.097,10.508,9.581,0.1124,True,,False,ON,935.0,3.0,4.5
2026-09-23 21:13:21,MLLB_000_y1.0.3,GREEN,v4_green_MLLB_000_y103_0923,3.2,3.209,6,100,27,ince,True,,70.0,120.0,18.0,932.0,1002.0,1.094,10.462,9.564,0.116,True,,False,ON,935.0,3.0,4.5
2026-09-23 21:13:40,MLLB_000_y1.0.3,GREEN,v4_green_MLLB_000_y103_0923,3.2,3.209,6,100,29,ince,True,,30.0,20.0,18.0,972.0,1002.0,2.848,27.21,9.553,0.1113,True,,True,,935.0,3.0,4.5
2026-09-23 21:13:57,MLLB_000_y1.0.3,GREEN,v4_green_MLLB_000_y103_0923,3.2,3.209,6,100,30,ince,True,,22.0,10.0,18.0,980.0,1002.0,8.652,82.705,9.559,0.1155,True,,False,FLAS,935.0,3.0,4.5
2026-09-23 21:14:15,MLLB_000_y1.0.3,GREEN,v4_green_MLLB_000_y103_0923,3.2,3.209,6,100,31,ince,True,,20.0,4.0,18.0,982.0,1002.0,11.486,109.904,9.569,0.1157,True,,False,FLAS,935.0,3.0,4.5
2026-09-23 21:14:16,MLLB_000_y1.0.3,GREEN,v4_green_MLLB_000_y103_0923,3.2,3.209,6,100,,bitti,False,,,,,,,,,,,,,,,935.0,3.0,4.5
2026-09-23 21:14:33,MLLB_000_y1.0.3,GREEN,v4_green_MLLB_000_y103_0923,3.2,3.209,6,80,12,kaba,True,,446.0,168.0,336.0,556.0,1002.0,1.119,10.457,9.343,0.1122,True,,False,ON,935.0,3.0,4.5
2026-09-23 21:14:51,MLLB_000_y1.0.3,GREEN,v4_green_MLLB_000_y103_0923,3.2,3.209,6,80,16,kaba,True,,370.0,140.0,282.0,632.0,1002.0,1.11,10.475,9.433,0.1141,True,,False,ON,935.0,3.0,4.5
2026-09-23 21:15:09,MLLB_000_y1.0.3,GREEN,v4_green_MLLB_000_y103_0923,3.2,3.209,6,80,20,kaba,True,,302.0,144.0,206.0,700.0,1002.0,1.102,10.432,9.469,0.112,True,,False,ON,935.0,3.0,4.5
2026-09-23 21:15:27,MLLB_000_y1.0.3,GREEN,v4_green_MLLB_000_y103_0923,3.2,3.209,6,80,24,kaba,True,,238.0,126.0,140.0,764.0,1002.0,1.097,10.462,9.533,0.1122,True,,False,ON,935.0,3.0,4.5
2026-09-23 21:15:45,MLLB_000_y1.0.3,GREEN,v4_green_MLLB_000_y103_0923,3.2,3.209,6,80,28,kaba,True,,170.0,172.0,58.0,832.0,1002.0,1.097,10.508,9.578,0.1157,True,,False,ON,935.0,3.0,4.5
2026-09-23 21:16:00,MLLB_000_y1.0.3,GREEN,v4_green_MLLB_000_y103_0923,3.2,3.209,6,80,32,kaba,True,,86.0,144.0,24.0,916.0,1002.0,1.102,10.508,9.539,0.1123,True,,False,ON,935.0,3.0,4.5
2026-09-23 21:16:17,MLLB_000_y1.0.3,GREEN,v4_green_MLLB_000_y103_0923,3.2,3.209,6,80,36,kaba,True,,28.0,12.0,22.0,974.0,1002.0,6.034,57.806,9.579,0.1151,True,,False,FLAS,935.0,3.0,4.5
2026-09-23 21:16:36,MLLB_000_y1.0.3,GREEN,v4_green_MLLB_000_y103_0923,3.2,3.209,6,80,33,ince,True,,62.0,112.0,26.0,940.0,1002.0,1.096,10.463,9.546,0.1136,True,,True,,935.0,3.0,4.5
2026-09-23 21:16:53,MLLB_000_y1.0.3,GREEN,v4_green_MLLB_000_y103_0923,3.2,3.209,6,80,34,ince,True,,40.0,28.0,22.0,962.0,1002.0,1.089,10.417,9.568,0.1148,True,,True,,935.0,3.0,4.5
2026-09-23 21:17:11,MLLB_000_y1.0.3,GREEN,v4_green_MLLB_000_y103_0923,3.2,3.209,6,80,35,ince,True,,36.0,20.0,22.0,966.0,1002.0,2.683,25.693,9.575,0.1125,True,,True,,935.0,3.0,4.5
2026-09-23 21:17:12,MLLB_000_y1.0.3,GREEN,v4_green_MLLB_000_y103_0923,3.2,3.209,6,80,,bitti,False,,,,,,,,,,,,,,,935.0,3.0,4.5
2026-09-23 21:17:29,MLLB_000_y1.0.3,GREEN,v4_green_MLLB_000_y103_0923,3.2,3.209,6,60,12,kaba,True,,480.0,128.0,406.0,522.0,1002.0,1.123,10.454,9.308,0.1139,True,,False,ON,935.0,3.0,4.5
2026-09-23 21:17:47,MLLB_000_y1.0.3,GREEN,v4_green_MLLB_000_y103_0923,3.2,3.209,6,60,16,kaba,True,,430.0,144.0,350.0,572.0,1002.0,1.118,10.462,9.356,0.1119,True,,False,ON,935.0,3.0,4.5
2026-09-23 21:18:05,MLLB_000_y1.0.3,GREEN,v4_green_MLLB_000_y103_0923,3.2,3.209,6,60,20,kaba,True,,394.0,342.0,132.0,608.0,1002.0,1.112,10.462,9.405,0.1152,True,,False,ON,935.0,3.0,4.5
2026-09-23 21:18:24,MLLB_000_y1.0.3,GREEN,v4_green_MLLB_000_y103_0923,3.2,3.209,6,60,24,kaba,True,,334.0,180.0,238.0,668.0,1002.0,1.108,10.492,9.466,0.1126,True,,False,ON,935.0,3.0,4.5
2026-09-23 21:18:41,MLLB_000_y1.0.3,GREEN,v4_green_MLLB_000_y103_0923,3.2,3.209,6,60,28,kaba,True,,284.0,146.0,192.0,718.0,1002.0,1.102,10.462,9.498,0.1138,True,,False,ON,935.0,3.0,4.5
2026-09-23 21:18:59,MLLB_000_y1.0.3,GREEN,v4_green_MLLB_000_y103_0923,3.2,3.209,6,60,32,kaba,True,,230.0,132.0,146.0,772.0,1002.0,1.097,10.451,9.526,0.1133,True,,False,ON,935.0,3.0,4.5
2026-09-23 21:19:17,MLLB_000_y1.0.3,GREEN,v4_green_MLLB_000_y103_0923,3.2,3.209,6,60,36,kaba,True,,180.0,148.0,90.0,822.0,1002.0,1.099,10.523,9.572,0.1143,True,,False,ON,935.0,3.0,4.5
2026-09-23 21:19:35,MLLB_000_y1.0.3,GREEN,v4_green_MLLB_000_y103_0923,3.2,3.209,6,60,40,kaba,True,,124.0,210.0,44.0,878.0,1002.0,1.093,10.462,9.569,0.1137,True,,False,ON,935.0,3.0,4.5
2026-09-23 21:19:53,MLLB_000_y1.0.3,GREEN,v4_green_MLLB_000_y103_0923,3.2,3.209,6,60,44,kaba,True,,58.0,120.0,34.0,944.0,1002.0,1.095,10.492,9.583,0.1125,True,,True,,935.0,3.0,4.5
2026-09-23 21:20:12,MLLB_000_y1.0.3,GREEN,v4_green_MLLB_000_y103_0923,3.2,3.209,6,60,48,kaba,True,,38.0,8.0,34.0,964.0,1002.0,8.009,76.653,9.571,0.1144,True,,False,FLAS,935.0,3.0,4.5
2026-09-23 21:20:30,MLLB_000_y1.0.3,GREEN,v4_green_MLLB_000_y103_0923,3.2,3.209,6,60,41,ince,True,,116.0,148.0,40.0,886.0,1002.0,1.097,10.462,9.537,0.1129,True,,False,ON,935.0,3.0,4.5
2026-09-23 21:20:47,MLLB_000_y1.0.3,GREEN,v4_green_MLLB_000_y103_0923,3.2,3.209,6,60,42,ince,True,,100.0,104.0,38.0,902.0,1002.0,1.098,10.508,9.574,0.1113,True,,False,ON,935.0,3.0,4.5
2026-09-23 21:21:05,MLLB_000_y1.0.3,GREEN,v4_green_MLLB_000_y103_0923,3.2,3.209,6,60,43,ince,True,,80.0,96.0,34.0,922.0,1002.0,1.095,10.477,9.572,0.1115,True,,False,ON,935.0,3.0,4.5
2026-09-23 21:21:23,MLLB_000_y1.0.3,GREEN,v4_green_MLLB_000_y103_0923,3.2,3.209,6,60,45,ince,True,,52.0,28.0,34.0,950.0,1002.0,1.096,10.462,9.55,0.1105,True,,True,,935.0,3.0,4.5
2026-09-23 21:21:42,MLLB_000_y1.0.3,GREEN,v4_green_MLLB_000_y103_0923,3.2,3.209,6,60,46,ince,True,,48.0,20.0,34.0,954.0,1002.0,2.234,21.329,9.547,0.1114,True,,True,,935.0,3.0,4.5
2026-09-23 21:21:59,MLLB_000_y1.0.3,GREEN,v4_green_MLLB_000_y103_0923,3.2,3.209,6,60,47,ince,True,,40.0,14.0,34.0,962.0,1002.0,3.971,37.885,9.541,0.1108,True,,False,FLAS,935.0,3.0,4.5
2026-09-23 21:22:00,MLLB_000_y1.0.3,GREEN,v4_green_MLLB_000_y103_0923,3.2,3.209,6,60,,bitti,False,,,,,,,,,,,,,,,935.0,3.0,4.5
2026-09-23 21:22:25,MLLB_000_y1.0.3,GREEN,v4_green_MLLB_000_y103_0923,3.2,3.209,7,100,12,kaba,True,,328.0,110.0,264.0,674.0,1002.0,1.105,12.903,11.676,0.1341,True,,False,ON,935.0,3.0,4.5
2026-09-23 21:22:44,MLLB_000_y1.0.3,GREEN,v4_green_MLLB_000_y103_0923,3.2,3.209,7,100,16,kaba,True,,270.0,158.0,186.0,732.0,1002.0,1.102,12.94,11.738,0.1359,True,,False,ON,935.0,3.0,4.5
2026-09-23 21:22:58,MLLB_000_y1.0.3,GREEN,v4_green_MLLB_000_y103_0923,3.2,3.209,7,100,20,kaba,True,,190.0,156.0,118.0,812.0,1002.0,1.104,12.995,11.771,0.1322,True,,False,ON,935.0,3.0,4.5
2026-09-23 21:23:15,MLLB_000_y1.0.3,GREEN,v4_green_MLLB_000_y103_0923,3.2,3.209,7,100,24,kaba,True,,122.0,158.0,46.0,880.0,1002.0,1.09,12.903,11.835,0.1304,True,,False,ON,935.0,3.0,4.5
2026-09-23 21:23:34,MLLB_000_y1.0.3,GREEN,v4_green_MLLB_000_y103_0923,3.2,3.209,7,100,28,kaba,True,,42.0,96.0,18.0,960.0,1002.0,1.088,12.869,11.826,0.1314,True,,True,,935.0,3.0,4.5
2026-09-23 21:23:51,MLLB_000_y1.0.3,GREEN,v4_green_MLLB_000_y103_0923,3.2,3.209,7,100,32,kaba,True,,20.0,6.0,18.0,982.0,1002.0,11.07,130.862,11.822,0.1318,True,,False,FLAS,935.0,3.0,4.5
2026-09-23 21:24:09,MLLB_000_y1.0.3,GREEN,v4_green_MLLB_000_y103_0923,3.2,3.209,7,100,25,ince,True,,106.0,156.0,34.0,896.0,1002.0,1.097,12.995,11.844,0.1333,True,,False,ON,935.0,3.0,4.5
2026-09-23 21:24:24,MLLB_000_y1.0.3,GREEN,v4_green_MLLB_000_y103_0923,3.2,3.209,7,100,26,ince,True,,86.0,136.0,22.0,916.0,1002.0,1.094,12.903,11.795,0.1314,True,,False,ON,935.0,3.0,4.5
2026-09-23 21:24:41,MLLB_000_y1.0.3,GREEN,v4_green_MLLB_000_y103_0923,3.2,3.209,7,100,27,ince,True,,62.0,108.0,22.0,940.0,1002.0,1.091,12.903,11.825,0.1322,True,,True,,935.0,3.0,4.5
2026-09-23 21:24:59,MLLB_000_y1.0.3,GREEN,v4_green_MLLB_000_y103_0923,3.2,3.209,7,100,29,ince,True,,34.0,28.0,18.0,968.0,1002.0,2.239,26.507,11.839,0.1314,True,,True,,935.0,3.0,4.5
2026-09-23 21:25:17,MLLB_000_y1.0.3,GREEN,v4_green_MLLB_000_y103_0923,3.2,3.209,7,100,30,ince,True,,24.0,12.0,18.0,978.0,1002.0,6.997,82.779,11.831,0.1342,True,,False,FLAS,935.0,3.0,4.5
2026-09-23 21:25:35,MLLB_000_y1.0.3,GREEN,v4_green_MLLB_000_y103_0923,3.2,3.209,7,100,31,ince,True,,20.0,10.0,14.0,982.0,1002.0,9.227,108.968,11.81,0.1329,True,,False,FLAS,935.0,3.0,4.5
2026-09-23 21:25:36,MLLB_000_y1.0.3,GREEN,v4_green_MLLB_000_y103_0923,3.2,3.209,7,100,,bitti,False,,,,,,,,,,,,,,,935.0,3.0,4.5
2026-09-23 21:25:53,MLLB_000_y1.0.3,GREEN,v4_green_MLLB_000_y103_0923,3.2,3.209,7,80,12,kaba,True,,366.0,140.0,286.0,636.0,1002.0,1.104,12.841,11.633,0.1336,True,,False,ON,935.0,3.0,4.5
2026-09-23 21:26:11,MLLB_000_y1.0.3,GREEN,v4_green_MLLB_000_y103_0923,3.2,3.209,7,80,16,kaba,True,,306.0,172.0,242.0,696.0,1002.0,1.111,12.995,11.698,0.1372,True,,False,ON,935.0,3.0,4.5
2026-09-23 21:26:29,MLLB_000_y1.0.3,GREEN,v4_green_MLLB_000_y103_0923,3.2,3.209,7,80,20,kaba,True,,258.0,128.0,190.0,744.0,1002.0,1.097,12.856,11.72,0.1362,True,,False,ON,935.0,3.0,4.5
2026-09-23 21:26:48,MLLB_000_y1.0.3,GREEN,v4_green_MLLB_000_y103_0923,3.2,3.209,7,80,24,kaba,True,,192.0,138.0,118.0,810.0,1002.0,1.097,12.918,11.771,0.135,True,,False,ON,935.0,3.0,4.5
2026-09-23 21:27:02,MLLB_000_y1.0.3,GREEN,v4_green_MLLB_000_y103_0923,3.2,3.209,7,80,28,kaba,True,,142.0,162.0,56.0,860.0,1002.0,1.091,12.903,11.827,0.1334,True,,False,ON,935.0,3.0,4.5
2026-09-23 21:27:19,MLLB_000_y1.0.3,GREEN,v4_green_MLLB_000_y103_0923,3.2,3.209,7,80,32,kaba,True,,76.0,134.0,26.0,926.0,1002.0,1.09,12.903,11.832,0.1344,True,,False,ON,935.0,3.0,4.5
2026-09-23 21:27:38,MLLB_000_y1.0.3,GREEN,v4_green_MLLB_000_y103_0923,3.2,3.209,7,80,36,kaba,True,,28.0,14.0,22.0,974.0,1002.0,4.809,56.83,11.817,0.1333,True,,False,FLAS,935.0,3.0,4.5
2026-09-23 21:27:55,MLLB_000_y1.0.3,GREEN,v4_green_MLLB_000_y103_0923,3.2,3.209,7,80,40,kaba,True,,28.0,6.0,22.0,974.0,1002.0,11.314,133.888,11.833,0.1358,True,,False,FLAS,935.0,3.0,4.5
2026-09-23 21:28:13,MLLB_000_y1.0.3,GREEN,v4_green_MLLB_000_y103_0923,3.2,3.209,7,80,33,ince,True,,62.0,116.0,24.0,940.0,1002.0,1.097,12.995,11.846,0.1335,True,,True,,935.0,3.0,4.5
2026-09-23 21:28:28,MLLB_000_y1.0.3,GREEN,v4_green_MLLB_000_y103_0923,3.2,3.209,7,80,34,ince,True,,46.0,128.0,22.0,956.0,1002.0,1.098,12.987,11.827,0.1357,True,,True,,935.0,3.0,4.5
2026-09-23 21:28:45,MLLB_000_y1.0.3,GREEN,v4_green_MLLB_000_y103_0923,3.2,3.209,7,80,35,ince,True,,38.0,24.0,22.0,964.0,1002.0,2.14,25.33,11.837,0.1335,True,,True,,935.0,3.0,4.5
2026-09-23 21:28:46,MLLB_000_y1.0.3,GREEN,v4_green_MLLB_000_y103_0923,3.2,3.209,7,80,,bitti,False,,,,,,,,,,,,,,,935.0,3.0,4.5
2026-09-23 21:29:03,MLLB_000_y1.0.3,GREEN,v4_green_MLLB_000_y103_0923,3.2,3.209,7,60,12,kaba,True,,396.0,120.0,322.0,606.0,1002.0,1.111,12.856,11.575,0.135,True,,False,ON,935.0,3.0,4.5
2026-09-23 21:29:18,MLLB_000_y1.0.3,GREEN,v4_green_MLLB_000_y103_0923,3.2,3.209,7,60,16,kaba,True,,360.0,126.0,288.0,642.0,1002.0,1.117,12.99,11.63,0.1339,True,,False,ON,935.0,3.0,4.5
2026-09-23 21:29:35,MLLB_000_y1.0.3,GREEN,v4_green_MLLB_000_y103_0923,3.2,3.209,7,60,20,kaba,True,,318.0,170.0,240.0,684.0,1002.0,1.112,12.995,11.681,0.1353,True,,False,ON,935.0,3.0,4.5
2026-09-23 21:29:50,MLLB_000_y1.0.3,GREEN,v4_green_MLLB_000_y103_0923,3.2,3.209,7,60,24,kaba,True,,282.0,142.0,208.0,720.0,1002.0,1.112,12.995,11.682,0.1352,True,,False,ON,935.0,3.0,4.5
2026-09-23 21:30:07,MLLB_000_y1.0.3,GREEN,v4_green_MLLB_000_y103_0923,3.2,3.209,7,60,28,kaba,True,,242.0,146.0,162.0,760.0,1002.0,1.098,12.903,11.749,0.1349,True,,False,ON,935.0,3.0,4.5
2026-09-23 21:30:22,MLLB_000_y1.0.3,GREEN,v4_green_MLLB_000_y103_0923,3.2,3.209,7,60,32,kaba,True,,202.0,152.0,124.0,800.0,1002.0,1.097,12.903,11.765,0.1361,True,,False,ON,935.0,3.0,4.5
2026-09-23 21:30:39,MLLB_000_y1.0.3,GREEN,v4_green_MLLB_000_y103_0923,3.2,3.209,7,60,36,kaba,True,,158.0,180.0,78.0,844.0,1002.0,1.1,12.995,11.815,0.1365,True,,False,ON,935.0,3.0,4.5
2026-09-23 21:30:57,MLLB_000_y1.0.3,GREEN,v4_green_MLLB_000_y103_0923,3.2,3.209,7,60,40,kaba,True,,114.0,128.0,50.0,888.0,1002.0,1.092,12.903,11.82,0.1346,True,,False,ON,935.0,3.0,4.5
2026-09-23 21:31:15,MLLB_000_y1.0.3,GREEN,v4_green_MLLB_000_y103_0923,3.2,3.209,7,60,44,kaba,True,,58.0,88.0,34.0,944.0,1002.0,1.093,12.903,11.808,0.134,True,,True,,935.0,3.0,4.5
2026-09-23 21:31:33,MLLB_000_y1.0.3,GREEN,v4_green_MLLB_000_y103_0923,3.2,3.209,7,60,48,kaba,True,,40.0,10.0,34.0,962.0,1002.0,6.484,76.653,11.823,0.1327,True,,False,FLAS,935.0,3.0,4.5
2026-09-23 21:31:52,MLLB_000_y1.0.3,GREEN,v4_green_MLLB_000_y103_0923,3.2,3.209,7,60,41,ince,True,,108.0,130.0,42.0,894.0,1002.0,1.093,12.93,11.834,0.1356,True,,False,ON,935.0,3.0,4.5
2026-09-23 21:32:10,MLLB_000_y1.0.3,GREEN,v4_green_MLLB_000_y103_0923,3.2,3.209,7,60,42,ince,True,,94.0,122.0,34.0,908.0,1002.0,1.097,12.995,11.851,0.1347,True,,False,ON,935.0,3.0,4.5
2026-09-23 21:32:24,MLLB_000_y1.0.3,GREEN,v4_green_MLLB_000_y103_0923,3.2,3.209,7,60,43,ince,True,,82.0,112.0,34.0,920.0,1002.0,1.092,12.903,11.812,0.1361,True,,False,ON,935.0,3.0,4.5
2026-09-23 21:32:39,MLLB_000_y1.0.3,GREEN,v4_green_MLLB_000_y103_0923,3.2,3.209,7,60,45,ince,True,,54.0,68.0,34.0,948.0,1002.0,1.096,12.949,11.812,0.1351,True,,True,,935.0,3.0,4.5
2026-09-23 21:32:57,MLLB_000_y1.0.3,GREEN,v4_green_MLLB_000_y103_0923,3.2,3.209,7,60,46,ince,True,,50.0,30.0,30.0,952.0,1002.0,1.704,20.172,11.839,0.1346,True,,True,,935.0,3.0,4.5
2026-09-23 21:33:16,MLLB_000_y1.0.3,GREEN,v4_green_MLLB_000_y103_0923,3.2,3.209,7,60,47,ince,True,,44.0,18.0,34.0,958.0,1002.0,3.214,38.046,11.836,0.1344,True,,False,FLAS,935.0,3.0,4.5
2026-09-23 21:33:16,MLLB_000_y1.0.3,GREEN,v4_green_MLLB_000_y103_0923,3.2,3.209,7,60,,bitti,False,,,,,,,,,,,,,,,935.0,3.0,4.5
2026-09-23 21:33:41,MLLB_000_y1.0.3,GREEN,v4_green_MLLB_000_y103_0923,3.2,3.209,8,100,12,kaba,True,,282.0,104.0,222.0,720.0,1002.0,1.106,16.14,14.598,0.1575,True,,False,ON,935.0,3.0,4.5
2026-09-23 21:33:59,MLLB_000_y1.0.3,GREEN,v4_green_MLLB_000_y103_0923,3.2,3.209,8,100,16,kaba,True,,230.0,112.0,166.0,772.0,1002.0,1.124,16.019,14.247,0.1589,True,,False,ON,935.0,3.0,4.5
2026-09-23 21:34:18,MLLB_000_y1.0.3,GREEN,v4_green_MLLB_000_y103_0923,3.2,3.209,8,100,20,kaba,True,,170.0,112.0,110.0,832.0,1002.0,1.12,16.016,14.297,0.1569,True,,False,ON,935.0,3.0,4.5
2026-09-23 21:34:36,MLLB_000_y1.0.3,GREEN,v4_green_MLLB_000_y103_0923,3.2,3.209,8,100,24,kaba,True,,110.0,120.0,50.0,892.0,1002.0,1.116,15.985,14.329,0.1566,True,,False,ON,935.0,3.0,4.5
2026-09-23 21:34:54,MLLB_000_y1.0.3,GREEN,v4_green_MLLB_000_y103_0923,3.2,3.209,8,100,28,kaba,True,,50.0,100.0,14.0,952.0,1002.0,1.126,16.127,14.319,0.1556,True,,True,,935.0,3.0,4.5
2026-09-23 21:35:08,MLLB_000_y1.0.3,GREEN,v4_green_MLLB_000_y103_0923,3.2,3.209,8,100,32,kaba,True,,22.0,6.0,18.0,980.0,1002.0,9.252,132.19,14.287,0.1575,True,,False,FLAS,935.0,3.0,4.5
2026-09-23 21:35:25,MLLB_000_y1.0.3,GREEN,v4_green_MLLB_000_y103_0923,3.2,3.209,8,100,25,ince,True,,98.0,128.0,34.0,904.0,1002.0,1.116,15.985,14.319,0.1563,True,,False,ON,935.0,3.0,4.5
2026-09-23 21:35:44,MLLB_000_y1.0.3,GREEN,v4_green_MLLB_000_y103_0923,3.2,3.209,8,100,26,ince,True,,86.0,110.0,24.0,916.0,1002.0,1.119,16.033,14.328,0.1557,True,,False,ON,935.0,3.0,4.5
2026-09-23 21:36:01,MLLB_000_y1.0.3,GREEN,v4_green_MLLB_000_y103_0923,3.2,3.209,8,100,27,ince,True,,70.0,106.0,8.0,932.0,1002.0,1.118,16.033,14.336,0.1572,True,,False,ON,935.0,3.0,4.5
2026-09-23 21:36:19,MLLB_000_y1.0.3,GREEN,v4_green_MLLB_000_y103_0923,3.2,3.209,8,100,29,ince,True,,36.0,26.0,18.0,966.0,1002.0,1.842,26.378,14.323,0.1574,True,,True,,935.0,3.0,4.5
2026-09-23 21:36:37,MLLB_000_y1.0.3,GREEN,v4_green_MLLB_000_y103_0923,3.2,3.209,8,100,30,ince,True,,26.0,16.0,18.0,976.0,1002.0,5.773,82.751,14.333,0.1559,True,,False,FLAS,935.0,3.0,4.5
2026-09-23 21:36:55,MLLB_000_y1.0.3,GREEN,v4_green_MLLB_000_y103_0923,3.2,3.209,8,100,31,ince,True,,22.0,8.0,18.0,980.0,1002.0,7.66,109.721,14.324,0.1591,True,,False,FLAS,935.0,3.0,4.5
2026-09-23 21:36:56,MLLB_000_y1.0.3,GREEN,v4_green_MLLB_000_y103_0923,3.2,3.209,8,100,,bitti,False,,,,,,,,,,,,,,,935.0,3.0,4.5
2026-09-23 21:37:13,MLLB_000_y1.0.3,GREEN,v4_green_MLLB_000_y103_0923,3.2,3.209,8,80,12,kaba,True,,310.0,96.0,248.0,692.0,1002.0,1.131,15.985,14.136,0.1554,True,,False,ON,935.0,3.0,4.5
2026-09-23 21:37:31,MLLB_000_y1.0.3,GREEN,v4_green_MLLB_000_y103_0923,3.2,3.209,8,80,16,kaba,True,,270.0,104.0,206.0,732.0,1002.0,1.131,16.033,14.175,0.1567,True,,False,ON,935.0,3.0,4.5
2026-09-23 21:37:50,MLLB_000_y1.0.3,GREEN,v4_green_MLLB_000_y103_0923,3.2,3.209,8,80,20,kaba,True,,218.0,104.0,154.0,784.0,1002.0,1.122,15.938,14.2,0.1567,True,,False,ON,935.0,3.0,4.5
2026-09-23 21:38:04,MLLB_000_y1.0.3,GREEN,v4_green_MLLB_000_y103_0923,3.2,3.209,8,80,24,kaba,True,,174.0,128.0,106.0,828.0,1002.0,1.126,16.073,14.275,0.1556,True,,False,ON,935.0,3.0,4.5
2026-09-23 21:38:19,MLLB_000_y1.0.3,GREEN,v4_green_MLLB_000_y103_0923,3.2,3.209,8,80,28,kaba,True,,134.0,126.0,62.0,868.0,1002.0,1.117,16.001,14.33,0.1551,True,,False,ON,935.0,3.0,4.5
2026-09-23 21:38:38,MLLB_000_y1.0.3,GREEN,v4_green_MLLB_000_y103_0923,3.2,3.209,8,80,32,kaba,True,,80.0,86.0,30.0,922.0,1002.0,1.121,16.036,14.303,0.1569,True,,False,ON,935.0,3.0,4.5
2026-09-23 21:38:55,MLLB_000_y1.0.3,GREEN,v4_green_MLLB_000_y103_0923,3.2,3.209,8,80,36,kaba,True,,32.0,18.0,22.0,970.0,1002.0,3.933,56.387,14.338,0.1586,True,,False,FLAS,935.0,3.0,4.5
2026-09-23 21:39:13,MLLB_000_y1.0.3,GREEN,v4_green_MLLB_000_y103_0923,3.2,3.209,8,80,40,kaba,True,,28.0,8.0,22.0,974.0,1002.0,9.427,134.938,14.313,0.1594,True,,False,FLAS,935.0,3.0,4.5
2026-09-23 21:39:32,MLLB_000_y1.0.3,GREEN,v4_green_MLLB_000_y103_0923,3.2,3.209,8,80,33,ince,True,,62.0,116.0,26.0,940.0,1002.0,1.117,15.985,14.312,0.162,True,,True,,935.0,3.0,4.5
2026-09-23 21:39:50,MLLB_000_y1.0.3,GREEN,v4_green_MLLB_000_y103_0923,3.2,3.209,8,80,34,ince,True,,50.0,134.0,24.0,952.0,1002.0,1.124,16.08,14.308,0.1612,True,,True,,935.0,3.0,4.5
2026-09-23 21:40:07,MLLB_000_y1.0.3,GREEN,v4_green_MLLB_000_y103_0923,3.2,3.209,8,80,35,ince,True,,40.0,28.0,22.0,962.0,1002.0,1.755,25.133,14.318,0.1588,True,,True,,935.0,3.0,4.5
2026-09-23 21:40:08,MLLB_000_y1.0.3,GREEN,v4_green_MLLB_000_y103_0923,3.2,3.209,8,80,,bitti,False,,,,,,,,,,,,,,,935.0,3.0,4.5
2026-09-23 21:40:25,MLLB_000_y1.0.3,GREEN,v4_green_MLLB_000_y103_0923,3.2,3.209,8,60,12,kaba,True,,350.0,108.0,280.0,652.0,1002.0,1.131,15.946,14.094,0.159,True,,False,ON,935.0,3.0,4.5
2026-09-23 21:40:43,MLLB_000_y1.0.3,GREEN,v4_green_MLLB_000_y103_0923,3.2,3.209,8,60,16,kaba,True,,310.0,112.0,236.0,692.0,1002.0,1.132,15.985,14.123,0.1573,True,,False,ON,935.0,3.0,4.5
2026-09-23 21:41:02,MLLB_000_y1.0.3,GREEN,v4_green_MLLB_000_y103_0923,3.2,3.209,8,60,20,kaba,True,,278.0,108.0,214.0,724.0,1002.0,1.132,16.033,14.168,0.1603,True,,False,ON,935.0,3.0,4.5
2026-09-23 21:41:19,MLLB_000_y1.0.3,GREEN,v4_green_MLLB_000_y103_0923,3.2,3.209,8,60,24,kaba,True,,250.0,122.0,178.0,752.0,1002.0,1.128,16.033,14.213,0.1611,True,,False,ON,935.0,3.0,4.5
2026-09-23 21:41:37,MLLB_000_y1.0.3,GREEN,v4_green_MLLB_000_y103_0923,3.2,3.209,8,60,28,kaba,True,,214.0,108.0,146.0,788.0,1002.0,1.124,16.013,14.248,0.1599,True,,False,ON,935.0,3.0,4.5
2026-09-23 21:41:55,MLLB_000_y1.0.3,GREEN,v4_green_MLLB_000_y103_0923,3.2,3.209,8,60,32,kaba,True,,186.0,118.0,110.0,816.0,1002.0,1.12,15.985,14.274,0.1601,True,,False,ON,935.0,3.0,4.5
2026-09-23 21:42:14,MLLB_000_y1.0.3,GREEN,v4_green_MLLB_000_y103_0923,3.2,3.209,8,60,36,kaba,True,,150.0,136.0,70.0,852.0,1002.0,1.115,15.938,14.295,0.1604,True,,False,ON,935.0,3.0,4.5
2026-09-23 21:42:32,MLLB_000_y1.0.3,GREEN,v4_green_MLLB_000_y103_0923,3.2,3.209,8,60,40,kaba,True,,114.0,112.0,46.0,888.0,1002.0,1.112,15.931,14.329,0.1599,True,,False,ON,935.0,3.0,4.5
2026-09-23 21:42:50,MLLB_000_y1.0.3,GREEN,v4_green_MLLB_000_y103_0923,3.2,3.209,8,60,44,kaba,True,,74.0,80.0,34.0,928.0,1002.0,1.118,15.985,14.298,0.1575,True,,False,ON,935.0,3.0,4.5
2026-09-23 21:43:08,MLLB_000_y1.0.3,GREEN,v4_green_MLLB_000_y103_0923,3.2,3.209,8,60,48,kaba,True,,40.0,14.0,34.0,962.0,1002.0,5.353,76.653,14.32,0.1578,True,,False,FLAS,935.0,3.0,4.5
2026-09-23 21:43:26,MLLB_000_y1.0.3,GREEN,v4_green_MLLB_000_y103_0923,3.2,3.209,8,60,50,kaba,True,,40.0,10.0,34.0,962.0,1002.0,7.097,101.437,14.293,0.1605,True,,False,FLAS,935.0,3.0,4.5
2026-09-23 21:43:44,MLLB_000_y1.0.3,GREEN,v4_green_MLLB_000_y103_0923,3.2,3.209,8,60,45,ince,True,,62.0,108.0,34.0,940.0,1002.0,1.124,16.08,14.304,0.1595,True,,True,,935.0,3.0,4.5
2026-09-23 21:44:02,MLLB_000_y1.0.3,GREEN,v4_green_MLLB_000_y103_0923,3.2,3.209,8,60,46,ince,True,,52.0,34.0,34.0,950.0,1002.0,1.396,19.968,14.305,0.1621,True,,True,,935.0,3.0,4.5
2026-09-23 21:44:20,MLLB_000_y1.0.3,GREEN,v4_green_MLLB_000_y103_0923,3.2,3.209,8,60,47,ince,True,,46.0,22.0,34.0,956.0,1002.0,2.621,37.474,14.3,0.1603,True,,True,,935.0,3.0,4.5
2026-09-23 21:44:20,MLLB_000_y1.0.3,GREEN,v4_green_MLLB_000_y103_0923,3.2,3.209,8,60,,bitti,False,,,,,,,,,,,,,,,935.0,3.0,4.5
2026-09-23 21:44:46,MLLB_000_y1.0.3,GREEN,v4_green_MLLB_000_y103_0923,3.2,3.209,10,100,12,kaba,True,,218.0,70.0,170.0,784.0,1002.0,1.105,20.798,18.814,0.2016,True,,False,ON,935.0,3.0,4.5
2026-09-23 21:45:04,MLLB_000_y1.0.3,GREEN,v4_green_MLLB_000_y103_0923,3.2,3.209,10,100,16,kaba,True,,178.0,76.0,126.0,824.0,1002.0,1.105,20.846,18.871,0.2002,True,,False,ON,935.0,3.0,4.5
2026-09-23 21:45:21,MLLB_000_y1.0.3,GREEN,v4_green_MLLB_000_y103_0923,3.2,3.209,10,100,20,kaba,True,,134.0,68.0,90.0,868.0,1002.0,1.097,20.757,18.928,0.1991,True,,False,ON,935.0,3.0,4.5
2026-09-23 21:45:39,MLLB_000_y1.0.3,GREEN,v4_green_MLLB_000_y103_0923,3.2,3.209,10,100,24,kaba,True,,94.0,70.0,44.0,908.0,1002.0,1.097,20.798,18.963,0.1992,True,,False,ON,935.0,3.0,4.5
2026-09-23 21:45:58,MLLB_000_y1.0.3,GREEN,v4_green_MLLB_000_y103_0923,3.2,3.209,10,100,28,kaba,True,,46.0,46.0,20.0,956.0,1002.0,1.103,20.942,18.984,0.2019,True,,True,,935.0,3.0,4.5
2026-09-23 21:46:16,MLLB_000_y1.0.3,GREEN,v4_green_MLLB_000_y103_0923,3.2,3.209,10,100,32,kaba,True,,24.0,10.0,18.0,978.0,1002.0,6.942,131.618,18.961,0.2017,True,,False,FLAS,935.0,3.0,4.5
2026-09-23 21:46:33,MLLB_000_y1.0.3,GREEN,v4_green_MLLB_000_y103_0923,3.2,3.209,10,100,25,ince,True,,82.0,88.0,34.0,920.0,1002.0,1.1,20.847,18.944,0.2003,True,,False,ON,935.0,3.0,4.5
2026-09-23 21:46:52,MLLB_000_y1.0.3,GREEN,v4_green_MLLB_000_y103_0923,3.2,3.209,10,100,26,ince,True,,74.0,84.0,26.0,928.0,1002.0,1.1,20.846,18.956,0.2013,True,,False,ON,935.0,3.0,4.5
2026-09-23 21:47:10,MLLB_000_y1.0.3,GREEN,v4_green_MLLB_000_y103_0923,3.2,3.209,10,100,27,ince,True,,62.0,80.0,22.0,940.0,1002.0,1.094,20.754,18.975,0.2032,True,,True,,935.0,3.0,4.5
2026-09-23 21:47:27,MLLB_000_y1.0.3,GREEN,v4_green_MLLB_000_y103_0923,3.2,3.209,10,100,29,ince,True,,38.0,30.0,18.0,964.0,1002.0,1.386,26.264,18.949,0.1995,True,,True,,935.0,3.0,4.5
2026-09-23 21:47:45,MLLB_000_y1.0.3,GREEN,v4_green_MLLB_000_y103_0923,3.2,3.209,10,100,30,ince,True,,28.0,20.0,18.0,974.0,1002.0,4.401,83.402,18.95,0.1966,True,,False,FLAS,935.0,3.0,4.5
2026-09-23 21:48:04,MLLB_000_y1.0.3,GREEN,v4_green_MLLB_000_y103_0923,3.2,3.209,10,100,31,ince,True,,24.0,14.0,18.0,978.0,1002.0,5.713,108.252,18.947,0.1981,True,,False,FLAS,935.0,3.0,4.5
2026-09-23 21:48:04,MLLB_000_y1.0.3,GREEN,v4_green_MLLB_000_y103_0923,3.2,3.209,10,100,,bitti,False,,,,,,,,,,,,,,,935.0,3.0,4.5
2026-09-23 21:48:21,MLLB_000_y1.0.3,GREEN,v4_green_MLLB_000_y103_0923,3.2,3.209,10,80,12,kaba,True,,246.0,76.0,194.0,756.0,1002.0,1.116,20.942,18.766,0.2009,True,,False,ON,935.0,3.0,4.5
2026-09-23 21:48:39,MLLB_000_y1.0.3,GREEN,v4_green_MLLB_000_y103_0923,3.2,3.209,10,80,16,kaba,True,,214.0,76.0,158.0,788.0,1002.0,1.11,20.894,18.82,0.2025,True,,False,ON,935.0,3.0,4.5
2026-09-23 21:48:58,MLLB_000_y1.0.3,GREEN,v4_green_MLLB_000_y103_0923,3.2,3.209,10,80,20,kaba,True,,174.0,66.0,126.0,828.0,1002.0,1.105,20.872,18.887,0.1965,True,,False,ON,935.0,3.0,4.5
2026-09-23 21:49:12,MLLB_000_y1.0.3,GREEN,v4_green_MLLB_000_y103_0923,3.2,3.209,10,80,24,kaba,True,,142.0,78.0,94.0,860.0,1002.0,1.114,21.069,18.92,0.1967,True,,False,ON,935.0,3.0,4.5
2026-09-23 21:49:30,MLLB_000_y1.0.3,GREEN,v4_green_MLLB_000_y103_0923,3.2,3.209,10,80,28,kaba,True,,110.0,88.0,60.0,892.0,1002.0,1.095,20.749,18.949,0.201,True,,False,ON,935.0,3.0,4.5
2026-09-23 21:49:44,MLLB_000_y1.0.3,GREEN,v4_green_MLLB_000_y103_0923,3.2,3.209,10,80,32,kaba,True,,74.0,68.0,26.0,928.0,1002.0,1.103,20.859,18.909,0.1978,True,,False,ON,935.0,3.0,4.5
2026-09-23 21:49:59,MLLB_000_y1.0.3,GREEN,v4_green_MLLB_000_y103_0923,3.2,3.209,10,80,36,kaba,True,,34.0,20.0,22.0,968.0,1002.0,2.975,56.341,18.937,0.1967,True,,True,,935.0,3.0,4.5
2026-09-23 21:50:17,MLLB_000_y1.0.3,GREEN,v4_green_MLLB_000_y103_0923,3.2,3.209,10,80,40,kaba,True,,28.0,10.0,22.0,974.0,1002.0,7.233,136.916,18.93,0.2,True,,False,FLAS,935.0,3.0,4.5
2026-09-23 21:50:36,MLLB_000_y1.0.3,GREEN,v4_green_MLLB_000_y103_0923,3.2,3.209,10,80,33,ince,True,,64.0,114.0,26.0,938.0,1002.0,1.097,20.798,18.954,0.1994,True,,True,,935.0,3.0,4.5
2026-09-23 21:50:53,MLLB_000_y1.0.3,GREEN,v4_green_MLLB_000_y103_0923,3.2,3.209,10,80,34,ince,True,,50.0,60.0,24.0,952.0,1002.0,1.101,20.853,18.943,0.1966,True,,True,,935.0,3.0,4.5
2026-09-23 21:51:08,MLLB_000_y1.0.3,GREEN,v4_green_MLLB_000_y103_0923,3.2,3.209,10,80,35,ince,True,,42.0,56.0,22.0,960.0,1002.0,1.34,25.355,18.921,0.1971,True,,True,,935.0,3.0,4.5
2026-09-23 21:51:23,MLLB_000_y1.0.3,GREEN,v4_green_MLLB_000_y103_0923,3.2,3.209,10,80,37,ince,True,,32.0,18.0,22.0,970.0,1002.0,5.141,97.299,18.925,0.1984,True,,False,FLAS,935.0,3.0,4.5
2026-09-23 21:51:41,MLLB_000_y1.0.3,GREEN,v4_green_MLLB_000_y103_0923,3.2,3.209,10,80,38,ince,True,,28.0,12.0,22.0,974.0,1002.0,5.954,112.737,18.935,0.1999,True,,False,FLAS,935.0,3.0,4.5
2026-09-23 21:52:00,MLLB_000_y1.0.3,GREEN,v4_green_MLLB_000_y103_0923,3.2,3.209,10,80,39,ince,True,,28.0,12.0,22.0,974.0,1002.0,6.748,127.837,18.946,0.2004,True,,False,FLAS,935.0,3.0,4.5
2026-09-23 21:52:00,MLLB_000_y1.0.3,GREEN,v4_green_MLLB_000_y103_0923,3.2,3.209,10,80,,bitti,False,,,,,,,,,,,,,,,935.0,3.0,4.5
2026-09-23 21:52:18,MLLB_000_y1.0.3,GREEN,v4_green_MLLB_000_y103_0923,3.2,3.209,10,60,12,kaba,True,,262.0,74.0,212.0,740.0,1002.0,1.11,20.798,18.741,0.2008,True,,False,ON,935.0,3.0,4.5
2026-09-23 21:52:32,MLLB_000_y1.0.3,GREEN,v4_green_MLLB_000_y103_0923,3.2,3.209,10,60,16,kaba,True,,242.0,76.0,190.0,760.0,1002.0,1.106,20.749,18.759,0.2004,True,,False,ON,935.0,3.0,4.5
2026-09-23 21:52:49,MLLB_000_y1.0.3,GREEN,v4_green_MLLB_000_y103_0923,3.2,3.209,10,60,20,kaba,True,,214.0,92.0,170.0,788.0,1002.0,1.111,20.886,18.801,0.2009,True,,False,ON,935.0,3.0,4.5
2026-09-23 21:53:08,MLLB_000_y1.0.3,GREEN,v4_green_MLLB_000_y103_0923,3.2,3.209,10,60,24,kaba,True,,190.0,64.0,146.0,812.0,1002.0,1.114,20.991,18.841,0.2005,True,,False,ON,935.0,3.0,4.5
2026-09-23 21:53:26,MLLB_000_y1.0.3,GREEN,v4_green_MLLB_000_y103_0923,3.2,3.209,10,60,28,kaba,True,,168.0,84.0,118.0,834.0,1002.0,1.106,20.88,18.879,0.2014,True,,False,ON,935.0,3.0,4.5
2026-09-23 21:53:43,MLLB_000_y1.0.3,GREEN,v4_green_MLLB_000_y103_0923,3.2,3.209,10,60,32,kaba,True,,146.0,66.0,98.0,856.0,1002.0,1.1,20.767,18.878,0.2019,True,,False,ON,935.0,3.0,4.5
2026-09-23 21:53:58,MLLB_000_y1.0.3,GREEN,v4_green_MLLB_000_y103_0923,3.2,3.209,10,60,36,kaba,True,,122.0,80.0,66.0,880.0,1002.0,1.098,20.798,18.934,0.2019,True,,False,ON,935.0,3.0,4.5
2026-09-23 21:54:16,MLLB_000_y1.0.3,GREEN,v4_green_MLLB_000_y103_0923,3.2,3.209,10,60,40,kaba,True,,98.0,128.0,46.0,904.0,1002.0,1.098,20.798,18.939,0.1997,True,,False,ON,935.0,3.0,4.5
2026-09-23 21:54:34,MLLB_000_y1.0.3,GREEN,v4_green_MLLB_000_y103_0923,3.2,3.209,10,60,44,kaba,True,,68.0,60.0,34.0,934.0,1002.0,1.102,20.877,18.949,0.2002,True,,False,ON,935.0,3.0,4.5
2026-09-23 21:54:52,MLLB_000_y1.0.3,GREEN,v4_green_MLLB_000_y103_0923,3.2,3.209,10,60,48,kaba,True,,44.0,20.0,34.0,958.0,1002.0,4.059,76.726,18.902,0.201,True,,False,FLAS,935.0,3.0,4.5
2026-09-23 21:55:10,MLLB_000_y1.0.3,GREEN,v4_green_MLLB_000_y103_0923,3.2,3.209,10,60,50,kaba,True,,40.0,12.0,34.0,962.0,1002.0,5.316,100.684,18.941,0.1988,True,,False,FLAS,935.0,3.0,4.5
2026-09-23 21:55:27,MLLB_000_y1.0.3,GREEN,v4_green_MLLB_000_y103_0923,3.2,3.209,10,60,45,ince,True,,58.0,62.0,34.0,944.0,1002.0,1.102,20.868,18.931,0.2008,True,,True,,935.0,3.0,4.5
2026-09-23 21:55:45,MLLB_000_y1.0.3,GREEN,v4_green_MLLB_000_y103_0923,3.2,3.209,10,60,46,ince,True,,56.0,78.0,34.0,946.0,1002.0,1.095,20.749,18.944,0.2001,True,,True,,935.0,3.0,4.5
2026-09-23 21:56:04,MLLB_000_y1.0.3,GREEN,v4_green_MLLB_000_y103_0923,3.2,3.209,10,60,47,ince,True,,50.0,24.0,34.0,952.0,1002.0,1.977,37.37,18.898,0.2022,True,,True,,935.0,3.0,4.5
2026-09-23 21:56:04,MLLB_000_y1.0.3,GREEN,v4_green_MLLB_000_y103_0923,3.2,3.209,10,60,,bitti,False,,,,,,,,,,,,,,,935.0,3.0,4.5
2026-09-23 21:56:30,MLLB_000_y1.0.3,GREEN,v4_green_MLLB_000_y103_0923,3.2,3.209,100,100,12,kaba,True,,38.0,28.0,18.0,964.0,1002.0,1.088,242.323,222.751,0.7776,True,,True,,935.0,3.0,4.5
2026-09-23 21:56:48,MLLB_000_y1.0.3,GREEN,v4_green_MLLB_000_y103_0923,3.2,3.209,100,100,16,kaba,True,,38.0,28.0,18.0,964.0,1002.0,1.088,242.323,222.811,0.7773,True,,True,,935.0,3.0,4.5
2026-09-23 21:57:06,MLLB_000_y1.0.3,GREEN,v4_green_MLLB_000_y103_0923,3.2,3.209,100,100,20,kaba,True,,38.0,28.0,18.0,964.0,1002.0,1.089,242.323,222.618,0.7775,True,,True,,935.0,3.0,4.5
2026-09-23 21:57:23,MLLB_000_y1.0.3,GREEN,v4_green_MLLB_000_y103_0923,3.2,3.209,100,100,24,kaba,True,,38.0,28.0,18.0,964.0,1002.0,1.086,241.805,222.607,0.7773,True,,True,,935.0,3.0,4.5
2026-09-23 21:57:42,MLLB_000_y1.0.3,GREEN,v4_green_MLLB_000_y103_0923,3.2,3.209,100,100,28,kaba,True,,38.0,28.0,18.0,964.0,1002.0,1.086,241.552,222.444,0.7775,True,,True,,935.0,3.0,4.5
2026-09-23 21:57:56,MLLB_000_y1.0.3,GREEN,v4_green_MLLB_000_y103_0923,3.2,3.209,100,100,32,kaba,True,,38.0,28.0,18.0,964.0,1002.0,1.089,242.323,222.466,0.7769,True,,True,,935.0,3.0,4.5
2026-09-23 21:58:14,MLLB_000_y1.0.3,GREEN,v4_green_MLLB_000_y103_0923,3.2,3.209,100,100,36,kaba,True,,38.0,28.0,18.0,964.0,1002.0,1.057,242.428,229.249,0.7778,True,,True,,935.0,3.0,4.5
2026-09-23 21:58:32,MLLB_000_y1.0.3,GREEN,v4_green_MLLB_000_y103_0923,3.2,3.209,100,100,40,kaba,True,,38.0,28.0,18.0,964.0,1002.0,1.086,241.683,222.618,0.7777,True,,True,,935.0,3.0,4.5
2026-09-23 21:58:50,MLLB_000_y1.0.3,GREEN,v4_green_MLLB_000_y103_0923,3.2,3.209,100,100,44,kaba,True,,38.0,28.0,18.0,964.0,1002.0,1.09,242.323,222.358,0.7781,True,,True,,935.0,3.0,4.5
2026-09-23 21:59:07,MLLB_000_y1.0.3,GREEN,v4_green_MLLB_000_y103_0923,3.2,3.209,100,100,48,kaba,True,,38.0,28.0,18.0,964.0,1002.0,1.089,242.323,222.572,0.7771,True,,True,,935.0,3.0,4.5
2026-09-23 21:59:22,MLLB_000_y1.0.3,GREEN,v4_green_MLLB_000_y103_0923,3.2,3.209,100,100,50,kaba,True,,38.0,28.0,18.0,964.0,1002.0,1.094,243.093,222.288,0.7776,True,,True,,935.0,3.0,4.5
2026-09-23 21:59:23,MLLB_000_y1.0.3,GREEN,v4_green_MLLB_000_y103_0923,3.2,3.209,100,100,13,ince,False,iki-OK-arasi-monotonluk,,,,,,,,,,,,True,,935.0,3.0,4.5
2026-09-23 21:59:23,MLLB_000_y1.0.3,GREEN,v4_green_MLLB_000_y103_0923,3.2,3.209,100,100,14,ince,False,iki-OK-arasi-monotonluk,,,,,,,,,,,,True,,935.0,3.0,4.5
2026-09-23 21:59:23,MLLB_000_y1.0.3,GREEN,v4_green_MLLB_000_y103_0923,3.2,3.209,100,100,15,ince,False,iki-OK-arasi-monotonluk,,,,,,,,,,,,True,,935.0,3.0,4.5
2026-09-23 21:59:23,MLLB_000_y1.0.3,GREEN,v4_green_MLLB_000_y103_0923,3.2,3.209,100,100,17,ince,False,iki-OK-arasi-monotonluk,,,,,,,,,,,,True,,935.0,3.0,4.5
2026-09-23 21:59:23,MLLB_000_y1.0.3,GREEN,v4_green_MLLB_000_y103_0923,3.2,3.209,100,100,18,ince,False,iki-OK-arasi-monotonluk,,,,,,,,,,,,True,,935.0,3.0,4.5
2026-09-23 21:59:23,MLLB_000_y1.0.3,GREEN,v4_green_MLLB_000_y103_0923,3.2,3.209,100,100,19,ince,False,iki-OK-arasi-monotonluk,,,,,,,,,,,,True,,935.0,3.0,4.5
2026-09-23 21:59:23,MLLB_000_y1.0.3,GREEN,v4_green_MLLB_000_y103_0923,3.2,3.209,100,100,21,ince,False,iki-OK-arasi-monotonluk,,,,,,,,,,,,True,,935.0,3.0,4.5
2026-09-23 21:59:23,MLLB_000_y1.0.3,GREEN,v4_green_MLLB_000_y103_0923,3.2,3.209,100,100,22,ince,False,iki-OK-arasi-monotonluk,,,,,,,,,,,,True,,935.0,3.0,4.5
2026-09-23 21:59:23,MLLB_000_y1.0.3,GREEN,v4_green_MLLB_000_y103_0923,3.2,3.209,100,100,23,ince,False,iki-OK-arasi-monotonluk,,,,,,,,,,,,True,,935.0,3.0,4.5
2026-09-23 21:59:23,MLLB_000_y1.0.3,GREEN,v4_green_MLLB_000_y103_0923,3.2,3.209,100,100,25,ince,False,iki-OK-arasi-monotonluk,,,,,,,,,,,,True,,935.0,3.0,4.5
2026-09-23 21:59:23,MLLB_000_y1.0.3,GREEN,v4_green_MLLB_000_y103_0923,3.2,3.209,100,100,26,ince,False,iki-OK-arasi-monotonluk,,,,,,,,,,,,True,,935.0,3.0,4.5
2026-09-23 21:59:23,MLLB_000_y1.0.3,GREEN,v4_green_MLLB_000_y103_0923,3.2,3.209,100,100,27,ince,False,iki-OK-arasi-monotonluk,,,,,,,,,,,,True,,935.0,3.0,4.5
2026-09-23 21:59:23,MLLB_000_y1.0.3,GREEN,v4_green_MLLB_000_y103_0923,3.2,3.209,100,100,29,ince,False,iki-OK-arasi-monotonluk,,,,,,,,,,,,True,,935.0,3.0,4.5
2026-09-23 21:59:23,MLLB_000_y1.0.3,GREEN,v4_green_MLLB_000_y103_0923,3.2,3.209,100,100,30,ince,False,iki-OK-arasi-monotonluk,,,,,,,,,,,,True,,935.0,3.0,4.5
2026-09-23 21:59:23,MLLB_000_y1.0.3,GREEN,v4_green_MLLB_000_y103_0923,3.2,3.209,100,100,31,ince,False,iki-OK-arasi-monotonluk,,,,,,,,,,,,True,,935.0,3.0,4.5
2026-09-23 21:59:23,MLLB_000_y1.0.3,GREEN,v4_green_MLLB_000_y103_0923,3.2,3.209,100,100,33,ince,False,iki-OK-arasi-monotonluk,,,,,,,,,,,,True,,935.0,3.0,4.5
2026-09-23 21:59:23,MLLB_000_y1.0.3,GREEN,v4_green_MLLB_000_y103_0923,3.2,3.209,100,100,34,ince,False,iki-OK-arasi-monotonluk,,,,,,,,,,,,True,,935.0,3.0,4.5
2026-09-23 21:59:23,MLLB_000_y1.0.3,GREEN,v4_green_MLLB_000_y103_0923,3.2,3.209,100,100,35,ince,False,iki-OK-arasi-monotonluk,,,,,,,,,,,,True,,935.0,3.0,4.5
2026-09-23 21:59:23,MLLB_000_y1.0.3,GREEN,v4_green_MLLB_000_y103_0923,3.2,3.209,100,100,37,ince,False,iki-OK-arasi-monotonluk,,,,,,,,,,,,True,,935.0,3.0,4.5
2026-09-23 21:59:23,MLLB_000_y1.0.3,GREEN,v4_green_MLLB_000_y103_0923,3.2,3.209,100,100,38,ince,False,iki-OK-arasi-monotonluk,,,,,,,,,,,,True,,935.0,3.0,4.5
2026-09-23 21:59:23,MLLB_000_y1.0.3,GREEN,v4_green_MLLB_000_y103_0923,3.2,3.209,100,100,39,ince,False,iki-OK-arasi-monotonluk,,,,,,,,,,,,True,,935.0,3.0,4.5
2026-09-23 21:59:23,MLLB_000_y1.0.3,GREEN,v4_green_MLLB_000_y103_0923,3.2,3.209,100,100,41,ince,False,iki-OK-arasi-monotonluk,,,,,,,,,,,,True,,935.0,3.0,4.5
2026-09-23 21:59:23,MLLB_000_y1.0.3,GREEN,v4_green_MLLB_000_y103_0923,3.2,3.209,100,100,42,ince,False,iki-OK-arasi-monotonluk,,,,,,,,,,,,True,,935.0,3.0,4.5
2026-09-23 21:59:23,MLLB_000_y1.0.3,GREEN,v4_green_MLLB_000_y103_0923,3.2,3.209,100,100,43,ince,False,iki-OK-arasi-monotonluk,,,,,,,,,,,,True,,935.0,3.0,4.5
2026-09-23 21:59:23,MLLB_000_y1.0.3,GREEN,v4_green_MLLB_000_y103_0923,3.2,3.209,100,100,45,ince,False,iki-OK-arasi-monotonluk,,,,,,,,,,,,True,,935.0,3.0,4.5
2026-09-23 21:59:23,MLLB_000_y1.0.3,GREEN,v4_green_MLLB_000_y103_0923,3.2,3.209,100,100,46,ince,False,iki-OK-arasi-monotonluk,,,,,,,,,,,,True,,935.0,3.0,4.5
2026-09-23 21:59:23,MLLB_000_y1.0.3,GREEN,v4_green_MLLB_000_y103_0923,3.2,3.209,100,100,47,ince,False,iki-OK-arasi-monotonluk,,,,,,,,,,,,True,,935.0,3.0,4.5
2026-09-23 21:59:23,MLLB_000_y1.0.3,GREEN,v4_green_MLLB_000_y103_0923,3.2,3.209,100,100,49,ince,False,iki-OK-arasi-monotonluk,,,,,,,,,,,,True,,935.0,3.0,4.5
2026-09-23 21:59:23,MLLB_000_y1.0.3,GREEN,v4_green_MLLB_000_y103_0923,3.2,3.209,100,100,,bitti,False,,,,,,,,,,,,,,,935.0,3.0,4.5
2026-09-23 21:59:37,MLLB_000_y1.0.3,GREEN,v4_green_MLLB_000_y103_0923,3.2,3.209,100,80,12,kaba,True,,38.0,28.0,18.0,964.0,1002.0,1.088,241.938,222.411,0.7772,True,,True,,935.0,3.0,4.5
2026-09-23 21:59:56,MLLB_000_y1.0.3,GREEN,v4_green_MLLB_000_y103_0923,3.2,3.209,100,80,16,kaba,True,,38.0,28.0,18.0,964.0,1002.0,1.089,242.323,222.51,0.7769,True,,True,,935.0,3.0,4.5
2026-09-23 22:00:14,MLLB_000_y1.0.3,GREEN,v4_green_MLLB_000_y103_0923,3.2,3.209,100,80,20,kaba,True,,38.0,28.0,18.0,964.0,1002.0,1.09,242.323,222.34,0.7769,True,,True,,935.0,3.0,4.5
2026-09-23 22:00:31,MLLB_000_y1.0.3,GREEN,v4_green_MLLB_000_y103_0923,3.2,3.209,100,80,24,kaba,True,,38.0,28.0,18.0,964.0,1002.0,1.086,241.805,222.589,0.7773,True,,True,,935.0,3.0,4.5
2026-09-23 22:00:50,MLLB_000_y1.0.3,GREEN,v4_green_MLLB_000_y103_0923,3.2,3.209,100,80,28,kaba,True,,38.0,28.0,18.0,964.0,1002.0,1.09,242.323,222.286,0.7777,True,,True,,935.0,3.0,4.5
2026-09-23 22:01:08,MLLB_000_y1.0.3,GREEN,v4_green_MLLB_000_y103_0923,3.2,3.209,100,80,32,kaba,True,,38.0,28.0,18.0,964.0,1002.0,1.089,242.323,222.441,0.7774,True,,True,,935.0,3.0,4.5
2026-09-23 22:01:26,MLLB_000_y1.0.3,GREEN,v4_green_MLLB_000_y103_0923,3.2,3.209,100,80,36,kaba,True,,38.0,28.0,18.0,964.0,1002.0,1.089,242.323,222.424,0.7772,True,,True,,935.0,3.0,4.5
2026-09-23 22:01:44,MLLB_000_y1.0.3,GREEN,v4_green_MLLB_000_y103_0923,3.2,3.209,100,80,40,kaba,True,,38.0,28.0,18.0,964.0,1002.0,1.086,241.552,222.405,0.7769,True,,True,,935.0,3.0,4.5
2026-09-23 22:02:01,MLLB_000_y1.0.3,GREEN,v4_green_MLLB_000_y103_0923,3.2,3.209,100,80,44,kaba,True,,38.0,28.0,18.0,964.0,1002.0,1.086,241.552,222.359,0.7775,True,,True,,935.0,3.0,4.5
2026-09-23 22:02:19,MLLB_000_y1.0.3,GREEN,v4_green_MLLB_000_y103_0923,3.2,3.209,100,80,48,kaba,True,,38.0,28.0,18.0,964.0,1002.0,1.086,241.757,222.534,0.7776,True,,True,,935.0,3.0,4.5
2026-09-23 22:02:38,MLLB_000_y1.0.3,GREEN,v4_green_MLLB_000_y103_0923,3.2,3.209,100,80,50,kaba,True,,38.0,28.0,18.0,964.0,1002.0,1.088,241.734,222.246,0.7772,True,,True,,935.0,3.0,4.5
2026-09-23 22:02:38,MLLB_000_y1.0.3,GREEN,v4_green_MLLB_000_y103_0923,3.2,3.209,100,80,13,ince,False,iki-OK-arasi-monotonluk,,,,,,,,,,,,True,,935.0,3.0,4.5
2026-09-23 22:02:38,MLLB_000_y1.0.3,GREEN,v4_green_MLLB_000_y103_0923,3.2,3.209,100,80,14,ince,False,iki-OK-arasi-monotonluk,,,,,,,,,,,,True,,935.0,3.0,4.5
2026-09-23 22:02:38,MLLB_000_y1.0.3,GREEN,v4_green_MLLB_000_y103_0923,3.2,3.209,100,80,15,ince,False,iki-OK-arasi-monotonluk,,,,,,,,,,,,True,,935.0,3.0,4.5
2026-09-23 22:02:38,MLLB_000_y1.0.3,GREEN,v4_green_MLLB_000_y103_0923,3.2,3.209,100,80,17,ince,False,iki-OK-arasi-monotonluk,,,,,,,,,,,,True,,935.0,3.0,4.5
2026-09-23 22:02:38,MLLB_000_y1.0.3,GREEN,v4_green_MLLB_000_y103_0923,3.2,3.209,100,80,18,ince,False,iki-OK-arasi-monotonluk,,,,,,,,,,,,True,,935.0,3.0,4.5
2026-09-23 22:02:38,MLLB_000_y1.0.3,GREEN,v4_green_MLLB_000_y103_0923,3.2,3.209,100,80,19,ince,False,iki-OK-arasi-monotonluk,,,,,,,,,,,,True,,935.0,3.0,4.5
2026-09-23 22:02:38,MLLB_000_y1.0.3,GREEN,v4_green_MLLB_000_y103_0923,3.2,3.209,100,80,21,ince,False,iki-OK-arasi-monotonluk,,,,,,,,,,,,True,,935.0,3.0,4.5
2026-09-23 22:02:38,MLLB_000_y1.0.3,GREEN,v4_green_MLLB_000_y103_0923,3.2,3.209,100,80,22,ince,False,iki-OK-arasi-monotonluk,,,,,,,,,,,,True,,935.0,3.0,4.5
2026-09-23 22:02:38,MLLB_000_y1.0.3,GREEN,v4_green_MLLB_000_y103_0923,3.2,3.209,100,80,23,ince,False,iki-OK-arasi-monotonluk,,,,,,,,,,,,True,,935.0,3.0,4.5
2026-09-23 22:02:38,MLLB_000_y1.0.3,GREEN,v4_green_MLLB_000_y103_0923,3.2,3.209,100,80,25,ince,False,iki-OK-arasi-monotonluk,,,,,,,,,,,,True,,935.0,3.0,4.5
2026-09-23 22:02:38,MLLB_000_y1.0.3,GREEN,v4_green_MLLB_000_y103_0923,3.2,3.209,100,80,26,ince,False,iki-OK-arasi-monotonluk,,,,,,,,,,,,True,,935.0,3.0,4.5
2026-09-23 22:02:38,MLLB_000_y1.0.3,GREEN,v4_green_MLLB_000_y103_0923,3.2,3.209,100,80,27,ince,False,iki-OK-arasi-monotonluk,,,,,,,,,,,,True,,935.0,3.0,4.5
2026-09-23 22:02:38,MLLB_000_y1.0.3,GREEN,v4_green_MLLB_000_y103_0923,3.2,3.209,100,80,29,ince,False,iki-OK-arasi-monotonluk,,,,,,,,,,,,True,,935.0,3.0,4.5
2026-09-23 22:02:38,MLLB_000_y1.0.3,GREEN,v4_green_MLLB_000_y103_0923,3.2,3.209,100,80,30,ince,False,iki-OK-arasi-monotonluk,,,,,,,,,,,,True,,935.0,3.0,4.5
2026-09-23 22:02:38,MLLB_000_y1.0.3,GREEN,v4_green_MLLB_000_y103_0923,3.2,3.209,100,80,31,ince,False,iki-OK-arasi-monotonluk,,,,,,,,,,,,True,,935.0,3.0,4.5
2026-09-23 22:02:38,MLLB_000_y1.0.3,GREEN,v4_green_MLLB_000_y103_0923,3.2,3.209,100,80,33,ince,False,iki-OK-arasi-monotonluk,,,,,,,,,,,,True,,935.0,3.0,4.5
2026-09-23 22:02:38,MLLB_000_y1.0.3,GREEN,v4_green_MLLB_000_y103_0923,3.2,3.209,100,80,34,ince,False,iki-OK-arasi-monotonluk,,,,,,,,,,,,True,,935.0,3.0,4.5
2026-09-23 22:02:38,MLLB_000_y1.0.3,GREEN,v4_green_MLLB_000_y103_0923,3.2,3.209,100,80,35,ince,False,iki-OK-arasi-monotonluk,,,,,,,,,,,,True,,935.0,3.0,4.5
2026-09-23 22:02:38,MLLB_000_y1.0.3,GREEN,v4_green_MLLB_000_y103_0923,3.2,3.209,100,80,37,ince,False,iki-OK-arasi-monotonluk,,,,,,,,,,,,True,,935.0,3.0,4.5
2026-09-23 22:02:38,MLLB_000_y1.0.3,GREEN,v4_green_MLLB_000_y103_0923,3.2,3.209,100,80,38,ince,False,iki-OK-arasi-monotonluk,,,,,,,,,,,,True,,935.0,3.0,4.5
2026-09-23 22:02:38,MLLB_000_y1.0.3,GREEN,v4_green_MLLB_000_y103_0923,3.2,3.209,100,80,39,ince,False,iki-OK-arasi-monotonluk,,,,,,,,,,,,True,,935.0,3.0,4.5
2026-09-23 22:02:38,MLLB_000_y1.0.3,GREEN,v4_green_MLLB_000_y103_0923,3.2,3.209,100,80,41,ince,False,iki-OK-arasi-monotonluk,,,,,,,,,,,,True,,935.0,3.0,4.5
2026-09-23 22:02:38,MLLB_000_y1.0.3,GREEN,v4_green_MLLB_000_y103_0923,3.2,3.209,100,80,42,ince,False,iki-OK-arasi-monotonluk,,,,,,,,,,,,True,,935.0,3.0,4.5
2026-09-23 22:02:38,MLLB_000_y1.0.3,GREEN,v4_green_MLLB_000_y103_0923,3.2,3.209,100,80,43,ince,False,iki-OK-arasi-monotonluk,,,,,,,,,,,,True,,935.0,3.0,4.5
2026-09-23 22:02:38,MLLB_000_y1.0.3,GREEN,v4_green_MLLB_000_y103_0923,3.2,3.209,100,80,45,ince,False,iki-OK-arasi-monotonluk,,,,,,,,,,,,True,,935.0,3.0,4.5
2026-09-23 22:02:38,MLLB_000_y1.0.3,GREEN,v4_green_MLLB_000_y103_0923,3.2,3.209,100,80,46,ince,False,iki-OK-arasi-monotonluk,,,,,,,,,,,,True,,935.0,3.0,4.5
2026-09-23 22:02:38,MLLB_000_y1.0.3,GREEN,v4_green_MLLB_000_y103_0923,3.2,3.209,100,80,47,ince,False,iki-OK-arasi-monotonluk,,,,,,,,,,,,True,,935.0,3.0,4.5
2026-09-23 22:02:38,MLLB_000_y1.0.3,GREEN,v4_green_MLLB_000_y103_0923,3.2,3.209,100,80,49,ince,False,iki-OK-arasi-monotonluk,,,,,,,,,,,,True,,935.0,3.0,4.5
2026-09-23 22:02:38,MLLB_000_y1.0.3,GREEN,v4_green_MLLB_000_y103_0923,3.2,3.209,100,80,,bitti,False,,,,,,,,,,,,,,,935.0,3.0,4.5
2026-09-23 22:02:56,MLLB_000_y1.0.3,GREEN,v4_green_MLLB_000_y103_0923,3.2,3.209,100,60,12,kaba,True,,38.0,28.0,18.0,964.0,1002.0,1.09,242.323,222.309,0.7772,True,,True,,935.0,3.0,4.5
2026-09-23 22:03:13,MLLB_000_y1.0.3,GREEN,v4_green_MLLB_000_y103_0923,3.2,3.209,100,60,16,kaba,True,,38.0,28.0,18.0,964.0,1002.0,1.087,241.661,222.274,0.7773,True,,True,,935.0,3.0,4.5
2026-09-23 22:03:32,MLLB_000_y1.0.3,GREEN,v4_green_MLLB_000_y103_0923,3.2,3.209,100,60,20,kaba,True,,38.0,28.0,18.0,964.0,1002.0,1.086,241.552,222.442,0.7778,True,,True,,935.0,3.0,4.5
2026-09-23 22:03:50,MLLB_000_y1.0.3,GREEN,v4_green_MLLB_000_y103_0923,3.2,3.209,100,60,24,kaba,True,,38.0,28.0,18.0,964.0,1002.0,1.087,241.552,222.199,0.7777,True,,True,,935.0,3.0,4.5
2026-09-23 22:04:08,MLLB_000_y1.0.3,GREEN,v4_green_MLLB_000_y103_0923,3.2,3.209,100,60,28,kaba,True,,38.0,28.0,18.0,964.0,1002.0,1.087,241.552,222.197,0.7775,True,,True,,935.0,3.0,4.5
2026-09-23 22:04:26,MLLB_000_y1.0.3,GREEN,v4_green_MLLB_000_y103_0923,3.2,3.209,100,60,32,kaba,True,,38.0,28.0,18.0,964.0,1002.0,1.09,242.323,222.258,0.7775,True,,True,,935.0,3.0,4.5
2026-09-23 22:04:44,MLLB_000_y1.0.3,GREEN,v4_green_MLLB_000_y103_0923,3.2,3.209,100,60,36,kaba,True,,40.0,28.0,20.0,964.0,1004.0,1.09,242.323,222.301,0.7773,True,,True,,935.0,3.0,4.5
2026-09-23 22:05:02,MLLB_000_y1.0.3,GREEN,v4_green_MLLB_000_y103_0923,3.2,3.209,100,60,40,kaba,True,,38.0,28.0,18.0,964.0,1002.0,1.09,242.323,222.309,0.7774,True,,True,,935.0,3.0,4.5
2026-09-23 22:05:19,MLLB_000_y1.0.3,GREEN,v4_green_MLLB_000_y103_0923,3.2,3.209,100,60,44,kaba,True,,38.0,28.0,18.0,964.0,1002.0,1.088,241.802,222.274,0.7778,True,,True,,935.0,3.0,4.5
2026-09-23 22:05:38,MLLB_000_y1.0.3,GREEN,v4_green_MLLB_000_y103_0923,3.2,3.209,100,60,48,kaba,True,,38.0,28.0,18.0,964.0,1002.0,1.087,241.552,222.282,0.7776,True,,True,,935.0,3.0,4.5
2026-09-23 22:05:52,MLLB_000_y1.0.3,GREEN,v4_green_MLLB_000_y103_0923,3.2,3.209,100,60,50,kaba,True,,38.0,28.0,18.0,964.0,1002.0,1.091,242.323,222.106,0.7777,True,,True,,935.0,3.0,4.5
2026-09-23 22:05:53,MLLB_000_y1.0.3,GREEN,v4_green_MLLB_000_y103_0923,3.2,3.209,100,60,13,ince,False,iki-OK-arasi-monotonluk,,,,,,,,,,,,True,,935.0,3.0,4.5
2026-09-23 22:05:53,MLLB_000_y1.0.3,GREEN,v4_green_MLLB_000_y103_0923,3.2,3.209,100,60,14,ince,False,iki-OK-arasi-monotonluk,,,,,,,,,,,,True,,935.0,3.0,4.5
2026-09-23 22:05:53,MLLB_000_y1.0.3,GREEN,v4_green_MLLB_000_y103_0923,3.2,3.209,100,60,15,ince,False,iki-OK-arasi-monotonluk,,,,,,,,,,,,True,,935.0,3.0,4.5
2026-09-23 22:05:53,MLLB_000_y1.0.3,GREEN,v4_green_MLLB_000_y103_0923,3.2,3.209,100,60,17,ince,False,iki-OK-arasi-monotonluk,,,,,,,,,,,,True,,935.0,3.0,4.5
2026-09-23 22:05:53,MLLB_000_y1.0.3,GREEN,v4_green_MLLB_000_y103_0923,3.2,3.209,100,60,18,ince,False,iki-OK-arasi-monotonluk,,,,,,,,,,,,True,,935.0,3.0,4.5
2026-09-23 22:05:53,MLLB_000_y1.0.3,GREEN,v4_green_MLLB_000_y103_0923,3.2,3.209,100,60,19,ince,False,iki-OK-arasi-monotonluk,,,,,,,,,,,,True,,935.0,3.0,4.5
2026-09-23 22:05:53,MLLB_000_y1.0.3,GREEN,v4_green_MLLB_000_y103_0923,3.2,3.209,100,60,21,ince,False,iki-OK-arasi-monotonluk,,,,,,,,,,,,True,,935.0,3.0,4.5
2026-09-23 22:05:53,MLLB_000_y1.0.3,GREEN,v4_green_MLLB_000_y103_0923,3.2,3.209,100,60,22,ince,False,iki-OK-arasi-monotonluk,,,,,,,,,,,,True,,935.0,3.0,4.5
2026-09-23 22:05:53,MLLB_000_y1.0.3,GREEN,v4_green_MLLB_000_y103_0923,3.2,3.209,100,60,23,ince,False,iki-OK-arasi-monotonluk,,,,,,,,,,,,True,,935.0,3.0,4.5
2026-09-23 22:05:53,MLLB_000_y1.0.3,GREEN,v4_green_MLLB_000_y103_0923,3.2,3.209,100,60,25,ince,False,iki-OK-arasi-monotonluk,,,,,,,,,,,,True,,935.0,3.0,4.5
2026-09-23 22:05:53,MLLB_000_y1.0.3,GREEN,v4_green_MLLB_000_y103_0923,3.2,3.209,100,60,26,ince,False,iki-OK-arasi-monotonluk,,,,,,,,,,,,True,,935.0,3.0,4.5
2026-09-23 22:05:53,MLLB_000_y1.0.3,GREEN,v4_green_MLLB_000_y103_0923,3.2,3.209,100,60,27,ince,False,iki-OK-arasi-monotonluk,,,,,,,,,,,,True,,935.0,3.0,4.5
2026-09-23 22:05:53,MLLB_000_y1.0.3,GREEN,v4_green_MLLB_000_y103_0923,3.2,3.209,100,60,29,ince,False,iki-OK-arasi-monotonluk,,,,,,,,,,,,True,,935.0,3.0,4.5
2026-09-23 22:05:53,MLLB_000_y1.0.3,GREEN,v4_green_MLLB_000_y103_0923,3.2,3.209,100,60,30,ince,False,iki-OK-arasi-monotonluk,,,,,,,,,,,,True,,935.0,3.0,4.5
2026-09-23 22:05:53,MLLB_000_y1.0.3,GREEN,v4_green_MLLB_000_y103_0923,3.2,3.209,100,60,31,ince,False,iki-OK-arasi-monotonluk,,,,,,,,,,,,True,,935.0,3.0,4.5
2026-09-23 22:05:53,MLLB_000_y1.0.3,GREEN,v4_green_MLLB_000_y103_0923,3.2,3.209,100,60,33,ince,False,iki-OK-arasi-monotonluk,,,,,,,,,,,,True,,935.0,3.0,4.5
2026-09-23 22:05:53,MLLB_000_y1.0.3,GREEN,v4_green_MLLB_000_y103_0923,3.2,3.209,100,60,34,ince,False,iki-OK-arasi-monotonluk,,,,,,,,,,,,True,,935.0,3.0,4.5
2026-09-23 22:05:53,MLLB_000_y1.0.3,GREEN,v4_green_MLLB_000_y103_0923,3.2,3.209,100,60,35,ince,False,iki-OK-arasi-monotonluk,,,,,,,,,,,,True,,935.0,3.0,4.5
2026-09-23 22:05:53,MLLB_000_y1.0.3,GREEN,v4_green_MLLB_000_y103_0923,3.2,3.209,100,60,37,ince,False,iki-OK-arasi-monotonluk,,,,,,,,,,,,True,,935.0,3.0,4.5
2026-09-23 22:05:53,MLLB_000_y1.0.3,GREEN,v4_green_MLLB_000_y103_0923,3.2,3.209,100,60,38,ince,False,iki-OK-arasi-monotonluk,,,,,,,,,,,,True,,935.0,3.0,4.5
2026-09-23 22:05:53,MLLB_000_y1.0.3,GREEN,v4_green_MLLB_000_y103_0923,3.2,3.209,100,60,39,ince,False,iki-OK-arasi-monotonluk,,,,,,,,,,,,True,,935.0,3.0,4.5
2026-09-23 22:05:53,MLLB_000_y1.0.3,GREEN,v4_green_MLLB_000_y103_0923,3.2,3.209,100,60,41,ince,False,iki-OK-arasi-monotonluk,,,,,,,,,,,,True,,935.0,3.0,4.5
2026-09-23 22:05:53,MLLB_000_y1.0.3,GREEN,v4_green_MLLB_000_y103_0923,3.2,3.209,100,60,42,ince,False,iki-OK-arasi-monotonluk,,,,,,,,,,,,True,,935.0,3.0,4.5
2026-09-23 22:05:53,MLLB_000_y1.0.3,GREEN,v4_green_MLLB_000_y103_0923,3.2,3.209,100,60,43,ince,False,iki-OK-arasi-monotonluk,,,,,,,,,,,,True,,935.0,3.0,4.5
2026-09-23 22:05:53,MLLB_000_y1.0.3,GREEN,v4_green_MLLB_000_y103_0923,3.2,3.209,100,60,45,ince,False,iki-OK-arasi-monotonluk,,,,,,,,,,,,True,,935.0,3.0,4.5
2026-09-23 22:05:53,MLLB_000_y1.0.3,GREEN,v4_green_MLLB_000_y103_0923,3.2,3.209,100,60,46,ince,False,iki-OK-arasi-monotonluk,,,,,,,,,,,,True,,935.0,3.0,4.5
2026-09-23 22:05:53,MLLB_000_y1.0.3,GREEN,v4_green_MLLB_000_y103_0923,3.2,3.209,100,60,47,ince,False,iki-OK-arasi-monotonluk,,,,,,,,,,,,True,,935.0,3.0,4.5
2026-09-23 22:05:53,MLLB_000_y1.0.3,GREEN,v4_green_MLLB_000_y103_0923,3.2,3.209,100,60,49,ince,False,iki-OK-arasi-monotonluk,,,,,,,,,,,,True,,935.0,3.0,4.5
2026-09-23 22:05:53,MLLB_000_y1.0.3,GREEN,v4_green_MLLB_000_y103_0923,3.2,3.209,100,60,,bitti,False,,,,,,,,,,,,,,,935.0,3.0,4.5
2026-09-23 22:06:24,MLLB_000_y1.0.3,GREEN,v4_green_MLLB_000_y103_0923,3.0,3.0,4,100,12,kaba,True,,756.0,284.0,522.0,246.0,1002.0,1.588,7.468,4.702,0.0532,True,,False,ON,935.0,3.0,4.5
2026-09-23 22:06:42,MLLB_000_y1.0.3,GREEN,v4_green_MLLB_000_y103_0923,3.0,3.0,4,100,16,kaba,True,,630.0,264.0,396.0,372.0,1002.0,1.403,6.839,4.873,0.0665,True,,False,ON,935.0,3.0,4.5
2026-09-23 22:07:00,MLLB_000_y1.0.3,GREEN,v4_green_MLLB_000_y103_0923,3.0,3.0,4,100,20,kaba,True,,462.0,350.0,164.0,540.0,1002.0,1.529,7.62,4.982,0.0704,True,,False,ON,935.0,3.0,4.5
2026-09-23 22:07:18,MLLB_000_y1.0.3,GREEN,v4_green_MLLB_000_y103_0923,3.0,3.0,4,100,24,kaba,True,,286.0,304.0,18.0,716.0,1002.0,1.408,7.116,5.055,0.0678,True,,False,ON,935.0,3.0,4.5
2026-09-23 22:07:32,MLLB_000_y1.0.3,GREEN,v4_green_MLLB_000_y103_0923,3.0,3.0,4,100,28,kaba,True,,102.0,150.0,4.0,900.0,1002.0,1.536,7.781,5.065,0.0681,True,,False,ON,935.0,3.0,4.5
2026-09-23 22:07:50,MLLB_000_y1.0.3,GREEN,v4_green_MLLB_000_y103_0923,3.0,3.0,4,100,32,kaba,True,,18.0,2.0,18.0,984.0,1002.0,20.204,104.47,5.171,0.066,True,,False,FLAS,935.0,3.0,4.5
2026-09-23 22:08:08,MLLB_000_y1.0.3,GREEN,v4_green_MLLB_000_y103_0923,3.0,3.0,4,100,29,ince,True,,34.0,32.0,10.0,968.0,1002.0,1.961,9.92,5.058,0.0663,True,,True,,935.0,3.0,4.5
2026-09-23 22:08:26,MLLB_000_y1.0.3,GREEN,v4_green_MLLB_000_y103_0923,3.0,3.0,4,100,30,ince,True,,20.0,6.0,18.0,982.0,1002.0,8.653,43.788,5.061,0.0672,True,,False,FLAS,935.0,3.0,4.5
2026-09-23 22:08:44,MLLB_000_y1.0.3,GREEN,v4_green_MLLB_000_y103_0923,3.0,3.0,4,100,31,ince,True,,20.0,2.0,18.0,982.0,1002.0,16.658,84.152,5.052,0.0674,True,,False,FLAS,935.0,3.0,4.5
2026-09-23 22:08:44,MLLB_000_y1.0.3,GREEN,v4_green_MLLB_000_y103_0923,3.0,3.0,4,100,,bitti,False,,,,,,,,,,,,,,,935.0,3.0,4.5
2026-09-23 22:09:02,MLLB_000_y1.0.3,GREEN,v4_green_MLLB_000_y103_0923,3.0,3.0,4,80,12,kaba,True,,816.0,854.0,2.0,186.0,1002.0,1.753,8.221,4.69,0.0368,True,,False,ON,935.0,3.0,4.5
2026-09-23 22:09:16,MLLB_000_y1.0.3,GREEN,v4_green_MLLB_000_y103_0923,3.0,3.0,4,80,16,kaba,True,,708.0,676.0,68.0,294.0,1002.0,1.776,8.44,4.752,0.059,True,,False,ON,935.0,3.0,4.5
2026-09-23 22:09:34,MLLB_000_y1.0.3,GREEN,v4_green_MLLB_000_y103_0923,3.0,3.0,4,80,20,kaba,True,,594.0,638.0,0.0,408.0,1002.0,1.404,6.883,4.902,0.0662,True,,False,ON,935.0,3.0,4.5
2026-09-23 22:09:52,MLLB_000_y1.0.3,GREEN,v4_green_MLLB_000_y103_0923,3.0,3.0,4,80,24,kaba,True,,466.0,300.0,218.0,536.0,1002.0,1.434,7.153,4.987,0.0676,True,,False,ON,935.0,3.0,4.5
2026-09-23 22:10:06,MLLB_000_y1.0.3,GREEN,v4_green_MLLB_000_y103_0923,3.0,3.0,4,80,28,kaba,True,,326.0,366.0,0.0,676.0,1002.0,1.42,7.122,5.014,0.0647,True,,False,ON,935.0,3.0,4.5
2026-09-23 22:10:24,MLLB_000_y1.0.3,GREEN,v4_green_MLLB_000_y103_0923,3.0,3.0,4,80,32,kaba,True,,180.0,180.0,32.0,822.0,1002.0,1.485,7.487,5.04,0.0664,True,,False,ON,935.0,3.0,4.5
2026-09-23 22:10:42,MLLB_000_y1.0.3,GREEN,v4_green_MLLB_000_y103_0923,3.0,3.0,4,80,36,kaba,True,,26.0,14.0,18.0,976.0,1002.0,6.604,33.303,5.043,0.0646,True,,False,FLAS,935.0,3.0,4.5
2026-09-23 22:10:59,MLLB_000_y1.0.3,GREEN,v4_green_MLLB_000_y103_0923,3.0,3.0,4,80,33,ince,True,,146.0,134.0,32.0,856.0,1002.0,1.401,7.063,5.042,0.0662,True,,False,ON,935.0,3.0,4.5
2026-09-23 22:11:18,MLLB_000_y1.0.3,GREEN,v4_green_MLLB_000_y103_0923,3.0,3.0,4,80,34,ince,True,,54.0,136.0,0.0,948.0,1002.0,1.382,6.96,5.036,0.0663,True,,True,,935.0,3.0,4.5
2026-09-23 22:11:36,MLLB_000_y1.0.3,GREEN,v4_green_MLLB_000_y103_0923,3.0,3.0,4,80,35,ince,True,,38.0,38.0,12.0,964.0,1002.0,1.886,9.502,5.04,0.0667,True,,True,,935.0,3.0,4.5
2026-09-23 22:11:36,MLLB_000_y1.0.3,GREEN,v4_green_MLLB_000_y103_0923,3.0,3.0,4,80,,bitti,False,,,,,,,,,,,,,,,935.0,3.0,4.5
2026-09-23 22:12:29,MLLB_000_y1.0.3,GREEN,v4_green_MLLB_000_y103_0923,3.0,3.0,4,60,12,kaba,True,,848.0,884.0,6.0,154.0,1002.0,nan,nan,nan,0.0193,True,,False,ON,935.0,3.0,4.5
2026-09-23 22:12:47,MLLB_000_y1.0.3,GREEN,v4_green_MLLB_000_y103_0923,3.0,3.0,4,60,16,kaba,True,,810.0,812.0,18.0,192.0,1002.0,1.479,7.018,4.745,0.0392,True,,False,ON,935.0,3.0,4.5
2026-09-23 22:13:05,MLLB_000_y1.0.3,GREEN,v4_green_MLLB_000_y103_0923,3.0,3.0,4,60,20,kaba,True,,740.0,690.0,66.0,262.0,1002.0,1.55,7.319,4.72,0.0545,True,,False,ON,935.0,3.0,4.5
2026-09-23 22:13:23,MLLB_000_y1.0.3,GREEN,v4_green_MLLB_000_y103_0923,3.0,3.0,4,60,24,kaba,True,,660.0,414.0,268.0,342.0,1002.0,1.501,7.282,4.851,0.0671,True,,False,ON,935.0,3.0,4.5
2026-09-23 22:13:42,MLLB_000_y1.0.3,GREEN,v4_green_MLLB_000_y103_0923,3.0,3.0,4,60,28,kaba,True,,558.0,488.0,102.0,444.0,1002.0,1.47,7.198,4.895,0.0649,True,,False,ON,935.0,3.0,4.5
2026-09-23 22:14:00,MLLB_000_y1.0.3,GREEN,v4_green_MLLB_000_y103_0923,3.0,3.0,4,60,32,kaba,True,,454.0,220.0,252.0,548.0,1002.0,1.438,7.142,4.967,0.0615,True,,False,ON,935.0,3.0,4.5
2026-09-23 22:14:18,MLLB_000_y1.0.3,GREEN,v4_green_MLLB_000_y103_0923,3.0,3.0,4,60,36,kaba,True,,346.0,350.0,54.0,656.0,1002.0,1.44,7.202,5.001,0.0623,True,,False,ON,935.0,3.0,4.5
2026-09-23 22:14:36,MLLB_000_y1.0.3,GREEN,v4_green_MLLB_000_y103_0923,3.0,3.0,4,60,40,kaba,True,,238.0,190.0,92.0,764.0,1002.0,1.423,7.153,5.026,0.0636,True,,False,ON,935.0,3.0,4.5
2026-09-23 22:14:54,MLLB_000_y1.0.3,GREEN,v4_green_MLLB_000_y103_0923,3.0,3.0,4,60,44,kaba,True,,134.0,124.0,38.0,868.0,1002.0,1.529,7.707,5.041,0.0649,True,,False,ON,935.0,3.0,4.5
2026-09-23 22:15:12,MLLB_000_y1.0.3,GREEN,v4_green_MLLB_000_y103_0923,3.0,3.0,4,60,48,kaba,True,,38.0,6.0,34.0,964.0,1002.0,8.416,42.347,5.032,0.0649,True,,False,FLAS,935.0,3.0,4.5
2026-09-23 22:15:30,MLLB_000_y1.0.3,GREEN,v4_green_MLLB_000_y103_0923,3.0,3.0,4,60,45,ince,True,,90.0,104.0,38.0,912.0,1002.0,1.505,7.594,5.045,0.0649,True,,False,ON,935.0,3.0,4.5
2026-09-23 22:15:48,MLLB_000_y1.0.3,GREEN,v4_green_MLLB_000_y103_0923,3.0,3.0,4,60,46,ince,True,,54.0,28.0,34.0,948.0,1002.0,1.73,8.699,5.028,0.0634,True,,True,,935.0,3.0,4.5
2026-09-23 22:16:02,MLLB_000_y1.0.3,GREEN,v4_green_MLLB_000_y103_0923,3.0,3.0,4,60,47,ince,True,,42.0,38.0,10.0,960.0,1002.0,3.812,19.117,5.015,0.0647,True,,False,FLAS,935.0,3.0,4.5
2026-09-23 22:16:03,MLLB_000_y1.0.3,GREEN,v4_green_MLLB_000_y103_0923,3.0,3.0,4,60,,bitti,False,,,,,,,,,,,,,,,935.0,3.0,4.5
2026-09-23 22:16:28,MLLB_000_y1.0.3,GREEN,v4_green_MLLB_000_y103_0923,3.0,3.0,5,100,12,kaba,True,,546.0,136.0,450.0,456.0,1002.0,1.181,8.279,7.012,0.091,True,,False,ON,935.0,3.0,4.5
2026-09-23 22:16:45,MLLB_000_y1.0.3,GREEN,v4_green_MLLB_000_y103_0923,3.0,3.0,5,100,16,kaba,True,,432.0,214.0,236.0,570.0,1002.0,1.195,8.536,7.141,0.0903,True,,False,ON,935.0,3.0,4.5
2026-09-23 22:17:04,MLLB_000_y1.0.3,GREEN,v4_green_MLLB_000_y103_0923,3.0,3.0,5,100,20,kaba,True,,318.0,248.0,186.0,684.0,1002.0,1.122,8.099,7.215,0.0898,True,,False,ON,935.0,3.0,4.5
2026-09-23 22:17:22,MLLB_000_y1.0.3,GREEN,v4_green_MLLB_000_y103_0923,3.0,3.0,5,100,24,kaba,True,,204.0,132.0,90.0,798.0,1002.0,1.109,8.054,7.263,0.088,True,,False,ON,935.0,3.0,4.5
2026-09-23 22:17:36,MLLB_000_y1.0.3,GREEN,v4_green_MLLB_000_y103_0923,3.0,3.0,5,100,28,kaba,True,,82.0,74.0,26.0,920.0,1002.0,1.162,8.454,7.278,0.0882,True,,False,ON,935.0,3.0,4.5
2026-09-23 22:17:51,MLLB_000_y1.0.3,GREEN,v4_green_MLLB_000_y103_0923,3.0,3.0,5,100,32,kaba,True,,20.0,2.0,18.0,982.0,1002.0,13.826,102.859,7.44,0.093,True,,False,FLAS,935.0,3.0,4.5
2026-09-23 22:18:09,MLLB_000_y1.0.3,GREEN,v4_green_MLLB_000_y103_0923,3.0,3.0,5,100,29,ince,True,,36.0,28.0,18.0,966.0,1002.0,1.257,9.14,7.272,0.0896,True,,True,,935.0,3.0,4.5
2026-09-23 22:18:28,MLLB_000_y1.0.3,GREEN,v4_green_MLLB_000_y103_0923,3.0,3.0,5,100,30,ince,True,,24.0,12.0,18.0,978.0,1002.0,5.615,40.916,7.287,0.0908,True,,False,FLAS,935.0,3.0,4.5
2026-09-23 22:18:46,MLLB_000_y1.0.3,GREEN,v4_green_MLLB_000_y103_0923,3.0,3.0,5,100,31,ince,True,,20.0,4.0,18.0,982.0,1002.0,11.263,81.902,7.272,0.0921,True,,False,FLAS,935.0,3.0,4.5
2026-09-23 22:18:46,MLLB_000_y1.0.3,GREEN,v4_green_MLLB_000_y103_0923,3.0,3.0,5,100,,bitti,False,,,,,,,,,,,,,,,935.0,3.0,4.5
2026-09-23 22:19:04,MLLB_000_y1.0.3,GREEN,v4_green_MLLB_000_y103_0923,3.0,3.0,5,80,12,kaba,True,,602.0,534.0,86.0,400.0,1002.0,1.164,8.108,6.966,0.0923,True,,False,ON,935.0,3.0,4.5
2026-09-23 22:19:22,MLLB_000_y1.0.3,GREEN,v4_green_MLLB_000_y103_0923,3.0,3.0,5,80,16,kaba,True,,508.0,158.0,384.0,494.0,1002.0,1.158,8.187,7.067,0.0924,True,,False,ON,935.0,3.0,4.5
2026-09-23 22:19:40,MLLB_000_y1.0.3,GREEN,v4_green_MLLB_000_y103_0923,3.0,3.0,5,80,20,kaba,True,,414.0,420.0,10.0,588.0,1002.0,1.133,8.074,7.128,0.0925,True,,False,ON,935.0,3.0,4.5
2026-09-23 22:19:57,MLLB_000_y1.0.3,GREEN,v4_green_MLLB_000_y103_0923,3.0,3.0,5,80,24,kaba,True,,326.0,304.0,38.0,676.0,1002.0,1.129,8.117,7.189,0.0892,True,,False,ON,935.0,3.0,4.5
2026-09-23 22:20:15,MLLB_000_y1.0.3,GREEN,v4_green_MLLB_000_y103_0923,3.0,3.0,5,80,28,kaba,True,,226.0,168.0,96.0,776.0,1002.0,1.217,8.804,7.233,0.0906,True,,False,ON,935.0,3.0,4.5
2026-09-23 22:20:34,MLLB_000_y1.0.3,GREEN,v4_green_MLLB_000_y103_0923,3.0,3.0,5,80,32,kaba,True,,126.0,102.0,44.0,876.0,1002.0,1.111,8.054,7.252,0.0909,True,,False,ON,935.0,3.0,4.5
2026-09-23 22:20:52,MLLB_000_y1.0.3,GREEN,v4_green_MLLB_000_y103_0923,3.0,3.0,5,80,36,kaba,True,,32.0,18.0,22.0,970.0,1002.0,4.249,30.902,7.274,0.0905,True,,False,FLAS,935.0,3.0,4.5
2026-09-23 22:21:10,MLLB_000_y1.0.3,GREEN,v4_green_MLLB_000_y103_0923,3.0,3.0,5,80,40,kaba,True,,26.0,6.0,22.0,976.0,1002.0,15.321,111.229,7.26,0.091,True,,False,FLAS,935.0,3.0,4.5
2026-09-23 22:21:24,MLLB_000_y1.0.3,GREEN,v4_green_MLLB_000_y103_0923,3.0,3.0,5,80,33,ince,True,,110.0,110.0,32.0,892.0,1002.0,1.112,8.054,7.241,0.0899,True,,False,ON,935.0,3.0,4.5
2026-09-23 22:21:42,MLLB_000_y1.0.3,GREEN,v4_green_MLLB_000_y103_0923,3.0,3.0,5,80,34,ince,True,,80.0,116.0,26.0,922.0,1002.0,1.111,8.054,7.251,0.092,True,,False,ON,935.0,3.0,4.5
2026-09-23 22:21:56,MLLB_000_y1.0.3,GREEN,v4_green_MLLB_000_y103_0923,3.0,3.0,5,80,35,ince,True,,42.0,72.0,22.0,960.0,1002.0,1.202,8.731,7.266,0.0904,True,,True,,935.0,3.0,4.5
2026-09-23 22:21:57,MLLB_000_y1.0.3,GREEN,v4_green_MLLB_000_y103_0923,3.0,3.0,5,80,,bitti,False,,,,,,,,,,,,,,,935.0,3.0,4.5
2026-09-23 22:22:14,MLLB_000_y1.0.3,GREEN,v4_green_MLLB_000_y103_0923,3.0,3.0,5,60,12,kaba,True,,656.0,578.0,96.0,346.0,1002.0,1.36,9.361,6.882,0.0893,True,,False,ON,935.0,3.0,4.5
2026-09-23 22:22:31,MLLB_000_y1.0.3,GREEN,v4_green_MLLB_000_y103_0923,3.0,3.0,5,60,16,kaba,True,,586.0,118.0,486.0,416.0,1002.0,1.151,8.054,6.997,0.0884,True,,False,ON,935.0,3.0,4.5
2026-09-23 22:22:50,MLLB_000_y1.0.3,GREEN,v4_green_MLLB_000_y103_0923,3.0,3.0,5,60,20,kaba,True,,526.0,452.0,90.0,476.0,1002.0,1.148,8.099,7.054,0.0905,True,,False,ON,935.0,3.0,4.5
2026-09-23 22:23:08,MLLB_000_y1.0.3,GREEN,v4_green_MLLB_000_y103_0923,3.0,3.0,5,60,24,kaba,True,,458.0,126.0,354.0,544.0,1002.0,1.306,9.328,7.141,0.0896,True,,False,ON,935.0,3.0,4.5
2026-09-23 22:23:22,MLLB_000_y1.0.3,GREEN,v4_green_MLLB_000_y103_0923,3.0,3.0,5,60,28,kaba,True,,386.0,140.0,260.0,616.0,1002.0,1.184,8.474,7.16,0.0908,True,,False,ON,935.0,3.0,4.5
2026-09-23 22:23:40,MLLB_000_y1.0.3,GREEN,v4_green_MLLB_000_y103_0923,3.0,3.0,5,60,32,kaba,True,,322.0,126.0,212.0,680.0,1002.0,1.116,8.054,7.214,0.0896,True,,False,ON,935.0,3.0,4.5
2026-09-23 22:23:58,MLLB_000_y1.0.3,GREEN,v4_green_MLLB_000_y103_0923,3.0,3.0,5,60,36,kaba,True,,250.0,144.0,150.0,752.0,1002.0,1.114,8.06,7.239,0.0918,True,,False,ON,935.0,3.0,4.5
2026-09-23 22:24:16,MLLB_000_y1.0.3,GREEN,v4_green_MLLB_000_y103_0923,3.0,3.0,5,60,40,kaba,True,,174.0,136.0,74.0,828.0,1002.0,1.195,8.696,7.275,0.0904,True,,False,ON,935.0,3.0,4.5
2026-09-23 22:24:34,MLLB_000_y1.0.3,GREEN,v4_green_MLLB_000_y103_0923,3.0,3.0,5,60,44,kaba,True,,104.0,82.0,40.0,898.0,1002.0,1.122,8.167,7.28,0.0924,True,,False,ON,935.0,3.0,4.5
2026-09-23 22:24:51,MLLB_000_y1.0.3,GREEN,v4_green_MLLB_000_y103_0923,3.0,3.0,5,60,48,kaba,True,,40.0,12.0,34.0,962.0,1002.0,5.445,39.561,7.266,0.0905,True,,False,FLAS,935.0,3.0,4.5
2026-09-23 22:25:10,MLLB_000_y1.0.3,GREEN,v4_green_MLLB_000_y103_0923,3.0,3.0,5,60,50,kaba,True,,38.0,6.0,34.0,964.0,1002.0,11.162,81.542,7.305,0.0908,True,,False,FLAS,935.0,3.0,4.5
2026-09-23 22:25:28,MLLB_000_y1.0.3,GREEN,v4_green_MLLB_000_y103_0923,3.0,3.0,5,60,45,ince,True,,90.0,92.0,38.0,912.0,1002.0,1.106,8.054,7.281,0.0924,True,,False,ON,935.0,3.0,4.5
2026-09-23 22:25:46,MLLB_000_y1.0.3,GREEN,v4_green_MLLB_000_y103_0923,3.0,3.0,5,60,46,ince,True,,62.0,56.0,34.0,940.0,1002.0,1.105,8.054,7.29,0.0905,True,,True,,935.0,3.0,4.5
2026-09-23 22:26:04,MLLB_000_y1.0.3,GREEN,v4_green_MLLB_000_y103_0923,3.0,3.0,5,60,47,ince,True,,50.0,24.0,34.0,952.0,1002.0,2.182,15.938,7.303,0.0926,True,,True,,935.0,3.0,4.5
2026-09-23 22:26:04,MLLB_000_y1.0.3,GREEN,v4_green_MLLB_000_y103_0923,3.0,3.0,5,60,,bitti,False,,,,,,,,,,,,,,,935.0,3.0,4.5
2026-09-23 22:26:30,MLLB_000_y1.0.3,GREEN,v4_green_MLLB_000_y103_0923,3.0,3.0,6,100,12,kaba,True,,414.0,100.0,334.0,588.0,1002.0,1.09,10.606,9.727,0.1141,True,,False,ON,935.0,3.0,4.5
2026-09-23 22:26:48,MLLB_000_y1.0.3,GREEN,v4_green_MLLB_000_y103_0923,3.0,3.0,6,100,16,kaba,True,,338.0,140.0,232.0,664.0,1002.0,1.121,10.6,9.458,0.1134,True,,False,ON,935.0,3.0,4.5
2026-09-23 22:27:06,MLLB_000_y1.0.3,GREEN,v4_green_MLLB_000_y103_0923,3.0,3.0,6,100,20,kaba,True,,250.0,88.0,182.0,752.0,1002.0,1.114,10.6,9.514,0.112,True,,False,ON,935.0,3.0,4.5
2026-09-23 22:27:23,MLLB_000_y1.0.3,GREEN,v4_green_MLLB_000_y103_0923,3.0,3.0,6,100,24,kaba,True,,156.0,104.0,102.0,846.0,1002.0,1.103,10.6,9.609,0.112,True,,False,ON,935.0,3.0,4.5
2026-09-23 22:27:42,MLLB_000_y1.0.3,GREEN,v4_green_MLLB_000_y103_0923,3.0,3.0,6,100,28,kaba,True,,70.0,92.0,26.0,932.0,1002.0,1.103,10.6,9.61,0.1116,True,,False,ON,935.0,3.0,4.5
2026-09-23 22:28:00,MLLB_000_y1.0.3,GREEN,v4_green_MLLB_000_y103_0923,3.0,3.0,6,100,32,kaba,True,,20.0,4.0,18.0,982.0,1002.0,10.51,100.704,9.582,0.1128,True,,False,FLAS,935.0,3.0,4.5
2026-09-23 22:28:18,MLLB_000_y1.0.3,GREEN,v4_green_MLLB_000_y103_0923,3.0,3.0,6,100,29,ince,True,,42.0,44.0,18.0,960.0,1002.0,1.107,10.6,9.574,0.1118,True,,True,,935.0,3.0,4.5
2026-09-23 22:28:35,MLLB_000_y1.0.3,GREEN,v4_green_MLLB_000_y103_0923,3.0,3.0,6,100,30,ince,True,,28.0,20.0,18.0,974.0,1002.0,3.946,37.868,9.596,0.1127,True,,False,FLAS,935.0,3.0,4.5
2026-09-23 22:28:53,MLLB_000_y1.0.3,GREEN,v4_green_MLLB_000_y103_0923,3.0,3.0,6,100,31,ince,True,,20.0,6.0,18.0,982.0,1002.0,8.473,81.152,9.577,0.112,True,,False,FLAS,935.0,3.0,4.5
2026-09-23 22:28:54,MLLB_000_y1.0.3,GREEN,v4_green_MLLB_000_y103_0923,3.0,3.0,6,100,,bitti,False,,,,,,,,,,,,,,,935.0,3.0,4.5
2026-09-23 22:29:11,MLLB_000_y1.0.3,GREEN,v4_green_MLLB_000_y103_0923,3.0,3.0,6,80,12,kaba,True,,460.0,456.0,46.0,542.0,1002.0,1.138,10.6,9.316,0.1113,True,,False,ON,935.0,3.0,4.5
2026-09-23 22:29:30,MLLB_000_y1.0.3,GREEN,v4_green_MLLB_000_y103_0923,3.0,3.0,6,80,16,kaba,True,,390.0,186.0,268.0,612.0,1002.0,1.128,10.6,9.397,0.1127,True,,False,ON,935.0,3.0,4.5
2026-09-23 22:29:48,MLLB_000_y1.0.3,GREEN,v4_green_MLLB_000_y103_0923,3.0,3.0,6,80,20,kaba,True,,326.0,122.0,252.0,676.0,1002.0,1.123,10.6,9.439,0.111,True,,False,ON,935.0,3.0,4.5
2026-09-23 22:30:06,MLLB_000_y1.0.3,GREEN,v4_green_MLLB_000_y103_0923,3.0,3.0,6,80,24,kaba,True,,250.0,122.0,168.0,752.0,1002.0,1.108,10.512,9.49,0.1126,True,,False,ON,935.0,3.0,4.5
2026-09-23 22:30:20,MLLB_000_y1.0.3,GREEN,v4_green_MLLB_000_y103_0923,3.0,3.0,6,80,28,kaba,True,,186.0,134.0,106.0,816.0,1002.0,1.109,10.573,9.533,0.1101,True,,False,ON,935.0,3.0,4.5
2026-09-23 22:30:38,MLLB_000_y1.0.3,GREEN,v4_green_MLLB_000_y103_0923,3.0,3.0,6,80,32,kaba,True,,114.0,118.0,40.0,888.0,1002.0,1.107,10.6,9.571,0.1124,True,,False,ON,935.0,3.0,4.5
2026-09-23 22:30:52,MLLB_000_y1.0.3,GREEN,v4_green_MLLB_000_y103_0923,3.0,3.0,6,80,36,kaba,True,,36.0,24.0,22.0,966.0,1002.0,3.094,29.607,9.57,0.1163,True,,False,FLAS,935.0,3.0,4.5
2026-09-23 22:31:10,MLLB_000_y1.0.3,GREEN,v4_green_MLLB_000_y103_0923,3.0,3.0,6,80,40,kaba,True,,28.0,6.0,22.0,974.0,1002.0,11.451,109.721,9.582,0.1152,True,,False,FLAS,935.0,3.0,4.5
2026-09-23 22:31:28,MLLB_000_y1.0.3,GREEN,v4_green_MLLB_000_y103_0923,3.0,3.0,6,80,33,ince,True,,94.0,84.0,30.0,908.0,1002.0,1.106,10.6,9.584,0.1147,True,,False,ON,935.0,3.0,4.5
2026-09-23 22:31:46,MLLB_000_y1.0.3,GREEN,v4_green_MLLB_000_y103_0923,3.0,3.0,6,80,34,ince,True,,70.0,116.0,30.0,932.0,1002.0,1.106,10.6,9.585,0.1144,True,,False,ON,935.0,3.0,4.5
2026-09-23 22:32:04,MLLB_000_y1.0.3,GREEN,v4_green_MLLB_000_y103_0923,3.0,3.0,6,80,35,ince,True,,46.0,74.0,22.0,956.0,1002.0,1.105,10.6,9.59,0.1144,True,,True,,935.0,3.0,4.5
2026-09-23 22:32:04,MLLB_000_y1.0.3,GREEN,v4_green_MLLB_000_y103_0923,3.0,3.0,6,80,,bitti,False,,,,,,,,,,,,,,,935.0,3.0,4.5
2026-09-23 22:32:22,MLLB_000_y1.0.3,GREEN,v4_green_MLLB_000_y103_0923,3.0,3.0,6,60,12,kaba,True,,506.0,116.0,420.0,496.0,1002.0,1.134,10.508,9.263,0.1195,True,,False,ON,935.0,3.0,4.5
2026-09-23 22:32:40,MLLB_000_y1.0.3,GREEN,v4_green_MLLB_000_y103_0923,3.0,3.0,6,60,16,kaba,True,,456.0,102.0,378.0,546.0,1002.0,1.136,10.6,9.328,0.112,True,,False,ON,935.0,3.0,4.5
2026-09-23 22:32:58,MLLB_000_y1.0.3,GREEN,v4_green_MLLB_000_y103_0923,3.0,3.0,6,60,20,kaba,True,,410.0,124.0,330.0,592.0,1002.0,1.12,10.519,9.388,0.1152,True,,False,ON,935.0,3.0,4.5
2026-09-23 22:33:12,MLLB_000_y1.0.3,GREEN,v4_green_MLLB_000_y103_0923,3.0,3.0,6,60,24,kaba,True,,354.0,96.0,282.0,648.0,1002.0,1.124,10.588,9.419,0.1151,True,,False,ON,935.0,3.0,4.5
2026-09-23 22:33:30,MLLB_000_y1.0.3,GREEN,v4_green_MLLB_000_y103_0923,3.0,3.0,6,60,28,kaba,True,,306.0,110.0,226.0,696.0,1002.0,1.119,10.6,9.473,0.115,True,,False,ON,935.0,3.0,4.5
2026-09-23 22:33:48,MLLB_000_y1.0.3,GREEN,v4_green_MLLB_000_y103_0923,3.0,3.0,6,60,32,kaba,True,,254.0,96.0,186.0,748.0,1002.0,1.112,10.6,9.529,0.1148,True,,False,ON,935.0,3.0,4.5
2026-09-23 22:34:06,MLLB_000_y1.0.3,GREEN,v4_green_MLLB_000_y103_0923,3.0,3.0,6,60,36,kaba,True,,198.0,102.0,136.0,804.0,1002.0,1.111,10.6,9.536,0.1136,True,,False,ON,935.0,3.0,4.5
2026-09-23 22:34:24,MLLB_000_y1.0.3,GREEN,v4_green_MLLB_000_y103_0923,3.0,3.0,6,60,40,kaba,True,,148.0,112.0,82.0,854.0,1002.0,1.107,10.6,9.579,0.1124,True,,False,ON,935.0,3.0,4.5
2026-09-23 22:34:41,MLLB_000_y1.0.3,GREEN,v4_green_MLLB_000_y103_0923,3.0,3.0,6,60,44,kaba,True,,94.0,80.0,42.0,908.0,1002.0,1.105,10.6,9.588,0.1148,True,,False,ON,935.0,3.0,4.5
2026-09-23 22:35:00,MLLB_000_y1.0.3,GREEN,v4_green_MLLB_000_y103_0923,3.0,3.0,6,60,48,kaba,True,,44.0,18.0,34.0,958.0,1002.0,4.037,38.644,9.572,0.1157,True,,False,FLAS,935.0,3.0,4.5
2026-09-23 22:35:18,MLLB_000_y1.0.3,GREEN,v4_green_MLLB_000_y103_0923,3.0,3.0,6,60,50,kaba,True,,40.0,10.0,34.0,962.0,1002.0,8.323,79.652,9.57,0.1162,True,,False,FLAS,935.0,3.0,4.5
2026-09-23 22:35:36,MLLB_000_y1.0.3,GREEN,v4_green_MLLB_000_y103_0923,3.0,3.0,6,60,45,ince,True,,78.0,102.0,40.0,924.0,1002.0,1.105,10.6,9.591,0.1139,True,,False,ON,935.0,3.0,4.5
2026-09-23 22:35:53,MLLB_000_y1.0.3,GREEN,v4_green_MLLB_000_y103_0923,3.0,3.0,6,60,46,ince,True,,60.0,84.0,38.0,942.0,1002.0,1.107,10.6,9.577,0.1131,True,,True,,935.0,3.0,4.5
2026-09-23 22:36:11,MLLB_000_y1.0.3,GREEN,v4_green_MLLB_000_y103_0923,3.0,3.0,6,60,47,ince,True,,52.0,28.0,34.0,950.0,1002.0,1.532,14.672,9.576,0.117,True,,True,,935.0,3.0,4.5
2026-09-23 22:36:12,MLLB_000_y1.0.3,GREEN,v4_green_MLLB_000_y103_0923,3.0,3.0,6,60,,bitti,False,,,,,,,,,,,,,,,935.0,3.0,4.5
2026-09-23 22:36:38,MLLB_000_y1.0.3,GREEN,v4_green_MLLB_000_y103_0923,3.0,3.0,7,100,12,kaba,True,,346.0,78.0,286.0,656.0,1002.0,1.116,12.995,11.64,0.1375,True,,False,ON,935.0,3.0,4.5
2026-09-23 22:36:56,MLLB_000_y1.0.3,GREEN,v4_green_MLLB_000_y103_0923,3.0,3.0,7,100,16,kaba,True,,278.0,92.0,214.0,724.0,1002.0,1.103,12.928,11.717,0.1337,True,,False,ON,935.0,3.0,4.5
2026-09-23 22:37:14,MLLB_000_y1.0.3,GREEN,v4_green_MLLB_000_y103_0923,3.0,3.0,7,100,20,kaba,True,,210.0,88.0,146.0,792.0,1002.0,1.102,12.995,11.79,0.1336,True,,False,ON,935.0,3.0,4.5
2026-09-23 22:37:32,MLLB_000_y1.0.3,GREEN,v4_green_MLLB_000_y103_0923,3.0,3.0,7,100,24,kaba,True,,142.0,104.0,58.0,860.0,1002.0,1.098,12.995,11.841,0.1358,True,,False,ON,935.0,3.0,4.5
2026-09-23 22:37:50,MLLB_000_y1.0.3,GREEN,v4_green_MLLB_000_y103_0923,3.0,3.0,7,100,28,kaba,True,,66.0,88.0,26.0,936.0,1002.0,1.096,12.995,11.853,0.1336,True,,True,,935.0,3.0,4.5
2026-09-23 22:38:07,MLLB_000_y1.0.3,GREEN,v4_green_MLLB_000_y103_0923,3.0,3.0,7,100,32,kaba,True,,20.0,6.0,18.0,982.0,1002.0,8.499,100.684,11.846,0.1369,True,,False,FLAS,935.0,3.0,4.5
2026-09-23 22:38:26,MLLB_000_y1.0.3,GREEN,v4_green_MLLB_000_y103_0923,3.0,3.0,7,100,25,ince,True,,122.0,82.0,66.0,880.0,1002.0,1.097,12.995,11.851,0.1355,True,,False,ON,935.0,3.0,4.5
2026-09-23 22:38:44,MLLB_000_y1.0.3,GREEN,v4_green_MLLB_000_y103_0923,3.0,3.0,7,100,26,ince,True,,102.0,100.0,50.0,900.0,1002.0,1.095,12.995,11.863,0.1357,True,,False,ON,935.0,3.0,4.5
2026-09-23 22:39:02,MLLB_000_y1.0.3,GREEN,v4_green_MLLB_000_y103_0923,3.0,3.0,7,100,27,ince,True,,86.0,108.0,30.0,916.0,1002.0,1.099,12.995,11.825,0.134,True,,False,ON,935.0,3.0,4.5
2026-09-23 22:39:20,MLLB_000_y1.0.3,GREEN,v4_green_MLLB_000_y103_0923,3.0,3.0,7,100,29,ince,True,,46.0,128.0,22.0,956.0,1002.0,1.094,12.954,11.839,0.1384,True,,True,,935.0,3.0,4.5
2026-09-23 22:39:38,MLLB_000_y1.0.3,GREEN,v4_green_MLLB_000_y103_0923,3.0,3.0,7,100,30,ince,True,,30.0,22.0,18.0,972.0,1002.0,3.136,37.162,11.852,0.1394,True,,False,FLAS,935.0,3.0,4.5
2026-09-23 22:39:56,MLLB_000_y1.0.3,GREEN,v4_green_MLLB_000_y103_0923,3.0,3.0,7,100,31,ince,True,,22.0,10.0,18.0,980.0,1002.0,6.834,81.152,11.874,0.1361,True,,False,FLAS,935.0,3.0,4.5
2026-09-23 22:39:56,MLLB_000_y1.0.3,GREEN,v4_green_MLLB_000_y103_0923,3.0,3.0,7,100,,bitti,False,,,,,,,,,,,,,,,935.0,3.0,4.5
2026-09-23 22:40:14,MLLB_000_y1.0.3,GREEN,v4_green_MLLB_000_y103_0923,3.0,3.0,7,80,12,kaba,True,,378.0,164.0,322.0,624.0,1002.0,1.119,12.995,11.61,0.1324,True,,False,ON,935.0,3.0,4.5
2026-09-23 22:40:32,MLLB_000_y1.0.3,GREEN,v4_green_MLLB_000_y103_0923,3.0,3.0,7,80,16,kaba,True,,326.0,104.0,258.0,676.0,1002.0,1.114,12.995,11.664,0.1336,True,,False,ON,935.0,3.0,4.5
2026-09-23 22:40:50,MLLB_000_y1.0.3,GREEN,v4_green_MLLB_000_y103_0923,3.0,3.0,7,80,20,kaba,True,,266.0,92.0,214.0,736.0,1002.0,1.108,12.995,11.733,0.1322,True,,False,ON,935.0,3.0,4.5
2026-09-23 22:41:08,MLLB_000_y1.0.3,GREEN,v4_green_MLLB_000_y103_0923,3.0,3.0,7,80,24,kaba,True,,214.0,80.0,158.0,788.0,1002.0,1.101,12.995,11.799,0.1338,True,,False,ON,935.0,3.0,4.5
2026-09-23 22:41:26,MLLB_000_y1.0.3,GREEN,v4_green_MLLB_000_y103_0923,3.0,3.0,7,80,28,kaba,True,,158.0,106.0,94.0,844.0,1002.0,1.099,12.995,11.825,0.1334,True,,False,ON,935.0,3.0,4.5
2026-09-23 22:41:44,MLLB_000_y1.0.3,GREEN,v4_green_MLLB_000_y103_0923,3.0,3.0,7,80,32,kaba,True,,98.0,98.0,46.0,904.0,1002.0,1.095,12.995,11.863,0.1322,True,,False,ON,935.0,3.0,4.5
2026-09-23 22:41:58,MLLB_000_y1.0.3,GREEN,v4_green_MLLB_000_y103_0923,3.0,3.0,7,80,36,kaba,True,,38.0,24.0,22.0,964.0,1002.0,2.393,28.337,11.843,0.133,True,,True,,935.0,3.0,4.5
2026-09-23 22:42:13,MLLB_000_y1.0.3,GREEN,v4_green_MLLB_000_y103_0923,3.0,3.0,7,80,40,kaba,True,,28.0,6.0,24.0,974.0,1002.0,9.23,109.345,11.846,0.134,True,,False,FLAS,935.0,3.0,4.5
2026-09-23 22:42:32,MLLB_000_y1.0.3,GREEN,v4_green_MLLB_000_y103_0923,3.0,3.0,7,80,33,ince,True,,86.0,152.0,36.0,916.0,1002.0,1.095,12.949,11.828,0.1348,True,,False,ON,935.0,3.0,4.5
2026-09-23 22:42:49,MLLB_000_y1.0.3,GREEN,v4_green_MLLB_000_y103_0923,3.0,3.0,7,80,34,ince,True,,70.0,58.0,34.0,932.0,1002.0,1.097,13.003,11.856,0.133,True,,False,ON,935.0,3.0,4.5
2026-09-23 22:43:07,MLLB_000_y1.0.3,GREEN,v4_green_MLLB_000_y103_0923,3.0,3.0,7,80,35,ince,True,,48.0,126.0,22.0,954.0,1002.0,1.096,12.995,11.852,0.132,True,,True,,935.0,3.0,4.5
2026-09-23 22:43:26,MLLB_000_y1.0.3,GREEN,v4_green_MLLB_000_y103_0923,3.0,3.0,7,80,37,ince,True,,32.0,20.0,22.0,970.0,1002.0,4.654,55.17,11.856,0.1345,True,,False,FLAS,935.0,3.0,4.5
2026-09-23 22:43:44,MLLB_000_y1.0.3,GREEN,v4_green_MLLB_000_y103_0923,3.0,3.0,7,80,38,ince,True,,28.0,10.0,22.0,974.0,1002.0,7.498,88.736,11.835,0.1334,True,,False,FLAS,935.0,3.0,4.5
2026-09-23 22:44:02,MLLB_000_y1.0.3,GREEN,v4_green_MLLB_000_y103_0923,3.0,3.0,7,80,39,ince,True,,28.0,8.0,22.0,974.0,1002.0,8.493,100.684,11.855,0.1333,True,,False,FLAS,935.0,3.0,4.5
2026-09-23 22:44:02,MLLB_000_y1.0.3,GREEN,v4_green_MLLB_000_y103_0923,3.0,3.0,7,80,,bitti,False,,,,,,,,,,,,,,,935.0,3.0,4.5
2026-09-23 22:44:20,MLLB_000_y1.0.3,GREEN,v4_green_MLLB_000_y103_0923,3.0,3.0,7,60,12,kaba,True,,418.0,94.0,360.0,584.0,1002.0,1.115,12.903,11.572,0.1384,True,,False,ON,935.0,3.0,4.5
2026-09-23 22:44:38,MLLB_000_y1.0.3,GREEN,v4_green_MLLB_000_y103_0923,3.0,3.0,7,60,16,kaba,True,,374.0,94.0,314.0,628.0,1002.0,1.117,12.995,11.63,0.1319,True,,False,ON,935.0,3.0,4.5
2026-09-23 22:44:56,MLLB_000_y1.0.3,GREEN,v4_green_MLLB_000_y103_0923,3.0,3.0,7,60,20,kaba,True,,338.0,84.0,282.0,664.0,1002.0,1.116,12.995,11.642,0.1333,True,,False,ON,935.0,3.0,4.5
2026-09-23 22:45:14,MLLB_000_y1.0.3,GREEN,v4_green_MLLB_000_y103_0923,3.0,3.0,7,60,24,kaba,True,,294.0,112.0,234.0,708.0,1002.0,1.11,12.995,11.708,0.1372,True,,False,ON,935.0,3.0,4.5
2026-09-23 22:45:32,MLLB_000_y1.0.3,GREEN,v4_green_MLLB_000_y103_0923,3.0,3.0,7,60,28,kaba,True,,254.0,82.0,196.0,748.0,1002.0,1.098,12.909,11.754,0.1362,True,,False,ON,935.0,3.0,4.5
2026-09-23 22:45:46,MLLB_000_y1.0.3,GREEN,v4_green_MLLB_000_y103_0923,3.0,3.0,7,60,32,kaba,True,,212.0,102.0,160.0,790.0,1002.0,1.104,12.995,11.769,0.137,True,,False,ON,935.0,3.0,4.5
2026-09-23 22:46:01,MLLB_000_y1.0.3,GREEN,v4_green_MLLB_000_y103_0923,3.0,3.0,7,60,36,kaba,True,,172.0,88.0,110.0,830.0,1002.0,1.102,12.995,11.796,0.1327,True,,False,ON,935.0,3.0,4.5
2026-09-23 22:46:20,MLLB_000_y1.0.3,GREEN,v4_green_MLLB_000_y103_0923,3.0,3.0,7,60,40,kaba,True,,130.0,110.0,76.0,872.0,1002.0,1.092,12.92,11.829,0.1356,True,,False,ON,935.0,3.0,4.5
2026-09-23 22:46:38,MLLB_000_y1.0.3,GREEN,v4_green_MLLB_000_y103_0923,3.0,3.0,7,60,44,kaba,True,,90.0,56.0,46.0,912.0,1002.0,1.097,12.995,11.847,0.138,True,,False,ON,935.0,3.0,4.5
2026-09-23 22:46:56,MLLB_000_y1.0.3,GREEN,v4_green_MLLB_000_y103_0923,3.0,3.0,7,60,48,kaba,True,,46.0,24.0,34.0,956.0,1002.0,3.262,38.639,11.845,0.1385,True,,False,FLAS,935.0,3.0,4.5
2026-09-23 22:47:13,MLLB_000_y1.0.3,GREEN,v4_green_MLLB_000_y103_0923,3.0,3.0,7,60,50,kaba,True,,40.0,10.0,34.0,962.0,1002.0,6.788,80.408,11.846,0.1356,True,,False,FLAS,935.0,3.0,4.5
2026-09-23 22:47:32,MLLB_000_y1.0.3,GREEN,v4_green_MLLB_000_y103_0923,3.0,3.0,7,60,45,ince,True,,74.0,70.0,40.0,928.0,1002.0,1.096,12.995,11.855,0.1359,True,,False,ON,935.0,3.0,4.5
2026-09-23 22:47:46,MLLB_000_y1.0.3,GREEN,v4_green_MLLB_000_y103_0923,3.0,3.0,7,60,46,ince,True,,62.0,82.0,34.0,940.0,1002.0,1.098,12.995,11.839,0.1343,True,,True,,935.0,3.0,4.5
2026-09-23 22:48:04,MLLB_000_y1.0.3,GREEN,v4_green_MLLB_000_y103_0923,3.0,3.0,7,60,47,ince,True,,54.0,28.0,34.0,948.0,1002.0,1.191,14.15,11.884,0.1334,True,,True,,935.0,3.0,4.5
2026-09-23 22:48:04,MLLB_000_y1.0.3,GREEN,v4_green_MLLB_000_y103_0923,3.0,3.0,7,60,,bitti,False,,,,,,,,,,,,,,,935.0,3.0,4.5
2026-09-23 22:48:30,MLLB_000_y1.0.3,GREEN,v4_green_MLLB_000_y103_0923,3.0,3.0,8,100,12,kaba,True,,290.0,74.0,244.0,712.0,1002.0,1.104,15.936,14.436,0.1566,True,,False,ON,935.0,3.0,4.5
2026-09-23 22:48:48,MLLB_000_y1.0.3,GREEN,v4_green_MLLB_000_y103_0923,3.0,3.0,8,100,16,kaba,True,,234.0,74.0,184.0,768.0,1002.0,1.128,15.844,14.052,0.1549,True,,False,ON,935.0,3.0,4.5
2026-09-23 22:49:06,MLLB_000_y1.0.3,GREEN,v4_green_MLLB_000_y103_0923,3.0,3.0,8,100,20,kaba,True,,182.0,78.0,128.0,820.0,1002.0,1.135,16.027,14.118,0.1557,True,,False,ON,935.0,3.0,4.5
2026-09-23 22:49:24,MLLB_000_y1.0.3,GREEN,v4_green_MLLB_000_y103_0923,3.0,3.0,8,100,24,kaba,True,,122.0,76.0,74.0,880.0,1002.0,1.126,15.952,14.163,0.1556,True,,False,ON,935.0,3.0,4.5
2026-09-23 22:49:42,MLLB_000_y1.0.3,GREEN,v4_green_MLLB_000_y103_0923,3.0,3.0,8,100,28,kaba,True,,60.0,76.0,30.0,942.0,1002.0,1.129,16.02,14.188,0.157,True,,True,,935.0,3.0,4.5
2026-09-23 22:50:00,MLLB_000_y1.0.3,GREEN,v4_green_MLLB_000_y103_0923,3.0,3.0,8,100,32,kaba,True,,22.0,6.0,18.0,980.0,1002.0,7.101,100.684,14.179,0.1568,True,,False,FLAS,935.0,3.0,4.5
2026-09-23 22:50:18,MLLB_000_y1.0.3,GREEN,v4_green_MLLB_000_y103_0923,3.0,3.0,8,100,25,ince,True,,106.0,82.0,62.0,896.0,1002.0,1.123,15.938,14.192,0.1564,True,,False,ON,935.0,3.0,4.5
2026-09-23 22:50:32,MLLB_000_y1.0.3,GREEN,v4_green_MLLB_000_y103_0923,3.0,3.0,8,100,26,ince,True,,88.0,110.0,46.0,914.0,1002.0,1.132,16.033,14.16,0.1564,True,,False,ON,935.0,3.0,4.5
2026-09-23 22:50:47,MLLB_000_y1.0.3,GREEN,v4_green_MLLB_000_y103_0923,3.0,3.0,8,100,27,ince,True,,78.0,80.0,34.0,924.0,1002.0,1.099,15.928,14.489,0.1564,True,,False,ON,935.0,3.0,4.5
2026-09-23 22:51:06,MLLB_000_y1.0.3,GREEN,v4_green_MLLB_000_y103_0923,3.0,3.0,8,100,29,ince,True,,46.0,56.0,18.0,956.0,1002.0,1.12,15.88,14.173,0.1531,True,,True,,935.0,3.0,4.5
2026-09-23 22:51:24,MLLB_000_y1.0.3,GREEN,v4_green_MLLB_000_y103_0923,3.0,3.0,8,100,30,ince,True,,36.0,28.0,18.0,966.0,1002.0,2.598,36.851,14.182,0.1559,True,,True,,935.0,3.0,4.5
2026-09-23 22:51:38,MLLB_000_y1.0.3,GREEN,v4_green_MLLB_000_y103_0923,3.0,3.0,8,100,31,ince,True,,24.0,14.0,18.0,978.0,1002.0,5.605,79.277,14.145,0.154,True,,False,FLAS,935.0,3.0,4.5
2026-09-23 22:51:39,MLLB_000_y1.0.3,GREEN,v4_green_MLLB_000_y103_0923,3.0,3.0,8,100,,bitti,False,,,,,,,,,,,,,,,935.0,3.0,4.5
2026-09-23 22:51:58,MLLB_000_y1.0.3,GREEN,v4_green_MLLB_000_y103_0923,3.0,3.0,8,80,12,kaba,True,,322.0,82.0,268.0,680.0,1002.0,1.109,15.986,14.413,0.1547,True,,False,ON,935.0,3.0,4.5
2026-09-23 22:52:12,MLLB_000_y1.0.3,GREEN,v4_green_MLLB_000_y103_0923,3.0,3.0,8,80,16,kaba,True,,278.0,76.0,234.0,724.0,1002.0,1.161,16.264,14.014,0.1584,True,,False,ON,935.0,3.0,4.5
2026-09-23 22:52:27,MLLB_000_y1.0.3,GREEN,v4_green_MLLB_000_y103_0923,3.0,3.0,8,80,20,kaba,True,,230.0,80.0,178.0,772.0,1002.0,1.132,15.915,14.065,0.1556,True,,False,ON,935.0,3.0,4.5
2026-09-23 22:52:42,MLLB_000_y1.0.3,GREEN,v4_green_MLLB_000_y103_0923,3.0,3.0,8,80,24,kaba,True,,182.0,102.0,128.0,820.0,1002.0,1.131,15.962,14.111,0.1559,True,,False,ON,935.0,3.0,4.5
2026-09-23 22:52:57,MLLB_000_y1.0.3,GREEN,v4_green_MLLB_000_y103_0923,3.0,3.0,8,80,28,kaba,True,,138.0,74.0,90.0,864.0,1002.0,1.132,16.032,14.158,0.1556,True,,False,ON,935.0,3.0,4.5
2026-09-23 22:53:16,MLLB_000_y1.0.3,GREEN,v4_green_MLLB_000_y103_0923,3.0,3.0,8,80,32,kaba,True,,86.0,94.0,46.0,916.0,1002.0,1.116,15.835,14.187,0.1527,True,,False,ON,935.0,3.0,4.5
2026-09-23 22:53:34,MLLB_000_y1.0.3,GREEN,v4_green_MLLB_000_y103_0923,3.0,3.0,8,80,36,kaba,True,,42.0,28.0,22.0,960.0,1002.0,1.837,26.02,14.166,0.1535,True,,True,,935.0,3.0,4.5
2026-09-23 22:53:52,MLLB_000_y1.0.3,GREEN,v4_green_MLLB_000_y103_0923,3.0,3.0,8,80,40,kaba,True,,28.0,10.0,22.0,974.0,1002.0,7.749,109.721,14.159,0.153,True,,False,FLAS,935.0,3.0,4.5
2026-09-23 22:54:10,MLLB_000_y1.0.3,GREEN,v4_green_MLLB_000_y103_0923,3.0,3.0,8,80,33,ince,True,,82.0,84.0,38.0,920.0,1002.0,1.129,15.985,14.164,0.1526,True,,False,ON,935.0,3.0,4.5
2026-09-23 22:54:28,MLLB_000_y1.0.3,GREEN,v4_green_MLLB_000_y103_0923,3.0,3.0,8,80,34,ince,True,,62.0,96.0,30.0,940.0,1002.0,1.129,15.985,14.165,0.1533,True,,True,,935.0,3.0,4.5
2026-09-23 22:54:46,MLLB_000_y1.0.3,GREEN,v4_green_MLLB_000_y103_0923,3.0,3.0,8,80,35,ince,True,,50.0,68.0,26.0,952.0,1002.0,1.131,16.033,14.173,0.1539,True,,True,,935.0,3.0,4.5
2026-09-23 22:55:04,MLLB_000_y1.0.3,GREEN,v4_green_MLLB_000_y103_0923,3.0,3.0,8,80,37,ince,True,,34.0,22.0,22.0,968.0,1002.0,3.881,55.004,14.171,0.1557,True,,False,FLAS,935.0,3.0,4.5
2026-09-23 22:55:22,MLLB_000_y1.0.3,GREEN,v4_green_MLLB_000_y103_0923,3.0,3.0,8,80,38,ince,True,,30.0,12.0,24.0,972.0,1002.0,6.151,87.155,14.17,0.1565,True,,False,FLAS,935.0,3.0,4.5
2026-09-23 22:55:40,MLLB_000_y1.0.3,GREEN,v4_green_MLLB_000_y103_0923,3.0,3.0,8,80,39,ince,True,,28.0,10.0,22.0,974.0,1002.0,7.101,100.684,14.18,0.1536,True,,False,FLAS,935.0,3.0,4.5
2026-09-23 22:55:40,MLLB_000_y1.0.3,GREEN,v4_green_MLLB_000_y103_0923,3.0,3.0,8,80,,bitti,False,,,,,,,,,,,,,,,935.0,3.0,4.5
2026-09-23 22:55:58,MLLB_000_y1.0.3,GREEN,v4_green_MLLB_000_y103_0923,3.0,3.0,8,60,12,kaba,True,,350.0,68.0,306.0,652.0,1002.0,1.139,15.891,13.947,0.1524,True,,False,ON,935.0,3.0,4.5
2026-09-23 22:56:16,MLLB_000_y1.0.3,GREEN,v4_green_MLLB_000_y103_0923,3.0,3.0,8,60,16,kaba,True,,318.0,84.0,270.0,684.0,1002.0,1.141,15.938,13.969,0.1556,True,,False,ON,935.0,3.0,4.5
2026-09-23 22:56:34,MLLB_000_y1.0.3,GREEN,v4_green_MLLB_000_y103_0923,3.0,3.0,8,60,20,kaba,True,,286.0,90.0,240.0,716.0,1002.0,1.141,15.985,14.013,0.1539,True,,False,ON,935.0,3.0,4.5
2026-09-23 22:56:52,MLLB_000_y1.0.3,GREEN,v4_green_MLLB_000_y103_0923,3.0,3.0,8,60,24,kaba,True,,254.0,88.0,186.0,748.0,1002.0,1.136,15.938,14.026,0.1538,True,,False,ON,935.0,3.0,4.5
2026-09-23 22:57:10,MLLB_000_y1.0.3,GREEN,v4_green_MLLB_000_y103_0923,3.0,3.0,8,60,28,kaba,True,,222.0,84.0,170.0,780.0,1002.0,1.139,16.032,14.076,0.1597,True,,False,ON,935.0,3.0,4.5
2026-09-23 22:57:28,MLLB_000_y1.0.3,GREEN,v4_green_MLLB_000_y103_0923,3.0,3.0,8,60,32,kaba,True,,186.0,82.0,140.0,816.0,1002.0,1.138,16.07,14.125,0.1567,True,,False,ON,935.0,3.0,4.5
2026-09-23 22:57:46,MLLB_000_y1.0.3,GREEN,v4_green_MLLB_000_y103_0923,3.0,3.0,8,60,36,kaba,True,,154.0,78.0,100.0,848.0,1002.0,1.136,16.063,14.141,0.1577,True,,False,ON,935.0,3.0,4.5
2026-09-23 22:58:04,MLLB_000_y1.0.3,GREEN,v4_green_MLLB_000_y103_0923,3.0,3.0,8,60,40,kaba,True,,118.0,96.0,70.0,884.0,1002.0,1.136,16.08,14.158,0.1567,True,,False,ON,935.0,3.0,4.5
2026-09-23 22:58:22,MLLB_000_y1.0.3,GREEN,v4_green_MLLB_000_y103_0923,3.0,3.0,8,60,44,kaba,True,,82.0,92.0,42.0,920.0,1002.0,1.123,15.891,14.153,0.1554,True,,False,ON,935.0,3.0,4.5
2026-09-23 22:58:40,MLLB_000_y1.0.3,GREEN,v4_green_MLLB_000_y103_0923,3.0,3.0,8,60,48,kaba,True,,50.0,24.0,34.0,952.0,1002.0,2.65,37.531,14.163,0.1565,True,,True,,935.0,3.0,4.5
2026-09-23 22:58:58,MLLB_000_y1.0.3,GREEN,v4_green_MLLB_000_y103_0923,3.0,3.0,8,60,50,kaba,True,,42.0,14.0,34.0,960.0,1002.0,5.626,79.652,14.157,0.1579,True,,False,FLAS,935.0,3.0,4.5
2026-09-23 22:59:16,MLLB_000_y1.0.3,GREEN,v4_green_MLLB_000_y103_0923,3.0,3.0,8,60,45,ince,True,,78.0,120.0,38.0,924.0,1002.0,1.129,15.985,14.16,0.1568,True,,False,ON,935.0,3.0,4.5
2026-09-23 22:59:34,MLLB_000_y1.0.3,GREEN,v4_green_MLLB_000_y103_0923,3.0,3.0,8,60,46,ince,True,,66.0,96.0,38.0,936.0,1002.0,1.125,15.938,14.163,0.1587,True,,True,,935.0,3.0,4.5
2026-09-23 22:59:52,MLLB_000_y1.0.3,GREEN,v4_green_MLLB_000_y103_0923,3.0,3.0,8,60,47,ince,True,,56.0,48.0,34.0,946.0,1002.0,1.131,16.013,14.162,0.1569,True,,True,,935.0,3.0,4.5
2026-09-23 23:00:10,MLLB_000_y1.0.3,GREEN,v4_green_MLLB_000_y103_0923,3.0,3.0,8,60,49,ince,True,,46.0,20.0,34.0,956.0,1002.0,3.838,54.282,14.145,0.1569,True,,False,FLAS,935.0,3.0,4.5
2026-09-23 23:00:10,MLLB_000_y1.0.3,GREEN,v4_green_MLLB_000_y103_0923,3.0,3.0,8,60,,bitti,False,,,,,,,,,,,,,,,935.0,3.0,4.5
2026-09-23 23:00:36,MLLB_000_y1.0.3,GREEN,v4_green_MLLB_000_y103_0923,3.0,3.0,10,100,12,kaba,True,,228.0,56.0,194.0,774.0,1002.0,1.063,20.354,19.156,0.1984,True,,False,ON,935.0,3.0,4.5
2026-09-23 23:00:54,MLLB_000_y1.0.3,GREEN,v4_green_MLLB_000_y103_0923,3.0,3.0,10,100,16,kaba,True,,186.0,60.0,146.0,816.0,1002.0,1.093,20.364,18.631,0.2003,True,,False,ON,935.0,3.0,4.5
2026-09-23 23:01:12,MLLB_000_y1.0.3,GREEN,v4_green_MLLB_000_y103_0923,3.0,3.0,10,100,20,kaba,True,,142.0,58.0,104.0,860.0,1002.0,1.089,20.364,18.692,0.1966,True,,False,ON,935.0,3.0,4.5
2026-09-23 23:01:30,MLLB_000_y1.0.3,GREEN,v4_green_MLLB_000_y103_0923,3.0,3.0,10,100,24,kaba,True,,102.0,60.0,62.0,900.0,1002.0,1.087,20.364,18.736,0.1989,True,,False,ON,935.0,3.0,4.5
2026-09-23 23:01:48,MLLB_000_y1.0.3,GREEN,v4_green_MLLB_000_y103_0923,3.0,3.0,10,100,28,kaba,True,,56.0,48.0,26.0,946.0,1002.0,1.089,20.412,18.752,0.1988,True,,True,,935.0,3.0,4.5
2026-09-23 23:02:06,MLLB_000_y1.0.3,GREEN,v4_green_MLLB_000_y103_0923,3.0,3.0,10,100,32,kaba,True,,24.0,10.0,18.0,978.0,1002.0,5.342,100.005,18.721,0.1989,True,,False,FLAS,935.0,3.0,4.5
2026-09-23 23:02:24,MLLB_000_y1.0.3,GREEN,v4_green_MLLB_000_y103_0923,3.0,3.0,10,100,36,kaba,True,,24.0,8.0,18.0,978.0,1002.0,8.279,155.116,18.736,0.1982,True,,False,FLAS,935.0,3.0,4.5
2026-09-23 23:02:38,MLLB_000_y1.0.3,GREEN,v4_green_MLLB_000_y103_0923,3.0,3.0,10,100,25,ince,True,,90.0,48.0,58.0,912.0,1002.0,1.088,20.364,18.722,0.1953,True,,False,ON,935.0,3.0,4.5
2026-09-23 23:02:56,MLLB_000_y1.0.3,GREEN,v4_green_MLLB_000_y103_0923,3.0,3.0,10,100,26,ince,True,,78.0,48.0,50.0,924.0,1002.0,1.087,20.383,18.75,0.1984,True,,False,ON,935.0,3.0,4.5
2026-09-23 23:03:14,MLLB_000_y1.0.3,GREEN,v4_green_MLLB_000_y103_0923,3.0,3.0,10,100,27,ince,True,,70.0,54.0,34.0,932.0,1002.0,1.089,20.392,18.729,0.1986,True,,False,ON,935.0,3.0,4.5
2026-09-23 23:03:32,MLLB_000_y1.0.3,GREEN,v4_green_MLLB_000_y103_0923,3.0,3.0,10,100,29,ince,True,,46.0,40.0,22.0,956.0,1002.0,1.086,20.364,18.755,0.1994,True,,True,,935.0,3.0,4.5
2026-09-23 23:03:50,MLLB_000_y1.0.3,GREEN,v4_green_MLLB_000_y103_0923,3.0,3.0,10,100,30,ince,True,,36.0,26.0,18.0,966.0,1002.0,1.998,37.422,18.732,0.1957,True,,True,,935.0,3.0,4.5
2026-09-23 23:04:08,MLLB_000_y1.0.3,GREEN,v4_green_MLLB_000_y103_0923,3.0,3.0,10,100,31,ince,True,,30.0,20.0,18.0,972.0,1002.0,4.25,79.652,18.74,0.1974,True,,False,FLAS,935.0,3.0,4.5
2026-09-23 23:04:08,MLLB_000_y1.0.3,GREEN,v4_green_MLLB_000_y103_0923,3.0,3.0,10,100,,bitti,False,,,,,,,,,,,,,,,935.0,3.0,4.5
2026-09-23 23:04:26,MLLB_000_y1.0.3,GREEN,v4_green_MLLB_000_y103_0923,3.0,3.0,10,80,12,kaba,True,,248.0,52.0,210.0,754.0,1002.0,1.099,20.364,18.533,0.1951,True,,False,ON,935.0,3.0,4.5
2026-09-23 23:04:44,MLLB_000_y1.0.3,GREEN,v4_green_MLLB_000_y103_0923,3.0,3.0,10,80,16,kaba,True,,218.0,52.0,182.0,784.0,1002.0,1.094,20.364,18.613,0.194,True,,False,ON,935.0,3.0,4.5
2026-09-23 23:05:02,MLLB_000_y1.0.3,GREEN,v4_green_MLLB_000_y103_0923,3.0,3.0,10,80,20,kaba,True,,180.0,82.0,150.0,822.0,1002.0,1.092,20.364,18.644,0.1965,True,,False,ON,935.0,3.0,4.5
2026-09-23 23:05:20,MLLB_000_y1.0.3,GREEN,v4_green_MLLB_000_y103_0923,3.0,3.0,10,80,24,kaba,True,,152.0,86.0,112.0,852.0,1004.0,1.087,20.316,18.691,0.199,True,,False,ON,935.0,3.0,4.5
2026-09-23 23:05:38,MLLB_000_y1.0.3,GREEN,v4_green_MLLB_000_y103_0923,3.0,3.0,10,80,28,kaba,True,,114.0,64.0,82.0,888.0,1002.0,1.088,20.364,18.713,0.1973,True,,False,ON,935.0,3.0,4.5
2026-09-23 23:05:56,MLLB_000_y1.0.3,GREEN,v4_green_MLLB_000_y103_0923,3.0,3.0,10,80,32,kaba,True,,78.0,58.0,42.0,924.0,1002.0,1.086,20.364,18.751,0.2012,True,,False,ON,935.0,3.0,4.5
2026-09-23 23:06:14,MLLB_000_y1.0.3,GREEN,v4_green_MLLB_000_y103_0923,3.0,3.0,10,80,36,kaba,True,,44.0,30.0,24.0,958.0,1002.0,1.336,25.034,18.74,0.1954,True,,True,,935.0,3.0,4.5
2026-09-23 23:06:32,MLLB_000_y1.0.3,GREEN,v4_green_MLLB_000_y103_0923,3.0,3.0,10,80,40,kaba,True,,30.0,10.0,24.0,972.0,1002.0,5.896,110.475,18.739,0.1931,True,,False,FLAS,935.0,3.0,4.5
2026-09-23 23:06:50,MLLB_000_y1.0.3,GREEN,v4_green_MLLB_000_y103_0923,3.0,3.0,10,80,44,kaba,True,,30.0,10.0,22.0,972.0,1002.0,7.754,145.251,18.732,0.1953,True,,False,FLAS,935.0,3.0,4.5
2026-09-23 23:07:08,MLLB_000_y1.0.3,GREEN,v4_green_MLLB_000_y103_0923,3.0,3.0,10,80,33,ince,True,,70.0,68.0,38.0,932.0,1002.0,1.087,20.364,18.736,0.193,True,,False,ON,935.0,3.0,4.5
2026-09-23 23:07:22,MLLB_000_y1.0.3,GREEN,v4_green_MLLB_000_y103_0923,3.0,3.0,10,80,34,ince,True,,62.0,54.0,34.0,940.0,1002.0,1.088,20.364,18.726,0.196,True,,True,,935.0,3.0,4.5
2026-09-23 23:07:40,MLLB_000_y1.0.3,GREEN,v4_green_MLLB_000_y103_0923,3.0,3.0,10,80,35,ince,True,,50.0,44.0,26.0,952.0,1002.0,1.087,20.369,18.732,0.1965,True,,True,,935.0,3.0,4.5
2026-09-23 23:07:54,MLLB_000_y1.0.3,GREEN,v4_green_MLLB_000_y103_0923,3.0,3.0,10,80,37,ince,True,,38.0,24.0,24.0,964.0,1002.0,2.944,55.115,18.723,0.1939,True,,True,,935.0,3.0,4.5
2026-09-23 23:08:12,MLLB_000_y1.0.3,GREEN,v4_green_MLLB_000_y103_0923,3.0,3.0,10,80,38,ince,True,,34.0,20.0,24.0,968.0,1002.0,4.587,88.331,19.255,0.1935,True,,False,FLAS,935.0,3.0,4.5
2026-09-23 23:08:30,MLLB_000_y1.0.3,GREEN,v4_green_MLLB_000_y103_0923,3.0,3.0,10,80,39,ince,True,,32.0,12.0,24.0,970.0,1002.0,5.373,100.684,18.74,0.1922,True,,False,FLAS,935.0,3.0,4.5
2026-09-23 23:08:30,MLLB_000_y1.0.3,GREEN,v4_green_MLLB_000_y103_0923,3.0,3.0,10,80,,bitti,False,,,,,,,,,,,,,,,935.0,3.0,4.5
2026-09-23 23:08:48,MLLB_000_y1.0.3,GREEN,v4_green_MLLB_000_y103_0923,3.0,3.0,10,60,12,kaba,True,,274.0,54.0,234.0,728.0,1002.0,1.1,20.412,18.548,0.1946,True,,False,ON,935.0,3.0,4.5
2026-09-23 23:09:06,MLLB_000_y1.0.3,GREEN,v4_green_MLLB_000_y103_0923,3.0,3.0,10,60,16,kaba,True,,244.0,58.0,208.0,758.0,1002.0,1.098,20.412,18.592,0.1952,True,,False,ON,935.0,3.0,4.5
2026-09-23 23:09:24,MLLB_000_y1.0.3,GREEN,v4_green_MLLB_000_y103_0923,3.0,3.0,10,60,20,kaba,True,,226.0,56.0,190.0,776.0,1002.0,1.096,20.364,18.577,0.1935,True,,False,ON,935.0,3.0,4.5
2026-09-23 23:09:42,MLLB_000_y1.0.3,GREEN,v4_green_MLLB_000_y103_0923,3.0,3.0,10,60,24,kaba,True,,198.0,56.0,162.0,804.0,1002.0,1.095,20.379,18.612,0.193,True,,False,ON,935.0,3.0,4.5
2026-09-23 23:10:00,MLLB_000_y1.0.3,GREEN,v4_green_MLLB_000_y103_0923,3.0,3.0,10,60,28,kaba,True,,176.0,60.0,142.0,826.0,1002.0,1.094,20.412,18.667,0.1938,True,,False,ON,935.0,3.0,4.5
2026-09-23 23:10:14,MLLB_000_y1.0.3,GREEN,v4_green_MLLB_000_y103_0923,3.0,3.0,10,60,32,kaba,True,,152.0,52.0,118.0,850.0,1002.0,1.089,20.364,18.693,0.1969,True,,False,ON,935.0,3.0,4.5
2026-09-23 23:10:32,MLLB_000_y1.0.3,GREEN,v4_green_MLLB_000_y103_0923,3.0,3.0,10,60,36,kaba,True,,126.0,70.0,90.0,876.0,1002.0,1.089,20.387,18.722,0.1968,True,,False,ON,935.0,3.0,4.5
2026-09-23 23:10:50,MLLB_000_y1.0.3,GREEN,v4_green_MLLB_000_y103_0923,3.0,3.0,10,60,40,kaba,True,,102.0,54.0,64.0,900.0,1002.0,1.087,20.364,18.734,0.1947,True,,False,ON,935.0,3.0,4.5
2026-09-23 23:11:04,MLLB_000_y1.0.3,GREEN,v4_green_MLLB_000_y103_0923,3.0,3.0,10,60,44,kaba,True,,78.0,44.0,50.0,924.0,1002.0,1.089,20.397,18.723,0.1976,True,,False,ON,935.0,3.0,4.5
2026-09-23 23:11:22,MLLB_000_y1.0.3,GREEN,v4_green_MLLB_000_y103_0923,3.0,3.0,10,60,48,kaba,True,,52.0,26.0,34.0,950.0,1002.0,1.991,37.292,18.732,0.1965,True,,True,,935.0,3.0,4.5
2026-09-23 23:11:40,MLLB_000_y1.0.3,GREEN,v4_green_MLLB_000_y103_0923,3.0,3.0,10,60,50,kaba,True,,44.0,18.0,34.0,958.0,1002.0,4.219,79.041,18.734,0.199,True,,False,FLAS,935.0,3.0,4.5
2026-09-23 23:11:54,MLLB_000_y1.0.3,GREEN,v4_green_MLLB_000_y103_0923,3.0,3.0,10,60,45,ince,True,,70.0,70.0,44.0,932.0,1002.0,1.091,20.412,18.716,0.1982,True,,False,ON,935.0,3.0,4.5
2026-09-23 23:12:12,MLLB_000_y1.0.3,GREEN,v4_green_MLLB_000_y103_0923,3.0,3.0,10,60,46,ince,True,,66.0,54.0,38.0,936.0,1002.0,1.088,20.364,18.724,0.1985,True,,True,,935.0,3.0,4.5
2026-09-23 23:12:30,MLLB_000_y1.0.3,GREEN,v4_green_MLLB_000_y103_0923,3.0,3.0,10,60,47,ince,True,,58.0,76.0,34.0,944.0,1002.0,1.087,20.364,18.74,0.1973,True,,True,,935.0,3.0,4.5
2026-09-23 23:12:48,MLLB_000_y1.0.3,GREEN,v4_green_MLLB_000_y103_0923,3.0,3.0,10,60,49,ince,True,,50.0,22.0,34.0,952.0,1002.0,2.877,53.894,18.735,0.1972,True,,True,,935.0,3.0,4.5
2026-09-23 23:12:48,MLLB_000_y1.0.3,GREEN,v4_green_MLLB_000_y103_0923,3.0,3.0,10,60,,bitti,False,,,,,,,,,,,,,,,935.0,3.0,4.5
2026-09-23 23:13:14,MLLB_000_y1.0.3,GREEN,v4_green_MLLB_000_y103_0923,3.0,3.0,100,100,12,kaba,True,,38.0,32.0,18.0,964.0,1002.0,1.091,240.782,220.766,0.7774,True,,True,,935.0,3.0,4.5
2026-09-23 23:13:32,MLLB_000_y1.0.3,GREEN,v4_green_MLLB_000_y103_0923,3.0,3.0,100,100,16,kaba,True,,38.0,32.0,18.0,964.0,1002.0,1.093,240.782,220.349,0.7772,True,,True,,935.0,3.0,4.5
2026-09-23 23:13:50,MLLB_000_y1.0.3,GREEN,v4_green_MLLB_000_y103_0923,3.0,3.0,100,100,20,kaba,True,,38.0,34.0,18.0,964.0,1002.0,1.092,240.782,220.481,0.7772,True,,True,,935.0,3.0,4.5
2026-09-23 23:14:08,MLLB_000_y1.0.3,GREEN,v4_green_MLLB_000_y103_0923,3.0,3.0,100,100,24,kaba,True,,38.0,32.0,18.0,964.0,1002.0,1.092,240.782,220.459,0.7775,True,,True,,935.0,3.0,4.5
2026-09-23 23:14:26,MLLB_000_y1.0.3,GREEN,v4_green_MLLB_000_y103_0923,3.0,3.0,100,100,28,kaba,True,,38.0,32.0,18.0,964.0,1002.0,1.092,240.782,220.562,0.7783,True,,True,,935.0,3.0,4.5
2026-09-23 23:14:44,MLLB_000_y1.0.3,GREEN,v4_green_MLLB_000_y103_0923,3.0,3.0,100,100,32,kaba,True,,38.0,32.0,18.0,964.0,1002.0,1.092,240.782,220.403,0.777,True,,True,,935.0,3.0,4.5
2026-09-23 23:15:02,MLLB_000_y1.0.3,GREEN,v4_green_MLLB_000_y103_0923,3.0,3.0,100,100,36,kaba,True,,38.0,32.0,18.0,964.0,1002.0,1.092,240.857,220.616,0.7771,True,,True,,935.0,3.0,4.5
2026-09-23 23:15:20,MLLB_000_y1.0.3,GREEN,v4_green_MLLB_000_y103_0923,3.0,3.0,100,100,40,kaba,True,,38.0,32.0,18.0,964.0,1002.0,1.091,240.782,220.638,0.7777,True,,True,,935.0,3.0,4.5
2026-09-23 23:15:38,MLLB_000_y1.0.3,GREEN,v4_green_MLLB_000_y103_0923,3.0,3.0,100,100,44,kaba,True,,38.0,32.0,18.0,964.0,1002.0,1.091,240.782,220.729,0.777,True,,True,,935.0,3.0,4.5
2026-09-23 23:15:56,MLLB_000_y1.0.3,GREEN,v4_green_MLLB_000_y103_0923,3.0,3.0,100,100,48,kaba,True,,38.0,32.0,18.0,964.0,1002.0,1.091,240.782,220.71,0.7773,True,,True,,935.0,3.0,4.5
2026-09-23 23:16:14,MLLB_000_y1.0.3,GREEN,v4_green_MLLB_000_y103_0923,3.0,3.0,100,100,50,kaba,True,,38.0,32.0,18.0,964.0,1002.0,1.092,240.782,220.582,0.7773,True,,True,,935.0,3.0,4.5
2026-09-23 23:16:14,MLLB_000_y1.0.3,GREEN,v4_green_MLLB_000_y103_0923,3.0,3.0,100,100,13,ince,False,iki-OK-arasi-monotonluk,,,,,,,,,,,,True,,935.0,3.0,4.5
2026-09-23 23:16:14,MLLB_000_y1.0.3,GREEN,v4_green_MLLB_000_y103_0923,3.0,3.0,100,100,14,ince,False,iki-OK-arasi-monotonluk,,,,,,,,,,,,True,,935.0,3.0,4.5
2026-09-23 23:16:14,MLLB_000_y1.0.3,GREEN,v4_green_MLLB_000_y103_0923,3.0,3.0,100,100,15,ince,False,iki-OK-arasi-monotonluk,,,,,,,,,,,,True,,935.0,3.0,4.5
2026-09-23 23:16:14,MLLB_000_y1.0.3,GREEN,v4_green_MLLB_000_y103_0923,3.0,3.0,100,100,17,ince,False,iki-OK-arasi-monotonluk,,,,,,,,,,,,True,,935.0,3.0,4.5
2026-09-23 23:16:14,MLLB_000_y1.0.3,GREEN,v4_green_MLLB_000_y103_0923,3.0,3.0,100,100,18,ince,False,iki-OK-arasi-monotonluk,,,,,,,,,,,,True,,935.0,3.0,4.5
2026-09-23 23:16:14,MLLB_000_y1.0.3,GREEN,v4_green_MLLB_000_y103_0923,3.0,3.0,100,100,19,ince,False,iki-OK-arasi-monotonluk,,,,,,,,,,,,True,,935.0,3.0,4.5
2026-09-23 23:16:14,MLLB_000_y1.0.3,GREEN,v4_green_MLLB_000_y103_0923,3.0,3.0,100,100,21,ince,False,iki-OK-arasi-monotonluk,,,,,,,,,,,,True,,935.0,3.0,4.5
2026-09-23 23:16:14,MLLB_000_y1.0.3,GREEN,v4_green_MLLB_000_y103_0923,3.0,3.0,100,100,22,ince,False,iki-OK-arasi-monotonluk,,,,,,,,,,,,True,,935.0,3.0,4.5
2026-09-23 23:16:14,MLLB_000_y1.0.3,GREEN,v4_green_MLLB_000_y103_0923,3.0,3.0,100,100,23,ince,False,iki-OK-arasi-monotonluk,,,,,,,,,,,,True,,935.0,3.0,4.5
2026-09-23 23:16:14,MLLB_000_y1.0.3,GREEN,v4_green_MLLB_000_y103_0923,3.0,3.0,100,100,25,ince,False,iki-OK-arasi-monotonluk,,,,,,,,,,,,True,,935.0,3.0,4.5
2026-09-23 23:16:14,MLLB_000_y1.0.3,GREEN,v4_green_MLLB_000_y103_0923,3.0,3.0,100,100,26,ince,False,iki-OK-arasi-monotonluk,,,,,,,,,,,,True,,935.0,3.0,4.5
2026-09-23 23:16:14,MLLB_000_y1.0.3,GREEN,v4_green_MLLB_000_y103_0923,3.0,3.0,100,100,27,ince,False,iki-OK-arasi-monotonluk,,,,,,,,,,,,True,,935.0,3.0,4.5
2026-09-23 23:16:14,MLLB_000_y1.0.3,GREEN,v4_green_MLLB_000_y103_0923,3.0,3.0,100,100,29,ince,False,iki-OK-arasi-monotonluk,,,,,,,,,,,,True,,935.0,3.0,4.5
2026-09-23 23:16:14,MLLB_000_y1.0.3,GREEN,v4_green_MLLB_000_y103_0923,3.0,3.0,100,100,30,ince,False,iki-OK-arasi-monotonluk,,,,,,,,,,,,True,,935.0,3.0,4.5
2026-09-23 23:16:14,MLLB_000_y1.0.3,GREEN,v4_green_MLLB_000_y103_0923,3.0,3.0,100,100,31,ince,False,iki-OK-arasi-monotonluk,,,,,,,,,,,,True,,935.0,3.0,4.5
2026-09-23 23:16:14,MLLB_000_y1.0.3,GREEN,v4_green_MLLB_000_y103_0923,3.0,3.0,100,100,33,ince,False,iki-OK-arasi-monotonluk,,,,,,,,,,,,True,,935.0,3.0,4.5
2026-09-23 23:16:14,MLLB_000_y1.0.3,GREEN,v4_green_MLLB_000_y103_0923,3.0,3.0,100,100,34,ince,False,iki-OK-arasi-monotonluk,,,,,,,,,,,,True,,935.0,3.0,4.5
2026-09-23 23:16:14,MLLB_000_y1.0.3,GREEN,v4_green_MLLB_000_y103_0923,3.0,3.0,100,100,35,ince,False,iki-OK-arasi-monotonluk,,,,,,,,,,,,True,,935.0,3.0,4.5
2026-09-23 23:16:14,MLLB_000_y1.0.3,GREEN,v4_green_MLLB_000_y103_0923,3.0,3.0,100,100,37,ince,False,iki-OK-arasi-monotonluk,,,,,,,,,,,,True,,935.0,3.0,4.5
2026-09-23 23:16:14,MLLB_000_y1.0.3,GREEN,v4_green_MLLB_000_y103_0923,3.0,3.0,100,100,38,ince,False,iki-OK-arasi-monotonluk,,,,,,,,,,,,True,,935.0,3.0,4.5
2026-09-23 23:16:14,MLLB_000_y1.0.3,GREEN,v4_green_MLLB_000_y103_0923,3.0,3.0,100,100,39,ince,False,iki-OK-arasi-monotonluk,,,,,,,,,,,,True,,935.0,3.0,4.5
2026-09-23 23:16:14,MLLB_000_y1.0.3,GREEN,v4_green_MLLB_000_y103_0923,3.0,3.0,100,100,41,ince,False,iki-OK-arasi-monotonluk,,,,,,,,,,,,True,,935.0,3.0,4.5
2026-09-23 23:16:14,MLLB_000_y1.0.3,GREEN,v4_green_MLLB_000_y103_0923,3.0,3.0,100,100,42,ince,False,iki-OK-arasi-monotonluk,,,,,,,,,,,,True,,935.0,3.0,4.5
2026-09-23 23:16:14,MLLB_000_y1.0.3,GREEN,v4_green_MLLB_000_y103_0923,3.0,3.0,100,100,43,ince,False,iki-OK-arasi-monotonluk,,,,,,,,,,,,True,,935.0,3.0,4.5
2026-09-23 23:16:14,MLLB_000_y1.0.3,GREEN,v4_green_MLLB_000_y103_0923,3.0,3.0,100,100,45,ince,False,iki-OK-arasi-monotonluk,,,,,,,,,,,,True,,935.0,3.0,4.5
2026-09-23 23:16:14,MLLB_000_y1.0.3,GREEN,v4_green_MLLB_000_y103_0923,3.0,3.0,100,100,46,ince,False,iki-OK-arasi-monotonluk,,,,,,,,,,,,True,,935.0,3.0,4.5
2026-09-23 23:16:14,MLLB_000_y1.0.3,GREEN,v4_green_MLLB_000_y103_0923,3.0,3.0,100,100,47,ince,False,iki-OK-arasi-monotonluk,,,,,,,,,,,,True,,935.0,3.0,4.5
2026-09-23 23:16:14,MLLB_000_y1.0.3,GREEN,v4_green_MLLB_000_y103_0923,3.0,3.0,100,100,49,ince,False,iki-OK-arasi-monotonluk,,,,,,,,,,,,True,,935.0,3.0,4.5
2026-09-23 23:16:14,MLLB_000_y1.0.3,GREEN,v4_green_MLLB_000_y103_0923,3.0,3.0,100,100,,bitti,False,,,,,,,,,,,,,,,935.0,3.0,4.5
2026-09-23 23:16:29,MLLB_000_y1.0.3,GREEN,v4_green_MLLB_000_y103_0923,3.0,3.0,100,80,12,kaba,True,,38.0,34.0,18.0,964.0,1002.0,1.091,240.782,220.667,0.7771,True,,True,,935.0,3.0,4.5
2026-09-23 23:16:43,MLLB_000_y1.0.3,GREEN,v4_green_MLLB_000_y103_0923,3.0,3.0,100,80,16,kaba,True,,38.0,32.0,18.0,964.0,1002.0,1.06,240.994,227.345,0.7772,True,,True,,935.0,3.0,4.5
2026-09-23 23:17:02,MLLB_000_y1.0.3,GREEN,v4_green_MLLB_000_y103_0923,3.0,3.0,100,80,20,kaba,True,,38.0,34.0,18.0,964.0,1002.0,1.091,240.782,220.624,0.7775,True,,True,,935.0,3.0,4.5
2026-09-23 23:17:16,MLLB_000_y1.0.3,GREEN,v4_green_MLLB_000_y103_0923,3.0,3.0,100,80,24,kaba,True,,38.0,34.0,18.0,964.0,1002.0,1.092,240.782,220.541,0.7772,True,,True,,935.0,3.0,4.5
2026-09-23 23:17:34,MLLB_000_y1.0.3,GREEN,v4_green_MLLB_000_y103_0923,3.0,3.0,100,80,28,kaba,True,,38.0,32.0,18.0,964.0,1002.0,1.091,240.782,220.751,0.7773,True,,True,,935.0,3.0,4.5
2026-09-23 23:17:52,MLLB_000_y1.0.3,GREEN,v4_green_MLLB_000_y103_0923,3.0,3.0,100,80,32,kaba,True,,38.0,32.0,18.0,964.0,1002.0,1.092,240.782,220.496,0.7777,True,,True,,935.0,3.0,4.5
2026-09-23 23:18:10,MLLB_000_y1.0.3,GREEN,v4_green_MLLB_000_y103_0923,3.0,3.0,100,80,36,kaba,True,,38.0,32.0,18.0,964.0,1002.0,1.091,240.782,220.661,0.7771,True,,True,,935.0,3.0,4.5
2026-09-23 23:18:28,MLLB_000_y1.0.3,GREEN,v4_green_MLLB_000_y103_0923,3.0,3.0,100,80,40,kaba,True,,38.0,32.0,18.0,964.0,1002.0,1.091,240.782,220.671,0.7774,True,,True,,935.0,3.0,4.5
2026-09-23 23:18:46,MLLB_000_y1.0.3,GREEN,v4_green_MLLB_000_y103_0923,3.0,3.0,100,80,44,kaba,True,,38.0,34.0,18.0,964.0,1002.0,1.091,240.782,220.632,0.7774,True,,True,,935.0,3.0,4.5
2026-09-23 23:19:04,MLLB_000_y1.0.3,GREEN,v4_green_MLLB_000_y103_0923,3.0,3.0,100,80,48,kaba,True,,38.0,32.0,18.0,964.0,1002.0,1.091,240.782,220.647,0.7769,True,,True,,935.0,3.0,4.5
2026-09-23 23:19:22,MLLB_000_y1.0.3,GREEN,v4_green_MLLB_000_y103_0923,3.0,3.0,100,80,50,kaba,True,,38.0,32.0,18.0,964.0,1002.0,1.091,240.782,220.664,0.7773,True,,True,,935.0,3.0,4.5
2026-09-23 23:19:22,MLLB_000_y1.0.3,GREEN,v4_green_MLLB_000_y103_0923,3.0,3.0,100,80,13,ince,False,iki-OK-arasi-monotonluk,,,,,,,,,,,,True,,935.0,3.0,4.5
2026-09-23 23:19:22,MLLB_000_y1.0.3,GREEN,v4_green_MLLB_000_y103_0923,3.0,3.0,100,80,14,ince,False,iki-OK-arasi-monotonluk,,,,,,,,,,,,True,,935.0,3.0,4.5
2026-09-23 23:19:22,MLLB_000_y1.0.3,GREEN,v4_green_MLLB_000_y103_0923,3.0,3.0,100,80,15,ince,False,iki-OK-arasi-monotonluk,,,,,,,,,,,,True,,935.0,3.0,4.5
2026-09-23 23:19:22,MLLB_000_y1.0.3,GREEN,v4_green_MLLB_000_y103_0923,3.0,3.0,100,80,17,ince,False,iki-OK-arasi-monotonluk,,,,,,,,,,,,True,,935.0,3.0,4.5
2026-09-23 23:19:22,MLLB_000_y1.0.3,GREEN,v4_green_MLLB_000_y103_0923,3.0,3.0,100,80,18,ince,False,iki-OK-arasi-monotonluk,,,,,,,,,,,,True,,935.0,3.0,4.5
2026-09-23 23:19:22,MLLB_000_y1.0.3,GREEN,v4_green_MLLB_000_y103_0923,3.0,3.0,100,80,19,ince,False,iki-OK-arasi-monotonluk,,,,,,,,,,,,True,,935.0,3.0,4.5
2026-09-23 23:19:22,MLLB_000_y1.0.3,GREEN,v4_green_MLLB_000_y103_0923,3.0,3.0,100,80,21,ince,False,iki-OK-arasi-monotonluk,,,,,,,,,,,,True,,935.0,3.0,4.5
2026-09-23 23:19:22,MLLB_000_y1.0.3,GREEN,v4_green_MLLB_000_y103_0923,3.0,3.0,100,80,22,ince,False,iki-OK-arasi-monotonluk,,,,,,,,,,,,True,,935.0,3.0,4.5
2026-09-23 23:19:22,MLLB_000_y1.0.3,GREEN,v4_green_MLLB_000_y103_0923,3.0,3.0,100,80,23,ince,False,iki-OK-arasi-monotonluk,,,,,,,,,,,,True,,935.0,3.0,4.5
2026-09-23 23:19:22,MLLB_000_y1.0.3,GREEN,v4_green_MLLB_000_y103_0923,3.0,3.0,100,80,25,ince,False,iki-OK-arasi-monotonluk,,,,,,,,,,,,True,,935.0,3.0,4.5
2026-09-23 23:19:22,MLLB_000_y1.0.3,GREEN,v4_green_MLLB_000_y103_0923,3.0,3.0,100,80,26,ince,False,iki-OK-arasi-monotonluk,,,,,,,,,,,,True,,935.0,3.0,4.5
2026-09-23 23:19:22,MLLB_000_y1.0.3,GREEN,v4_green_MLLB_000_y103_0923,3.0,3.0,100,80,27,ince,False,iki-OK-arasi-monotonluk,,,,,,,,,,,,True,,935.0,3.0,4.5
2026-09-23 23:19:22,MLLB_000_y1.0.3,GREEN,v4_green_MLLB_000_y103_0923,3.0,3.0,100,80,29,ince,False,iki-OK-arasi-monotonluk,,,,,,,,,,,,True,,935.0,3.0,4.5
2026-09-23 23:19:22,MLLB_000_y1.0.3,GREEN,v4_green_MLLB_000_y103_0923,3.0,3.0,100,80,30,ince,False,iki-OK-arasi-monotonluk,,,,,,,,,,,,True,,935.0,3.0,4.5
2026-09-23 23:19:22,MLLB_000_y1.0.3,GREEN,v4_green_MLLB_000_y103_0923,3.0,3.0,100,80,31,ince,False,iki-OK-arasi-monotonluk,,,,,,,,,,,,True,,935.0,3.0,4.5
2026-09-23 23:19:22,MLLB_000_y1.0.3,GREEN,v4_green_MLLB_000_y103_0923,3.0,3.0,100,80,33,ince,False,iki-OK-arasi-monotonluk,,,,,,,,,,,,True,,935.0,3.0,4.5
2026-09-23 23:19:22,MLLB_000_y1.0.3,GREEN,v4_green_MLLB_000_y103_0923,3.0,3.0,100,80,34,ince,False,iki-OK-arasi-monotonluk,,,,,,,,,,,,True,,935.0,3.0,4.5
2026-09-23 23:19:22,MLLB_000_y1.0.3,GREEN,v4_green_MLLB_000_y103_0923,3.0,3.0,100,80,35,ince,False,iki-OK-arasi-monotonluk,,,,,,,,,,,,True,,935.0,3.0,4.5
2026-09-23 23:19:22,MLLB_000_y1.0.3,GREEN,v4_green_MLLB_000_y103_0923,3.0,3.0,100,80,37,ince,False,iki-OK-arasi-monotonluk,,,,,,,,,,,,True,,935.0,3.0,4.5
2026-09-23 23:19:22,MLLB_000_y1.0.3,GREEN,v4_green_MLLB_000_y103_0923,3.0,3.0,100,80,38,ince,False,iki-OK-arasi-monotonluk,,,,,,,,,,,,True,,935.0,3.0,4.5
2026-09-23 23:19:22,MLLB_000_y1.0.3,GREEN,v4_green_MLLB_000_y103_0923,3.0,3.0,100,80,39,ince,False,iki-OK-arasi-monotonluk,,,,,,,,,,,,True,,935.0,3.0,4.5
2026-09-23 23:19:22,MLLB_000_y1.0.3,GREEN,v4_green_MLLB_000_y103_0923,3.0,3.0,100,80,41,ince,False,iki-OK-arasi-monotonluk,,,,,,,,,,,,True,,935.0,3.0,4.5
2026-09-23 23:19:22,MLLB_000_y1.0.3,GREEN,v4_green_MLLB_000_y103_0923,3.0,3.0,100,80,42,ince,False,iki-OK-arasi-monotonluk,,,,,,,,,,,,True,,935.0,3.0,4.5
2026-09-23 23:19:22,MLLB_000_y1.0.3,GREEN,v4_green_MLLB_000_y103_0923,3.0,3.0,100,80,43,ince,False,iki-OK-arasi-monotonluk,,,,,,,,,,,,True,,935.0,3.0,4.5
2026-09-23 23:19:22,MLLB_000_y1.0.3,GREEN,v4_green_MLLB_000_y103_0923,3.0,3.0,100,80,45,ince,False,iki-OK-arasi-monotonluk,,,,,,,,,,,,True,,935.0,3.0,4.5
2026-09-23 23:19:22,MLLB_000_y1.0.3,GREEN,v4_green_MLLB_000_y103_0923,3.0,3.0,100,80,46,ince,False,iki-OK-arasi-monotonluk,,,,,,,,,,,,True,,935.0,3.0,4.5
2026-09-23 23:19:22,MLLB_000_y1.0.3,GREEN,v4_green_MLLB_000_y103_0923,3.0,3.0,100,80,47,ince,False,iki-OK-arasi-monotonluk,,,,,,,,,,,,True,,935.0,3.0,4.5
2026-09-23 23:19:22,MLLB_000_y1.0.3,GREEN,v4_green_MLLB_000_y103_0923,3.0,3.0,100,80,49,ince,False,iki-OK-arasi-monotonluk,,,,,,,,,,,,True,,935.0,3.0,4.5
2026-09-23 23:19:22,MLLB_000_y1.0.3,GREEN,v4_green_MLLB_000_y103_0923,3.0,3.0,100,80,,bitti,False,,,,,,,,,,,,,,,935.0,3.0,4.5
2026-09-23 23:19:40,MLLB_000_y1.0.3,GREEN,v4_green_MLLB_000_y103_0923,3.0,3.0,100,60,12,kaba,True,,38.0,34.0,18.0,964.0,1002.0,1.091,240.782,220.674,0.7768,True,,True,,935.0,3.0,4.5
2026-09-23 23:19:58,MLLB_000_y1.0.3,GREEN,v4_green_MLLB_000_y103_0923,3.0,3.0,100,60,16,kaba,True,,38.0,32.0,18.0,964.0,1002.0,1.091,240.782,220.782,0.7768,True,,True,,935.0,3.0,4.5
2026-09-23 23:20:12,MLLB_000_y1.0.3,GREEN,v4_green_MLLB_000_y103_0923,3.0,3.0,100,60,20,kaba,True,,38.0,34.0,18.0,964.0,1002.0,1.09,240.782,220.888,0.7778,True,,True,,935.0,3.0,4.5
2026-09-23 23:20:30,MLLB_000_y1.0.3,GREEN,v4_green_MLLB_000_y103_0923,3.0,3.0,100,60,24,kaba,True,,38.0,34.0,18.0,964.0,1002.0,1.06,240.992,227.458,0.7772,True,,True,,935.0,3.0,4.5
2026-09-23 23:20:48,MLLB_000_y1.0.3,GREEN,v4_green_MLLB_000_y103_0923,3.0,3.0,100,60,28,kaba,True,,38.0,32.0,18.0,964.0,1002.0,1.089,240.782,221.062,0.7777,True,,True,,935.0,3.0,4.5
2026-09-23 23:21:02,MLLB_000_y1.0.3,GREEN,v4_green_MLLB_000_y103_0923,3.0,3.0,100,60,32,kaba,True,,38.0,32.0,18.0,964.0,1002.0,1.09,240.782,220.86,0.7778,True,,True,,935.0,3.0,4.5
2026-09-23 23:21:20,MLLB_000_y1.0.3,GREEN,v4_green_MLLB_000_y103_0923,3.0,3.0,100,60,36,kaba,True,,38.0,34.0,18.0,964.0,1002.0,1.09,240.782,220.85,0.7774,True,,True,,935.0,3.0,4.5
2026-09-23 23:21:38,MLLB_000_y1.0.3,GREEN,v4_green_MLLB_000_y103_0923,3.0,3.0,100,60,40,kaba,True,,38.0,34.0,18.0,964.0,1002.0,1.09,240.782,220.805,0.7769,True,,True,,935.0,3.0,4.5
2026-09-23 23:21:56,MLLB_000_y1.0.3,GREEN,v4_green_MLLB_000_y103_0923,3.0,3.0,100,60,44,kaba,True,,38.0,32.0,18.0,964.0,1002.0,1.09,240.782,220.841,0.7781,True,,True,,935.0,3.0,4.5
2026-09-23 23:22:14,MLLB_000_y1.0.3,GREEN,v4_green_MLLB_000_y103_0923,3.0,3.0,100,60,48,kaba,True,,38.0,32.0,18.0,964.0,1002.0,1.091,240.782,220.6,0.7773,True,,True,,935.0,3.0,4.5
2026-09-23 23:22:32,MLLB_000_y1.0.3,GREEN,v4_green_MLLB_000_y103_0923,3.0,3.0,100,60,50,kaba,True,,38.0,34.0,18.0,964.0,1002.0,1.09,240.782,220.924,0.7776,True,,True,,935.0,3.0,4.5
2026-09-23 23:22:32,MLLB_000_y1.0.3,GREEN,v4_green_MLLB_000_y103_0923,3.0,3.0,100,60,13,ince,False,iki-OK-arasi-monotonluk,,,,,,,,,,,,True,,935.0,3.0,4.5
2026-09-23 23:22:32,MLLB_000_y1.0.3,GREEN,v4_green_MLLB_000_y103_0923,3.0,3.0,100,60,14,ince,False,iki-OK-arasi-monotonluk,,,,,,,,,,,,True,,935.0,3.0,4.5
2026-09-23 23:22:32,MLLB_000_y1.0.3,GREEN,v4_green_MLLB_000_y103_0923,3.0,3.0,100,60,15,ince,False,iki-OK-arasi-monotonluk,,,,,,,,,,,,True,,935.0,3.0,4.5
2026-09-23 23:22:32,MLLB_000_y1.0.3,GREEN,v4_green_MLLB_000_y103_0923,3.0,3.0,100,60,17,ince,False,iki-OK-arasi-monotonluk,,,,,,,,,,,,True,,935.0,3.0,4.5
2026-09-23 23:22:32,MLLB_000_y1.0.3,GREEN,v4_green_MLLB_000_y103_0923,3.0,3.0,100,60,18,ince,False,iki-OK-arasi-monotonluk,,,,,,,,,,,,True,,935.0,3.0,4.5
2026-09-23 23:22:32,MLLB_000_y1.0.3,GREEN,v4_green_MLLB_000_y103_0923,3.0,3.0,100,60,19,ince,False,iki-OK-arasi-monotonluk,,,,,,,,,,,,True,,935.0,3.0,4.5
2026-09-23 23:22:32,MLLB_000_y1.0.3,GREEN,v4_green_MLLB_000_y103_0923,3.0,3.0,100,60,21,ince,False,iki-OK-arasi-monotonluk,,,,,,,,,,,,True,,935.0,3.0,4.5
2026-09-23 23:22:32,MLLB_000_y1.0.3,GREEN,v4_green_MLLB_000_y103_0923,3.0,3.0,100,60,22,ince,False,iki-OK-arasi-monotonluk,,,,,,,,,,,,True,,935.0,3.0,4.5
2026-09-23 23:22:32,MLLB_000_y1.0.3,GREEN,v4_green_MLLB_000_y103_0923,3.0,3.0,100,60,23,ince,False,iki-OK-arasi-monotonluk,,,,,,,,,,,,True,,935.0,3.0,4.5
2026-09-23 23:22:32,MLLB_000_y1.0.3,GREEN,v4_green_MLLB_000_y103_0923,3.0,3.0,100,60,25,ince,False,iki-OK-arasi-monotonluk,,,,,,,,,,,,True,,935.0,3.0,4.5
2026-09-23 23:22:32,MLLB_000_y1.0.3,GREEN,v4_green_MLLB_000_y103_0923,3.0,3.0,100,60,26,ince,False,iki-OK-arasi-monotonluk,,,,,,,,,,,,True,,935.0,3.0,4.5
2026-09-23 23:22:32,MLLB_000_y1.0.3,GREEN,v4_green_MLLB_000_y103_0923,3.0,3.0,100,60,27,ince,False,iki-OK-arasi-monotonluk,,,,,,,,,,,,True,,935.0,3.0,4.5
2026-09-23 23:22:32,MLLB_000_y1.0.3,GREEN,v4_green_MLLB_000_y103_0923,3.0,3.0,100,60,29,ince,False,iki-OK-arasi-monotonluk,,,,,,,,,,,,True,,935.0,3.0,4.5
2026-09-23 23:22:32,MLLB_000_y1.0.3,GREEN,v4_green_MLLB_000_y103_0923,3.0,3.0,100,60,30,ince,False,iki-OK-arasi-monotonluk,,,,,,,,,,,,True,,935.0,3.0,4.5
2026-09-23 23:22:32,MLLB_000_y1.0.3,GREEN,v4_green_MLLB_000_y103_0923,3.0,3.0,100,60,31,ince,False,iki-OK-arasi-monotonluk,,,,,,,,,,,,True,,935.0,3.0,4.5
2026-09-23 23:22:32,MLLB_000_y1.0.3,GREEN,v4_green_MLLB_000_y103_0923,3.0,3.0,100,60,33,ince,False,iki-OK-arasi-monotonluk,,,,,,,,,,,,True,,935.0,3.0,4.5
2026-09-23 23:22:32,MLLB_000_y1.0.3,GREEN,v4_green_MLLB_000_y103_0923,3.0,3.0,100,60,34,ince,False,iki-OK-arasi-monotonluk,,,,,,,,,,,,True,,935.0,3.0,4.5
2026-09-23 23:22:32,MLLB_000_y1.0.3,GREEN,v4_green_MLLB_000_y103_0923,3.0,3.0,100,60,35,ince,False,iki-OK-arasi-monotonluk,,,,,,,,,,,,True,,935.0,3.0,4.5
2026-09-23 23:22:32,MLLB_000_y1.0.3,GREEN,v4_green_MLLB_000_y103_0923,3.0,3.0,100,60,37,ince,False,iki-OK-arasi-monotonluk,,,,,,,,,,,,True,,935.0,3.0,4.5
2026-09-23 23:22:32,MLLB_000_y1.0.3,GREEN,v4_green_MLLB_000_y103_0923,3.0,3.0,100,60,38,ince,False,iki-OK-arasi-monotonluk,,,,,,,,,,,,True,,935.0,3.0,4.5
2026-09-23 23:22:32,MLLB_000_y1.0.3,GREEN,v4_green_MLLB_000_y103_0923,3.0,3.0,100,60,39,ince,False,iki-OK-arasi-monotonluk,,,,,,,,,,,,True,,935.0,3.0,4.5
2026-09-23 23:22:32,MLLB_000_y1.0.3,GREEN,v4_green_MLLB_000_y103_0923,3.0,3.0,100,60,41,ince,False,iki-OK-arasi-monotonluk,,,,,,,,,,,,True,,935.0,3.0,4.5
2026-09-23 23:22:32,MLLB_000_y1.0.3,GREEN,v4_green_MLLB_000_y103_0923,3.0,3.0,100,60,42,ince,False,iki-OK-arasi-monotonluk,,,,,,,,,,,,True,,935.0,3.0,4.5
2026-09-23 23:22:32,MLLB_000_y1.0.3,GREEN,v4_green_MLLB_000_y103_0923,3.0,3.0,100,60,43,ince,False,iki-OK-arasi-monotonluk,,,,,,,,,,,,True,,935.0,3.0,4.5
2026-09-23 23:22:32,MLLB_000_y1.0.3,GREEN,v4_green_MLLB_000_y103_0923,3.0,3.0,100,60,45,ince,False,iki-OK-arasi-monotonluk,,,,,,,,,,,,True,,935.0,3.0,4.5
2026-09-23 23:22:32,MLLB_000_y1.0.3,GREEN,v4_green_MLLB_000_y103_0923,3.0,3.0,100,60,46,ince,False,iki-OK-arasi-monotonluk,,,,,,,,,,,,True,,935.0,3.0,4.5
2026-09-23 23:22:32,MLLB_000_y1.0.3,GREEN,v4_green_MLLB_000_y103_0923,3.0,3.0,100,60,47,ince,False,iki-OK-arasi-monotonluk,,,,,,,,,,,,True,,935.0,3.0,4.5
2026-09-23 23:22:32,MLLB_000_y1.0.3,GREEN,v4_green_MLLB_000_y103_0923,3.0,3.0,100,60,49,ince,False,iki-OK-arasi-monotonluk,,,,,,,,,,,,True,,935.0,3.0,4.5
2026-09-23 23:22:32,MLLB_000_y1.0.3,GREEN,v4_green_MLLB_000_y103_0923,3.0,3.0,100,60,,bitti,False,,,,,,,,,,,,,,,935.0,3.0,4.5
2026-09-23 23:23:04,MLLB_000_y1.0.3,GREEN,v4_green_MLLB_000_y103_0923,2.8,2.808,4,100,12,kaba,True,,792.0,588.0,218.0,210.0,1002.0,1.559,7.276,4.668,0.0409,True,,False,ON,935.0,3.0,4.5
2026-09-23 23:23:22,MLLB_000_y1.0.3,GREEN,v4_green_MLLB_000_y103_0923,2.8,2.808,4,100,16,kaba,True,,654.0,578.0,140.0,348.0,1002.0,1.547,7.27,4.701,0.0634,True,,False,ON,935.0,3.0,4.5
2026-09-23 23:23:36,MLLB_000_y1.0.3,GREEN,v4_green_MLLB_000_y103_0923,2.8,2.808,4,100,20,kaba,True,,486.0,526.0,14.0,516.0,1002.0,1.646,7.87,4.781,0.0639,True,,False,ON,935.0,3.0,4.5
2026-09-23 23:23:51,MLLB_000_y1.0.3,GREEN,v4_green_MLLB_000_y103_0923,2.8,2.808,4,100,24,kaba,True,,310.0,366.0,0.0,692.0,1002.0,1.669,8.144,4.879,0.0645,True,,False,ON,935.0,3.0,4.5
2026-09-23 23:24:06,MLLB_000_y1.0.3,GREEN,v4_green_MLLB_000_y103_0923,2.8,2.808,4,100,28,kaba,True,,138.0,132.0,46.0,864.0,1002.0,1.638,8.062,4.921,0.0654,True,,False,ON,935.0,3.0,4.5
2026-09-23 23:24:24,MLLB_000_y1.0.3,GREEN,v4_green_MLLB_000_y103_0923,2.8,2.808,4,100,32,kaba,True,,20.0,4.0,18.0,982.0,1002.0,10.233,50.44,4.929,0.0635,True,,False,FLAS,935.0,3.0,4.5
2026-09-23 23:24:42,MLLB_000_y1.0.3,GREEN,v4_green_MLLB_000_y103_0923,2.8,2.808,4,100,29,ince,True,,88.0,118.0,28.0,914.0,1002.0,1.571,7.734,4.923,0.0635,True,,False,ON,935.0,3.0,4.5
2026-09-23 23:24:57,MLLB_000_y1.0.3,GREEN,v4_green_MLLB_000_y103_0923,2.8,2.808,4,100,30,ince,True,,32.0,24.0,18.0,970.0,1002.0,2.438,12.024,4.931,0.0625,True,,True,,935.0,3.0,4.5
2026-09-23 23:25:11,MLLB_000_y1.0.3,GREEN,v4_green_MLLB_000_y103_0923,2.8,2.808,4,100,31,ince,True,,22.0,22.0,2.0,980.0,1002.0,6.422,32.381,5.042,0.0654,True,,False,FLAS,935.0,3.0,4.5
2026-09-23 23:25:12,MLLB_000_y1.0.3,GREEN,v4_green_MLLB_000_y103_0923,2.8,2.808,4,100,,bitti,False,,,,,,,,,,,,,,,935.0,3.0,4.5
2026-09-23 23:26:02,MLLB_000_y1.0.3,GREEN,v4_green_MLLB_000_y103_0923,2.8,2.808,4,80,12,kaba,True,,856.0,866.0,2.0,146.0,1002.0,nan,nan,nan,0.0234,True,,False,ON,935.0,3.0,4.5
2026-09-23 23:26:20,MLLB_000_y1.0.3,GREEN,v4_green_MLLB_000_y103_0923,2.8,2.808,4,80,16,kaba,True,,758.0,686.0,88.0,244.0,1002.0,1.582,7.219,4.563,0.0473,True,,False,ON,935.0,3.0,4.5
2026-09-23 23:26:38,MLLB_000_y1.0.3,GREEN,v4_green_MLLB_000_y103_0923,2.8,2.808,4,80,20,kaba,True,,640.0,510.0,154.0,362.0,1002.0,1.543,7.264,4.707,0.0653,True,,False,ON,935.0,3.0,4.5
2026-09-23 23:26:56,MLLB_000_y1.0.3,GREEN,v4_green_MLLB_000_y103_0923,2.8,2.808,4,80,24,kaba,True,,496.0,286.0,250.0,506.0,1002.0,1.562,7.5,4.801,0.0624,True,,False,ON,935.0,3.0,4.5
2026-09-23 23:27:14,MLLB_000_y1.0.3,GREEN,v4_green_MLLB_000_y103_0923,2.8,2.808,4,80,28,kaba,True,,362.0,412.0,2.0,640.0,1002.0,1.478,7.196,4.87,0.0645,True,,False,ON,935.0,3.0,4.5
2026-09-23 23:27:32,MLLB_000_y1.0.3,GREEN,v4_green_MLLB_000_y103_0923,2.8,2.808,4,80,32,kaba,True,,222.0,222.0,40.0,780.0,1002.0,1.419,6.973,4.914,0.0641,True,,False,ON,935.0,3.0,4.5
2026-09-23 23:27:50,MLLB_000_y1.0.3,GREEN,v4_green_MLLB_000_y103_0923,2.8,2.808,4,80,36,kaba,True,,42.0,54.0,0.0,960.0,1002.0,1.643,8.054,4.903,0.0661,True,,True,,935.0,3.0,4.5
2026-09-23 23:28:08,MLLB_000_y1.0.3,GREEN,v4_green_MLLB_000_y103_0923,2.8,2.808,4,80,40,kaba,True,,28.0,2.0,26.0,974.0,1002.0,14.235,70.11,4.925,0.0664,True,,False,FLAS,935.0,3.0,4.5
2026-09-23 23:28:22,MLLB_000_y1.0.3,GREEN,v4_green_MLLB_000_y103_0923,2.8,2.808,4,80,33,ince,True,,182.0,152.0,50.0,820.0,1002.0,1.412,6.927,4.907,0.0634,True,,False,ON,935.0,3.0,4.5
2026-09-23 23:28:40,MLLB_000_y1.0.3,GREEN,v4_green_MLLB_000_y103_0923,2.8,2.808,4,80,34,ince,True,,134.0,160.0,38.0,868.0,1002.0,1.857,9.116,4.91,0.0657,True,,False,ON,935.0,3.0,4.5
2026-09-23 23:28:58,MLLB_000_y1.0.3,GREEN,v4_green_MLLB_000_y103_0923,2.8,2.808,4,80,35,ince,True,,98.0,120.0,26.0,904.0,1002.0,1.595,7.871,4.934,0.0642,True,,False,ON,935.0,3.0,4.5
2026-09-23 23:29:16,MLLB_000_y1.0.3,GREEN,v4_green_MLLB_000_y103_0923,2.8,2.808,4,80,37,ince,True,,32.0,34.0,2.0,970.0,1002.0,4.705,23.173,4.925,0.0666,True,,False,FLAS,935.0,3.0,4.5
2026-09-23 23:29:34,MLLB_000_y1.0.3,GREEN,v4_green_MLLB_000_y103_0923,2.8,2.808,4,80,38,ince,True,,28.0,8.0,26.0,974.0,1002.0,8.216,40.505,4.93,0.066,True,,False,FLAS,935.0,3.0,4.5
2026-09-23 23:29:52,MLLB_000_y1.0.3,GREEN,v4_green_MLLB_000_y103_0923,2.8,2.808,4,80,39,ince,True,,28.0,2.0,26.0,974.0,1002.0,10.528,51.853,4.925,0.0625,True,,False,FLAS,935.0,3.0,4.5
2026-09-23 23:29:52,MLLB_000_y1.0.3,GREEN,v4_green_MLLB_000_y103_0923,2.8,2.808,4,80,,bitti,False,,,,,,,,,,,,,,,935.0,3.0,4.5
2026-09-23 23:30:46,MLLB_000_y1.0.3,GREEN,v4_green_MLLB_000_y103_0923,2.8,2.808,4,60,12,kaba,True,,516.0,514.0,2.0,486.0,1002.0,nan,nan,nan,0.0068,True,,False,ON,935.0,3.0,4.5
2026-09-23 23:31:35,MLLB_000_y1.0.3,GREEN,v4_green_MLLB_000_y103_0923,2.8,2.808,4,60,16,kaba,True,,854.0,820.0,42.0,148.0,1002.0,nan,nan,nan,0.0284,True,,False,ON,935.0,3.0,4.5
2026-09-23 23:31:54,MLLB_000_y1.0.3,GREEN,v4_green_MLLB_000_y103_0923,2.8,2.808,4,60,20,kaba,True,,778.0,794.0,0.0,224.0,1002.0,1.917,8.685,4.531,0.0426,True,,False,ON,935.0,3.0,4.5
2026-09-23 23:32:12,MLLB_000_y1.0.3,GREEN,v4_green_MLLB_000_y103_0923,2.8,2.808,4,60,24,kaba,True,,702.0,702.0,24.0,300.0,1002.0,1.91,8.897,4.658,0.0593,True,,False,ON,935.0,3.0,4.5
2026-09-23 23:32:30,MLLB_000_y1.0.3,GREEN,v4_green_MLLB_000_y103_0923,2.8,2.808,4,60,28,kaba,True,,594.0,508.0,138.0,408.0,1002.0,1.587,7.549,4.758,0.0618,True,,False,ON,935.0,3.0,4.5
2026-09-23 23:32:48,MLLB_000_y1.0.3,GREEN,v4_green_MLLB_000_y103_0923,2.8,2.808,4,60,32,kaba,True,,494.0,530.0,16.0,508.0,1002.0,1.547,7.442,4.811,0.061,True,,False,ON,935.0,3.0,4.5
2026-09-23 23:33:06,MLLB_000_y1.0.3,GREEN,v4_green_MLLB_000_y103_0923,2.8,2.808,4,60,36,kaba,True,,384.0,218.0,212.0,618.0,1002.0,1.524,7.435,4.878,0.0641,True,,False,ON,935.0,3.0,4.5
2026-09-23 23:33:24,MLLB_000_y1.0.3,GREEN,v4_green_MLLB_000_y103_0923,2.8,2.808,4,60,40,kaba,True,,274.0,174.0,154.0,728.0,1002.0,1.422,6.973,4.905,0.0634,True,,False,ON,935.0,3.0,4.5
2026-09-23 23:33:42,MLLB_000_y1.0.3,GREEN,v4_green_MLLB_000_y103_0923,2.8,2.808,4,60,44,kaba,True,,174.0,204.0,2.0,828.0,1002.0,1.604,7.913,4.934,0.061,True,,False,ON,935.0,3.0,4.5
2026-09-23 23:34:00,MLLB_000_y1.0.3,GREEN,v4_green_MLLB_000_y103_0923,2.8,2.808,4,60,48,kaba,True,,50.0,20.0,38.0,952.0,1002.0,2.671,13.183,4.936,0.0627,True,,True,,935.0,3.0,4.5
2026-09-23 23:34:18,MLLB_000_y1.0.3,GREEN,v4_green_MLLB_000_y103_0923,2.8,2.808,4,60,50,kaba,True,,40.0,36.0,8.0,962.0,1002.0,7.396,36.489,4.934,0.0641,True,,False,FLAS,935.0,3.0,4.5
2026-09-23 23:34:36,MLLB_000_y1.0.3,GREEN,v4_green_MLLB_000_y103_0923,2.8,2.808,4,60,45,ince,True,,154.0,124.0,72.0,848.0,1002.0,1.533,7.55,4.925,0.0629,True,,False,ON,935.0,3.0,4.5
2026-09-23 23:34:54,MLLB_000_y1.0.3,GREEN,v4_green_MLLB_000_y103_0923,2.8,2.808,4,60,46,ince,True,,118.0,124.0,50.0,884.0,1002.0,1.419,6.973,4.913,0.0608,True,,False,ON,935.0,3.0,4.5
2026-09-23 23:35:12,MLLB_000_y1.0.3,GREEN,v4_green_MLLB_000_y103_0923,2.8,2.808,4,60,47,ince,True,,78.0,118.0,42.0,924.0,1002.0,1.438,7.084,4.925,0.0617,True,,False,ON,935.0,3.0,4.5
2026-09-23 23:35:30,MLLB_000_y1.0.3,GREEN,v4_green_MLLB_000_y103_0923,2.8,2.808,4,60,49,ince,True,,42.0,10.0,38.0,960.0,1002.0,4.799,23.662,4.93,0.063,True,,False,FLAS,935.0,3.0,4.5
2026-09-23 23:35:30,MLLB_000_y1.0.3,GREEN,v4_green_MLLB_000_y103_0923,2.8,2.808,4,60,,bitti,False,,,,,,,,,,,,,,,935.0,3.0,4.5
2026-09-23 23:35:56,MLLB_000_y1.0.3,GREEN,v4_green_MLLB_000_y103_0923,2.8,2.808,5,100,12,kaba,True,,568.0,106.0,484.0,434.0,1002.0,1.23,8.366,6.803,0.0849,True,,False,ON,935.0,3.0,4.5
2026-09-23 23:36:14,MLLB_000_y1.0.3,GREEN,v4_green_MLLB_000_y103_0923,2.8,2.808,5,100,16,kaba,True,,462.0,388.0,102.0,540.0,1002.0,1.161,8.036,6.919,0.0863,True,,False,ON,935.0,3.0,4.5
2026-09-23 23:36:32,MLLB_000_y1.0.3,GREEN,v4_green_MLLB_000_y103_0923,2.8,2.808,5,100,20,kaba,True,,344.0,148.0,214.0,658.0,1002.0,1.133,7.925,6.996,0.0899,True,,False,ON,935.0,3.0,4.5
2026-09-23 23:36:50,MLLB_000_y1.0.3,GREEN,v4_green_MLLB_000_y103_0923,2.8,2.808,5,100,24,kaba,True,,224.0,92.0,154.0,778.0,1002.0,1.13,7.975,7.058,0.0899,True,,False,ON,935.0,3.0,4.5
2026-09-23 23:37:08,MLLB_000_y1.0.3,GREEN,v4_green_MLLB_000_y103_0923,2.8,2.808,5,100,28,kaba,True,,110.0,124.0,56.0,892.0,1002.0,1.116,7.918,7.098,0.0894,True,,False,ON,935.0,3.0,4.5
2026-09-23 23:37:26,MLLB_000_y1.0.3,GREEN,v4_green_MLLB_000_y103_0923,2.8,2.808,5,100,32,kaba,True,,22.0,6.0,18.0,980.0,1002.0,6.898,48.988,7.102,0.0891,True,,False,FLAS,935.0,3.0,4.5
2026-09-23 23:37:44,MLLB_000_y1.0.3,GREEN,v4_green_MLLB_000_y103_0923,2.8,2.808,5,100,29,ince,True,,72.0,122.0,22.0,930.0,1002.0,1.119,7.963,7.114,0.09,True,,False,ON,935.0,3.0,4.5
2026-09-23 23:38:02,MLLB_000_y1.0.3,GREEN,v4_green_MLLB_000_y103_0923,2.8,2.808,5,100,30,ince,True,,38.0,28.0,18.0,964.0,1002.0,1.409,9.988,7.089,0.0895,True,,True,,935.0,3.0,4.5
2026-09-23 23:38:20,MLLB_000_y1.0.3,GREEN,v4_green_MLLB_000_y103_0923,2.8,2.808,5,100,31,ince,True,,24.0,28.0,2.0,978.0,1002.0,4.309,30.563,7.093,0.0901,True,,False,FLAS,935.0,3.0,4.5
2026-09-23 23:38:20,MLLB_000_y1.0.3,GREEN,v4_green_MLLB_000_y103_0923,2.8,2.808,5,100,,bitti,False,,,,,,,,,,,,,,,935.0,3.0,4.5
2026-09-23 23:38:38,MLLB_000_y1.0.3,GREEN,v4_green_MLLB_000_y103_0923,2.8,2.808,5,80,12,kaba,True,,624.0,324.0,322.0,378.0,1002.0,1.229,8.273,6.73,0.087,True,,False,ON,935.0,3.0,4.5
2026-09-23 23:38:56,MLLB_000_y1.0.3,GREEN,v4_green_MLLB_000_y103_0923,2.8,2.808,5,80,16,kaba,True,,538.0,202.0,364.0,464.0,1002.0,1.151,7.878,6.844,0.0893,True,,False,ON,935.0,3.0,4.5
2026-09-23 23:39:14,MLLB_000_y1.0.3,GREEN,v4_green_MLLB_000_y103_0923,2.8,2.808,5,80,20,kaba,True,,444.0,240.0,222.0,558.0,1002.0,1.152,7.969,6.916,0.0895,True,,False,ON,935.0,3.0,4.5
2026-09-23 23:39:32,MLLB_000_y1.0.3,GREEN,v4_green_MLLB_000_y103_0923,2.8,2.808,5,80,24,kaba,True,,350.0,114.0,256.0,652.0,1002.0,1.215,8.513,7.009,0.0868,True,,False,ON,935.0,3.0,4.5
2026-09-23 23:39:50,MLLB_000_y1.0.3,GREEN,v4_green_MLLB_000_y103_0923,2.8,2.808,5,80,28,kaba,True,,258.0,118.0,188.0,744.0,1002.0,1.119,7.873,7.033,0.0908,True,,False,ON,935.0,3.0,4.5
2026-09-23 23:40:08,MLLB_000_y1.0.3,GREEN,v4_green_MLLB_000_y103_0923,2.8,2.808,5,80,32,kaba,True,,162.0,94.0,88.0,840.0,1002.0,1.121,7.957,7.099,0.0885,True,,False,ON,935.0,3.0,4.5
2026-09-23 23:40:26,MLLB_000_y1.0.3,GREEN,v4_green_MLLB_000_y103_0923,2.8,2.808,5,80,36,kaba,True,,54.0,60.0,26.0,948.0,1002.0,1.118,7.918,7.085,0.0892,True,,True,,935.0,3.0,4.5
2026-09-23 23:40:44,MLLB_000_y1.0.3,GREEN,v4_green_MLLB_000_y103_0923,2.8,2.808,5,80,40,kaba,True,,28.0,6.0,26.0,974.0,1002.0,8.716,61.94,7.106,0.0874,True,,False,FLAS,935.0,3.0,4.5
2026-09-23 23:41:02,MLLB_000_y1.0.3,GREEN,v4_green_MLLB_000_y103_0923,2.8,2.808,5,80,33,ince,True,,130.0,88.0,64.0,872.0,1002.0,1.125,7.986,7.098,0.0883,True,,False,ON,935.0,3.0,4.5
2026-09-23 23:41:20,MLLB_000_y1.0.3,GREEN,v4_green_MLLB_000_y103_0923,2.8,2.808,5,80,34,ince,True,,106.0,154.0,54.0,896.0,1002.0,1.134,8.061,7.109,0.091,True,,False,ON,935.0,3.0,4.5
2026-09-23 23:41:38,MLLB_000_y1.0.3,GREEN,v4_green_MLLB_000_y103_0923,2.8,2.808,5,80,35,ince,True,,86.0,72.0,34.0,916.0,1002.0,1.115,7.873,7.06,0.0893,True,,False,ON,935.0,3.0,4.5
2026-09-23 23:41:56,MLLB_000_y1.0.3,GREEN,v4_green_MLLB_000_y103_0923,2.8,2.808,5,80,37,ince,True,,36.0,16.0,26.0,966.0,1002.0,3.074,21.813,7.096,0.0864,True,,False,FLAS,935.0,3.0,4.5
2026-09-23 23:42:14,MLLB_000_y1.0.3,GREEN,v4_green_MLLB_000_y103_0923,2.8,2.808,5,80,38,ince,True,,32.0,12.0,26.0,970.0,1002.0,5.474,38.985,7.122,0.0908,True,,False,FLAS,935.0,3.0,4.5
2026-09-23 23:42:32,MLLB_000_y1.0.3,GREEN,v4_green_MLLB_000_y103_0923,2.8,2.808,5,80,39,ince,True,,30.0,6.0,26.0,972.0,1002.0,7.212,51.139,7.091,0.0879,True,,False,FLAS,935.0,3.0,4.5
2026-09-23 23:42:32,MLLB_000_y1.0.3,GREEN,v4_green_MLLB_000_y103_0923,2.8,2.808,5,80,,bitti,False,,,,,,,,,,,,,,,935.0,3.0,4.5
2026-09-23 23:42:50,MLLB_000_y1.0.3,GREEN,v4_green_MLLB_000_y103_0923,2.8,2.808,5,60,12,kaba,True,,690.0,450.0,246.0,312.0,1002.0,1.248,8.266,6.624,0.0869,True,,False,ON,935.0,3.0,4.5
2026-09-23 23:43:08,MLLB_000_y1.0.3,GREEN,v4_green_MLLB_000_y103_0923,2.8,2.808,5,60,16,kaba,True,,622.0,416.0,222.0,380.0,1002.0,1.174,7.896,6.726,0.0867,True,,False,ON,935.0,3.0,4.5
2026-09-23 23:43:26,MLLB_000_y1.0.3,GREEN,v4_green_MLLB_000_y103_0923,2.8,2.808,5,60,20,kaba,True,,548.0,60.0,510.0,454.0,1002.0,1.167,7.972,6.831,0.0876,True,,False,ON,935.0,3.0,4.5
2026-09-23 23:43:44,MLLB_000_y1.0.3,GREEN,v4_green_MLLB_000_y103_0923,2.8,2.808,5,60,24,kaba,True,,488.0,396.0,110.0,514.0,1002.0,1.187,8.198,6.907,0.0888,True,,False,ON,935.0,3.0,4.5
2026-09-23 23:44:02,MLLB_000_y1.0.3,GREEN,v4_green_MLLB_000_y103_0923,2.8,2.808,5,60,28,kaba,True,,416.0,462.0,12.0,586.0,1002.0,1.13,7.886,6.977,0.0893,True,,False,ON,935.0,3.0,4.5
2026-09-23 23:44:20,MLLB_000_y1.0.3,GREEN,v4_green_MLLB_000_y103_0923,2.8,2.808,5,60,32,kaba,True,,350.0,162.0,236.0,652.0,1002.0,1.13,7.918,7.01,0.089,True,,False,ON,935.0,3.0,4.5
2026-09-23 23:44:38,MLLB_000_y1.0.3,GREEN,v4_green_MLLB_000_y103_0923,2.8,2.808,5,60,36,kaba,True,,276.0,106.0,192.0,726.0,1002.0,1.117,7.873,7.046,0.0886,True,,False,ON,935.0,3.0,4.5
2026-09-23 23:44:56,MLLB_000_y1.0.3,GREEN,v4_green_MLLB_000_y103_0923,2.8,2.808,5,60,40,kaba,True,,206.0,156.0,64.0,796.0,1002.0,1.122,7.912,7.054,0.0882,True,,False,ON,935.0,3.0,4.5
2026-09-23 23:45:14,MLLB_000_y1.0.3,GREEN,v4_green_MLLB_000_y103_0923,2.8,2.808,5,60,44,kaba,True,,132.0,170.0,0.0,870.0,1002.0,1.115,7.918,7.1,0.087,True,,False,ON,935.0,3.0,4.5
2026-09-23 23:45:32,MLLB_000_y1.0.3,GREEN,v4_green_MLLB_000_y103_0923,2.8,2.808,5,60,48,kaba,True,,52.0,28.0,38.0,950.0,1002.0,1.632,11.563,7.087,0.086,True,,True,,935.0,3.0,4.5
2026-09-23 23:45:50,MLLB_000_y1.0.3,GREEN,v4_green_MLLB_000_y103_0923,2.8,2.808,5,60,50,kaba,True,,46.0,10.0,38.0,956.0,1002.0,4.949,35.096,7.091,0.0843,True,,False,FLAS,935.0,3.0,4.5
2026-09-23 23:46:05,MLLB_000_y1.0.3,GREEN,v4_green_MLLB_000_y103_0923,2.8,2.808,5,60,45,ince,True,,116.0,66.0,66.0,886.0,1002.0,1.172,8.298,7.081,0.0876,True,,False,ON,935.0,3.0,4.5
2026-09-23 23:46:24,MLLB_000_y1.0.3,GREEN,v4_green_MLLB_000_y103_0923,2.8,2.808,5,60,46,ince,True,,94.0,86.0,46.0,908.0,1002.0,1.111,8.075,7.265,0.0879,True,,False,ON,935.0,3.0,4.5
2026-09-23 23:46:42,MLLB_000_y1.0.3,GREEN,v4_green_MLLB_000_y103_0923,2.8,2.808,5,60,47,ince,True,,78.0,102.0,42.0,924.0,1002.0,1.115,7.918,7.103,0.0882,True,,False,ON,935.0,3.0,4.5
2026-09-23 23:46:57,MLLB_000_y1.0.3,GREEN,v4_green_MLLB_000_y103_0923,2.8,2.808,5,60,49,ince,True,,50.0,20.0,38.0,952.0,1002.0,3.206,22.735,7.092,0.0862,True,,False,FLAS,935.0,3.0,4.5
2026-09-23 23:46:57,MLLB_000_y1.0.3,GREEN,v4_green_MLLB_000_y103_0923,2.8,2.808,5,60,,bitti,False,,,,,,,,,,,,,,,935.0,3.0,4.5
2026-09-23 23:47:22,MLLB_000_y1.0.3,GREEN,v4_green_MLLB_000_y103_0923,2.8,2.808,6,100,12,kaba,True,,442.0,140.0,358.0,560.0,1002.0,1.129,10.234,9.065,0.1069,True,,False,ON,935.0,3.0,4.5
2026-09-23 23:47:40,MLLB_000_y1.0.3,GREEN,v4_green_MLLB_000_y103_0923,2.8,2.808,6,100,16,kaba,True,,358.0,78.0,308.0,644.0,1002.0,1.119,10.234,9.147,0.1081,True,,False,ON,935.0,3.0,4.5
2026-09-23 23:47:58,MLLB_000_y1.0.3,GREEN,v4_green_MLLB_000_y103_0923,2.8,2.808,6,100,20,kaba,True,,268.0,66.0,224.0,734.0,1002.0,1.109,10.234,9.231,0.1085,True,,False,ON,935.0,3.0,4.5
2026-09-23 23:48:16,MLLB_000_y1.0.3,GREEN,v4_green_MLLB_000_y103_0923,2.8,2.808,6,100,24,kaba,True,,186.0,64.0,142.0,816.0,1002.0,1.113,10.325,9.276,0.1091,True,,False,ON,935.0,3.0,4.5
2026-09-23 23:48:34,MLLB_000_y1.0.3,GREEN,v4_green_MLLB_000_y103_0923,2.8,2.808,6,100,28,kaba,True,,90.0,82.0,48.0,912.0,1002.0,1.108,10.325,9.322,0.1071,True,,False,ON,935.0,3.0,4.5
2026-09-23 23:48:52,MLLB_000_y1.0.3,GREEN,v4_green_MLLB_000_y103_0923,2.8,2.808,6,100,32,kaba,True,,24.0,10.0,18.0,978.0,1002.0,5.144,47.925,9.317,0.1103,True,,False,FLAS,935.0,3.0,4.5
2026-09-23 23:49:10,MLLB_000_y1.0.3,GREEN,v4_green_MLLB_000_y103_0923,2.8,2.808,6,100,36,kaba,True,,22.0,6.0,18.0,980.0,1002.0,12.959,120.282,9.282,0.1105,True,,False,FLAS,935.0,3.0,4.5
2026-09-23 23:49:24,MLLB_000_y1.0.3,GREEN,v4_green_MLLB_000_y103_0923,2.8,2.808,6,100,29,ince,True,,70.0,114.0,26.0,932.0,1002.0,1.104,10.254,9.287,0.1115,True,,False,ON,935.0,3.0,4.5
2026-09-23 23:49:42,MLLB_000_y1.0.3,GREEN,v4_green_MLLB_000_y103_0923,2.8,2.808,6,100,30,ince,True,,42.0,40.0,20.0,960.0,1002.0,1.107,10.297,9.305,0.113,True,,True,,935.0,3.0,4.5
2026-09-23 23:50:00,MLLB_000_y1.0.3,GREEN,v4_green_MLLB_000_y103_0923,2.8,2.808,6,100,31,ince,True,,28.0,18.0,18.0,974.0,1002.0,3.158,29.313,9.283,0.1118,True,,False,FLAS,935.0,3.0,4.5
2026-09-23 23:50:00,MLLB_000_y1.0.3,GREEN,v4_green_MLLB_000_y103_0923,2.8,2.808,6,100,,bitti,False,,,,,,,,,,,,,,,935.0,3.0,4.5
2026-09-23 23:50:18,MLLB_000_y1.0.3,GREEN,v4_green_MLLB_000_y103_0923,2.8,2.808,6,80,12,kaba,True,,478.0,82.0,416.0,524.0,1002.0,1.138,10.234,8.99,0.1125,True,,False,ON,935.0,3.0,4.5
2026-09-23 23:50:36,MLLB_000_y1.0.3,GREEN,v4_green_MLLB_000_y103_0923,2.8,2.808,6,80,16,kaba,True,,414.0,68.0,376.0,588.0,1002.0,1.127,10.234,9.077,0.1101,True,,False,ON,935.0,3.0,4.5
2026-09-23 23:50:54,MLLB_000_y1.0.3,GREEN,v4_green_MLLB_000_y103_0923,2.8,2.808,6,80,20,kaba,True,,344.0,84.0,284.0,660.0,1004.0,1.118,10.234,9.155,0.1108,True,,False,ON,935.0,3.0,4.5
2026-09-23 23:51:12,MLLB_000_y1.0.3,GREEN,v4_green_MLLB_000_y103_0923,2.8,2.808,6,80,24,kaba,True,,274.0,80.0,222.0,728.0,1002.0,1.116,10.279,9.212,0.1086,True,,False,ON,935.0,3.0,4.5
2026-09-23 23:51:26,MLLB_000_y1.0.3,GREEN,v4_green_MLLB_000_y103_0923,2.8,2.808,6,80,28,kaba,True,,202.0,76.0,162.0,800.0,1002.0,1.113,10.281,9.241,0.1099,True,,False,ON,935.0,3.0,4.5
2026-09-23 23:51:44,MLLB_000_y1.0.3,GREEN,v4_green_MLLB_000_y103_0923,2.8,2.808,6,80,32,kaba,True,,130.0,82.0,70.0,872.0,1002.0,1.102,10.236,9.289,0.1101,True,,False,ON,935.0,3.0,4.5
2026-09-23 23:52:02,MLLB_000_y1.0.3,GREEN,v4_green_MLLB_000_y103_0923,2.8,2.808,6,80,36,kaba,True,,54.0,64.0,30.0,948.0,1002.0,1.101,10.242,9.303,0.1102,True,,True,,935.0,3.0,4.5
2026-09-23 23:52:20,MLLB_000_y1.0.3,GREEN,v4_green_MLLB_000_y103_0923,2.8,2.808,6,80,40,kaba,True,,30.0,6.0,26.0,972.0,1002.0,6.596,61.244,9.285,0.1139,True,,False,FLAS,935.0,3.0,4.5
2026-09-23 23:52:38,MLLB_000_y1.0.3,GREEN,v4_green_MLLB_000_y103_0923,2.8,2.808,6,80,33,ince,True,,114.0,104.0,70.0,888.0,1002.0,1.1,10.234,9.306,0.1101,True,,False,ON,935.0,3.0,4.5
2026-09-23 23:52:56,MLLB_000_y1.0.3,GREEN,v4_green_MLLB_000_y103_0923,2.8,2.808,6,80,34,ince,True,,94.0,84.0,50.0,908.0,1002.0,1.1,10.234,9.307,0.1111,True,,False,ON,935.0,3.0,4.5
2026-09-23 23:53:14,MLLB_000_y1.0.3,GREEN,v4_green_MLLB_000_y103_0923,2.8,2.808,6,80,35,ince,True,,72.0,68.0,30.0,930.0,1002.0,1.101,10.234,9.292,0.1102,True,,False,ON,935.0,3.0,4.5
2026-09-23 23:53:32,MLLB_000_y1.0.3,GREEN,v4_green_MLLB_000_y103_0923,2.8,2.808,6,80,37,ince,True,,40.0,22.0,26.0,962.0,1002.0,2.296,21.43,9.335,0.1085,True,,True,,935.0,3.0,4.5
2026-09-23 23:53:46,MLLB_000_y1.0.3,GREEN,v4_green_MLLB_000_y103_0923,2.8,2.808,6,80,38,ince,True,,34.0,14.0,26.0,968.0,1002.0,4.128,38.358,9.291,0.1104,True,,False,FLAS,935.0,3.0,4.5
2026-09-23 23:54:04,MLLB_000_y1.0.3,GREEN,v4_green_MLLB_000_y103_0923,2.8,2.808,6,80,39,ince,True,,32.0,8.0,26.0,970.0,1002.0,5.376,50.045,9.309,0.111,True,,False,FLAS,935.0,3.0,4.5
2026-09-23 23:54:04,MLLB_000_y1.0.3,GREEN,v4_green_MLLB_000_y103_0923,2.8,2.808,6,80,,bitti,False,,,,,,,,,,,,,,,935.0,3.0,4.5
2026-09-23 23:54:22,MLLB_000_y1.0.3,GREEN,v4_green_MLLB_000_y103_0923,2.8,2.808,6,60,12,kaba,True,,530.0,74.0,486.0,472.0,1002.0,1.144,10.24,8.951,0.1108,True,,False,ON,935.0,3.0,4.5
2026-09-23 23:54:40,MLLB_000_y1.0.3,GREEN,v4_green_MLLB_000_y103_0923,2.8,2.808,6,60,16,kaba,True,,474.0,116.0,400.0,528.0,1002.0,1.134,10.241,9.028,0.1116,True,,False,ON,935.0,3.0,4.5
2026-09-23 23:54:58,MLLB_000_y1.0.3,GREEN,v4_green_MLLB_000_y103_0923,2.8,2.808,6,60,20,kaba,True,,430.0,84.0,386.0,572.0,1002.0,1.127,10.264,9.108,0.1106,True,,False,ON,935.0,3.0,4.5
2026-09-23 23:55:13,MLLB_000_y1.0.3,GREEN,v4_green_MLLB_000_y103_0923,2.8,2.808,6,60,24,kaba,True,,372.0,78.0,308.0,630.0,1002.0,1.126,10.257,9.113,0.1087,True,,False,ON,935.0,3.0,4.5
2026-09-23 23:55:30,MLLB_000_y1.0.3,GREEN,v4_green_MLLB_000_y103_0923,2.8,2.808,6,60,28,kaba,True,,324.0,90.0,284.0,678.0,1002.0,1.125,10.325,9.175,0.1088,True,,False,ON,935.0,3.0,4.5
2026-09-23 23:55:48,MLLB_000_y1.0.3,GREEN,v4_green_MLLB_000_y103_0923,2.8,2.808,6,60,32,kaba,True,,278.0,110.0,192.0,724.0,1002.0,1.114,10.279,9.227,0.112,True,,False,ON,935.0,3.0,4.5
2026-09-23 23:56:06,MLLB_000_y1.0.3,GREEN,v4_green_MLLB_000_y103_0923,2.8,2.808,6,60,36,kaba,True,,222.0,86.0,162.0,780.0,1002.0,1.107,10.234,9.244,0.1107,True,,False,ON,935.0,3.0,4.5
2026-09-23 23:56:24,MLLB_000_y1.0.3,GREEN,v4_green_MLLB_000_y103_0923,2.8,2.808,6,60,40,kaba,True,,170.0,86.0,100.0,832.0,1002.0,1.106,10.234,9.255,0.1118,True,,False,ON,935.0,3.0,4.5
2026-09-23 23:56:42,MLLB_000_y1.0.3,GREEN,v4_green_MLLB_000_y103_0923,2.8,2.808,6,60,44,kaba,True,,114.0,60.0,74.0,888.0,1002.0,1.103,10.284,9.323,0.112,True,,False,ON,935.0,3.0,4.5
2026-09-23 23:57:00,MLLB_000_y1.0.3,GREEN,v4_green_MLLB_000_y103_0923,2.8,2.808,6,60,48,kaba,True,,60.0,48.0,38.0,942.0,1002.0,1.18,11.012,9.33,0.1098,True,,True,,935.0,3.0,4.5
2026-09-23 23:57:18,MLLB_000_y1.0.3,GREEN,v4_green_MLLB_000_y103_0923,2.8,2.808,6,60,50,kaba,True,,44.0,14.0,38.0,958.0,1002.0,3.729,34.685,9.301,0.1092,True,,False,FLAS,935.0,3.0,4.5
2026-09-23 23:57:33,MLLB_000_y1.0.3,GREEN,v4_green_MLLB_000_y103_0923,2.8,2.808,6,60,45,ince,True,,106.0,74.0,60.0,896.0,1002.0,1.105,10.246,9.27,0.1103,True,,False,ON,935.0,3.0,4.5
2026-09-23 23:57:50,MLLB_000_y1.0.3,GREEN,v4_green_MLLB_000_y103_0923,2.8,2.808,6,60,46,ince,True,,86.0,54.0,52.0,916.0,1002.0,1.103,10.26,9.304,0.1096,True,,False,ON,935.0,3.0,4.5
2026-09-23 23:58:08,MLLB_000_y1.0.3,GREEN,v4_green_MLLB_000_y103_0923,2.8,2.808,6,60,47,ince,True,,74.0,60.0,42.0,928.0,1002.0,1.106,10.294,9.306,0.1117,True,,False,ON,935.0,3.0,4.5
2026-09-23 23:58:26,MLLB_000_y1.0.3,GREEN,v4_green_MLLB_000_y103_0923,2.8,2.808,6,60,49,ince,True,,52.0,20.0,38.0,950.0,1002.0,2.397,22.302,9.304,0.1065,True,,True,,935.0,3.0,4.5
2026-09-23 23:58:26,MLLB_000_y1.0.3,GREEN,v4_green_MLLB_000_y103_0923,2.8,2.808,6,60,,bitti,False,,,,,,,,,,,,,,,935.0,3.0,4.5
2026-09-23 23:58:48,MLLB_000_y1.0.3,GREEN,v4_green_MLLB_000_y103_0923,2.8,2.808,7,100,12,kaba,True,,362.0,50.0,326.0,640.0,1002.0,1.081,12.673,11.724,0.1273,True,,False,ON,935.0,3.0,4.5
2026-09-23 23:59:06,MLLB_000_y1.0.3,GREEN,v4_green_MLLB_000_y103_0923,2.8,2.808,7,100,16,kaba,True,,294.0,60.0,254.0,708.0,1002.0,1.113,12.671,11.383,0.1298,True,,False,ON,935.0,3.0,4.5
2026-09-23 23:59:24,MLLB_000_y1.0.3,GREEN,v4_green_MLLB_000_y103_0923,2.8,2.808,7,100,20,kaba,True,,226.0,76.0,178.0,776.0,1002.0,1.108,12.696,11.454,0.1307,True,,False,ON,935.0,3.0,4.5
2026-09-23 23:59:42,MLLB_000_y1.0.3,GREEN,v4_green_MLLB_000_y103_0923,2.8,2.808,7,100,24,kaba,True,,158.0,60.0,118.0,844.0,1002.0,1.106,12.754,11.535,0.1289,True,,False,ON,935.0,3.0,4.5
2026-09-24 00:00:00,MLLB_000_y1.0.3,GREEN,v4_green_MLLB_000_y103_0923,2.8,2.808,7,100,28,kaba,True,,82.0,80.0,50.0,920.0,1002.0,1.1,12.717,11.557,0.1331,True,,False,ON,935.0,3.0,4.5
2026-09-24 00:00:18,MLLB_000_y1.0.3,GREEN,v4_green_MLLB_000_y103_0923,2.8,2.808,7,100,32,kaba,True,,24.0,10.0,18.0,978.0,1002.0,4.129,47.693,11.549,0.1291,True,,False,FLAS,935.0,3.0,4.5
2026-09-24 00:00:33,MLLB_000_y1.0.3,GREEN,v4_green_MLLB_000_y103_0923,2.8,2.808,7,100,36,kaba,True,,22.0,6.0,18.0,980.0,1002.0,10.405,120.05,11.538,0.1313,True,,False,FLAS,935.0,3.0,4.5
2026-09-24 00:00:52,MLLB_000_y1.0.3,GREEN,v4_green_MLLB_000_y103_0923,2.8,2.808,7,100,29,ince,True,,62.0,76.0,34.0,940.0,1002.0,1.07,12.655,11.826,0.1291,True,,True,,935.0,3.0,4.5
2026-09-24 00:01:10,MLLB_000_y1.0.3,GREEN,v4_green_MLLB_000_y103_0923,2.8,2.808,7,100,30,ince,True,,44.0,60.0,18.0,958.0,1002.0,1.096,12.671,11.556,0.1285,True,,True,,935.0,3.0,4.5
2026-09-24 00:01:28,MLLB_000_y1.0.3,GREEN,v4_green_MLLB_000_y103_0923,2.8,2.808,7,100,31,ince,True,,30.0,20.0,18.0,972.0,1002.0,2.489,28.821,11.579,0.1315,True,,True,,935.0,3.0,4.5
2026-09-24 00:01:28,MLLB_000_y1.0.3,GREEN,v4_green_MLLB_000_y103_0923,2.8,2.808,7,100,,bitti,False,,,,,,,,,,,,,,,935.0,3.0,4.5
2026-09-24 00:01:46,MLLB_000_y1.0.3,GREEN,v4_green_MLLB_000_y103_0923,2.8,2.808,7,80,12,kaba,True,,394.0,68.0,344.0,608.0,1002.0,1.123,12.676,11.285,0.1298,True,,False,ON,935.0,3.0,4.5
2026-09-24 00:02:00,MLLB_000_y1.0.3,GREEN,v4_green_MLLB_000_y103_0923,2.8,2.808,7,80,16,kaba,True,,338.0,48.0,306.0,664.0,1002.0,1.123,12.717,11.325,0.1285,True,,False,ON,935.0,3.0,4.5
2026-09-24 00:02:18,MLLB_000_y1.0.3,GREEN,v4_green_MLLB_000_y103_0923,2.8,2.808,7,80,20,kaba,True,,286.0,52.0,246.0,716.0,1002.0,1.115,12.717,11.404,0.133,True,,False,ON,935.0,3.0,4.5
2026-09-24 00:02:32,MLLB_000_y1.0.3,GREEN,v4_green_MLLB_000_y103_0923,2.8,2.808,7,80,24,kaba,True,,230.0,100.0,190.0,772.0,1002.0,1.116,12.807,11.473,0.1311,True,,False,ON,935.0,3.0,4.5
2026-09-24 00:02:47,MLLB_000_y1.0.3,GREEN,v4_green_MLLB_000_y103_0923,2.8,2.808,7,80,28,kaba,True,,170.0,60.0,130.0,832.0,1002.0,1.103,12.694,11.506,0.1324,True,,False,ON,935.0,3.0,4.5
2026-09-24 00:03:06,MLLB_000_y1.0.3,GREEN,v4_green_MLLB_000_y103_0923,2.8,2.808,7,80,32,kaba,True,,118.0,70.0,82.0,884.0,1002.0,1.102,12.72,11.547,0.1317,True,,False,ON,935.0,3.0,4.5
2026-09-24 00:03:20,MLLB_000_y1.0.3,GREEN,v4_green_MLLB_000_y103_0923,2.8,2.808,7,80,36,kaba,True,,52.0,68.0,30.0,950.0,1002.0,1.109,12.789,11.537,0.1354,True,,True,,935.0,3.0,4.5
2026-09-24 00:03:38,MLLB_000_y1.0.3,GREEN,v4_green_MLLB_000_y103_0923,2.8,2.808,7,80,40,kaba,True,,32.0,8.0,26.0,970.0,1002.0,5.239,60.548,11.556,0.1334,True,,False,FLAS,935.0,3.0,4.5
2026-09-24 00:03:56,MLLB_000_y1.0.3,GREEN,v4_green_MLLB_000_y103_0923,2.8,2.808,7,80,44,kaba,True,,30.0,6.0,26.0,972.0,1002.0,10.075,116.508,11.564,0.1324,True,,False,FLAS,935.0,3.0,4.5
2026-09-24 00:04:14,MLLB_000_y1.0.3,GREEN,v4_green_MLLB_000_y103_0923,2.8,2.808,7,80,33,ince,True,,98.0,52.0,64.0,904.0,1002.0,1.098,12.673,11.538,0.1311,True,,False,ON,935.0,3.0,4.5
2026-09-24 00:04:32,MLLB_000_y1.0.3,GREEN,v4_green_MLLB_000_y103_0923,2.8,2.808,7,80,34,ince,True,,86.0,50.0,54.0,916.0,1002.0,1.1,12.687,11.537,0.1331,True,,False,ON,935.0,3.0,4.5
2026-09-24 00:04:50,MLLB_000_y1.0.3,GREEN,v4_green_MLLB_000_y103_0923,2.8,2.808,7,80,35,ince,True,,68.0,72.0,38.0,934.0,1002.0,1.104,12.733,11.538,0.1332,True,,False,ON,935.0,3.0,4.5
2026-09-24 00:05:08,MLLB_000_y1.0.3,GREEN,v4_green_MLLB_000_y103_0923,2.8,2.808,7,80,37,ince,True,,42.0,28.0,26.0,960.0,1002.0,1.819,21.039,11.566,0.1333,True,,True,,935.0,3.0,4.5
2026-09-24 00:05:26,MLLB_000_y1.0.3,GREEN,v4_green_MLLB_000_y103_0923,2.8,2.808,7,80,38,ince,True,,38.0,16.0,26.0,964.0,1002.0,3.341,38.567,11.543,0.1331,True,,False,FLAS,935.0,3.0,4.5
2026-09-24 00:05:44,MLLB_000_y1.0.3,GREEN,v4_green_MLLB_000_y103_0923,2.8,2.808,7,80,39,ince,True,,32.0,10.0,26.0,970.0,1002.0,4.353,50.215,11.535,0.1346,True,,False,FLAS,935.0,3.0,4.5
2026-09-24 00:05:44,MLLB_000_y1.0.3,GREEN,v4_green_MLLB_000_y103_0923,2.8,2.808,7,80,,bitti,False,,,,,,,,,,,,,,,935.0,3.0,4.5
2026-09-24 00:06:02,MLLB_000_y1.0.3,GREEN,v4_green_MLLB_000_y103_0923,2.8,2.808,7,60,12,kaba,True,,430.0,56.0,394.0,572.0,1002.0,1.124,12.625,11.234,0.1309,True,,False,ON,935.0,3.0,4.5
2026-09-24 00:06:20,MLLB_000_y1.0.3,GREEN,v4_green_MLLB_000_y103_0923,2.8,2.808,7,60,16,kaba,True,,390.0,126.0,354.0,612.0,1002.0,1.13,12.764,11.296,0.1328,True,,False,ON,935.0,3.0,4.5
2026-09-24 00:06:35,MLLB_000_y1.0.3,GREEN,v4_green_MLLB_000_y103_0923,2.8,2.808,7,60,20,kaba,True,,354.0,78.0,300.0,648.0,1002.0,1.118,12.671,11.337,0.1328,True,,False,ON,935.0,3.0,4.5
2026-09-24 00:06:49,MLLB_000_y1.0.3,GREEN,v4_green_MLLB_000_y103_0923,2.8,2.808,7,60,24,kaba,True,,310.0,68.0,274.0,692.0,1002.0,1.118,12.717,11.377,0.1326,True,,False,ON,935.0,3.0,4.5
2026-09-24 00:07:08,MLLB_000_y1.0.3,GREEN,v4_green_MLLB_000_y103_0923,2.8,2.808,7,60,28,kaba,True,,270.0,56.0,230.0,732.0,1002.0,1.114,12.717,11.421,0.1318,True,,False,ON,935.0,3.0,4.5
2026-09-24 00:07:23,MLLB_000_y1.0.3,GREEN,v4_green_MLLB_000_y103_0923,2.8,2.808,7,60,32,kaba,True,,230.0,60.0,194.0,772.0,1002.0,1.117,12.78,11.439,0.132,True,,False,ON,935.0,3.0,4.5
2026-09-24 00:07:40,MLLB_000_y1.0.3,GREEN,v4_green_MLLB_000_y103_0923,2.8,2.808,7,60,36,kaba,True,,186.0,80.0,150.0,816.0,1002.0,1.106,12.717,11.497,0.1326,True,,False,ON,935.0,3.0,4.5
2026-09-24 00:07:58,MLLB_000_y1.0.3,GREEN,v4_green_MLLB_000_y103_0923,2.8,2.808,7,60,40,kaba,True,,150.0,64.0,110.0,852.0,1002.0,1.103,12.715,11.532,0.1326,True,,False,ON,935.0,3.0,4.5
2026-09-24 00:08:16,MLLB_000_y1.0.3,GREEN,v4_green_MLLB_000_y103_0923,2.8,2.808,7,60,44,kaba,True,,106.0,64.0,70.0,896.0,1002.0,1.098,12.688,11.552,0.132,True,,False,ON,935.0,3.0,4.5
2026-09-24 00:08:34,MLLB_000_y1.0.3,GREEN,v4_green_MLLB_000_y103_0923,2.8,2.808,7,60,48,kaba,True,,62.0,64.0,38.0,940.0,1002.0,1.1,12.717,11.561,0.1316,True,,True,,935.0,3.0,4.5
2026-09-24 00:08:52,MLLB_000_y1.0.3,GREEN,v4_green_MLLB_000_y103_0923,2.8,2.808,7,60,50,kaba,True,,46.0,16.0,38.0,956.0,1002.0,2.973,34.287,11.531,0.1335,True,,True,,935.0,3.0,4.5
2026-09-24 00:09:10,MLLB_000_y1.0.3,GREEN,v4_green_MLLB_000_y103_0923,2.8,2.808,7,60,45,ince,True,,92.0,64.0,64.0,910.0,1002.0,1.098,12.673,11.538,0.1319,True,,False,ON,935.0,3.0,4.5
2026-09-24 00:09:28,MLLB_000_y1.0.3,GREEN,v4_green_MLLB_000_y103_0923,2.8,2.808,7,60,46,ince,True,,82.0,72.0,48.0,920.0,1002.0,1.097,12.671,11.549,0.1336,True,,False,ON,935.0,3.0,4.5
2026-09-24 00:09:46,MLLB_000_y1.0.3,GREEN,v4_green_MLLB_000_y103_0923,2.8,2.808,7,60,47,ince,True,,74.0,66.0,44.0,928.0,1002.0,1.103,12.755,11.563,0.1298,True,,False,ON,935.0,3.0,4.5
2026-09-24 00:09:46,MLLB_000_y1.0.3,GREEN,v4_green_MLLB_000_y103_0923,2.8,2.808,7,60,49,ince,False,iki-OK-arasi-monotonluk,,,,,,,,,,,,True,,935.0,3.0,4.5
2026-09-24 00:09:46,MLLB_000_y1.0.3,GREEN,v4_green_MLLB_000_y103_0923,2.8,2.808,7,60,,bitti,False,,,,,,,,,,,,,,,935.0,3.0,4.5
2026-09-24 00:10:12,MLLB_000_y1.0.3,GREEN,v4_green_MLLB_000_y103_0923,2.8,2.808,8,100,12,kaba,True,,306.0,46.0,278.0,696.0,1002.0,1.078,15.226,14.124,0.1548,True,,False,ON,935.0,3.0,4.5
2026-09-24 00:10:27,MLLB_000_y1.0.3,GREEN,v4_green_MLLB_000_y103_0923,2.8,2.808,8,100,16,kaba,True,,250.0,52.0,218.0,752.0,1002.0,1.109,15.213,13.721,0.1533,True,,False,ON,935.0,3.0,4.5
2026-09-24 00:10:44,MLLB_000_y1.0.3,GREEN,v4_green_MLLB_000_y103_0923,2.8,2.808,8,100,20,kaba,True,,192.0,48.0,160.0,810.0,1002.0,1.1,15.182,13.805,0.1569,True,,False,ON,935.0,3.0,4.5
2026-09-24 00:11:02,MLLB_000_y1.0.3,GREEN,v4_green_MLLB_000_y103_0923,2.8,2.808,8,100,24,kaba,True,,134.0,52.0,102.0,868.0,1002.0,1.101,15.234,13.84,0.1533,True,,False,ON,935.0,3.0,4.5
2026-09-24 00:11:16,MLLB_000_y1.0.3,GREEN,v4_green_MLLB_000_y103_0923,2.8,2.808,8,100,28,kaba,True,,78.0,54.0,42.0,924.0,1002.0,1.1,15.234,13.843,0.1504,True,,False,ON,935.0,3.0,4.5
2026-09-24 00:11:34,MLLB_000_y1.0.3,GREEN,v4_green_MLLB_000_y103_0923,2.8,2.808,8,100,32,kaba,True,,26.0,16.0,18.0,976.0,1002.0,3.341,47.44,14.199,0.1527,True,,False,FLAS,935.0,3.0,4.5
2026-09-24 00:11:52,MLLB_000_y1.0.3,GREEN,v4_green_MLLB_000_y103_0923,2.8,2.808,8,100,36,kaba,True,,24.0,8.0,18.0,978.0,1002.0,8.786,121.792,13.861,0.1516,True,,False,FLAS,935.0,3.0,4.5
2026-09-24 00:12:10,MLLB_000_y1.0.3,GREEN,v4_green_MLLB_000_y103_0923,2.8,2.808,8,100,29,ince,True,,60.0,50.0,32.0,942.0,1002.0,1.089,15.14,13.906,0.1502,True,,True,,935.0,3.0,4.5
2026-09-24 00:12:28,MLLB_000_y1.0.3,GREEN,v4_green_MLLB_000_y103_0923,2.8,2.808,8,100,30,ince,True,,46.0,70.0,20.0,956.0,1002.0,1.099,15.234,13.865,0.1544,True,,True,,935.0,3.0,4.5
2026-09-24 00:12:46,MLLB_000_y1.0.3,GREEN,v4_green_MLLB_000_y103_0923,2.8,2.808,8,100,31,ince,True,,32.0,24.0,18.0,970.0,1002.0,2.052,28.505,13.889,0.149,True,,True,,935.0,3.0,4.5
2026-09-24 00:12:46,MLLB_000_y1.0.3,GREEN,v4_green_MLLB_000_y103_0923,2.8,2.808,8,100,,bitti,False,,,,,,,,,,,,,,,935.0,3.0,4.5
2026-09-24 00:13:04,MLLB_000_y1.0.3,GREEN,v4_green_MLLB_000_y103_0923,2.8,2.808,8,80,12,kaba,True,,334.0,54.0,298.0,668.0,1002.0,1.119,15.261,13.632,0.1471,True,,False,ON,935.0,3.0,4.5
2026-09-24 00:13:22,MLLB_000_y1.0.3,GREEN,v4_green_MLLB_000_y103_0923,2.8,2.808,8,80,16,kaba,True,,290.0,42.0,260.0,712.0,1002.0,1.106,15.14,13.691,0.1503,True,,False,ON,935.0,3.0,4.5
2026-09-24 00:13:40,MLLB_000_y1.0.3,GREEN,v4_green_MLLB_000_y103_0923,2.8,2.808,8,80,20,kaba,True,,242.0,44.0,210.0,760.0,1002.0,1.104,15.184,13.748,0.1512,True,,False,ON,935.0,3.0,4.5
2026-09-24 00:13:58,MLLB_000_y1.0.3,GREEN,v4_green_MLLB_000_y103_0923,2.8,2.808,8,80,24,kaba,True,,194.0,46.0,168.0,808.0,1002.0,1.098,15.156,13.802,0.1488,True,,False,ON,935.0,3.0,4.5
2026-09-24 00:14:16,MLLB_000_y1.0.3,GREEN,v4_green_MLLB_000_y103_0923,2.8,2.808,8,80,28,kaba,True,,150.0,50.0,118.0,852.0,1002.0,1.095,15.154,13.838,0.1513,True,,False,ON,935.0,3.0,4.5
2026-09-24 00:14:34,MLLB_000_y1.0.3,GREEN,v4_green_MLLB_000_y103_0923,2.8,2.808,8,80,32,kaba,True,,102.0,68.0,74.0,900.0,1002.0,1.094,15.187,13.881,0.1515,True,,False,ON,935.0,3.0,4.5
2026-09-24 00:14:52,MLLB_000_y1.0.3,GREEN,v4_green_MLLB_000_y103_0923,2.8,2.808,8,80,36,kaba,True,,54.0,52.0,30.0,948.0,1002.0,1.098,15.234,13.874,0.151,True,,True,,935.0,3.0,4.5
2026-09-24 00:15:10,MLLB_000_y1.0.3,GREEN,v4_green_MLLB_000_y103_0923,2.8,2.808,8,80,40,kaba,True,,32.0,10.0,26.0,970.0,1002.0,4.383,60.79,13.868,0.1482,True,,False,FLAS,935.0,3.0,4.5
2026-09-24 00:15:28,MLLB_000_y1.0.3,GREEN,v4_green_MLLB_000_y103_0923,2.8,2.808,8,80,44,kaba,True,,32.0,6.0,26.0,970.0,1002.0,8.398,116.508,13.873,0.1523,True,,False,FLAS,935.0,3.0,4.5
2026-09-24 00:15:46,MLLB_000_y1.0.3,GREEN,v4_green_MLLB_000_y103_0923,2.8,2.808,8,80,33,ince,True,,90.0,76.0,62.0,912.0,1002.0,1.096,15.187,13.86,0.1545,True,,False,ON,935.0,3.0,4.5
2026-09-24 00:16:01,MLLB_000_y1.0.3,GREEN,v4_green_MLLB_000_y103_0923,2.8,2.808,8,80,34,ince,True,,78.0,52.0,42.0,924.0,1002.0,1.095,15.187,13.869,0.1534,True,,False,ON,935.0,3.0,4.5
2026-09-24 00:16:18,MLLB_000_y1.0.3,GREEN,v4_green_MLLB_000_y103_0923,2.8,2.808,8,80,35,ince,True,,66.0,44.0,38.0,936.0,1002.0,1.07,15.207,14.214,0.154,True,,True,,935.0,3.0,4.5
2026-09-24 00:16:36,MLLB_000_y1.0.3,GREEN,v4_green_MLLB_000_y103_0923,2.8,2.808,8,80,37,ince,True,,42.0,24.0,26.0,960.0,1002.0,1.498,20.799,13.88,0.1513,True,,True,,935.0,3.0,4.5
2026-09-24 00:16:54,MLLB_000_y1.0.3,GREEN,v4_green_MLLB_000_y103_0923,2.8,2.808,8,80,38,ince,True,,36.0,18.0,26.0,966.0,1002.0,2.742,38.046,13.876,0.1553,True,,True,,935.0,3.0,4.5
2026-09-24 00:17:12,MLLB_000_y1.0.3,GREEN,v4_green_MLLB_000_y103_0923,2.8,2.808,8,80,39,ince,True,,32.0,12.0,26.0,970.0,1002.0,3.594,49.936,13.896,0.1545,True,,False,FLAS,935.0,3.0,4.5
2026-09-24 00:17:12,MLLB_000_y1.0.3,GREEN,v4_green_MLLB_000_y103_0923,2.8,2.808,8,80,,bitti,False,,,,,,,,,,,,,,,935.0,3.0,4.5
2026-09-24 00:17:30,MLLB_000_y1.0.3,GREEN,v4_green_MLLB_000_y103_0923,2.8,2.808,8,60,12,kaba,True,,366.0,44.0,334.0,636.0,1002.0,1.114,15.159,13.606,0.1533,True,,False,ON,935.0,3.0,4.5
2026-09-24 00:17:48,MLLB_000_y1.0.3,GREEN,v4_green_MLLB_000_y103_0923,2.8,2.808,8,60,16,kaba,True,,332.0,64.0,300.0,670.0,1002.0,1.11,15.141,13.643,0.1531,True,,False,ON,935.0,3.0,4.5
2026-09-24 00:18:06,MLLB_000_y1.0.3,GREEN,v4_green_MLLB_000_y103_0923,2.8,2.808,8,60,20,kaba,True,,298.0,60.0,262.0,704.0,1002.0,1.112,15.234,13.699,0.153,True,,False,ON,935.0,3.0,4.5
2026-09-24 00:18:24,MLLB_000_y1.0.3,GREEN,v4_green_MLLB_000_y103_0923,2.8,2.808,8,60,24,kaba,True,,262.0,48.0,234.0,740.0,1002.0,1.111,15.234,13.707,0.1521,True,,False,ON,935.0,3.0,4.5
2026-09-24 00:18:42,MLLB_000_y1.0.3,GREEN,v4_green_MLLB_000_y103_0923,2.8,2.808,8,60,28,kaba,True,,230.0,42.0,204.0,772.0,1002.0,1.102,15.14,13.744,0.1543,True,,False,ON,935.0,3.0,4.5
2026-09-24 00:19:00,MLLB_000_y1.0.3,GREEN,v4_green_MLLB_000_y103_0923,2.8,2.808,8,60,32,kaba,True,,196.0,48.0,166.0,806.0,1002.0,1.1,15.14,13.763,0.1513,True,,False,ON,935.0,3.0,4.5
2026-09-24 00:19:18,MLLB_000_y1.0.3,GREEN,v4_green_MLLB_000_y103_0923,2.8,2.808,8,60,36,kaba,True,,162.0,46.0,134.0,840.0,1002.0,1.102,15.234,13.818,0.1523,True,,False,ON,935.0,3.0,4.5
2026-09-24 00:19:32,MLLB_000_y1.0.3,GREEN,v4_green_MLLB_000_y103_0923,2.8,2.808,8,60,40,kaba,True,,128.0,50.0,102.0,874.0,1002.0,1.1,15.234,13.846,0.1522,True,,False,ON,935.0,3.0,4.5
2026-09-24 00:19:50,MLLB_000_y1.0.3,GREEN,v4_green_MLLB_000_y103_0923,2.8,2.808,8,60,44,kaba,True,,94.0,46.0,68.0,908.0,1002.0,1.1,15.234,13.851,0.1527,True,,False,ON,935.0,3.0,4.5
2026-09-24 00:20:04,MLLB_000_y1.0.3,GREEN,v4_green_MLLB_000_y103_0923,2.8,2.808,8,60,48,kaba,True,,62.0,48.0,38.0,940.0,1002.0,1.098,15.234,13.868,0.1507,True,,True,,935.0,3.0,4.5
2026-09-24 00:20:22,MLLB_000_y1.0.3,GREEN,v4_green_MLLB_000_y103_0923,2.8,2.808,8,60,50,kaba,True,,48.0,18.0,38.0,954.0,1002.0,2.438,33.763,13.849,0.1555,True,,True,,935.0,3.0,4.5
2026-09-24 00:20:40,MLLB_000_y1.0.3,GREEN,v4_green_MLLB_000_y103_0923,2.8,2.808,8,60,45,ince,True,,86.0,42.0,56.0,916.0,1002.0,1.094,15.178,13.875,0.1561,True,,False,ON,935.0,3.0,4.5
2026-09-24 00:20:58,MLLB_000_y1.0.3,GREEN,v4_green_MLLB_000_y103_0923,2.8,2.808,8,60,46,ince,True,,78.0,54.0,50.0,924.0,1002.0,1.093,15.165,13.873,0.1517,True,,False,ON,935.0,3.0,4.5
2026-09-24 00:21:16,MLLB_000_y1.0.3,GREEN,v4_green_MLLB_000_y103_0923,2.8,2.808,8,60,47,ince,True,,70.0,46.0,46.0,932.0,1002.0,1.093,15.14,13.849,0.1527,True,,False,ON,935.0,3.0,4.5
2026-09-24 00:21:16,MLLB_000_y1.0.3,GREEN,v4_green_MLLB_000_y103_0923,2.8,2.808,8,60,49,ince,False,iki-OK-arasi-monotonluk,,,,,,,,,,,,True,,935.0,3.0,4.5
2026-09-24 00:21:16,MLLB_000_y1.0.3,GREEN,v4_green_MLLB_000_y103_0923,2.8,2.808,8,60,,bitti,False,,,,,,,,,,,,,,,935.0,3.0,4.5
2026-09-24 00:21:42,MLLB_000_y1.0.3,GREEN,v4_green_MLLB_000_y103_0923,2.8,2.808,10,100,12,kaba,True,,238.0,68.0,210.0,764.0,1002.0,1.061,20.025,18.875,0.194,True,,False,ON,935.0,3.0,4.5
2026-09-24 00:22:00,MLLB_000_y1.0.3,GREEN,v4_green_MLLB_000_y103_0923,2.8,2.808,10,100,16,kaba,True,,198.0,48.0,170.0,804.0,1002.0,1.093,20.089,18.373,0.1924,True,,False,ON,935.0,3.0,4.5
2026-09-24 00:22:18,MLLB_000_y1.0.3,GREEN,v4_green_MLLB_000_y103_0923,2.8,2.808,10,100,20,kaba,True,,154.0,84.0,130.0,848.0,1002.0,1.087,20.028,18.422,0.1963,True,,False,ON,935.0,3.0,4.5
2026-09-24 00:22:36,MLLB_000_y1.0.3,GREEN,v4_green_MLLB_000_y103_0923,2.8,2.808,10,100,24,kaba,True,,110.0,48.0,82.0,892.0,1002.0,1.084,20.042,18.482,0.1945,True,,False,ON,935.0,3.0,4.5
2026-09-24 00:22:54,MLLB_000_y1.0.3,GREEN,v4_green_MLLB_000_y103_0923,2.8,2.808,10,100,28,kaba,True,,66.0,44.0,42.0,936.0,1002.0,1.084,20.028,18.467,0.1952,True,,True,,935.0,3.0,4.5
2026-09-24 00:23:12,MLLB_000_y1.0.3,GREEN,v4_green_MLLB_000_y103_0923,2.8,2.808,10,100,32,kaba,True,,28.0,18.0,18.0,974.0,1002.0,2.547,47.135,18.507,0.1923,True,,True,,935.0,3.0,4.5
2026-09-24 00:23:30,MLLB_000_y1.0.3,GREEN,v4_green_MLLB_000_y103_0923,2.8,2.808,10,100,36,kaba,True,,24.0,10.0,18.0,978.0,1002.0,6.514,120.282,18.465,0.1965,True,,False,FLAS,935.0,3.0,4.5
2026-09-24 00:23:48,MLLB_000_y1.0.3,GREEN,v4_green_MLLB_000_y103_0923,2.8,2.808,10,100,25,ince,True,,102.0,52.0,74.0,900.0,1002.0,1.083,20.011,18.485,0.1936,True,,False,ON,935.0,3.0,4.5
2026-09-24 00:24:06,MLLB_000_y1.0.3,GREEN,v4_green_MLLB_000_y103_0923,2.8,2.808,10,100,26,ince,True,,90.0,56.0,58.0,912.0,1002.0,1.082,19.999,18.478,0.1941,True,,False,ON,935.0,3.0,4.5
2026-09-24 00:24:21,MLLB_000_y1.0.3,GREEN,v4_green_MLLB_000_y103_0923,2.8,2.808,10,100,27,ince,True,,78.0,62.0,54.0,924.0,1002.0,1.084,20.052,18.506,0.1957,True,,False,ON,935.0,3.0,4.5
2026-09-24 00:24:21,MLLB_000_y1.0.3,GREEN,v4_green_MLLB_000_y103_0923,2.8,2.808,10,100,29,ince,False,iki-OK-arasi-monotonluk,,,,,,,,,,,,True,,935.0,3.0,4.5
2026-09-24 00:24:21,MLLB_000_y1.0.3,GREEN,v4_green_MLLB_000_y103_0923,2.8,2.808,10,100,30,ince,False,iki-OK-arasi-monotonluk,,,,,,,,,,,,True,,935.0,3.0,4.5
2026-09-24 00:24:21,MLLB_000_y1.0.3,GREEN,v4_green_MLLB_000_y103_0923,2.8,2.808,10,100,31,ince,False,iki-OK-arasi-monotonluk,,,,,,,,,,,,True,,935.0,3.0,4.5
2026-09-24 00:24:40,MLLB_000_y1.0.3,GREEN,v4_green_MLLB_000_y103_0923,2.8,2.808,10,100,33,ince,True,,28.0,14.0,18.0,974.0,1002.0,3.242,61.536,18.979,0.1928,True,,False,FLAS,935.0,3.0,4.5
2026-09-24 00:24:58,MLLB_000_y1.0.3,GREEN,v4_green_MLLB_000_y103_0923,2.8,2.808,10,100,34,ince,True,,26.0,12.0,18.0,976.0,1002.0,5.119,94.667,18.494,0.1949,True,,False,FLAS,935.0,3.0,4.5
2026-09-24 00:25:16,MLLB_000_y1.0.3,GREEN,v4_green_MLLB_000_y103_0923,2.8,2.808,10,100,35,ince,True,,24.0,10.0,18.0,978.0,1002.0,5.857,108.214,18.475,0.1925,True,,False,FLAS,935.0,3.0,4.5
2026-09-24 00:25:16,MLLB_000_y1.0.3,GREEN,v4_green_MLLB_000_y103_0923,2.8,2.808,10,100,,bitti,False,,,,,,,,,,,,,,,935.0,3.0,4.5
2026-09-24 00:25:34,MLLB_000_y1.0.3,GREEN,v4_green_MLLB_000_y103_0923,2.8,2.808,10,80,12,kaba,True,,256.0,58.0,230.0,746.0,1002.0,1.097,20.028,18.263,0.1926,True,,False,ON,935.0,3.0,4.5
2026-09-24 00:25:54,MLLB_000_y1.0.3,GREEN,v4_green_MLLB_000_y103_0923,2.8,2.808,10,80,16,kaba,True,,224.0,60.0,198.0,778.0,1002.0,1.093,20.028,18.316,0.1915,True,,False,ON,935.0,3.0,4.5
2026-09-24 00:26:12,MLLB_000_y1.0.3,GREEN,v4_green_MLLB_000_y103_0923,2.8,2.808,10,80,20,kaba,True,,194.0,64.0,166.0,808.0,1002.0,1.097,20.172,18.383,0.1912,True,,False,ON,935.0,3.0,4.5
2026-09-24 00:26:30,MLLB_000_y1.0.3,GREEN,v4_green_MLLB_000_y103_0923,2.8,2.808,10,80,24,kaba,True,,158.0,56.0,130.0,844.0,1002.0,1.086,19.98,18.402,0.1922,True,,False,ON,935.0,3.0,4.5
2026-09-24 00:26:48,MLLB_000_y1.0.3,GREEN,v4_green_MLLB_000_y103_0923,2.8,2.808,10,80,28,kaba,True,,126.0,68.0,98.0,876.0,1002.0,1.085,20.044,18.471,0.1909,True,,False,ON,935.0,3.0,4.5
2026-09-24 00:27:06,MLLB_000_y1.0.3,GREEN,v4_green_MLLB_000_y103_0923,2.8,2.808,10,80,32,kaba,True,,90.0,60.0,62.0,912.0,1002.0,1.082,20.027,18.501,0.1915,True,,False,ON,935.0,3.0,4.5
2026-09-24 00:27:24,MLLB_000_y1.0.3,GREEN,v4_green_MLLB_000_y103_0923,2.8,2.808,10,80,36,kaba,True,,54.0,66.0,30.0,948.0,1002.0,1.082,20.028,18.505,0.1925,True,,True,,935.0,3.0,4.5
2026-09-24 00:27:42,MLLB_000_y1.0.3,GREEN,v4_green_MLLB_000_y103_0923,2.8,2.808,10,80,40,kaba,True,,34.0,14.0,26.0,968.0,1002.0,3.272,60.506,18.491,0.19,True,,False,FLAS,935.0,3.0,4.5
2026-09-24 00:28:00,MLLB_000_y1.0.3,GREEN,v4_green_MLLB_000_y103_0923,2.8,2.808,10,80,44,kaba,True,,32.0,8.0,26.0,970.0,1002.0,6.351,117.263,18.462,0.1915,True,,False,FLAS,935.0,3.0,4.5
2026-09-24 00:28:18,MLLB_000_y1.0.3,GREEN,v4_green_MLLB_000_y103_0923,2.8,2.808,10,80,33,ince,True,,80.0,74.0,50.0,922.0,1002.0,1.082,19.98,18.469,0.194,True,,False,ON,935.0,3.0,4.5
2026-09-24 00:28:36,MLLB_000_y1.0.3,GREEN,v4_green_MLLB_000_y103_0923,2.8,2.808,10,80,34,ince,True,,70.0,88.0,46.0,932.0,1002.0,1.081,19.98,18.482,0.1931,True,,False,ON,935.0,3.0,4.5
2026-09-24 00:28:54,MLLB_000_y1.0.3,GREEN,v4_green_MLLB_000_y103_0923,2.8,2.808,10,80,35,ince,True,,62.0,56.0,34.0,940.0,1002.0,1.084,20.028,18.482,0.1946,True,,True,,935.0,3.0,4.5
2026-09-24 00:29:12,MLLB_000_y1.0.3,GREEN,v4_green_MLLB_000_y103_0923,2.8,2.808,10,80,37,ince,True,,46.0,40.0,26.0,956.0,1002.0,1.132,20.942,18.492,0.1951,True,,True,,935.0,3.0,4.5
2026-09-24 00:29:30,MLLB_000_y1.0.3,GREEN,v4_green_MLLB_000_y103_0923,2.8,2.808,10,80,38,ince,True,,42.0,24.0,26.0,960.0,1002.0,2.043,37.756,18.484,0.1956,True,,True,,935.0,3.0,4.5
2026-09-24 00:29:48,MLLB_000_y1.0.3,GREEN,v4_green_MLLB_000_y103_0923,2.8,2.808,10,80,39,ince,True,,36.0,18.0,26.0,966.0,1002.0,2.696,49.83,18.485,0.1927,True,,True,,935.0,3.0,4.5
2026-09-24 00:29:48,MLLB_000_y1.0.3,GREEN,v4_green_MLLB_000_y103_0923,2.8,2.808,10,80,,bitti,False,,,,,,,,,,,,,,,935.0,3.0,4.5
2026-09-24 00:30:06,MLLB_000_y1.0.3,GREEN,v4_green_MLLB_000_y103_0923,2.8,2.808,10,60,12,kaba,True,,282.0,48.0,254.0,720.0,1002.0,1.099,20.034,18.222,0.1959,True,,False,ON,935.0,3.0,4.5
2026-09-24 00:30:21,MLLB_000_y1.0.3,GREEN,v4_green_MLLB_000_y103_0923,2.8,2.808,10,60,16,kaba,True,,256.0,82.0,232.0,746.0,1002.0,1.098,20.028,18.244,0.1953,True,,False,ON,935.0,3.0,4.5
2026-09-24 00:30:40,MLLB_000_y1.0.3,GREEN,v4_green_MLLB_000_y103_0923,2.8,2.808,10,60,20,kaba,True,,234.0,84.0,206.0,768.0,1002.0,1.092,19.98,18.296,0.1962,True,,False,ON,935.0,3.0,4.5
2026-09-24 00:30:58,MLLB_000_y1.0.3,GREEN,v4_green_MLLB_000_y103_0923,2.8,2.808,10,60,24,kaba,True,,210.0,86.0,182.0,792.0,1002.0,1.093,20.029,18.332,0.1944,True,,False,ON,935.0,3.0,4.5
2026-09-24 00:31:16,MLLB_000_y1.0.3,GREEN,v4_green_MLLB_000_y103_0923,2.8,2.808,10,60,28,kaba,True,,186.0,44.0,158.0,816.0,1002.0,1.087,19.984,18.378,0.1958,True,,False,ON,935.0,3.0,4.5
2026-09-24 00:31:34,MLLB_000_y1.0.3,GREEN,v4_green_MLLB_000_y103_0923,2.8,2.808,10,60,32,kaba,True,,162.0,68.0,134.0,840.0,1002.0,1.087,20.011,18.403,0.1941,True,,False,ON,935.0,3.0,4.5
2026-09-24 00:31:52,MLLB_000_y1.0.3,GREEN,v4_green_MLLB_000_y103_0923,2.8,2.808,10,60,36,kaba,True,,138.0,56.0,106.0,864.0,1002.0,1.085,19.996,18.424,0.1929,True,,False,ON,935.0,3.0,4.5
2026-09-24 00:32:10,MLLB_000_y1.0.3,GREEN,v4_green_MLLB_000_y103_0923,2.8,2.808,10,60,40,kaba,True,,112.0,76.0,86.0,890.0,1002.0,1.084,19.988,18.445,0.1969,True,,False,ON,935.0,3.0,4.5
2026-09-24 00:32:28,MLLB_000_y1.0.3,GREEN,v4_green_MLLB_000_y103_0923,2.8,2.808,10,60,44,kaba,True,,86.0,66.0,58.0,916.0,1002.0,1.085,20.028,18.463,0.1972,True,,False,ON,935.0,3.0,4.5
2026-09-24 00:32:46,MLLB_000_y1.0.3,GREEN,v4_green_MLLB_000_y103_0923,2.8,2.808,10,60,48,kaba,True,,62.0,60.0,38.0,940.0,1002.0,1.083,20.029,18.49,0.1952,True,,True,,935.0,3.0,4.5
2026-09-24 00:33:04,MLLB_000_y1.0.3,GREEN,v4_green_MLLB_000_y103_0923,2.8,2.808,10,60,50,kaba,True,,54.0,26.0,38.0,948.0,1002.0,1.833,33.818,18.444,0.1968,True,,True,,935.0,3.0,4.5
2026-09-24 00:33:22,MLLB_000_y1.0.3,GREEN,v4_green_MLLB_000_y103_0923,2.8,2.808,10,60,45,ince,True,,78.0,84.0,54.0,924.0,1002.0,1.082,19.98,18.465,0.1944,True,,False,ON,935.0,3.0,4.5
2026-09-24 00:33:40,MLLB_000_y1.0.3,GREEN,v4_green_MLLB_000_y103_0923,2.8,2.808,10,60,46,ince,True,,74.0,48.0,46.0,928.0,1002.0,1.083,20.028,18.495,0.1962,True,,False,ON,935.0,3.0,4.5
2026-09-24 00:33:58,MLLB_000_y1.0.3,GREEN,v4_green_MLLB_000_y103_0923,2.8,2.808,10,60,47,ince,True,,66.0,46.0,42.0,936.0,1002.0,1.083,20.028,18.485,0.1936,True,,True,,935.0,3.0,4.5
2026-09-24 00:33:58,MLLB_000_y1.0.3,GREEN,v4_green_MLLB_000_y103_0923,2.8,2.808,10,60,49,ince,False,iki-OK-arasi-monotonluk,,,,,,,,,,,,True,,935.0,3.0,4.5
2026-09-24 00:33:58,MLLB_000_y1.0.3,GREEN,v4_green_MLLB_000_y103_0923,2.8,2.808,10,60,,bitti,False,,,,,,,,,,,,,,,935.0,3.0,4.5
2026-09-24 00:34:24,MLLB_000_y1.0.3,GREEN,v4_green_MLLB_000_y103_0923,2.8,2.808,100,100,12,kaba,True,,40.0,36.0,20.0,962.0,1002.0,1.086,237.702,218.865,0.7768,True,,True,,935.0,3.0,4.5
2026-09-24 00:34:42,MLLB_000_y1.0.3,GREEN,v4_green_MLLB_000_y103_0923,2.8,2.808,100,100,16,kaba,True,,40.0,30.0,20.0,962.0,1002.0,1.086,237.702,218.821,0.777,True,,True,,935.0,3.0,4.5
2026-09-24 00:35:00,MLLB_000_y1.0.3,GREEN,v4_green_MLLB_000_y103_0923,2.8,2.808,100,100,20,kaba,True,,40.0,30.0,20.0,962.0,1002.0,1.085,237.702,219.068,0.7771,True,,True,,935.0,3.0,4.5
2026-09-24 00:35:18,MLLB_000_y1.0.3,GREEN,v4_green_MLLB_000_y103_0923,2.8,2.808,100,100,24,kaba,True,,40.0,30.0,20.0,962.0,1002.0,1.086,237.806,218.925,0.7778,True,,True,,935.0,3.0,4.5
2026-09-24 00:35:36,MLLB_000_y1.0.3,GREEN,v4_green_MLLB_000_y103_0923,2.8,2.808,100,100,28,kaba,True,,40.0,30.0,20.0,962.0,1002.0,1.087,237.863,218.804,0.7777,True,,True,,935.0,3.0,4.5
2026-09-24 00:35:54,MLLB_000_y1.0.3,GREEN,v4_green_MLLB_000_y103_0923,2.8,2.808,100,100,32,kaba,True,,40.0,36.0,20.0,962.0,1002.0,1.087,237.702,218.773,0.7772,True,,True,,935.0,3.0,4.5
2026-09-24 00:36:12,MLLB_000_y1.0.3,GREEN,v4_green_MLLB_000_y103_0923,2.8,2.808,100,100,36,kaba,True,,40.0,30.0,20.0,962.0,1002.0,1.085,237.702,218.996,0.7771,True,,True,,935.0,3.0,4.5
2026-09-24 00:36:30,MLLB_000_y1.0.3,GREEN,v4_green_MLLB_000_y103_0923,2.8,2.808,100,100,40,kaba,True,,40.0,30.0,20.0,962.0,1002.0,1.087,237.833,218.89,0.7771,True,,True,,935.0,3.0,4.5
2026-09-24 00:36:48,MLLB_000_y1.0.3,GREEN,v4_green_MLLB_000_y103_0923,2.8,2.808,100,100,44,kaba,True,,40.0,30.0,20.0,962.0,1002.0,1.087,237.863,218.812,0.7766,True,,True,,935.0,3.0,4.5
2026-09-24 00:37:06,MLLB_000_y1.0.3,GREEN,v4_green_MLLB_000_y103_0923,2.8,2.808,100,100,48,kaba,True,,40.0,30.0,20.0,962.0,1002.0,1.085,237.702,219.011,0.778,True,,True,,935.0,3.0,4.5
2026-09-24 00:37:24,MLLB_000_y1.0.3,GREEN,v4_green_MLLB_000_y103_0923,2.8,2.808,100,100,50,kaba,True,,40.0,30.0,20.0,962.0,1002.0,1.087,237.702,218.756,0.777,True,,True,,935.0,3.0,4.5
2026-09-24 00:37:24,MLLB_000_y1.0.3,GREEN,v4_green_MLLB_000_y103_0923,2.8,2.808,100,100,13,ince,False,iki-OK-arasi-monotonluk,,,,,,,,,,,,True,,935.0,3.0,4.5
2026-09-24 00:37:24,MLLB_000_y1.0.3,GREEN,v4_green_MLLB_000_y103_0923,2.8,2.808,100,100,14,ince,False,iki-OK-arasi-monotonluk,,,,,,,,,,,,True,,935.0,3.0,4.5
2026-09-24 00:37:24,MLLB_000_y1.0.3,GREEN,v4_green_MLLB_000_y103_0923,2.8,2.808,100,100,15,ince,False,iki-OK-arasi-monotonluk,,,,,,,,,,,,True,,935.0,3.0,4.5
2026-09-24 00:37:24,MLLB_000_y1.0.3,GREEN,v4_green_MLLB_000_y103_0923,2.8,2.808,100,100,17,ince,False,iki-OK-arasi-monotonluk,,,,,,,,,,,,True,,935.0,3.0,4.5
2026-09-24 00:37:24,MLLB_000_y1.0.3,GREEN,v4_green_MLLB_000_y103_0923,2.8,2.808,100,100,18,ince,False,iki-OK-arasi-monotonluk,,,,,,,,,,,,True,,935.0,3.0,4.5
2026-09-24 00:37:24,MLLB_000_y1.0.3,GREEN,v4_green_MLLB_000_y103_0923,2.8,2.808,100,100,19,ince,False,iki-OK-arasi-monotonluk,,,,,,,,,,,,True,,935.0,3.0,4.5
2026-09-24 00:37:24,MLLB_000_y1.0.3,GREEN,v4_green_MLLB_000_y103_0923,2.8,2.808,100,100,21,ince,False,iki-OK-arasi-monotonluk,,,,,,,,,,,,True,,935.0,3.0,4.5
2026-09-24 00:37:24,MLLB_000_y1.0.3,GREEN,v4_green_MLLB_000_y103_0923,2.8,2.808,100,100,22,ince,False,iki-OK-arasi-monotonluk,,,,,,,,,,,,True,,935.0,3.0,4.5
2026-09-24 00:37:24,MLLB_000_y1.0.3,GREEN,v4_green_MLLB_000_y103_0923,2.8,2.808,100,100,23,ince,False,iki-OK-arasi-monotonluk,,,,,,,,,,,,True,,935.0,3.0,4.5
2026-09-24 00:37:24,MLLB_000_y1.0.3,GREEN,v4_green_MLLB_000_y103_0923,2.8,2.808,100,100,25,ince,False,iki-OK-arasi-monotonluk,,,,,,,,,,,,True,,935.0,3.0,4.5
2026-09-24 00:37:24,MLLB_000_y1.0.3,GREEN,v4_green_MLLB_000_y103_0923,2.8,2.808,100,100,26,ince,False,iki-OK-arasi-monotonluk,,,,,,,,,,,,True,,935.0,3.0,4.5
2026-09-24 00:37:24,MLLB_000_y1.0.3,GREEN,v4_green_MLLB_000_y103_0923,2.8,2.808,100,100,27,ince,False,iki-OK-arasi-monotonluk,,,,,,,,,,,,True,,935.0,3.0,4.5
2026-09-24 00:37:24,MLLB_000_y1.0.3,GREEN,v4_green_MLLB_000_y103_0923,2.8,2.808,100,100,29,ince,False,iki-OK-arasi-monotonluk,,,,,,,,,,,,True,,935.0,3.0,4.5
2026-09-24 00:37:24,MLLB_000_y1.0.3,GREEN,v4_green_MLLB_000_y103_0923,2.8,2.808,100,100,30,ince,False,iki-OK-arasi-monotonluk,,,,,,,,,,,,True,,935.0,3.0,4.5
2026-09-24 00:37:24,MLLB_000_y1.0.3,GREEN,v4_green_MLLB_000_y103_0923,2.8,2.808,100,100,31,ince,False,iki-OK-arasi-monotonluk,,,,,,,,,,,,True,,935.0,3.0,4.5
2026-09-24 00:37:24,MLLB_000_y1.0.3,GREEN,v4_green_MLLB_000_y103_0923,2.8,2.808,100,100,33,ince,False,iki-OK-arasi-monotonluk,,,,,,,,,,,,True,,935.0,3.0,4.5
2026-09-24 00:37:24,MLLB_000_y1.0.3,GREEN,v4_green_MLLB_000_y103_0923,2.8,2.808,100,100,34,ince,False,iki-OK-arasi-monotonluk,,,,,,,,,,,,True,,935.0,3.0,4.5
2026-09-24 00:37:24,MLLB_000_y1.0.3,GREEN,v4_green_MLLB_000_y103_0923,2.8,2.808,100,100,35,ince,False,iki-OK-arasi-monotonluk,,,,,,,,,,,,True,,935.0,3.0,4.5
2026-09-24 00:37:24,MLLB_000_y1.0.3,GREEN,v4_green_MLLB_000_y103_0923,2.8,2.808,100,100,37,ince,False,iki-OK-arasi-monotonluk,,,,,,,,,,,,True,,935.0,3.0,4.5
2026-09-24 00:37:24,MLLB_000_y1.0.3,GREEN,v4_green_MLLB_000_y103_0923,2.8,2.808,100,100,38,ince,False,iki-OK-arasi-monotonluk,,,,,,,,,,,,True,,935.0,3.0,4.5
2026-09-24 00:37:24,MLLB_000_y1.0.3,GREEN,v4_green_MLLB_000_y103_0923,2.8,2.808,100,100,39,ince,False,iki-OK-arasi-monotonluk,,,,,,,,,,,,True,,935.0,3.0,4.5
2026-09-24 00:37:24,MLLB_000_y1.0.3,GREEN,v4_green_MLLB_000_y103_0923,2.8,2.808,100,100,41,ince,False,iki-OK-arasi-monotonluk,,,,,,,,,,,,True,,935.0,3.0,4.5
2026-09-24 00:37:24,MLLB_000_y1.0.3,GREEN,v4_green_MLLB_000_y103_0923,2.8,2.808,100,100,42,ince,False,iki-OK-arasi-monotonluk,,,,,,,,,,,,True,,935.0,3.0,4.5
2026-09-24 00:37:24,MLLB_000_y1.0.3,GREEN,v4_green_MLLB_000_y103_0923,2.8,2.808,100,100,43,ince,False,iki-OK-arasi-monotonluk,,,,,,,,,,,,True,,935.0,3.0,4.5
2026-09-24 00:37:24,MLLB_000_y1.0.3,GREEN,v4_green_MLLB_000_y103_0923,2.8,2.808,100,100,45,ince,False,iki-OK-arasi-monotonluk,,,,,,,,,,,,True,,935.0,3.0,4.5
2026-09-24 00:37:24,MLLB_000_y1.0.3,GREEN,v4_green_MLLB_000_y103_0923,2.8,2.808,100,100,46,ince,False,iki-OK-arasi-monotonluk,,,,,,,,,,,,True,,935.0,3.0,4.5
2026-09-24 00:37:24,MLLB_000_y1.0.3,GREEN,v4_green_MLLB_000_y103_0923,2.8,2.808,100,100,47,ince,False,iki-OK-arasi-monotonluk,,,,,,,,,,,,True,,935.0,3.0,4.5
2026-09-24 00:37:24,MLLB_000_y1.0.3,GREEN,v4_green_MLLB_000_y103_0923,2.8,2.808,100,100,49,ince,False,iki-OK-arasi-monotonluk,,,,,,,,,,,,True,,935.0,3.0,4.5
2026-09-24 00:37:24,MLLB_000_y1.0.3,GREEN,v4_green_MLLB_000_y103_0923,2.8,2.808,100,100,,bitti,False,,,,,,,,,,,,,,,935.0,3.0,4.5
2026-09-24 00:37:42,MLLB_000_y1.0.3,GREEN,v4_green_MLLB_000_y103_0923,2.8,2.808,100,80,12,kaba,True,,40.0,36.0,20.0,962.0,1002.0,1.087,237.702,218.699,0.7773,True,,True,,935.0,3.0,4.5
2026-09-24 00:38:00,MLLB_000_y1.0.3,GREEN,v4_green_MLLB_000_y103_0923,2.8,2.808,100,80,16,kaba,True,,40.0,30.0,20.0,962.0,1002.0,1.088,237.702,218.559,0.7768,True,,True,,935.0,3.0,4.5
2026-09-24 00:38:18,MLLB_000_y1.0.3,GREEN,v4_green_MLLB_000_y103_0923,2.8,2.808,100,80,20,kaba,True,,40.0,30.0,20.0,962.0,1002.0,1.088,237.744,218.605,0.7772,True,,True,,935.0,3.0,4.5
2026-09-24 00:38:33,MLLB_000_y1.0.3,GREEN,v4_green_MLLB_000_y103_0923,2.8,2.808,100,80,24,kaba,True,,40.0,30.0,20.0,962.0,1002.0,1.089,238.087,218.597,0.7769,True,,True,,935.0,3.0,4.5
2026-09-24 00:38:52,MLLB_000_y1.0.3,GREEN,v4_green_MLLB_000_y103_0923,2.8,2.808,100,80,28,kaba,True,,40.0,30.0,20.0,962.0,1002.0,1.056,237.905,225.217,0.7769,True,,True,,935.0,3.0,4.5
2026-09-24 00:39:07,MLLB_000_y1.0.3,GREEN,v4_green_MLLB_000_y103_0923,2.8,2.808,100,80,32,kaba,True,,40.0,30.0,20.0,962.0,1002.0,1.093,238.857,218.623,0.7773,True,,True,,935.0,3.0,4.5
2026-09-24 00:39:26,MLLB_000_y1.0.3,GREEN,v4_green_MLLB_000_y103_0923,2.8,2.808,100,80,36,kaba,True,,40.0,30.0,20.0,962.0,1002.0,1.058,238.581,225.424,0.7773,True,,True,,935.0,3.0,4.5
2026-09-24 00:39:44,MLLB_000_y1.0.3,GREEN,v4_green_MLLB_000_y103_0923,2.8,2.808,100,80,40,kaba,True,,40.0,30.0,20.0,962.0,1002.0,1.087,237.702,218.775,0.777,True,,True,,935.0,3.0,4.5
2026-09-24 00:40:02,MLLB_000_y1.0.3,GREEN,v4_green_MLLB_000_y103_0923,2.8,2.808,100,80,44,kaba,True,,40.0,30.0,20.0,962.0,1002.0,1.087,237.702,218.704,0.7779,True,,True,,935.0,3.0,4.5
2026-09-24 00:40:20,MLLB_000_y1.0.3,GREEN,v4_green_MLLB_000_y103_0923,2.8,2.808,100,80,48,kaba,True,,40.0,30.0,20.0,962.0,1002.0,1.086,237.702,218.804,0.7776,True,,True,,935.0,3.0,4.5
2026-09-24 00:40:38,MLLB_000_y1.0.3,GREEN,v4_green_MLLB_000_y103_0923,2.8,2.808,100,80,50,kaba,True,,40.0,30.0,20.0,962.0,1002.0,1.085,237.702,218.995,0.7772,True,,True,,935.0,3.0,4.5
2026-09-24 00:40:38,MLLB_000_y1.0.3,GREEN,v4_green_MLLB_000_y103_0923,2.8,2.808,100,80,13,ince,False,iki-OK-arasi-monotonluk,,,,,,,,,,,,True,,935.0,3.0,4.5
2026-09-24 00:40:38,MLLB_000_y1.0.3,GREEN,v4_green_MLLB_000_y103_0923,2.8,2.808,100,80,14,ince,False,iki-OK-arasi-monotonluk,,,,,,,,,,,,True,,935.0,3.0,4.5
2026-09-24 00:40:38,MLLB_000_y1.0.3,GREEN,v4_green_MLLB_000_y103_0923,2.8,2.808,100,80,15,ince,False,iki-OK-arasi-monotonluk,,,,,,,,,,,,True,,935.0,3.0,4.5
2026-09-24 00:40:38,MLLB_000_y1.0.3,GREEN,v4_green_MLLB_000_y103_0923,2.8,2.808,100,80,17,ince,False,iki-OK-arasi-monotonluk,,,,,,,,,,,,True,,935.0,3.0,4.5
2026-09-24 00:40:38,MLLB_000_y1.0.3,GREEN,v4_green_MLLB_000_y103_0923,2.8,2.808,100,80,18,ince,False,iki-OK-arasi-monotonluk,,,,,,,,,,,,True,,935.0,3.0,4.5
2026-09-24 00:40:38,MLLB_000_y1.0.3,GREEN,v4_green_MLLB_000_y103_0923,2.8,2.808,100,80,19,ince,False,iki-OK-arasi-monotonluk,,,,,,,,,,,,True,,935.0,3.0,4.5
2026-09-24 00:40:38,MLLB_000_y1.0.3,GREEN,v4_green_MLLB_000_y103_0923,2.8,2.808,100,80,21,ince,False,iki-OK-arasi-monotonluk,,,,,,,,,,,,True,,935.0,3.0,4.5
2026-09-24 00:40:38,MLLB_000_y1.0.3,GREEN,v4_green_MLLB_000_y103_0923,2.8,2.808,100,80,22,ince,False,iki-OK-arasi-monotonluk,,,,,,,,,,,,True,,935.0,3.0,4.5
2026-09-24 00:40:38,MLLB_000_y1.0.3,GREEN,v4_green_MLLB_000_y103_0923,2.8,2.808,100,80,23,ince,False,iki-OK-arasi-monotonluk,,,,,,,,,,,,True,,935.0,3.0,4.5
2026-09-24 00:40:38,MLLB_000_y1.0.3,GREEN,v4_green_MLLB_000_y103_0923,2.8,2.808,100,80,25,ince,False,iki-OK-arasi-monotonluk,,,,,,,,,,,,True,,935.0,3.0,4.5
2026-09-24 00:40:38,MLLB_000_y1.0.3,GREEN,v4_green_MLLB_000_y103_0923,2.8,2.808,100,80,26,ince,False,iki-OK-arasi-monotonluk,,,,,,,,,,,,True,,935.0,3.0,4.5
2026-09-24 00:40:38,MLLB_000_y1.0.3,GREEN,v4_green_MLLB_000_y103_0923,2.8,2.808,100,80,27,ince,False,iki-OK-arasi-monotonluk,,,,,,,,,,,,True,,935.0,3.0,4.5
2026-09-24 00:40:38,MLLB_000_y1.0.3,GREEN,v4_green_MLLB_000_y103_0923,2.8,2.808,100,80,29,ince,False,iki-OK-arasi-monotonluk,,,,,,,,,,,,True,,935.0,3.0,4.5
2026-09-24 00:40:38,MLLB_000_y1.0.3,GREEN,v4_green_MLLB_000_y103_0923,2.8,2.808,100,80,30,ince,False,iki-OK-arasi-monotonluk,,,,,,,,,,,,True,,935.0,3.0,4.5
2026-09-24 00:40:38,MLLB_000_y1.0.3,GREEN,v4_green_MLLB_000_y103_0923,2.8,2.808,100,80,31,ince,False,iki-OK-arasi-monotonluk,,,,,,,,,,,,True,,935.0,3.0,4.5
2026-09-24 00:40:38,MLLB_000_y1.0.3,GREEN,v4_green_MLLB_000_y103_0923,2.8,2.808,100,80,33,ince,False,iki-OK-arasi-monotonluk,,,,,,,,,,,,True,,935.0,3.0,4.5
2026-09-24 00:40:38,MLLB_000_y1.0.3,GREEN,v4_green_MLLB_000_y103_0923,2.8,2.808,100,80,34,ince,False,iki-OK-arasi-monotonluk,,,,,,,,,,,,True,,935.0,3.0,4.5
2026-09-24 00:40:38,MLLB_000_y1.0.3,GREEN,v4_green_MLLB_000_y103_0923,2.8,2.808,100,80,35,ince,False,iki-OK-arasi-monotonluk,,,,,,,,,,,,True,,935.0,3.0,4.5
2026-09-24 00:40:38,MLLB_000_y1.0.3,GREEN,v4_green_MLLB_000_y103_0923,2.8,2.808,100,80,37,ince,False,iki-OK-arasi-monotonluk,,,,,,,,,,,,True,,935.0,3.0,4.5
2026-09-24 00:40:38,MLLB_000_y1.0.3,GREEN,v4_green_MLLB_000_y103_0923,2.8,2.808,100,80,38,ince,False,iki-OK-arasi-monotonluk,,,,,,,,,,,,True,,935.0,3.0,4.5
2026-09-24 00:40:38,MLLB_000_y1.0.3,GREEN,v4_green_MLLB_000_y103_0923,2.8,2.808,100,80,39,ince,False,iki-OK-arasi-monotonluk,,,,,,,,,,,,True,,935.0,3.0,4.5
2026-09-24 00:40:38,MLLB_000_y1.0.3,GREEN,v4_green_MLLB_000_y103_0923,2.8,2.808,100,80,41,ince,False,iki-OK-arasi-monotonluk,,,,,,,,,,,,True,,935.0,3.0,4.5
2026-09-24 00:40:38,MLLB_000_y1.0.3,GREEN,v4_green_MLLB_000_y103_0923,2.8,2.808,100,80,42,ince,False,iki-OK-arasi-monotonluk,,,,,,,,,,,,True,,935.0,3.0,4.5
2026-09-24 00:40:38,MLLB_000_y1.0.3,GREEN,v4_green_MLLB_000_y103_0923,2.8,2.808,100,80,43,ince,False,iki-OK-arasi-monotonluk,,,,,,,,,,,,True,,935.0,3.0,4.5
2026-09-24 00:40:38,MLLB_000_y1.0.3,GREEN,v4_green_MLLB_000_y103_0923,2.8,2.808,100,80,45,ince,False,iki-OK-arasi-monotonluk,,,,,,,,,,,,True,,935.0,3.0,4.5
2026-09-24 00:40:38,MLLB_000_y1.0.3,GREEN,v4_green_MLLB_000_y103_0923,2.8,2.808,100,80,46,ince,False,iki-OK-arasi-monotonluk,,,,,,,,,,,,True,,935.0,3.0,4.5
2026-09-24 00:40:38,MLLB_000_y1.0.3,GREEN,v4_green_MLLB_000_y103_0923,2.8,2.808,100,80,47,ince,False,iki-OK-arasi-monotonluk,,,,,,,,,,,,True,,935.0,3.0,4.5
2026-09-24 00:40:38,MLLB_000_y1.0.3,GREEN,v4_green_MLLB_000_y103_0923,2.8,2.808,100,80,49,ince,False,iki-OK-arasi-monotonluk,,,,,,,,,,,,True,,935.0,3.0,4.5
2026-09-24 00:40:38,MLLB_000_y1.0.3,GREEN,v4_green_MLLB_000_y103_0923,2.8,2.808,100,80,,bitti,False,,,,,,,,,,,,,,,935.0,3.0,4.5
2026-09-24 00:40:56,MLLB_000_y1.0.3,GREEN,v4_green_MLLB_000_y103_0923,2.8,2.808,100,60,12,kaba,True,,40.0,30.0,20.0,962.0,1002.0,1.087,237.728,218.791,0.7775,True,,True,,935.0,3.0,4.5
2026-09-24 00:41:14,MLLB_000_y1.0.3,GREEN,v4_green_MLLB_000_y103_0923,2.8,2.808,100,60,16,kaba,True,,40.0,30.0,20.0,962.0,1002.0,1.086,237.702,218.859,0.7775,True,,True,,935.0,3.0,4.5
2026-09-24 00:41:32,MLLB_000_y1.0.3,GREEN,v4_green_MLLB_000_y103_0923,2.8,2.808,100,60,20,kaba,True,,40.0,30.0,20.0,962.0,1002.0,1.087,237.738,218.708,0.7772,True,,True,,935.0,3.0,4.5
2026-09-24 00:41:47,MLLB_000_y1.0.3,GREEN,v4_green_MLLB_000_y103_0923,2.8,2.808,100,60,24,kaba,True,,40.0,30.0,20.0,962.0,1002.0,1.09,238.408,218.773,0.7771,True,,True,,935.0,3.0,4.5
2026-09-24 00:42:04,MLLB_000_y1.0.3,GREEN,v4_green_MLLB_000_y103_0923,2.8,2.808,100,60,28,kaba,True,,40.0,30.0,20.0,962.0,1002.0,1.086,237.702,218.82,0.7769,True,,True,,935.0,3.0,4.5
2026-09-24 00:42:19,MLLB_000_y1.0.3,GREEN,v4_green_MLLB_000_y103_0923,2.8,2.808,100,60,32,kaba,True,,40.0,30.0,20.0,962.0,1002.0,1.09,238.472,218.696,0.7768,True,,True,,935.0,3.0,4.5
2026-09-24 00:42:36,MLLB_000_y1.0.3,GREEN,v4_green_MLLB_000_y103_0923,2.8,2.808,100,60,36,kaba,True,,40.0,30.0,20.0,962.0,1002.0,1.087,237.702,218.708,0.7766,True,,True,,935.0,3.0,4.5
2026-09-24 00:42:54,MLLB_000_y1.0.3,GREEN,v4_green_MLLB_000_y103_0923,2.8,2.808,100,60,40,kaba,True,,40.0,30.0,20.0,962.0,1002.0,1.09,238.663,218.893,0.7772,True,,True,,935.0,3.0,4.5
2026-09-24 00:43:12,MLLB_000_y1.0.3,GREEN,v4_green_MLLB_000_y103_0923,2.8,2.808,100,60,44,kaba,True,,40.0,30.0,20.0,962.0,1002.0,1.087,237.702,218.728,0.7772,True,,True,,935.0,3.0,4.5
2026-09-24 00:43:30,MLLB_000_y1.0.3,GREEN,v4_green_MLLB_000_y103_0923,2.8,2.808,100,60,48,kaba,True,,40.0,30.0,20.0,962.0,1002.0,1.086,237.844,218.994,0.7769,True,,True,,935.0,3.0,4.5
2026-09-24 00:43:48,MLLB_000_y1.0.3,GREEN,v4_green_MLLB_000_y103_0923,2.8,2.808,100,60,50,kaba,True,,40.0,30.0,20.0,962.0,1002.0,1.085,237.702,219.016,0.7773,True,,True,,935.0,3.0,4.5
2026-09-24 00:43:48,MLLB_000_y1.0.3,GREEN,v4_green_MLLB_000_y103_0923,2.8,2.808,100,60,13,ince,False,iki-OK-arasi-monotonluk,,,,,,,,,,,,True,,935.0,3.0,4.5
2026-09-24 00:43:48,MLLB_000_y1.0.3,GREEN,v4_green_MLLB_000_y103_0923,2.8,2.808,100,60,14,ince,False,iki-OK-arasi-monotonluk,,,,,,,,,,,,True,,935.0,3.0,4.5
2026-09-24 00:43:48,MLLB_000_y1.0.3,GREEN,v4_green_MLLB_000_y103_0923,2.8,2.808,100,60,15,ince,False,iki-OK-arasi-monotonluk,,,,,,,,,,,,True,,935.0,3.0,4.5
2026-09-24 00:43:48,MLLB_000_y1.0.3,GREEN,v4_green_MLLB_000_y103_0923,2.8,2.808,100,60,17,ince,False,iki-OK-arasi-monotonluk,,,,,,,,,,,,True,,935.0,3.0,4.5
2026-09-24 00:43:48,MLLB_000_y1.0.3,GREEN,v4_green_MLLB_000_y103_0923,2.8,2.808,100,60,18,ince,False,iki-OK-arasi-monotonluk,,,,,,,,,,,,True,,935.0,3.0,4.5
2026-09-24 00:43:48,MLLB_000_y1.0.3,GREEN,v4_green_MLLB_000_y103_0923,2.8,2.808,100,60,19,ince,False,iki-OK-arasi-monotonluk,,,,,,,,,,,,True,,935.0,3.0,4.5
2026-09-24 00:43:48,MLLB_000_y1.0.3,GREEN,v4_green_MLLB_000_y103_0923,2.8,2.808,100,60,21,ince,False,iki-OK-arasi-monotonluk,,,,,,,,,,,,True,,935.0,3.0,4.5
2026-09-24 00:43:48,MLLB_000_y1.0.3,GREEN,v4_green_MLLB_000_y103_0923,2.8,2.808,100,60,22,ince,False,iki-OK-arasi-monotonluk,,,,,,,,,,,,True,,935.0,3.0,4.5
2026-09-24 00:43:48,MLLB_000_y1.0.3,GREEN,v4_green_MLLB_000_y103_0923,2.8,2.808,100,60,23,ince,False,iki-OK-arasi-monotonluk,,,,,,,,,,,,True,,935.0,3.0,4.5
2026-09-24 00:43:48,MLLB_000_y1.0.3,GREEN,v4_green_MLLB_000_y103_0923,2.8,2.808,100,60,25,ince,False,iki-OK-arasi-monotonluk,,,,,,,,,,,,True,,935.0,3.0,4.5
2026-09-24 00:43:48,MLLB_000_y1.0.3,GREEN,v4_green_MLLB_000_y103_0923,2.8,2.808,100,60,26,ince,False,iki-OK-arasi-monotonluk,,,,,,,,,,,,True,,935.0,3.0,4.5
2026-09-24 00:43:48,MLLB_000_y1.0.3,GREEN,v4_green_MLLB_000_y103_0923,2.8,2.808,100,60,27,ince,False,iki-OK-arasi-monotonluk,,,,,,,,,,,,True,,935.0,3.0,4.5
2026-09-24 00:43:48,MLLB_000_y1.0.3,GREEN,v4_green_MLLB_000_y103_0923,2.8,2.808,100,60,29,ince,False,iki-OK-arasi-monotonluk,,,,,,,,,,,,True,,935.0,3.0,4.5
2026-09-24 00:43:48,MLLB_000_y1.0.3,GREEN,v4_green_MLLB_000_y103_0923,2.8,2.808,100,60,30,ince,False,iki-OK-arasi-monotonluk,,,,,,,,,,,,True,,935.0,3.0,4.5
2026-09-24 00:43:48,MLLB_000_y1.0.3,GREEN,v4_green_MLLB_000_y103_0923,2.8,2.808,100,60,31,ince,False,iki-OK-arasi-monotonluk,,,,,,,,,,,,True,,935.0,3.0,4.5
2026-09-24 00:43:48,MLLB_000_y1.0.3,GREEN,v4_green_MLLB_000_y103_0923,2.8,2.808,100,60,33,ince,False,iki-OK-arasi-monotonluk,,,,,,,,,,,,True,,935.0,3.0,4.5
2026-09-24 00:43:48,MLLB_000_y1.0.3,GREEN,v4_green_MLLB_000_y103_0923,2.8,2.808,100,60,34,ince,False,iki-OK-arasi-monotonluk,,,,,,,,,,,,True,,935.0,3.0,4.5
2026-09-24 00:43:48,MLLB_000_y1.0.3,GREEN,v4_green_MLLB_000_y103_0923,2.8,2.808,100,60,35,ince,False,iki-OK-arasi-monotonluk,,,,,,,,,,,,True,,935.0,3.0,4.5
2026-09-24 00:43:48,MLLB_000_y1.0.3,GREEN,v4_green_MLLB_000_y103_0923,2.8,2.808,100,60,37,ince,False,iki-OK-arasi-monotonluk,,,,,,,,,,,,True,,935.0,3.0,4.5
2026-09-24 00:43:48,MLLB_000_y1.0.3,GREEN,v4_green_MLLB_000_y103_0923,2.8,2.808,100,60,38,ince,False,iki-OK-arasi-monotonluk,,,,,,,,,,,,True,,935.0,3.0,4.5
2026-09-24 00:43:48,MLLB_000_y1.0.3,GREEN,v4_green_MLLB_000_y103_0923,2.8,2.808,100,60,39,ince,False,iki-OK-arasi-monotonluk,,,,,,,,,,,,True,,935.0,3.0,4.5
2026-09-24 00:43:48,MLLB_000_y1.0.3,GREEN,v4_green_MLLB_000_y103_0923,2.8,2.808,100,60,41,ince,False,iki-OK-arasi-monotonluk,,,,,,,,,,,,True,,935.0,3.0,4.5
2026-09-24 00:43:48,MLLB_000_y1.0.3,GREEN,v4_green_MLLB_000_y103_0923,2.8,2.808,100,60,42,ince,False,iki-OK-arasi-monotonluk,,,,,,,,,,,,True,,935.0,3.0,4.5
2026-09-24 00:43:48,MLLB_000_y1.0.3,GREEN,v4_green_MLLB_000_y103_0923,2.8,2.808,100,60,43,ince,False,iki-OK-arasi-monotonluk,,,,,,,,,,,,True,,935.0,3.0,4.5
2026-09-24 00:43:48,MLLB_000_y1.0.3,GREEN,v4_green_MLLB_000_y103_0923,2.8,2.808,100,60,45,ince,False,iki-OK-arasi-monotonluk,,,,,,,,,,,,True,,935.0,3.0,4.5
2026-09-24 00:43:48,MLLB_000_y1.0.3,GREEN,v4_green_MLLB_000_y103_0923,2.8,2.808,100,60,46,ince,False,iki-OK-arasi-monotonluk,,,,,,,,,,,,True,,935.0,3.0,4.5
2026-09-24 00:43:48,MLLB_000_y1.0.3,GREEN,v4_green_MLLB_000_y103_0923,2.8,2.808,100,60,47,ince,False,iki-OK-arasi-monotonluk,,,,,,,,,,,,True,,935.0,3.0,4.5
2026-09-24 00:43:48,MLLB_000_y1.0.3,GREEN,v4_green_MLLB_000_y103_0923,2.8,2.808,100,60,49,ince,False,iki-OK-arasi-monotonluk,,,,,,,,,,,,True,,935.0,3.0,4.5
2026-09-24 00:43:48,MLLB_000_y1.0.3,GREEN,v4_green_MLLB_000_y103_0923,2.8,2.808,100,60,,bitti,False,,,,,,,,,,,,,,,935.0,3.0,4.5
2026-09-24 00:44:56,MLLB_000_y1.0.3,GREEN,v4_green_MLLB_000_y103_0923,2.6,2.609,4,100,12,kaba,True,,846.0,852.0,6.0,156.0,1002.0,nan,nan,nan,0.0263,True,,False,ON,935.0,3.0,4.5
2026-09-24 00:45:14,MLLB_000_y1.0.3,GREEN,v4_green_MLLB_000_y103_0923,2.6,2.609,4,100,16,kaba,True,,700.0,740.0,10.0,302.0,1002.0,1.579,7.32,4.637,0.0606,True,,False,ON,935.0,3.0,4.5
2026-09-24 00:45:32,MLLB_000_y1.0.3,GREEN,v4_green_MLLB_000_y103_0923,2.6,2.609,4,100,20,kaba,True,,534.0,506.0,92.0,468.0,1002.0,1.478,7.108,4.808,0.0669,True,,False,ON,935.0,3.0,4.5
2026-09-24 00:45:50,MLLB_000_y1.0.3,GREEN,v4_green_MLLB_000_y103_0923,2.6,2.609,4,100,24,kaba,True,,356.0,296.0,126.0,646.0,1002.0,1.641,8.032,4.894,0.0674,True,,False,ON,935.0,3.0,4.5
2026-09-24 00:46:08,MLLB_000_y1.0.3,GREEN,v4_green_MLLB_000_y103_0923,2.6,2.609,4,100,28,kaba,True,,170.0,218.0,0.0,832.0,1002.0,1.511,7.518,4.976,0.0671,True,,False,ON,935.0,3.0,4.5
2026-09-24 00:46:26,MLLB_000_y1.0.3,GREEN,v4_green_MLLB_000_y103_0923,2.6,2.609,4,100,32,kaba,True,,24.0,10.0,18.0,978.0,1002.0,4.144,20.653,4.983,0.0669,True,,False,FLAS,935.0,3.0,4.5
2026-09-24 00:46:44,MLLB_000_y1.0.3,GREEN,v4_green_MLLB_000_y103_0923,2.6,2.609,4,100,36,kaba,True,,22.0,6.0,18.0,980.0,1002.0,16.624,82.652,4.972,0.0671,True,,False,FLAS,935.0,3.0,4.5
2026-09-24 00:46:59,MLLB_000_y1.0.3,GREEN,v4_green_MLLB_000_y103_0923,2.6,2.609,4,100,29,ince,True,,150.0,126.0,60.0,852.0,1002.0,1.416,7.018,4.956,0.0661,True,,False,ON,935.0,3.0,4.5
2026-09-24 00:47:16,MLLB_000_y1.0.3,GREEN,v4_green_MLLB_000_y103_0923,2.6,2.609,4,100,30,ince,True,,92.0,122.0,28.0,910.0,1002.0,1.414,7.018,4.964,0.0642,True,,False,ON,935.0,3.0,4.5
2026-09-24 00:47:31,MLLB_000_y1.0.3,GREEN,v4_green_MLLB_000_y103_0923,2.6,2.609,4,100,31,ince,True,,36.0,26.0,18.0,966.0,1002.0,1.763,8.753,4.964,0.0673,True,,True,,935.0,3.0,4.5
2026-09-24 00:47:31,MLLB_000_y1.0.3,GREEN,v4_green_MLLB_000_y103_0923,2.6,2.609,4,100,,bitti,False,,,,,,,,,,,,,,,935.0,3.0,4.5
2026-09-24 00:48:24,MLLB_000_y1.0.3,GREEN,v4_green_MLLB_000_y103_0923,2.6,2.609,4,80,12,kaba,True,,910.0,908.0,6.0,92.0,1002.0,nan,nan,nan,0.0117,True,,False,ON,935.0,3.0,4.5
2026-09-24 00:49:14,MLLB_000_y1.0.3,GREEN,v4_green_MLLB_000_y103_0923,2.6,2.609,4,80,16,kaba,True,,802.0,746.0,66.0,200.0,1002.0,nan,nan,nan,0.0372,True,,False,ON,935.0,3.0,4.5
2026-09-24 00:49:32,MLLB_000_y1.0.3,GREEN,v4_green_MLLB_000_y103_0923,2.6,2.609,4,80,20,kaba,True,,678.0,644.0,82.0,324.0,1002.0,1.593,7.402,4.646,0.0617,True,,False,ON,935.0,3.0,4.5
2026-09-24 00:49:50,MLLB_000_y1.0.3,GREEN,v4_green_MLLB_000_y103_0923,2.6,2.609,4,80,24,kaba,True,,538.0,560.0,36.0,464.0,1002.0,1.515,7.279,4.806,0.065,True,,False,ON,935.0,3.0,4.5
2026-09-24 00:50:08,MLLB_000_y1.0.3,GREEN,v4_green_MLLB_000_y103_0923,2.6,2.609,4,80,28,kaba,True,,398.0,206.0,248.0,604.0,1002.0,1.638,7.996,4.883,0.0653,True,,False,ON,935.0,3.0,4.5
2026-09-24 00:50:23,MLLB_000_y1.0.3,GREEN,v4_green_MLLB_000_y103_0923,2.6,2.609,4,80,32,kaba,True,,254.0,262.0,78.0,748.0,1002.0,1.425,7.015,4.923,0.0667,True,,False,ON,935.0,3.0,4.5
2026-09-24 00:50:40,MLLB_000_y1.0.3,GREEN,v4_green_MLLB_000_y103_0923,2.6,2.609,4,80,36,kaba,True,,110.0,144.0,50.0,892.0,1002.0,1.722,8.578,4.983,0.0649,True,,False,ON,935.0,3.0,4.5
2026-09-24 00:50:58,MLLB_000_y1.0.3,GREEN,v4_green_MLLB_000_y103_0923,2.6,2.609,4,80,40,kaba,True,,30.0,6.0,26.0,972.0,1002.0,5.7,28.505,5.001,0.0656,True,,False,FLAS,935.0,3.0,4.5
2026-09-24 00:51:16,MLLB_000_y1.0.3,GREEN,v4_green_MLLB_000_y103_0923,2.6,2.609,4,80,44,kaba,True,,30.0,4.0,26.0,972.0,1002.0,16.872,84.152,4.988,0.0651,True,,False,FLAS,935.0,3.0,4.5
2026-09-24 00:51:34,MLLB_000_y1.0.3,GREEN,v4_green_MLLB_000_y103_0923,2.6,2.609,4,80,37,ince,True,,50.0,76.0,26.0,952.0,1002.0,1.785,8.868,4.968,0.0618,True,,True,,935.0,3.0,4.5
2026-09-24 00:51:49,MLLB_000_y1.0.3,GREEN,v4_green_MLLB_000_y103_0923,2.6,2.609,4,80,38,ince,True,,36.0,16.0,26.0,966.0,1002.0,3.007,14.906,4.957,0.0671,True,,False,FLAS,935.0,3.0,4.5
2026-09-24 00:52:08,MLLB_000_y1.0.3,GREEN,v4_green_MLLB_000_y103_0923,2.6,2.609,4,80,39,ince,True,,30.0,18.0,16.0,972.0,1002.0,4.414,22.376,5.069,0.0637,True,,False,FLAS,935.0,3.0,4.5
2026-09-24 00:52:08,MLLB_000_y1.0.3,GREEN,v4_green_MLLB_000_y103_0923,2.6,2.609,4,80,,bitti,False,,,,,,,,,,,,,,,935.0,3.0,4.5
2026-09-24 00:52:26,MLLB_000_y1.0.3,GREEN,v4_green_MLLB_000_y103_0923,2.6,2.609,4,60,12,kaba,True,,nan,nan,nan,nan,1002.0,nan,nan,nan,0.0014,False,LDR sinyali yok,False,,935.0,3.0,4.5
2026-09-24 00:53:18,MLLB_000_y1.0.3,GREEN,v4_green_MLLB_000_y103_0923,2.6,2.609,4,60,16,kaba,True,,898.0,882.0,24.0,104.0,1002.0,nan,nan,nan,0.0123,True,,False,ON,935.0,3.0,4.5
2026-09-24 00:54:07,MLLB_000_y1.0.3,GREEN,v4_green_MLLB_000_y103_0923,2.6,2.609,4,60,20,kaba,True,,822.0,832.0,2.0,180.0,1002.0,nan,nan,nan,0.0321,True,,False,ON,935.0,3.0,4.5
2026-09-24 00:54:26,MLLB_000_y1.0.3,GREEN,v4_green_MLLB_000_y103_0923,2.6,2.609,4,60,24,kaba,True,,730.0,746.0,4.0,272.0,1002.0,1.661,7.6,4.577,0.0504,True,,False,ON,935.0,3.0,4.5
2026-09-24 00:54:44,MLLB_000_y1.0.3,GREEN,v4_green_MLLB_000_y103_0923,2.6,2.609,4,60,28,kaba,True,,646.0,696.0,30.0,356.0,1002.0,1.521,7.136,4.693,0.0659,True,,False,ON,935.0,3.0,4.5
2026-09-24 00:55:02,MLLB_000_y1.0.3,GREEN,v4_green_MLLB_000_y103_0923,2.6,2.609,4,60,32,kaba,True,,534.0,524.0,72.0,468.0,1002.0,1.504,7.212,4.795,0.0644,True,,False,ON,935.0,3.0,4.5
2026-09-24 00:55:20,MLLB_000_y1.0.3,GREEN,v4_green_MLLB_000_y103_0923,2.6,2.609,4,60,36,kaba,True,,430.0,168.0,350.0,572.0,1002.0,1.819,8.872,4.878,0.0644,True,,False,ON,935.0,3.0,4.5
2026-09-24 00:55:38,MLLB_000_y1.0.3,GREEN,v4_green_MLLB_000_y103_0923,2.6,2.609,4,60,40,kaba,True,,326.0,394.0,2.0,676.0,1002.0,1.566,7.735,4.94,0.0656,True,,False,ON,935.0,3.0,4.5
2026-09-24 00:55:56,MLLB_000_y1.0.3,GREEN,v4_green_MLLB_000_y103_0923,2.6,2.609,4,60,44,kaba,True,,218.0,266.0,10.0,784.0,1002.0,1.824,9.012,4.941,0.0641,True,,False,ON,935.0,3.0,4.5
2026-09-24 00:56:14,MLLB_000_y1.0.3,GREEN,v4_green_MLLB_000_y103_0923,2.6,2.609,4,60,48,kaba,True,,102.0,196.0,4.0,900.0,1002.0,1.425,7.063,4.955,0.0681,True,,False,ON,935.0,3.0,4.5
2026-09-24 00:56:32,MLLB_000_y1.0.3,GREEN,v4_green_MLLB_000_y103_0923,2.6,2.609,4,60,50,kaba,True,,50.0,20.0,38.0,952.0,1002.0,2.492,12.44,4.992,0.0651,True,,True,,935.0,3.0,4.5
2026-09-24 00:56:50,MLLB_000_y1.0.3,GREEN,v4_green_MLLB_000_y103_0923,2.6,2.609,4,60,49,ince,True,,66.0,118.0,42.0,936.0,1002.0,1.474,7.314,4.961,0.0654,True,,True,,935.0,3.0,4.5
2026-09-24 00:56:50,MLLB_000_y1.0.3,GREEN,v4_green_MLLB_000_y103_0923,2.6,2.609,4,60,,bitti,False,,,,,,,,,,,,,,,935.0,3.0,4.5
2026-09-24 00:57:16,MLLB_000_y1.0.3,GREEN,v4_green_MLLB_000_y103_0923,2.6,2.609,5,100,12,kaba,True,,614.0,90.0,558.0,388.0,1002.0,1.209,8.173,6.758,0.0899,True,,False,ON,935.0,3.0,4.5
2026-09-24 00:57:34,MLLB_000_y1.0.3,GREEN,v4_green_MLLB_000_y103_0923,2.6,2.609,5,100,16,kaba,True,,498.0,74.0,440.0,504.0,1002.0,1.141,7.888,6.915,0.0908,True,,False,ON,935.0,3.0,4.5
2026-09-24 00:57:52,MLLB_000_y1.0.3,GREEN,v4_green_MLLB_000_y103_0923,2.6,2.609,5,100,20,kaba,True,,376.0,178.0,232.0,626.0,1002.0,1.221,8.573,7.019,0.0871,True,,False,ON,935.0,3.0,4.5
2026-09-24 00:58:10,MLLB_000_y1.0.3,GREEN,v4_green_MLLB_000_y103_0923,2.6,2.609,5,100,24,kaba,True,,262.0,86.0,210.0,740.0,1002.0,1.121,7.991,7.127,0.0926,True,,False,ON,935.0,3.0,4.5
2026-09-24 00:58:28,MLLB_000_y1.0.3,GREEN,v4_green_MLLB_000_y103_0923,2.6,2.609,5,100,28,kaba,True,,138.0,234.0,28.0,864.0,1002.0,1.103,7.877,7.142,0.0915,True,,False,ON,935.0,3.0,4.5
2026-09-24 00:58:46,MLLB_000_y1.0.3,GREEN,v4_green_MLLB_000_y103_0923,2.6,2.609,5,100,32,kaba,True,,28.0,18.0,18.0,974.0,1002.0,2.771,19.868,7.17,0.0893,True,,True,,935.0,3.0,4.5
2026-09-24 00:59:04,MLLB_000_y1.0.3,GREEN,v4_green_MLLB_000_y103_0923,2.6,2.609,5,100,36,kaba,True,,24.0,4.0,20.0,978.0,1002.0,11.332,81.152,7.161,0.0883,True,,False,FLAS,935.0,3.0,4.5
2026-09-24 00:59:22,MLLB_000_y1.0.3,GREEN,v4_green_MLLB_000_y103_0923,2.6,2.609,5,100,29,ince,True,,114.0,92.0,48.0,888.0,1002.0,1.11,7.963,7.173,0.0904,True,,False,ON,935.0,3.0,4.5
2026-09-24 00:59:40,MLLB_000_y1.0.3,GREEN,v4_green_MLLB_000_y103_0923,2.6,2.609,5,100,30,ince,True,,78.0,108.0,38.0,924.0,1002.0,1.15,8.244,7.169,0.0917,True,,False,ON,935.0,3.0,4.5
2026-09-24 00:59:58,MLLB_000_y1.0.3,GREEN,v4_green_MLLB_000_y103_0923,2.6,2.609,5,100,31,ince,True,,40.0,28.0,22.0,962.0,1002.0,1.111,7.97,7.176,0.0895,True,,True,,935.0,3.0,4.5
2026-09-24 01:00:16,MLLB_000_y1.0.3,GREEN,v4_green_MLLB_000_y103_0923,2.6,2.609,5,100,33,ince,True,,28.0,10.0,20.0,974.0,1002.0,3.86,27.707,7.177,0.0888,True,,False,FLAS,935.0,3.0,4.5
2026-09-24 01:00:31,MLLB_000_y1.0.3,GREEN,v4_green_MLLB_000_y103_0923,2.6,2.609,5,100,34,ince,True,,24.0,8.0,20.0,978.0,1002.0,5.886,42.191,7.168,0.0889,True,,False,FLAS,935.0,3.0,4.5
2026-09-24 01:00:50,MLLB_000_y1.0.3,GREEN,v4_green_MLLB_000_y103_0923,2.6,2.609,5,100,35,ince,True,,24.0,8.0,18.0,978.0,1002.0,7.743,55.56,7.176,0.0914,True,,False,FLAS,935.0,3.0,4.5
2026-09-24 01:00:50,MLLB_000_y1.0.3,GREEN,v4_green_MLLB_000_y103_0923,2.6,2.609,5,100,,bitti,False,,,,,,,,,,,,,,,935.0,3.0,4.5
2026-09-24 01:01:05,MLLB_000_y1.0.3,GREEN,v4_green_MLLB_000_y103_0923,2.6,2.609,5,80,12,kaba,True,,670.0,70.0,620.0,332.0,1002.0,1.183,7.873,6.656,0.0888,True,,False,ON,935.0,3.0,4.5
2026-09-24 01:01:22,MLLB_000_y1.0.3,GREEN,v4_green_MLLB_000_y103_0923,2.6,2.609,5,80,16,kaba,True,,574.0,94.0,518.0,428.0,1002.0,1.159,7.918,6.83,0.0895,True,,False,ON,935.0,3.0,4.5
2026-09-24 01:01:40,MLLB_000_y1.0.3,GREEN,v4_green_MLLB_000_y103_0923,2.6,2.609,5,80,20,kaba,True,,486.0,78.0,430.0,516.0,1002.0,1.146,7.941,6.928,0.0876,True,,False,ON,935.0,3.0,4.5
2026-09-24 01:01:58,MLLB_000_y1.0.3,GREEN,v4_green_MLLB_000_y103_0923,2.6,2.609,5,80,24,kaba,True,,386.0,402.0,10.0,616.0,1002.0,1.135,7.963,7.017,0.0894,True,,False,ON,935.0,3.0,4.5
2026-09-24 01:02:16,MLLB_000_y1.0.3,GREEN,v4_green_MLLB_000_y103_0923,2.6,2.609,5,80,28,kaba,True,,296.0,332.0,2.0,706.0,1002.0,1.114,7.918,7.106,0.0904,True,,False,ON,935.0,3.0,4.5
2026-09-24 01:02:34,MLLB_000_y1.0.3,GREEN,v4_green_MLLB_000_y103_0923,2.6,2.609,5,80,32,kaba,True,,190.0,98.0,134.0,812.0,1002.0,1.225,8.727,7.121,0.0904,True,,False,ON,935.0,3.0,4.5
2026-09-24 01:02:52,MLLB_000_y1.0.3,GREEN,v4_green_MLLB_000_y103_0923,2.6,2.609,5,80,36,kaba,True,,96.0,122.0,40.0,906.0,1002.0,1.102,7.884,7.156,0.0905,True,,False,ON,935.0,3.0,4.5
2026-09-24 01:03:07,MLLB_000_y1.0.3,GREEN,v4_green_MLLB_000_y103_0923,2.6,2.609,5,80,40,kaba,True,,32.0,10.0,26.0,970.0,1002.0,3.895,27.807,7.139,0.0909,True,,False,FLAS,935.0,3.0,4.5
2026-09-24 01:03:24,MLLB_000_y1.0.3,GREEN,v4_green_MLLB_000_y103_0923,2.6,2.609,5,80,44,kaba,True,,30.0,6.0,26.0,972.0,1002.0,11.649,83.402,7.16,0.091,True,,False,FLAS,935.0,3.0,4.5
2026-09-24 01:03:42,MLLB_000_y1.0.3,GREEN,v4_green_MLLB_000_y103_0923,2.6,2.609,5,80,37,ince,True,,70.0,120.0,26.0,932.0,1002.0,1.11,7.963,7.172,0.0897,True,,False,ON,935.0,3.0,4.5
2026-09-24 01:03:57,MLLB_000_y1.0.3,GREEN,v4_green_MLLB_000_y103_0923,2.6,2.609,5,80,38,ince,True,,42.0,26.0,26.0,960.0,1002.0,1.903,13.622,7.159,0.0891,True,,True,,935.0,3.0,4.5
2026-09-24 01:04:16,MLLB_000_y1.0.3,GREEN,v4_green_MLLB_000_y103_0923,2.6,2.609,5,80,39,ince,True,,32.0,10.0,26.0,970.0,1002.0,2.959,21.677,7.327,0.0864,True,,True,,935.0,3.0,4.5
2026-09-24 01:04:16,MLLB_000_y1.0.3,GREEN,v4_green_MLLB_000_y103_0923,2.6,2.609,5,80,,bitti,False,,,,,,,,,,,,,,,935.0,3.0,4.5
2026-09-24 01:04:34,MLLB_000_y1.0.3,GREEN,v4_green_MLLB_000_y103_0923,2.6,2.609,5,60,12,kaba,True,,722.0,730.0,4.0,280.0,1002.0,1.271,8.285,6.517,0.0743,True,,False,ON,935.0,3.0,4.5
2026-09-24 01:04:52,MLLB_000_y1.0.3,GREEN,v4_green_MLLB_000_y103_0923,2.6,2.609,5,60,16,kaba,True,,656.0,380.0,294.0,346.0,1002.0,1.178,7.873,6.685,0.0861,True,,False,ON,935.0,3.0,4.5
2026-09-24 01:05:10,MLLB_000_y1.0.3,GREEN,v4_green_MLLB_000_y103_0923,2.6,2.609,5,60,20,kaba,True,,590.0,464.0,146.0,412.0,1002.0,1.24,8.424,6.795,0.0872,True,,False,ON,935.0,3.0,4.5
2026-09-24 01:05:28,MLLB_000_y1.0.3,GREEN,v4_green_MLLB_000_y103_0923,2.6,2.609,5,60,24,kaba,True,,526.0,88.0,454.0,476.0,1002.0,1.153,7.963,6.906,0.087,True,,False,ON,935.0,3.0,4.5
2026-09-24 01:05:46,MLLB_000_y1.0.3,GREEN,v4_green_MLLB_000_y103_0923,2.6,2.609,5,60,28,kaba,True,,456.0,120.0,388.0,546.0,1002.0,1.142,7.976,6.982,0.0883,True,,False,ON,935.0,3.0,4.5
2026-09-24 01:06:01,MLLB_000_y1.0.3,GREEN,v4_green_MLLB_000_y103_0923,2.6,2.609,5,60,32,kaba,True,,384.0,406.0,2.0,618.0,1002.0,1.175,8.267,7.038,0.0858,True,,False,ON,935.0,3.0,4.5
2026-09-24 01:06:18,MLLB_000_y1.0.3,GREEN,v4_green_MLLB_000_y103_0923,2.6,2.609,5,60,36,kaba,True,,310.0,80.0,268.0,692.0,1002.0,1.124,7.963,7.083,0.0878,True,,False,ON,935.0,3.0,4.5
2026-09-24 01:06:36,MLLB_000_y1.0.3,GREEN,v4_green_MLLB_000_y103_0923,2.6,2.609,5,60,40,kaba,True,,238.0,82.0,184.0,764.0,1002.0,1.117,7.963,7.127,0.0894,True,,False,ON,935.0,3.0,4.5
2026-09-24 01:06:54,MLLB_000_y1.0.3,GREEN,v4_green_MLLB_000_y103_0923,2.6,2.609,5,60,44,kaba,True,,166.0,146.0,108.0,836.0,1002.0,1.137,8.121,7.143,0.09,True,,False,ON,935.0,3.0,4.5
2026-09-24 01:07:12,MLLB_000_y1.0.3,GREEN,v4_green_MLLB_000_y103_0923,2.6,2.609,5,60,48,kaba,True,,94.0,72.0,44.0,908.0,1002.0,1.111,7.963,7.169,0.0883,True,,False,ON,935.0,3.0,4.5
2026-09-24 01:07:30,MLLB_000_y1.0.3,GREEN,v4_green_MLLB_000_y103_0923,2.6,2.609,5,60,50,kaba,True,,52.0,28.0,38.0,950.0,1002.0,1.629,11.656,7.154,0.0893,True,,True,,935.0,3.0,4.5
2026-09-24 01:07:48,MLLB_000_y1.0.3,GREEN,v4_green_MLLB_000_y103_0923,2.6,2.609,5,60,49,ince,True,,76.0,54.0,42.0,926.0,1002.0,1.108,7.935,7.162,0.0869,True,,False,ON,935.0,3.0,4.5
2026-09-24 01:07:48,MLLB_000_y1.0.3,GREEN,v4_green_MLLB_000_y103_0923,2.6,2.609,5,60,,bitti,False,,,,,,,,,,,,,,,935.0,3.0,4.5
2026-09-24 01:08:14,MLLB_000_y1.0.3,GREEN,v4_green_MLLB_000_y103_0923,2.6,2.609,6,100,12,kaba,True,,470.0,78.0,416.0,532.0,1002.0,1.141,10.348,9.073,0.1077,True,,False,ON,935.0,3.0,4.5
2026-09-24 01:08:29,MLLB_000_y1.0.3,GREEN,v4_green_MLLB_000_y103_0923,2.6,2.609,6,100,16,kaba,True,,386.0,82.0,336.0,616.0,1002.0,1.14,10.417,9.141,0.1135,True,,False,ON,935.0,3.0,4.5
2026-09-24 01:08:43,MLLB_000_y1.0.3,GREEN,v4_green_MLLB_000_y103_0923,2.6,2.609,6,100,20,kaba,True,,298.0,72.0,254.0,704.0,1002.0,1.119,10.348,9.244,0.1124,True,,False,ON,935.0,3.0,4.5
2026-09-24 01:09:02,MLLB_000_y1.0.3,GREEN,v4_green_MLLB_000_y103_0923,2.6,2.609,6,100,24,kaba,True,,210.0,68.0,170.0,792.0,1002.0,1.104,10.279,9.314,0.1116,True,,False,ON,935.0,3.0,4.5
2026-09-24 01:09:20,MLLB_000_y1.0.3,GREEN,v4_green_MLLB_000_y103_0923,2.6,2.609,6,100,28,kaba,True,,122.0,54.0,84.0,880.0,1002.0,1.097,10.289,9.384,0.1133,True,,False,ON,935.0,3.0,4.5
2026-09-24 01:09:35,MLLB_000_y1.0.3,GREEN,v4_green_MLLB_000_y103_0923,2.6,2.609,6,100,32,kaba,True,,32.0,22.0,20.0,970.0,1002.0,2.079,19.5,9.382,0.1112,True,,True,,935.0,3.0,4.5
2026-09-24 01:09:54,MLLB_000_y1.0.3,GREEN,v4_green_MLLB_000_y103_0923,2.6,2.609,6,100,36,kaba,True,,24.0,8.0,20.0,978.0,1002.0,8.495,81.862,9.637,0.1144,True,,False,FLAS,935.0,3.0,4.5
2026-09-24 01:10:12,MLLB_000_y1.0.3,GREEN,v4_green_MLLB_000_y103_0923,2.6,2.609,6,100,29,ince,True,,98.0,60.0,62.0,904.0,1002.0,1.103,10.361,9.39,0.1104,True,,False,ON,935.0,3.0,4.5
2026-09-24 01:10:30,MLLB_000_y1.0.3,GREEN,v4_green_MLLB_000_y103_0923,2.6,2.609,6,100,30,ince,True,,74.0,174.0,38.0,928.0,1002.0,1.095,10.27,9.376,0.1139,True,,False,ON,935.0,3.0,4.5
2026-09-24 01:10:48,MLLB_000_y1.0.3,GREEN,v4_green_MLLB_000_y103_0923,2.6,2.609,6,100,31,ince,True,,46.0,48.0,22.0,956.0,1002.0,1.094,10.279,9.394,0.1129,True,,True,,935.0,3.0,4.5
2026-09-24 01:11:03,MLLB_000_y1.0.3,GREEN,v4_green_MLLB_000_y103_0923,2.6,2.609,6,100,33,ince,True,,28.0,16.0,18.0,974.0,1002.0,2.928,27.357,9.342,0.1123,True,,True,,935.0,3.0,4.5
2026-09-24 01:11:20,MLLB_000_y1.0.3,GREEN,v4_green_MLLB_000_y103_0923,2.6,2.609,6,100,34,ince,True,,28.0,12.0,18.0,974.0,1002.0,4.433,41.56,9.374,0.1135,True,,False,FLAS,935.0,3.0,4.5
2026-09-24 01:11:38,MLLB_000_y1.0.3,GREEN,v4_green_MLLB_000_y103_0923,2.6,2.609,6,100,35,ince,True,,24.0,10.0,18.0,978.0,1002.0,5.88,55.282,9.402,0.1145,True,,False,FLAS,935.0,3.0,4.5
2026-09-24 01:11:38,MLLB_000_y1.0.3,GREEN,v4_green_MLLB_000_y103_0923,2.6,2.609,6,100,,bitti,False,,,,,,,,,,,,,,,935.0,3.0,4.5
2026-09-24 01:11:56,MLLB_000_y1.0.3,GREEN,v4_green_MLLB_000_y103_0923,2.6,2.609,6,80,12,kaba,True,,510.0,110.0,464.0,492.0,1002.0,1.137,10.239,9.002,0.1092,True,,False,ON,935.0,3.0,4.5
2026-09-24 01:12:14,MLLB_000_y1.0.3,GREEN,v4_green_MLLB_000_y103_0923,2.6,2.609,6,80,16,kaba,True,,448.0,76.0,400.0,554.0,1002.0,1.125,10.234,9.1,0.1108,True,,False,ON,935.0,3.0,4.5
2026-09-24 01:12:29,MLLB_000_y1.0.3,GREEN,v4_green_MLLB_000_y103_0923,2.6,2.609,6,80,20,kaba,True,,370.0,76.0,334.0,632.0,1002.0,1.123,10.296,9.166,0.1107,True,,False,ON,935.0,3.0,4.5
2026-09-24 01:12:46,MLLB_000_y1.0.3,GREEN,v4_green_MLLB_000_y103_0923,2.6,2.609,6,80,24,kaba,True,,300.0,72.0,266.0,702.0,1002.0,1.11,10.279,9.259,0.1119,True,,False,ON,935.0,3.0,4.5
2026-09-24 01:13:04,MLLB_000_y1.0.3,GREEN,v4_green_MLLB_000_y103_0923,2.6,2.609,6,80,28,kaba,True,,230.0,80.0,178.0,772.0,1002.0,1.12,10.445,9.323,0.1107,True,,False,ON,935.0,3.0,4.5
2026-09-24 01:13:22,MLLB_000_y1.0.3,GREEN,v4_green_MLLB_000_y103_0923,2.6,2.609,6,80,32,kaba,True,,156.0,102.0,114.0,846.0,1002.0,1.104,10.318,9.347,0.1116,True,,False,ON,935.0,3.0,4.5
2026-09-24 01:13:40,MLLB_000_y1.0.3,GREEN,v4_green_MLLB_000_y103_0923,2.6,2.609,6,80,36,kaba,True,,90.0,80.0,46.0,912.0,1002.0,1.099,10.293,9.364,0.1104,True,,False,ON,935.0,3.0,4.5
2026-09-24 01:13:58,MLLB_000_y1.0.3,GREEN,v4_green_MLLB_000_y103_0923,2.6,2.609,6,80,40,kaba,True,,34.0,14.0,26.0,968.0,1002.0,2.938,27.607,9.397,0.1132,True,,True,,935.0,3.0,4.5
2026-09-24 01:14:16,MLLB_000_y1.0.3,GREEN,v4_green_MLLB_000_y103_0923,2.6,2.609,6,80,44,kaba,True,,32.0,8.0,26.0,970.0,1002.0,8.803,82.652,9.389,0.1143,True,,False,FLAS,935.0,3.0,4.5
2026-09-24 01:14:34,MLLB_000_y1.0.3,GREEN,v4_green_MLLB_000_y103_0923,2.6,2.609,6,80,37,ince,True,,66.0,80.0,28.0,936.0,1002.0,1.098,10.307,9.386,0.1138,True,,True,,935.0,3.0,4.5
2026-09-24 01:14:52,MLLB_000_y1.0.3,GREEN,v4_green_MLLB_000_y103_0923,2.6,2.609,6,80,38,ince,True,,44.0,28.0,26.0,958.0,1002.0,1.407,13.181,9.37,0.1111,True,,True,,935.0,3.0,4.5
2026-09-24 01:15:10,MLLB_000_y1.0.3,GREEN,v4_green_MLLB_000_y103_0923,2.6,2.609,6,80,39,ince,True,,38.0,18.0,26.0,964.0,1002.0,2.281,21.362,9.365,0.113,True,,True,,935.0,3.0,4.5
2026-09-24 01:15:28,MLLB_000_y1.0.3,GREEN,v4_green_MLLB_000_y103_0923,2.6,2.609,6,80,41,ince,True,,32.0,10.0,26.0,970.0,1002.0,4.138,38.724,9.358,0.1129,True,,False,FLAS,935.0,3.0,4.5
2026-09-24 01:15:43,MLLB_000_y1.0.3,GREEN,v4_green_MLLB_000_y103_0923,2.6,2.609,6,80,42,ince,True,,32.0,10.0,26.0,970.0,1002.0,5.248,49.282,9.391,0.1111,True,,False,FLAS,935.0,3.0,4.5
2026-09-24 01:16:00,MLLB_000_y1.0.3,GREEN,v4_green_MLLB_000_y103_0923,2.6,2.609,6,80,43,ince,True,,32.0,8.0,26.0,970.0,1002.0,6.495,60.96,9.386,0.1124,True,,False,FLAS,935.0,3.0,4.5
2026-09-24 01:16:00,MLLB_000_y1.0.3,GREEN,v4_green_MLLB_000_y103_0923,2.6,2.609,6,80,,bitti,False,,,,,,,,,,,,,,,935.0,3.0,4.5
2026-09-24 01:16:18,MLLB_000_y1.0.3,GREEN,v4_green_MLLB_000_y103_0923,2.6,2.609,6,60,12,kaba,True,,558.0,64.0,518.0,444.0,1002.0,1.154,10.325,8.949,0.1103,True,,False,ON,935.0,3.0,4.5
2026-09-24 01:16:36,MLLB_000_y1.0.3,GREEN,v4_green_MLLB_000_y103_0923,2.6,2.609,6,60,16,kaba,True,,510.0,58.0,474.0,492.0,1002.0,1.146,10.325,9.011,0.1122,True,,False,ON,935.0,3.0,4.5
2026-09-24 01:16:54,MLLB_000_y1.0.3,GREEN,v4_green_MLLB_000_y103_0923,2.6,2.609,6,60,20,kaba,True,,458.0,82.0,418.0,544.0,1002.0,1.134,10.306,9.089,0.1111,True,,False,ON,935.0,3.0,4.5
2026-09-24 01:17:12,MLLB_000_y1.0.3,GREEN,v4_green_MLLB_000_y103_0923,2.6,2.609,6,60,24,kaba,True,,406.0,156.0,294.0,596.0,1002.0,1.12,10.234,9.135,0.1117,True,,False,ON,935.0,3.0,4.5
2026-09-24 01:17:30,MLLB_000_y1.0.3,GREEN,v4_green_MLLB_000_y103_0923,2.6,2.609,6,60,28,kaba,True,,356.0,74.0,316.0,646.0,1002.0,1.129,10.417,9.223,0.1096,True,,False,ON,935.0,3.0,4.5
2026-09-24 01:17:48,MLLB_000_y1.0.3,GREEN,v4_green_MLLB_000_y103_0923,2.6,2.609,6,60,32,kaba,True,,298.0,54.0,264.0,704.0,1002.0,1.114,10.325,9.268,0.1078,True,,False,ON,935.0,3.0,4.5
2026-09-24 01:18:06,MLLB_000_y1.0.3,GREEN,v4_green_MLLB_000_y103_0923,2.6,2.609,6,60,36,kaba,True,,250.0,112.0,198.0,752.0,1002.0,1.119,10.417,9.308,0.1106,True,,False,ON,935.0,3.0,4.5
2026-09-24 01:18:24,MLLB_000_y1.0.3,GREEN,v4_green_MLLB_000_y103_0923,2.6,2.609,6,60,40,kaba,True,,206.0,80.0,150.0,796.0,1002.0,1.101,10.285,9.341,0.1128,True,,False,ON,935.0,3.0,4.5
2026-09-24 01:18:42,MLLB_000_y1.0.3,GREEN,v4_green_MLLB_000_y103_0923,2.6,2.609,6,60,44,kaba,True,,146.0,62.0,100.0,856.0,1002.0,1.111,10.417,9.376,0.1087,True,,False,ON,935.0,3.0,4.5
2026-09-24 01:19:00,MLLB_000_y1.0.3,GREEN,v4_green_MLLB_000_y103_0923,2.6,2.609,6,60,48,kaba,True,,90.0,114.0,52.0,912.0,1002.0,1.104,10.346,9.374,0.1124,True,,False,ON,935.0,3.0,4.5
2026-09-24 01:19:18,MLLB_000_y1.0.3,GREEN,v4_green_MLLB_000_y103_0923,2.6,2.609,6,60,50,kaba,True,,60.0,112.0,38.0,942.0,1002.0,1.21,11.343,9.376,0.1102,True,,True,,935.0,3.0,4.5
2026-09-24 01:19:36,MLLB_000_y1.0.3,GREEN,v4_green_MLLB_000_y103_0923,2.6,2.609,6,60,49,ince,True,,70.0,52.0,42.0,932.0,1002.0,1.104,10.327,9.357,0.1136,True,,False,ON,935.0,3.0,4.5
2026-09-24 01:19:36,MLLB_000_y1.0.3,GREEN,v4_green_MLLB_000_y103_0923,2.6,2.609,6,60,,bitti,False,,,,,,,,,,,,,,,935.0,3.0,4.5
2026-09-24 01:20:02,MLLB_000_y1.0.3,GREEN,v4_green_MLLB_000_y103_0923,2.6,2.609,7,100,12,kaba,True,,386.0,64.0,350.0,616.0,1002.0,1.113,12.66,11.374,0.1292,True,,False,ON,935.0,3.0,4.5
2026-09-24 01:20:20,MLLB_000_y1.0.3,GREEN,v4_green_MLLB_000_y103_0923,2.6,2.609,7,100,16,kaba,True,,316.0,70.0,282.0,686.0,1002.0,1.106,12.671,11.456,0.1318,True,,False,ON,935.0,3.0,4.5
2026-09-24 01:20:38,MLLB_000_y1.0.3,GREEN,v4_green_MLLB_000_y103_0923,2.6,2.609,7,100,20,kaba,True,,250.0,60.0,210.0,752.0,1002.0,1.102,12.717,11.541,0.1307,True,,False,ON,935.0,3.0,4.5
2026-09-24 01:20:56,MLLB_000_y1.0.3,GREEN,v4_green_MLLB_000_y103_0923,2.6,2.609,7,100,24,kaba,True,,174.0,60.0,138.0,828.0,1002.0,1.097,12.725,11.595,0.1291,True,,False,ON,935.0,3.0,4.5
2026-09-24 01:21:11,MLLB_000_y1.0.3,GREEN,v4_green_MLLB_000_y103_0923,2.6,2.609,7,100,28,kaba,True,,102.0,102.0,68.0,900.0,1002.0,1.092,12.671,11.604,0.1287,True,,False,ON,935.0,3.0,4.5
2026-09-24 01:21:28,MLLB_000_y1.0.3,GREEN,v4_green_MLLB_000_y103_0923,2.6,2.609,7,100,32,kaba,True,,36.0,22.0,20.0,966.0,1002.0,1.644,19.117,11.626,0.1327,True,,True,,935.0,3.0,4.5
2026-09-24 01:21:46,MLLB_000_y1.0.3,GREEN,v4_green_MLLB_000_y103_0923,2.6,2.609,7,100,36,kaba,True,,26.0,8.0,20.0,976.0,1002.0,6.969,81.152,11.645,0.1362,True,,False,FLAS,935.0,3.0,4.5
2026-09-24 01:22:04,MLLB_000_y1.0.3,GREEN,v4_green_MLLB_000_y103_0923,2.6,2.609,7,100,29,ince,True,,82.0,60.0,50.0,920.0,1002.0,1.089,12.671,11.634,0.1326,True,,False,ON,935.0,3.0,4.5
2026-09-24 01:22:22,MLLB_000_y1.0.3,GREEN,v4_green_MLLB_000_y103_0923,2.6,2.609,7,100,30,ince,True,,66.0,90.0,36.0,936.0,1002.0,1.089,12.671,11.64,0.1342,True,,True,,935.0,3.0,4.5
2026-09-24 01:22:40,MLLB_000_y1.0.3,GREEN,v4_green_MLLB_000_y103_0923,2.6,2.609,7,100,31,ince,True,,46.0,48.0,22.0,956.0,1002.0,1.092,12.717,11.649,0.1353,True,,True,,935.0,3.0,4.5
2026-09-24 01:22:58,MLLB_000_y1.0.3,GREEN,v4_green_MLLB_000_y103_0923,2.6,2.609,7,100,33,ince,True,,32.0,16.0,22.0,970.0,1002.0,2.349,27.259,11.605,0.1333,True,,True,,935.0,3.0,4.5
2026-09-24 01:23:16,MLLB_000_y1.0.3,GREEN,v4_green_MLLB_000_y103_0923,2.6,2.609,7,100,34,ince,True,,30.0,12.0,22.0,972.0,1002.0,3.546,41.243,11.632,0.1336,True,,False,FLAS,935.0,3.0,4.5
2026-09-24 01:23:34,MLLB_000_y1.0.3,GREEN,v4_green_MLLB_000_y103_0923,2.6,2.609,7,100,35,ince,True,,28.0,10.0,20.0,974.0,1002.0,4.717,54.878,11.634,0.1332,True,,False,FLAS,935.0,3.0,4.5
2026-09-24 01:23:34,MLLB_000_y1.0.3,GREEN,v4_green_MLLB_000_y103_0923,2.6,2.609,7,100,,bitti,False,,,,,,,,,,,,,,,935.0,3.0,4.5
2026-09-24 01:23:52,MLLB_000_y1.0.3,GREEN,v4_green_MLLB_000_y103_0923,2.6,2.609,7,80,12,kaba,True,,418.0,122.0,378.0,584.0,1002.0,1.122,12.671,11.292,0.1369,True,,False,ON,935.0,3.0,4.5
2026-09-24 01:24:10,MLLB_000_y1.0.3,GREEN,v4_green_MLLB_000_y103_0923,2.6,2.609,7,80,16,kaba,True,,366.0,64.0,330.0,636.0,1002.0,1.11,12.625,11.377,0.1328,True,,False,ON,935.0,3.0,4.5
2026-09-24 01:24:28,MLLB_000_y1.0.3,GREEN,v4_green_MLLB_000_y103_0923,2.6,2.609,7,80,20,kaba,True,,306.0,106.0,270.0,696.0,1002.0,1.11,12.717,11.452,0.1352,True,,False,ON,935.0,3.0,4.5
2026-09-24 01:24:46,MLLB_000_y1.0.3,GREEN,v4_green_MLLB_000_y103_0923,2.6,2.609,7,80,24,kaba,True,,250.0,68.0,218.0,752.0,1002.0,1.103,12.696,11.51,0.1343,True,,False,ON,935.0,3.0,4.5
2026-09-24 01:25:04,MLLB_000_y1.0.3,GREEN,v4_green_MLLB_000_y103_0923,2.6,2.609,7,80,28,kaba,True,,194.0,66.0,158.0,808.0,1002.0,1.096,12.671,11.558,0.1316,True,,False,ON,935.0,3.0,4.5
2026-09-24 01:25:19,MLLB_000_y1.0.3,GREEN,v4_green_MLLB_000_y103_0923,2.6,2.609,7,80,32,kaba,True,,134.0,100.0,100.0,868.0,1002.0,1.099,12.717,11.572,0.1325,True,,False,ON,935.0,3.0,4.5
2026-09-24 01:25:33,MLLB_000_y1.0.3,GREEN,v4_green_MLLB_000_y103_0923,2.6,2.609,7,80,36,kaba,True,,82.0,88.0,46.0,920.0,1002.0,1.097,12.764,11.636,0.1342,True,,False,ON,935.0,3.0,4.5
2026-09-24 01:25:52,MLLB_000_y1.0.3,GREEN,v4_green_MLLB_000_y103_0923,2.6,2.609,7,80,40,kaba,True,,38.0,18.0,26.0,964.0,1002.0,2.363,27.458,11.621,0.1342,True,,True,,935.0,3.0,4.5
2026-09-24 01:26:10,MLLB_000_y1.0.3,GREEN,v4_green_MLLB_000_y103_0923,2.6,2.609,7,80,44,kaba,True,,32.0,8.0,26.0,970.0,1002.0,7.049,82.069,11.643,0.1341,True,,False,FLAS,935.0,3.0,4.5
2026-09-24 01:26:25,MLLB_000_y1.0.3,GREEN,v4_green_MLLB_000_y103_0923,2.6,2.609,7,80,37,ince,True,,66.0,84.0,30.0,936.0,1002.0,1.095,12.717,11.61,0.1335,True,,True,,935.0,3.0,4.5
2026-09-24 01:26:39,MLLB_000_y1.0.3,GREEN,v4_green_MLLB_000_y103_0923,2.6,2.609,7,80,38,ince,True,,48.0,68.0,26.0,954.0,1002.0,1.102,12.81,11.622,0.1321,True,,True,,935.0,3.0,4.5
2026-09-24 01:26:58,MLLB_000_y1.0.3,GREEN,v4_green_MLLB_000_y103_0923,2.6,2.609,7,80,39,ince,True,,42.0,22.0,26.0,960.0,1002.0,1.818,21.135,11.625,0.1357,True,,True,,935.0,3.0,4.5
2026-09-24 01:27:16,MLLB_000_y1.0.3,GREEN,v4_green_MLLB_000_y103_0923,2.6,2.609,7,80,41,ince,True,,34.0,14.0,26.0,968.0,1002.0,3.3,38.411,11.641,0.1322,True,,False,FLAS,935.0,3.0,4.5
2026-09-24 01:27:34,MLLB_000_y1.0.3,GREEN,v4_green_MLLB_000_y103_0923,2.6,2.609,7,80,42,ince,True,,32.0,10.0,26.0,970.0,1002.0,4.168,48.467,11.628,0.1321,True,,False,FLAS,935.0,3.0,4.5
2026-09-24 01:27:49,MLLB_000_y1.0.3,GREEN,v4_green_MLLB_000_y103_0923,2.6,2.609,7,80,43,ince,True,,32.0,10.0,26.0,970.0,1002.0,5.163,60.0,11.621,0.1334,True,,False,FLAS,935.0,3.0,4.5
2026-09-24 01:27:49,MLLB_000_y1.0.3,GREEN,v4_green_MLLB_000_y103_0923,2.6,2.609,7,80,,bitti,False,,,,,,,,,,,,,,,935.0,3.0,4.5
2026-09-24 01:28:03,MLLB_000_y1.0.3,GREEN,v4_green_MLLB_000_y103_0923,2.6,2.609,7,60,12,kaba,True,,456.0,60.0,422.0,546.0,1002.0,1.127,12.671,11.241,0.1305,True,,False,ON,935.0,3.0,4.5
2026-09-24 01:28:22,MLLB_000_y1.0.3,GREEN,v4_green_MLLB_000_y103_0923,2.6,2.609,7,60,16,kaba,True,,414.0,70.0,382.0,588.0,1002.0,1.119,12.675,11.323,0.1326,True,,False,ON,935.0,3.0,4.5
2026-09-24 01:28:37,MLLB_000_y1.0.3,GREEN,v4_green_MLLB_000_y103_0923,2.6,2.609,7,60,20,kaba,True,,374.0,56.0,338.0,628.0,1002.0,1.12,12.717,11.356,0.133,True,,False,ON,935.0,3.0,4.5
2026-09-24 01:28:54,MLLB_000_y1.0.3,GREEN,v4_green_MLLB_000_y103_0923,2.6,2.609,7,60,24,kaba,True,,334.0,70.0,294.0,668.0,1002.0,1.108,12.671,11.437,0.1301,True,,False,ON,935.0,3.0,4.5
2026-09-24 01:29:12,MLLB_000_y1.0.3,GREEN,v4_green_MLLB_000_y103_0923,2.6,2.609,7,60,28,kaba,True,,292.0,84.0,258.0,710.0,1002.0,1.107,12.717,11.49,0.1319,True,,False,ON,935.0,3.0,4.5
2026-09-24 01:29:30,MLLB_000_y1.0.3,GREEN,v4_green_MLLB_000_y103_0923,2.6,2.609,7,60,32,kaba,True,,254.0,56.0,218.0,748.0,1002.0,1.106,12.728,11.508,0.1321,True,,False,ON,935.0,3.0,4.5
2026-09-24 01:29:48,MLLB_000_y1.0.3,GREEN,v4_green_MLLB_000_y103_0923,2.6,2.609,7,60,36,kaba,True,,210.0,62.0,176.0,792.0,1002.0,1.1,12.671,11.519,0.1314,True,,False,ON,935.0,3.0,4.5
2026-09-24 01:30:06,MLLB_000_y1.0.3,GREEN,v4_green_MLLB_000_y103_0923,2.6,2.609,7,60,40,kaba,True,,170.0,86.0,134.0,832.0,1002.0,1.099,12.727,11.577,0.134,True,,False,ON,935.0,3.0,4.5
2026-09-24 01:30:24,MLLB_000_y1.0.3,GREEN,v4_green_MLLB_000_y103_0923,2.6,2.609,7,60,44,kaba,True,,130.0,66.0,92.0,872.0,1002.0,1.096,12.717,11.6,0.1336,True,,False,ON,935.0,3.0,4.5
2026-09-24 01:30:42,MLLB_000_y1.0.3,GREEN,v4_green_MLLB_000_y103_0923,2.6,2.609,7,60,48,kaba,True,,82.0,46.0,50.0,920.0,1002.0,1.092,12.717,11.649,0.1325,True,,False,ON,935.0,3.0,4.5
2026-09-24 01:31:00,MLLB_000_y1.0.3,GREEN,v4_green_MLLB_000_y103_0923,2.6,2.609,7,60,50,kaba,True,,60.0,56.0,38.0,942.0,1002.0,1.095,12.764,11.652,0.1279,True,,True,,935.0,3.0,4.5
2026-09-24 01:31:15,MLLB_000_y1.0.3,GREEN,v4_green_MLLB_000_y103_0923,2.6,2.609,7,60,49,ince,True,,78.0,146.0,42.0,924.0,1002.0,1.097,12.764,11.631,0.131,True,,False,ON,935.0,3.0,4.5
2026-09-24 01:31:15,MLLB_000_y1.0.3,GREEN,v4_green_MLLB_000_y103_0923,2.6,2.609,7,60,,bitti,False,,,,,,,,,,,,,,,935.0,3.0,4.5
2026-09-24 01:31:40,MLLB_000_y1.0.3,GREEN,v4_green_MLLB_000_y103_0923,2.6,2.609,8,100,12,kaba,True,,326.0,52.0,294.0,676.0,1002.0,1.113,15.234,13.692,0.1514,True,,False,ON,935.0,3.0,4.5
2026-09-24 01:31:58,MLLB_000_y1.0.3,GREEN,v4_green_MLLB_000_y103_0923,2.6,2.609,8,100,16,kaba,True,,270.0,64.0,238.0,732.0,1002.0,1.105,15.234,13.787,0.1523,True,,False,ON,935.0,3.0,4.5
2026-09-24 01:32:16,MLLB_000_y1.0.3,GREEN,v4_green_MLLB_000_y103_0923,2.6,2.609,8,100,20,kaba,True,,210.0,72.0,182.0,792.0,1002.0,1.102,15.234,13.827,0.1527,True,,False,ON,935.0,3.0,4.5
2026-09-24 01:32:34,MLLB_000_y1.0.3,GREEN,v4_green_MLLB_000_y103_0923,2.6,2.609,8,100,24,kaba,True,,154.0,60.0,122.0,848.0,1002.0,1.095,15.234,13.914,0.152,True,,False,ON,935.0,3.0,4.5
2026-09-24 01:32:52,MLLB_000_y1.0.3,GREEN,v4_green_MLLB_000_y103_0923,2.6,2.609,8,100,28,kaba,True,,94.0,68.0,62.0,908.0,1002.0,1.09,15.234,13.974,0.1507,True,,False,ON,935.0,3.0,4.5
2026-09-24 01:33:10,MLLB_000_y1.0.3,GREEN,v4_green_MLLB_000_y103_0923,2.6,2.609,8,100,32,kaba,True,,36.0,24.0,22.0,966.0,1002.0,1.375,19.238,13.987,0.1538,True,,True,,935.0,3.0,4.5
2026-09-24 01:33:28,MLLB_000_y1.0.3,GREEN,v4_green_MLLB_000_y103_0923,2.6,2.609,8,100,36,kaba,True,,26.0,8.0,22.0,976.0,1002.0,5.698,79.652,13.98,0.1531,True,,False,FLAS,935.0,3.0,4.5
2026-09-24 01:33:46,MLLB_000_y1.0.3,GREEN,v4_green_MLLB_000_y103_0923,2.6,2.609,8,100,40,kaba,True,,26.0,6.0,22.0,976.0,1002.0,9.425,131.618,13.966,0.1525,True,,False,FLAS,935.0,3.0,4.5
2026-09-24 01:34:04,MLLB_000_y1.0.3,GREEN,v4_green_MLLB_000_y103_0923,2.6,2.609,8,100,29,ince,True,,82.0,86.0,50.0,920.0,1002.0,1.09,15.234,13.976,0.1532,True,,False,ON,935.0,3.0,4.5
2026-09-24 01:34:22,MLLB_000_y1.0.3,GREEN,v4_green_MLLB_000_y103_0923,2.6,2.609,8,100,30,ince,True,,66.0,86.0,32.0,936.0,1002.0,1.092,15.234,13.948,0.151,True,,True,,935.0,3.0,4.5
2026-09-24 01:34:40,MLLB_000_y1.0.3,GREEN,v4_green_MLLB_000_y103_0923,2.6,2.609,8,100,31,ince,True,,50.0,56.0,22.0,952.0,1002.0,1.091,15.234,13.958,0.1517,True,,True,,935.0,3.0,4.5
2026-09-24 01:34:58,MLLB_000_y1.0.3,GREEN,v4_green_MLLB_000_y103_0923,2.6,2.609,8,100,33,ince,True,,32.0,18.0,22.0,970.0,1002.0,1.948,27.218,13.975,0.1531,True,,True,,935.0,3.0,4.5
2026-09-24 01:35:13,MLLB_000_y1.0.3,GREEN,v4_green_MLLB_000_y103_0923,2.6,2.609,8,100,34,ince,True,,32.0,14.0,22.0,970.0,1002.0,2.923,40.821,13.965,0.1565,True,,True,,935.0,3.0,4.5
2026-09-24 01:35:30,MLLB_000_y1.0.3,GREEN,v4_green_MLLB_000_y103_0923,2.6,2.609,8,100,35,ince,True,,28.0,10.0,22.0,974.0,1002.0,3.893,54.423,13.981,0.156,True,,False,FLAS,935.0,3.0,4.5
2026-09-24 01:35:30,MLLB_000_y1.0.3,GREEN,v4_green_MLLB_000_y103_0923,2.6,2.609,8,100,,bitti,False,,,,,,,,,,,,,,,935.0,3.0,4.5
2026-09-24 01:35:48,MLLB_000_y1.0.3,GREEN,v4_green_MLLB_000_y103_0923,2.6,2.609,8,80,12,kaba,True,,354.0,72.0,322.0,648.0,1002.0,1.115,15.234,13.661,0.1549,True,,False,ON,935.0,3.0,4.5
2026-09-24 01:36:06,MLLB_000_y1.0.3,GREEN,v4_green_MLLB_000_y103_0923,2.6,2.609,8,80,16,kaba,True,,310.0,72.0,278.0,692.0,1002.0,1.11,15.234,13.724,0.1542,True,,False,ON,935.0,3.0,4.5
2026-09-24 01:36:24,MLLB_000_y1.0.3,GREEN,v4_green_MLLB_000_y103_0923,2.6,2.609,8,80,20,kaba,True,,262.0,86.0,230.0,740.0,1002.0,1.105,15.234,13.79,0.156,True,,False,ON,935.0,3.0,4.5
2026-09-24 01:36:42,MLLB_000_y1.0.3,GREEN,v4_green_MLLB_000_y103_0923,2.6,2.609,8,80,24,kaba,True,,214.0,64.0,176.0,788.0,1002.0,1.099,15.234,13.865,0.1526,True,,False,ON,935.0,3.0,4.5
2026-09-24 01:37:00,MLLB_000_y1.0.3,GREEN,v4_green_MLLB_000_y103_0923,2.6,2.609,8,80,28,kaba,True,,170.0,60.0,138.0,832.0,1002.0,1.097,15.234,13.888,0.1553,True,,False,ON,935.0,3.0,4.5
2026-09-24 01:37:18,MLLB_000_y1.0.3,GREEN,v4_green_MLLB_000_y103_0923,2.6,2.609,8,80,32,kaba,True,,122.0,52.0,90.0,880.0,1002.0,1.093,15.234,13.938,0.1562,True,,False,ON,935.0,3.0,4.5
2026-09-24 01:37:36,MLLB_000_y1.0.3,GREEN,v4_green_MLLB_000_y103_0923,2.6,2.609,8,80,36,kaba,True,,74.0,64.0,42.0,928.0,1002.0,1.09,15.234,13.973,0.1571,True,,False,ON,935.0,3.0,4.5
2026-09-24 01:37:54,MLLB_000_y1.0.3,GREEN,v4_green_MLLB_000_y103_0923,2.6,2.609,8,80,40,kaba,True,,38.0,20.0,26.0,964.0,1002.0,1.967,27.508,13.987,0.1538,True,,True,,935.0,3.0,4.5
2026-09-24 01:38:12,MLLB_000_y1.0.3,GREEN,v4_green_MLLB_000_y103_0923,2.6,2.609,8,80,44,kaba,True,,32.0,10.0,26.0,970.0,1002.0,5.911,82.652,13.982,0.1541,True,,False,FLAS,935.0,3.0,4.5
2026-09-24 01:38:30,MLLB_000_y1.0.3,GREEN,v4_green_MLLB_000_y103_0923,2.6,2.609,8,80,48,kaba,True,,34.0,10.0,26.0,968.0,1002.0,8.565,119.691,13.974,0.1553,True,,False,FLAS,935.0,3.0,4.5
2026-09-24 01:38:48,MLLB_000_y1.0.3,GREEN,v4_green_MLLB_000_y103_0923,2.6,2.609,8,80,37,ince,True,,62.0,68.0,34.0,940.0,1002.0,1.092,15.234,13.954,0.1544,True,,True,,935.0,3.0,4.5
2026-09-24 01:39:03,MLLB_000_y1.0.3,GREEN,v4_green_MLLB_000_y103_0923,2.6,2.609,8,80,38,ince,True,,50.0,52.0,26.0,952.0,1002.0,1.093,15.234,13.942,0.1537,True,,True,,935.0,3.0,4.5
2026-09-24 01:39:20,MLLB_000_y1.0.3,GREEN,v4_green_MLLB_000_y103_0923,2.6,2.609,8,80,39,ince,True,,42.0,24.0,26.0,960.0,1002.0,1.481,21.178,14.299,0.1534,True,,True,,935.0,3.0,4.5
2026-09-24 01:39:38,MLLB_000_y1.0.3,GREEN,v4_green_MLLB_000_y103_0923,2.6,2.609,8,80,41,ince,True,,38.0,18.0,26.0,964.0,1002.0,2.765,38.592,13.959,0.156,True,,True,,935.0,3.0,4.5
2026-09-24 01:39:56,MLLB_000_y1.0.3,GREEN,v4_green_MLLB_000_y103_0923,2.6,2.609,8,80,42,ince,True,,36.0,14.0,26.0,966.0,1002.0,3.482,48.575,13.95,0.1568,True,,False,FLAS,935.0,3.0,4.5
2026-09-24 01:40:14,MLLB_000_y1.0.3,GREEN,v4_green_MLLB_000_y103_0923,2.6,2.609,8,80,43,ince,True,,32.0,10.0,26.0,970.0,1002.0,4.315,60.166,13.945,0.1565,True,,False,FLAS,935.0,3.0,4.5
2026-09-24 01:40:14,MLLB_000_y1.0.3,GREEN,v4_green_MLLB_000_y103_0923,2.6,2.609,8,80,,bitti,False,,,,,,,,,,,,,,,935.0,3.0,4.5
2026-09-24 01:40:29,MLLB_000_y1.0.3,GREEN,v4_green_MLLB_000_y103_0923,2.6,2.609,8,60,12,kaba,True,,386.0,62.0,354.0,616.0,1002.0,1.12,15.234,13.597,0.1555,True,,False,ON,935.0,3.0,4.5
2026-09-24 01:40:46,MLLB_000_y1.0.3,GREEN,v4_green_MLLB_000_y103_0923,2.6,2.609,8,60,16,kaba,True,,354.0,58.0,322.0,648.0,1002.0,1.113,15.234,13.692,0.1539,True,,False,ON,935.0,3.0,4.5
2026-09-24 01:41:04,MLLB_000_y1.0.3,GREEN,v4_green_MLLB_000_y103_0923,2.6,2.609,8,60,20,kaba,True,,318.0,60.0,288.0,684.0,1002.0,1.107,15.143,13.685,0.1554,True,,False,ON,935.0,3.0,4.5
2026-09-24 01:41:22,MLLB_000_y1.0.3,GREEN,v4_green_MLLB_000_y103_0923,2.6,2.609,8,60,24,kaba,True,,290.0,84.0,254.0,712.0,1002.0,1.104,15.176,13.752,0.1575,True,,False,ON,935.0,3.0,4.5
2026-09-24 01:41:37,MLLB_000_y1.0.3,GREEN,v4_green_MLLB_000_y103_0923,2.6,2.609,8,60,28,kaba,True,,254.0,66.0,222.0,748.0,1002.0,1.105,15.234,13.781,0.1552,True,,False,ON,935.0,3.0,4.5
2026-09-24 01:41:54,MLLB_000_y1.0.3,GREEN,v4_green_MLLB_000_y103_0923,2.6,2.609,8,60,32,kaba,True,,220.0,58.0,188.0,782.0,1002.0,1.101,15.234,13.832,0.1532,True,,False,ON,935.0,3.0,4.5
2026-09-24 01:42:12,MLLB_000_y1.0.3,GREEN,v4_green_MLLB_000_y103_0923,2.6,2.609,8,60,36,kaba,True,,186.0,60.0,154.0,816.0,1002.0,1.097,15.234,13.892,0.1551,True,,False,ON,935.0,3.0,4.5
2026-09-24 01:42:30,MLLB_000_y1.0.3,GREEN,v4_green_MLLB_000_y103_0923,2.6,2.609,8,60,40,kaba,True,,150.0,60.0,118.0,852.0,1002.0,1.095,15.234,13.918,0.1505,True,,False,ON,935.0,3.0,4.5
2026-09-24 01:42:48,MLLB_000_y1.0.3,GREEN,v4_green_MLLB_000_y103_0923,2.6,2.609,8,60,44,kaba,True,,114.0,64.0,82.0,888.0,1002.0,1.094,15.234,13.929,0.1537,True,,False,ON,935.0,3.0,4.5
2026-09-24 01:43:06,MLLB_000_y1.0.3,GREEN,v4_green_MLLB_000_y103_0923,2.6,2.609,8,60,48,kaba,True,,82.0,88.0,50.0,920.0,1002.0,1.091,15.234,13.965,0.1564,True,,False,ON,935.0,3.0,4.5
2026-09-24 01:43:24,MLLB_000_y1.0.3,GREEN,v4_green_MLLB_000_y103_0923,2.6,2.609,8,60,50,kaba,True,,62.0,42.0,38.0,940.0,1002.0,1.091,15.234,13.964,0.1532,True,,True,,935.0,3.0,4.5
2026-09-24 01:43:42,MLLB_000_y1.0.3,GREEN,v4_green_MLLB_000_y103_0923,2.6,2.609,8,60,49,ince,True,,70.0,56.0,42.0,932.0,1002.0,1.091,15.234,13.963,0.1539,True,,False,ON,935.0,3.0,4.5
2026-09-24 01:43:42,MLLB_000_y1.0.3,GREEN,v4_green_MLLB_000_y103_0923,2.6,2.609,8,60,,bitti,False,,,,,,,,,,,,,,,935.0,3.0,4.5
2026-09-24 01:44:08,MLLB_000_y1.0.3,GREEN,v4_green_MLLB_000_y103_0923,2.6,2.609,10,100,12,kaba,True,,254.0,74.0,226.0,748.0,1002.0,1.091,19.982,18.317,0.1929,True,,False,ON,935.0,3.0,4.5
2026-09-24 01:44:23,MLLB_000_y1.0.3,GREEN,v4_green_MLLB_000_y103_0923,2.6,2.609,10,100,16,kaba,True,,212.0,66.0,186.0,790.0,1002.0,1.096,20.172,18.398,0.1939,True,,False,ON,935.0,3.0,4.5
2026-09-24 01:44:40,MLLB_000_y1.0.3,GREEN,v4_green_MLLB_000_y103_0923,2.6,2.609,10,100,20,kaba,True,,170.0,72.0,142.0,832.0,1002.0,1.083,19.998,18.473,0.1964,True,,False,ON,935.0,3.0,4.5
2026-09-24 01:44:58,MLLB_000_y1.0.3,GREEN,v4_green_MLLB_000_y103_0923,2.6,2.609,10,100,24,kaba,True,,126.0,80.0,98.0,876.0,1002.0,1.079,20.021,18.559,0.1938,True,,False,ON,935.0,3.0,4.5
2026-09-24 01:45:16,MLLB_000_y1.0.3,GREEN,v4_green_MLLB_000_y103_0923,2.6,2.609,10,100,28,kaba,True,,86.0,102.0,52.0,916.0,1002.0,1.075,19.98,18.579,0.1971,True,,False,ON,935.0,3.0,4.5
2026-09-24 01:45:34,MLLB_000_y1.0.3,GREEN,v4_green_MLLB_000_y103_0923,2.6,2.609,10,100,32,kaba,True,,42.0,52.0,22.0,960.0,1002.0,1.078,20.028,18.581,0.1919,True,,True,,935.0,3.0,4.5
2026-09-24 01:45:49,MLLB_000_y1.0.3,GREEN,v4_green_MLLB_000_y103_0923,2.6,2.609,10,100,36,kaba,True,,28.0,10.0,22.0,974.0,1002.0,4.292,79.644,18.557,0.1955,True,,False,FLAS,935.0,3.0,4.5
2026-09-24 01:46:06,MLLB_000_y1.0.3,GREEN,v4_green_MLLB_000_y103_0923,2.6,2.609,10,100,40,kaba,True,,28.0,8.0,22.0,974.0,1002.0,7.128,132.375,18.571,0.1956,True,,False,FLAS,935.0,3.0,4.5
2026-09-24 01:46:24,MLLB_000_y1.0.3,GREEN,v4_green_MLLB_000_y103_0923,2.6,2.609,10,100,29,ince,True,,74.0,58.0,44.0,928.0,1002.0,1.077,19.989,18.563,0.1913,True,,False,ON,935.0,3.0,4.5
2026-09-24 01:46:42,MLLB_000_y1.0.3,GREEN,v4_green_MLLB_000_y103_0923,2.6,2.609,10,100,30,ince,True,,62.0,82.0,34.0,940.0,1002.0,1.079,20.028,18.568,0.1929,True,,True,,935.0,3.0,4.5
2026-09-24 01:47:00,MLLB_000_y1.0.3,GREEN,v4_green_MLLB_000_y103_0923,2.6,2.609,10,100,31,ince,True,,50.0,70.0,24.0,952.0,1002.0,1.079,20.057,18.584,0.1954,True,,True,,935.0,3.0,4.5
2026-09-24 01:47:18,MLLB_000_y1.0.3,GREEN,v4_green_MLLB_000_y103_0923,2.6,2.609,10,100,33,ince,True,,38.0,24.0,22.0,964.0,1002.0,1.461,27.175,18.597,0.1951,True,,True,,935.0,3.0,4.5
2026-09-24 01:47:36,MLLB_000_y1.0.3,GREEN,v4_green_MLLB_000_y103_0923,2.6,2.609,10,100,34,ince,True,,32.0,20.0,22.0,970.0,1002.0,2.216,41.203,18.594,0.1971,True,,True,,935.0,3.0,4.5
2026-09-24 01:47:54,MLLB_000_y1.0.3,GREEN,v4_green_MLLB_000_y103_0923,2.6,2.609,10,100,35,ince,True,,30.0,14.0,22.0,972.0,1002.0,2.911,54.115,18.588,0.1932,True,,True,,935.0,3.0,4.5
2026-09-24 01:47:54,MLLB_000_y1.0.3,GREEN,v4_green_MLLB_000_y103_0923,2.6,2.609,10,100,,bitti,False,,,,,,,,,,,,,,,935.0,3.0,4.5
2026-09-24 01:48:12,MLLB_000_y1.0.3,GREEN,v4_green_MLLB_000_y103_0923,2.6,2.609,10,80,12,kaba,True,,278.0,82.0,248.0,724.0,1002.0,1.091,19.98,18.316,0.1956,True,,False,ON,935.0,3.0,4.5
2026-09-24 01:48:27,MLLB_000_y1.0.3,GREEN,v4_green_MLLB_000_y103_0923,2.6,2.609,10,80,16,kaba,True,,242.0,92.0,214.0,760.0,1002.0,1.094,20.058,18.34,0.1966,True,,False,ON,935.0,3.0,4.5
2026-09-24 01:48:44,MLLB_000_y1.0.3,GREEN,v4_green_MLLB_000_y103_0923,2.6,2.609,10,80,20,kaba,True,,210.0,60.0,178.0,792.0,1002.0,1.088,20.076,18.447,0.196,True,,False,ON,935.0,3.0,4.5
2026-09-24 01:49:02,MLLB_000_y1.0.3,GREEN,v4_green_MLLB_000_y103_0923,2.6,2.609,10,80,24,kaba,True,,174.0,84.0,146.0,828.0,1002.0,1.085,20.033,18.465,0.198,True,,False,ON,935.0,3.0,4.5
2026-09-24 01:49:20,MLLB_000_y1.0.3,GREEN,v4_green_MLLB_000_y103_0923,2.6,2.609,10,80,28,kaba,True,,142.0,78.0,110.0,860.0,1002.0,1.083,20.041,18.497,0.1948,True,,False,ON,935.0,3.0,4.5
2026-09-24 01:49:38,MLLB_000_y1.0.3,GREEN,v4_green_MLLB_000_y103_0923,2.6,2.609,10,80,32,kaba,True,,106.0,58.0,76.0,896.0,1002.0,1.081,20.04,18.531,0.1959,True,,False,ON,935.0,3.0,4.5
2026-09-24 01:49:56,MLLB_000_y1.0.3,GREEN,v4_green_MLLB_000_y103_0923,2.6,2.609,10,80,36,kaba,True,,70.0,108.0,42.0,932.0,1002.0,1.078,20.028,18.582,0.197,True,,False,ON,935.0,3.0,4.5
2026-09-24 01:50:14,MLLB_000_y1.0.3,GREEN,v4_green_MLLB_000_y103_0923,2.6,2.609,10,80,40,kaba,True,,42.0,24.0,26.0,960.0,1002.0,1.488,27.657,18.583,0.1948,True,,True,,935.0,3.0,4.5
2026-09-24 01:50:32,MLLB_000_y1.0.3,GREEN,v4_green_MLLB_000_y103_0923,2.6,2.609,10,80,44,kaba,True,,36.0,14.0,26.0,966.0,1002.0,4.448,82.652,18.584,0.1977,True,,False,FLAS,935.0,3.0,4.5
2026-09-24 01:50:50,MLLB_000_y1.0.3,GREEN,v4_green_MLLB_000_y103_0923,2.6,2.609,10,80,48,kaba,True,,34.0,10.0,26.0,968.0,1002.0,6.554,121.792,18.584,0.1952,True,,False,FLAS,935.0,3.0,4.5
2026-09-24 01:51:05,MLLB_000_y1.0.3,GREEN,v4_green_MLLB_000_y103_0923,2.6,2.609,10,80,37,ince,True,,62.0,88.0,34.0,940.0,1002.0,1.081,20.1,18.594,0.1928,True,,True,,935.0,3.0,4.5
2026-09-24 01:51:24,MLLB_000_y1.0.3,GREEN,v4_green_MLLB_000_y103_0923,2.6,2.609,10,80,38,ince,True,,52.0,112.0,26.0,950.0,1002.0,1.053,20.055,19.05,0.1931,True,,True,,935.0,3.0,4.5
2026-09-24 01:51:42,MLLB_000_y1.0.3,GREEN,v4_green_MLLB_000_y103_0923,2.6,2.609,10,80,39,ince,True,,46.0,32.0,26.0,956.0,1002.0,1.131,21.039,18.603,0.1968,True,,True,,935.0,3.0,4.5
2026-09-24 01:52:00,MLLB_000_y1.0.3,GREEN,v4_green_MLLB_000_y103_0923,2.6,2.609,10,80,41,ince,True,,40.0,22.0,26.0,962.0,1002.0,2.041,37.907,18.57,0.1954,True,,True,,935.0,3.0,4.5
2026-09-24 01:52:18,MLLB_000_y1.0.3,GREEN,v4_green_MLLB_000_y103_0923,2.6,2.609,10,80,42,ince,True,,38.0,18.0,26.0,964.0,1002.0,2.624,48.792,18.593,0.1963,True,,True,,935.0,3.0,4.5
2026-09-24 01:52:36,MLLB_000_y1.0.3,GREEN,v4_green_MLLB_000_y103_0923,2.6,2.609,10,80,43,ince,True,,36.0,14.0,26.0,966.0,1002.0,3.225,59.907,18.575,0.1966,True,,False,FLAS,935.0,3.0,4.5
2026-09-24 01:52:36,MLLB_000_y1.0.3,GREEN,v4_green_MLLB_000_y103_0923,2.6,2.609,10,80,,bitti,False,,,,,,,,,,,,,,,935.0,3.0,4.5
2026-09-24 01:52:54,MLLB_000_y1.0.3,GREEN,v4_green_MLLB_000_y103_0923,2.6,2.609,10,60,12,kaba,True,,302.0,60.0,270.0,700.0,1002.0,1.095,20.011,18.283,0.1947,True,,False,ON,935.0,3.0,4.5
2026-09-24 01:53:12,MLLB_000_y1.0.3,GREEN,v4_green_MLLB_000_y103_0923,2.6,2.609,10,60,16,kaba,True,,274.0,72.0,246.0,728.0,1002.0,1.096,20.065,18.313,0.1971,True,,False,ON,935.0,3.0,4.5
2026-09-24 01:53:30,MLLB_000_y1.0.3,GREEN,v4_green_MLLB_000_y103_0923,2.6,2.609,10,60,20,kaba,True,,254.0,72.0,222.0,748.0,1002.0,1.091,20.028,18.36,0.1963,True,,False,ON,935.0,3.0,4.5
2026-09-24 01:53:45,MLLB_000_y1.0.3,GREEN,v4_green_MLLB_000_y103_0923,2.6,2.609,10,60,24,kaba,True,,230.0,104.0,198.0,772.0,1002.0,1.092,20.076,18.377,0.1965,True,,False,ON,935.0,3.0,4.5
2026-09-24 01:54:02,MLLB_000_y1.0.3,GREEN,v4_green_MLLB_000_y103_0923,2.6,2.609,10,60,28,kaba,True,,200.0,74.0,174.0,802.0,1002.0,1.087,20.028,18.424,0.1972,True,,False,ON,935.0,3.0,4.5
2026-09-24 01:54:20,MLLB_000_y1.0.3,GREEN,v4_green_MLLB_000_y103_0923,2.6,2.609,10,60,32,kaba,True,,178.0,86.0,148.0,824.0,1002.0,1.086,20.077,18.488,0.1972,True,,False,ON,935.0,3.0,4.5
2026-09-24 01:54:38,MLLB_000_y1.0.3,GREEN,v4_green_MLLB_000_y103_0923,2.6,2.609,10,60,36,kaba,True,,150.0,84.0,122.0,852.0,1002.0,1.082,20.044,18.517,0.1962,True,,False,ON,935.0,3.0,4.5
2026-09-24 01:54:53,MLLB_000_y1.0.3,GREEN,v4_green_MLLB_000_y103_0923,2.6,2.609,10,60,40,kaba,True,,126.0,74.0,98.0,876.0,1002.0,1.086,20.124,18.528,0.1941,True,,False,ON,935.0,3.0,4.5
2026-09-24 01:55:10,MLLB_000_y1.0.3,GREEN,v4_green_MLLB_000_y103_0923,2.6,2.609,10,60,44,kaba,True,,102.0,68.0,74.0,900.0,1002.0,1.08,20.028,18.544,0.1943,True,,False,ON,935.0,3.0,4.5
2026-09-24 01:55:28,MLLB_000_y1.0.3,GREEN,v4_green_MLLB_000_y103_0923,2.6,2.609,10,60,48,kaba,True,,76.0,96.0,50.0,926.0,1002.0,1.08,20.076,18.589,0.1968,True,,False,ON,935.0,3.0,4.5
2026-09-24 01:55:46,MLLB_000_y1.0.3,GREEN,v4_green_MLLB_000_y103_0923,2.6,2.609,10,60,50,kaba,True,,64.0,82.0,40.0,938.0,1002.0,1.079,20.028,18.569,0.1962,True,,True,,935.0,3.0,4.5
2026-09-24 01:56:04,MLLB_000_y1.0.3,GREEN,v4_green_MLLB_000_y103_0923,2.6,2.609,10,60,49,ince,True,,70.0,72.0,42.0,932.0,1002.0,1.079,20.028,18.562,0.1964,True,,False,ON,935.0,3.0,4.5
2026-09-24 01:56:04,MLLB_000_y1.0.3,GREEN,v4_green_MLLB_000_y103_0923,2.6,2.609,10,60,,bitti,False,,,,,,,,,,,,,,,935.0,3.0,4.5
2026-09-24 01:56:30,MLLB_000_y1.0.3,GREEN,v4_green_MLLB_000_y103_0923,2.6,2.609,100,100,12,kaba,True,,44.0,32.0,22.0,958.0,1002.0,1.085,230.075,212.004,0.7777,True,,True,,935.0,3.0,4.5
2026-09-24 01:56:48,MLLB_000_y1.0.3,GREEN,v4_green_MLLB_000_y103_0923,2.6,2.609,100,100,16,kaba,True,,44.0,32.0,22.0,958.0,1002.0,1.084,229.239,211.485,0.778,True,,True,,935.0,3.0,4.5
2026-09-24 01:57:06,MLLB_000_y1.0.3,GREEN,v4_green_MLLB_000_y103_0923,2.6,2.609,100,100,20,kaba,True,,44.0,32.0,22.0,958.0,1002.0,1.087,230.007,211.646,0.777,True,,True,,935.0,3.0,4.5
2026-09-24 01:57:24,MLLB_000_y1.0.3,GREEN,v4_green_MLLB_000_y103_0923,2.6,2.609,100,100,24,kaba,True,,42.0,32.0,22.0,960.0,1002.0,1.085,230.039,212.035,0.7772,True,,True,,935.0,3.0,4.5
2026-09-24 01:57:42,MLLB_000_y1.0.3,GREEN,v4_green_MLLB_000_y103_0923,2.6,2.609,100,100,28,kaba,True,,42.0,32.0,22.0,960.0,1002.0,1.092,231.545,212.085,0.7773,True,,True,,935.0,3.0,4.5
2026-09-24 01:58:00,MLLB_000_y1.0.3,GREEN,v4_green_MLLB_000_y103_0923,2.6,2.609,100,100,32,kaba,True,,42.0,32.0,22.0,960.0,1002.0,1.084,230.007,212.146,0.777,True,,True,,935.0,3.0,4.5
2026-09-24 01:58:18,MLLB_000_y1.0.3,GREEN,v4_green_MLLB_000_y103_0923,2.6,2.609,100,100,36,kaba,True,,44.0,32.0,22.0,958.0,1002.0,1.084,230.156,212.272,0.7769,True,,True,,935.0,3.0,4.5
2026-09-24 01:58:36,MLLB_000_y1.0.3,GREEN,v4_green_MLLB_000_y103_0923,2.6,2.609,100,100,40,kaba,True,,42.0,32.0,22.0,960.0,1002.0,1.09,231.545,212.421,0.7772,True,,True,,935.0,3.0,4.5
2026-09-24 01:58:54,MLLB_000_y1.0.3,GREEN,v4_green_MLLB_000_y103_0923,2.6,2.609,100,100,44,kaba,True,,42.0,32.0,22.0,960.0,1002.0,1.09,231.545,212.365,0.7779,True,,True,,935.0,3.0,4.5
2026-09-24 01:59:12,MLLB_000_y1.0.3,GREEN,v4_green_MLLB_000_y103_0923,2.6,2.609,100,100,48,kaba,True,,42.0,32.0,22.0,960.0,1002.0,1.085,230.179,212.223,0.7778,True,,True,,935.0,3.0,4.5
2026-09-24 01:59:30,MLLB_000_y1.0.3,GREEN,v4_green_MLLB_000_y103_0923,2.6,2.609,100,100,50,kaba,True,,42.0,32.0,22.0,960.0,1002.0,1.089,231.545,212.526,0.7774,True,,True,,935.0,3.0,4.5
2026-09-24 01:59:30,MLLB_000_y1.0.3,GREEN,v4_green_MLLB_000_y103_0923,2.6,2.609,100,100,13,ince,False,iki-OK-arasi-monotonluk,,,,,,,,,,,,True,,935.0,3.0,4.5
2026-09-24 01:59:30,MLLB_000_y1.0.3,GREEN,v4_green_MLLB_000_y103_0923,2.6,2.609,100,100,14,ince,False,iki-OK-arasi-monotonluk,,,,,,,,,,,,True,,935.0,3.0,4.5
2026-09-24 01:59:30,MLLB_000_y1.0.3,GREEN,v4_green_MLLB_000_y103_0923,2.6,2.609,100,100,15,ince,False,iki-OK-arasi-monotonluk,,,,,,,,,,,,True,,935.0,3.0,4.5
2026-09-24 01:59:30,MLLB_000_y1.0.3,GREEN,v4_green_MLLB_000_y103_0923,2.6,2.609,100,100,17,ince,False,iki-OK-arasi-monotonluk,,,,,,,,,,,,True,,935.0,3.0,4.5
2026-09-24 01:59:30,MLLB_000_y1.0.3,GREEN,v4_green_MLLB_000_y103_0923,2.6,2.609,100,100,18,ince,False,iki-OK-arasi-monotonluk,,,,,,,,,,,,True,,935.0,3.0,4.5
2026-09-24 01:59:30,MLLB_000_y1.0.3,GREEN,v4_green_MLLB_000_y103_0923,2.6,2.609,100,100,19,ince,False,iki-OK-arasi-monotonluk,,,,,,,,,,,,True,,935.0,3.0,4.5
2026-09-24 01:59:30,MLLB_000_y1.0.3,GREEN,v4_green_MLLB_000_y103_0923,2.6,2.609,100,100,21,ince,False,iki-OK-arasi-monotonluk,,,,,,,,,,,,True,,935.0,3.0,4.5
2026-09-24 01:59:30,MLLB_000_y1.0.3,GREEN,v4_green_MLLB_000_y103_0923,2.6,2.609,100,100,22,ince,False,iki-OK-arasi-monotonluk,,,,,,,,,,,,True,,935.0,3.0,4.5
2026-09-24 01:59:30,MLLB_000_y1.0.3,GREEN,v4_green_MLLB_000_y103_0923,2.6,2.609,100,100,23,ince,False,iki-OK-arasi-monotonluk,,,,,,,,,,,,True,,935.0,3.0,4.5
2026-09-24 01:59:30,MLLB_000_y1.0.3,GREEN,v4_green_MLLB_000_y103_0923,2.6,2.609,100,100,25,ince,False,iki-OK-arasi-monotonluk,,,,,,,,,,,,True,,935.0,3.0,4.5
2026-09-24 01:59:30,MLLB_000_y1.0.3,GREEN,v4_green_MLLB_000_y103_0923,2.6,2.609,100,100,26,ince,False,iki-OK-arasi-monotonluk,,,,,,,,,,,,True,,935.0,3.0,4.5
2026-09-24 01:59:30,MLLB_000_y1.0.3,GREEN,v4_green_MLLB_000_y103_0923,2.6,2.609,100,100,27,ince,False,iki-OK-arasi-monotonluk,,,,,,,,,,,,True,,935.0,3.0,4.5
2026-09-24 01:59:30,MLLB_000_y1.0.3,GREEN,v4_green_MLLB_000_y103_0923,2.6,2.609,100,100,29,ince,False,iki-OK-arasi-monotonluk,,,,,,,,,,,,True,,935.0,3.0,4.5
2026-09-24 01:59:30,MLLB_000_y1.0.3,GREEN,v4_green_MLLB_000_y103_0923,2.6,2.609,100,100,30,ince,False,iki-OK-arasi-monotonluk,,,,,,,,,,,,True,,935.0,3.0,4.5
2026-09-24 01:59:30,MLLB_000_y1.0.3,GREEN,v4_green_MLLB_000_y103_0923,2.6,2.609,100,100,31,ince,False,iki-OK-arasi-monotonluk,,,,,,,,,,,,True,,935.0,3.0,4.5
2026-09-24 01:59:30,MLLB_000_y1.0.3,GREEN,v4_green_MLLB_000_y103_0923,2.6,2.609,100,100,33,ince,False,iki-OK-arasi-monotonluk,,,,,,,,,,,,True,,935.0,3.0,4.5
2026-09-24 01:59:30,MLLB_000_y1.0.3,GREEN,v4_green_MLLB_000_y103_0923,2.6,2.609,100,100,34,ince,False,iki-OK-arasi-monotonluk,,,,,,,,,,,,True,,935.0,3.0,4.5
2026-09-24 01:59:30,MLLB_000_y1.0.3,GREEN,v4_green_MLLB_000_y103_0923,2.6,2.609,100,100,35,ince,False,iki-OK-arasi-monotonluk,,,,,,,,,,,,True,,935.0,3.0,4.5
2026-09-24 01:59:30,MLLB_000_y1.0.3,GREEN,v4_green_MLLB_000_y103_0923,2.6,2.609,100,100,37,ince,False,iki-OK-arasi-monotonluk,,,,,,,,,,,,True,,935.0,3.0,4.5
2026-09-24 01:59:30,MLLB_000_y1.0.3,GREEN,v4_green_MLLB_000_y103_0923,2.6,2.609,100,100,38,ince,False,iki-OK-arasi-monotonluk,,,,,,,,,,,,True,,935.0,3.0,4.5
2026-09-24 01:59:30,MLLB_000_y1.0.3,GREEN,v4_green_MLLB_000_y103_0923,2.6,2.609,100,100,39,ince,False,iki-OK-arasi-monotonluk,,,,,,,,,,,,True,,935.0,3.0,4.5
2026-09-24 01:59:30,MLLB_000_y1.0.3,GREEN,v4_green_MLLB_000_y103_0923,2.6,2.609,100,100,41,ince,False,iki-OK-arasi-monotonluk,,,,,,,,,,,,True,,935.0,3.0,4.5
2026-09-24 01:59:30,MLLB_000_y1.0.3,GREEN,v4_green_MLLB_000_y103_0923,2.6,2.609,100,100,42,ince,False,iki-OK-arasi-monotonluk,,,,,,,,,,,,True,,935.0,3.0,4.5
2026-09-24 01:59:30,MLLB_000_y1.0.3,GREEN,v4_green_MLLB_000_y103_0923,2.6,2.609,100,100,43,ince,False,iki-OK-arasi-monotonluk,,,,,,,,,,,,True,,935.0,3.0,4.5
2026-09-24 01:59:30,MLLB_000_y1.0.3,GREEN,v4_green_MLLB_000_y103_0923,2.6,2.609,100,100,45,ince,False,iki-OK-arasi-monotonluk,,,,,,,,,,,,True,,935.0,3.0,4.5
2026-09-24 01:59:30,MLLB_000_y1.0.3,GREEN,v4_green_MLLB_000_y103_0923,2.6,2.609,100,100,46,ince,False,iki-OK-arasi-monotonluk,,,,,,,,,,,,True,,935.0,3.0,4.5
2026-09-24 01:59:30,MLLB_000_y1.0.3,GREEN,v4_green_MLLB_000_y103_0923,2.6,2.609,100,100,47,ince,False,iki-OK-arasi-monotonluk,,,,,,,,,,,,True,,935.0,3.0,4.5
2026-09-24 01:59:30,MLLB_000_y1.0.3,GREEN,v4_green_MLLB_000_y103_0923,2.6,2.609,100,100,49,ince,False,iki-OK-arasi-monotonluk,,,,,,,,,,,,True,,935.0,3.0,4.5
2026-09-24 01:59:31,MLLB_000_y1.0.3,GREEN,v4_green_MLLB_000_y103_0923,2.6,2.609,100,100,,bitti,False,,,,,,,,,,,,,,,935.0,3.0,4.5
2026-09-24 01:59:45,MLLB_000_y1.0.3,GREEN,v4_green_MLLB_000_y103_0923,2.6,2.609,100,80,12,kaba,True,,42.0,32.0,22.0,960.0,1002.0,1.088,231.161,212.529,0.7773,True,,True,,935.0,3.0,4.5
2026-09-24 02:00:04,MLLB_000_y1.0.3,GREEN,v4_green_MLLB_000_y103_0923,2.6,2.609,100,80,16,kaba,True,,42.0,32.0,22.0,960.0,1002.0,1.056,230.714,218.562,0.7776,True,,True,,935.0,3.0,4.5
2026-09-24 02:00:22,MLLB_000_y1.0.3,GREEN,v4_green_MLLB_000_y103_0923,2.6,2.609,100,80,20,kaba,True,,42.0,32.0,22.0,960.0,1002.0,1.089,231.545,212.634,0.7775,True,,True,,935.0,3.0,4.5
2026-09-24 02:00:37,MLLB_000_y1.0.3,GREEN,v4_green_MLLB_000_y103_0923,2.6,2.609,100,80,24,kaba,True,,42.0,32.0,22.0,960.0,1002.0,1.089,231.545,212.617,0.7775,True,,True,,935.0,3.0,4.5
2026-09-24 02:00:54,MLLB_000_y1.0.3,GREEN,v4_green_MLLB_000_y103_0923,2.6,2.609,100,80,28,kaba,True,,42.0,32.0,22.0,960.0,1002.0,1.087,230.776,212.319,0.7772,True,,True,,935.0,3.0,4.5
2026-09-24 02:01:12,MLLB_000_y1.0.3,GREEN,v4_green_MLLB_000_y103_0923,2.6,2.609,100,80,32,kaba,True,,42.0,32.0,22.0,960.0,1002.0,1.089,231.545,212.553,0.7769,True,,True,,935.0,3.0,4.5
2026-09-24 02:01:30,MLLB_000_y1.0.3,GREEN,v4_green_MLLB_000_y103_0923,2.6,2.609,100,80,36,kaba,True,,42.0,32.0,22.0,960.0,1002.0,1.089,231.545,212.693,0.7775,True,,True,,935.0,3.0,4.5
2026-09-24 02:01:45,MLLB_000_y1.0.3,GREEN,v4_green_MLLB_000_y103_0923,2.6,2.609,100,80,40,kaba,True,,42.0,32.0,22.0,960.0,1002.0,1.09,231.545,212.446,0.7778,True,,True,,935.0,3.0,4.5
2026-09-24 02:02:02,MLLB_000_y1.0.3,GREEN,v4_green_MLLB_000_y103_0923,2.6,2.609,100,80,44,kaba,True,,42.0,32.0,22.0,960.0,1002.0,1.089,231.545,212.548,0.7778,True,,True,,935.0,3.0,4.5
2026-09-24 02:02:20,MLLB_000_y1.0.3,GREEN,v4_green_MLLB_000_y103_0923,2.6,2.609,100,80,48,kaba,True,,42.0,32.0,22.0,960.0,1002.0,1.091,231.545,212.3,0.7778,True,,True,,935.0,3.0,4.5
2026-09-24 02:02:35,MLLB_000_y1.0.3,GREEN,v4_green_MLLB_000_y103_0923,2.6,2.609,100,80,50,kaba,True,,42.0,32.0,22.0,960.0,1002.0,1.088,231.161,212.404,0.7773,True,,True,,935.0,3.0,4.5
2026-09-24 02:02:35,MLLB_000_y1.0.3,GREEN,v4_green_MLLB_000_y103_0923,2.6,2.609,100,80,13,ince,False,iki-OK-arasi-monotonluk,,,,,,,,,,,,True,,935.0,3.0,4.5
2026-09-24 02:02:35,MLLB_000_y1.0.3,GREEN,v4_green_MLLB_000_y103_0923,2.6,2.609,100,80,14,ince,False,iki-OK-arasi-monotonluk,,,,,,,,,,,,True,,935.0,3.0,4.5
2026-09-24 02:02:35,MLLB_000_y1.0.3,GREEN,v4_green_MLLB_000_y103_0923,2.6,2.609,100,80,15,ince,False,iki-OK-arasi-monotonluk,,,,,,,,,,,,True,,935.0,3.0,4.5
2026-09-24 02:02:35,MLLB_000_y1.0.3,GREEN,v4_green_MLLB_000_y103_0923,2.6,2.609,100,80,17,ince,False,iki-OK-arasi-monotonluk,,,,,,,,,,,,True,,935.0,3.0,4.5
2026-09-24 02:02:35,MLLB_000_y1.0.3,GREEN,v4_green_MLLB_000_y103_0923,2.6,2.609,100,80,18,ince,False,iki-OK-arasi-monotonluk,,,,,,,,,,,,True,,935.0,3.0,4.5
2026-09-24 02:02:35,MLLB_000_y1.0.3,GREEN,v4_green_MLLB_000_y103_0923,2.6,2.609,100,80,19,ince,False,iki-OK-arasi-monotonluk,,,,,,,,,,,,True,,935.0,3.0,4.5
2026-09-24 02:02:35,MLLB_000_y1.0.3,GREEN,v4_green_MLLB_000_y103_0923,2.6,2.609,100,80,21,ince,False,iki-OK-arasi-monotonluk,,,,,,,,,,,,True,,935.0,3.0,4.5
2026-09-24 02:02:35,MLLB_000_y1.0.3,GREEN,v4_green_MLLB_000_y103_0923,2.6,2.609,100,80,22,ince,False,iki-OK-arasi-monotonluk,,,,,,,,,,,,True,,935.0,3.0,4.5
2026-09-24 02:02:35,MLLB_000_y1.0.3,GREEN,v4_green_MLLB_000_y103_0923,2.6,2.609,100,80,23,ince,False,iki-OK-arasi-monotonluk,,,,,,,,,,,,True,,935.0,3.0,4.5
2026-09-24 02:02:35,MLLB_000_y1.0.3,GREEN,v4_green_MLLB_000_y103_0923,2.6,2.609,100,80,25,ince,False,iki-OK-arasi-monotonluk,,,,,,,,,,,,True,,935.0,3.0,4.5
2026-09-24 02:02:35,MLLB_000_y1.0.3,GREEN,v4_green_MLLB_000_y103_0923,2.6,2.609,100,80,26,ince,False,iki-OK-arasi-monotonluk,,,,,,,,,,,,True,,935.0,3.0,4.5
2026-09-24 02:02:35,MLLB_000_y1.0.3,GREEN,v4_green_MLLB_000_y103_0923,2.6,2.609,100,80,27,ince,False,iki-OK-arasi-monotonluk,,,,,,,,,,,,True,,935.0,3.0,4.5
2026-09-24 02:02:35,MLLB_000_y1.0.3,GREEN,v4_green_MLLB_000_y103_0923,2.6,2.609,100,80,29,ince,False,iki-OK-arasi-monotonluk,,,,,,,,,,,,True,,935.0,3.0,4.5
2026-09-24 02:02:35,MLLB_000_y1.0.3,GREEN,v4_green_MLLB_000_y103_0923,2.6,2.609,100,80,30,ince,False,iki-OK-arasi-monotonluk,,,,,,,,,,,,True,,935.0,3.0,4.5
2026-09-24 02:02:35,MLLB_000_y1.0.3,GREEN,v4_green_MLLB_000_y103_0923,2.6,2.609,100,80,31,ince,False,iki-OK-arasi-monotonluk,,,,,,,,,,,,True,,935.0,3.0,4.5
2026-09-24 02:02:35,MLLB_000_y1.0.3,GREEN,v4_green_MLLB_000_y103_0923,2.6,2.609,100,80,33,ince,False,iki-OK-arasi-monotonluk,,,,,,,,,,,,True,,935.0,3.0,4.5
2026-09-24 02:02:35,MLLB_000_y1.0.3,GREEN,v4_green_MLLB_000_y103_0923,2.6,2.609,100,80,34,ince,False,iki-OK-arasi-monotonluk,,,,,,,,,,,,True,,935.0,3.0,4.5
2026-09-24 02:02:35,MLLB_000_y1.0.3,GREEN,v4_green_MLLB_000_y103_0923,2.6,2.609,100,80,35,ince,False,iki-OK-arasi-monotonluk,,,,,,,,,,,,True,,935.0,3.0,4.5
2026-09-24 02:02:35,MLLB_000_y1.0.3,GREEN,v4_green_MLLB_000_y103_0923,2.6,2.609,100,80,37,ince,False,iki-OK-arasi-monotonluk,,,,,,,,,,,,True,,935.0,3.0,4.5
2026-09-24 02:02:35,MLLB_000_y1.0.3,GREEN,v4_green_MLLB_000_y103_0923,2.6,2.609,100,80,38,ince,False,iki-OK-arasi-monotonluk,,,,,,,,,,,,True,,935.0,3.0,4.5
2026-09-24 02:02:35,MLLB_000_y1.0.3,GREEN,v4_green_MLLB_000_y103_0923,2.6,2.609,100,80,39,ince,False,iki-OK-arasi-monotonluk,,,,,,,,,,,,True,,935.0,3.0,4.5
2026-09-24 02:02:35,MLLB_000_y1.0.3,GREEN,v4_green_MLLB_000_y103_0923,2.6,2.609,100,80,41,ince,False,iki-OK-arasi-monotonluk,,,,,,,,,,,,True,,935.0,3.0,4.5
2026-09-24 02:02:35,MLLB_000_y1.0.3,GREEN,v4_green_MLLB_000_y103_0923,2.6,2.609,100,80,42,ince,False,iki-OK-arasi-monotonluk,,,,,,,,,,,,True,,935.0,3.0,4.5
2026-09-24 02:02:35,MLLB_000_y1.0.3,GREEN,v4_green_MLLB_000_y103_0923,2.6,2.609,100,80,43,ince,False,iki-OK-arasi-monotonluk,,,,,,,,,,,,True,,935.0,3.0,4.5
2026-09-24 02:02:35,MLLB_000_y1.0.3,GREEN,v4_green_MLLB_000_y103_0923,2.6,2.609,100,80,45,ince,False,iki-OK-arasi-monotonluk,,,,,,,,,,,,True,,935.0,3.0,4.5
2026-09-24 02:02:35,MLLB_000_y1.0.3,GREEN,v4_green_MLLB_000_y103_0923,2.6,2.609,100,80,46,ince,False,iki-OK-arasi-monotonluk,,,,,,,,,,,,True,,935.0,3.0,4.5
2026-09-24 02:02:35,MLLB_000_y1.0.3,GREEN,v4_green_MLLB_000_y103_0923,2.6,2.609,100,80,47,ince,False,iki-OK-arasi-monotonluk,,,,,,,,,,,,True,,935.0,3.0,4.5
2026-09-24 02:02:35,MLLB_000_y1.0.3,GREEN,v4_green_MLLB_000_y103_0923,2.6,2.609,100,80,49,ince,False,iki-OK-arasi-monotonluk,,,,,,,,,,,,True,,935.0,3.0,4.5
2026-09-24 02:02:35,MLLB_000_y1.0.3,GREEN,v4_green_MLLB_000_y103_0923,2.6,2.609,100,80,,bitti,False,,,,,,,,,,,,,,,935.0,3.0,4.5
2026-09-24 02:02:54,MLLB_000_y1.0.3,GREEN,v4_green_MLLB_000_y103_0923,2.6,2.609,100,60,12,kaba,True,,42.0,32.0,22.0,960.0,1002.0,1.055,230.328,218.361,0.7776,True,,True,,935.0,3.0,4.5
2026-09-24 02:03:12,MLLB_000_y1.0.3,GREEN,v4_green_MLLB_000_y103_0923,2.6,2.609,100,60,16,kaba,True,,42.0,32.0,22.0,960.0,1002.0,1.084,230.241,212.385,0.7766,True,,True,,935.0,3.0,4.5
2026-09-24 02:03:30,MLLB_000_y1.0.3,GREEN,v4_green_MLLB_000_y103_0923,2.6,2.609,100,60,20,kaba,True,,42.0,32.0,22.0,960.0,1002.0,1.084,230.055,212.272,0.7778,True,,True,,935.0,3.0,4.5
2026-09-24 02:03:48,MLLB_000_y1.0.3,GREEN,v4_green_MLLB_000_y103_0923,2.6,2.609,100,60,24,kaba,True,,42.0,32.0,22.0,960.0,1002.0,1.084,230.007,212.129,0.7774,True,,True,,935.0,3.0,4.5
2026-09-24 02:04:06,MLLB_000_y1.0.3,GREEN,v4_green_MLLB_000_y103_0923,2.6,2.609,100,60,28,kaba,True,,42.0,32.0,22.0,960.0,1002.0,1.091,231.748,212.323,0.7777,True,,True,,935.0,3.0,4.5
2026-09-24 02:04:24,MLLB_000_y1.0.3,GREEN,v4_green_MLLB_000_y103_0923,2.6,2.609,100,60,32,kaba,True,,42.0,32.0,22.0,960.0,1002.0,1.083,230.007,212.303,0.7772,True,,True,,935.0,3.0,4.5
2026-09-24 02:04:42,MLLB_000_y1.0.3,GREEN,v4_green_MLLB_000_y103_0923,2.6,2.609,100,60,36,kaba,True,,42.0,32.0,22.0,960.0,1002.0,1.09,231.545,212.371,0.7779,True,,True,,935.0,3.0,4.5
2026-09-24 02:04:57,MLLB_000_y1.0.3,GREEN,v4_green_MLLB_000_y103_0923,2.6,2.609,100,60,40,kaba,True,,42.0,32.0,22.0,960.0,1002.0,1.091,231.545,212.293,0.7773,True,,True,,935.0,3.0,4.5
2026-09-24 02:05:16,MLLB_000_y1.0.3,GREEN,v4_green_MLLB_000_y103_0923,2.6,2.609,100,60,44,kaba,True,,42.0,32.0,22.0,960.0,1002.0,1.059,231.377,218.423,0.7767,True,,True,,935.0,3.0,4.5
2026-09-24 02:05:34,MLLB_000_y1.0.3,GREEN,v4_green_MLLB_000_y103_0923,2.6,2.609,100,60,48,kaba,True,,42.0,32.0,22.0,960.0,1002.0,1.089,231.545,212.533,0.7772,True,,True,,935.0,3.0,4.5
2026-09-24 02:05:52,MLLB_000_y1.0.3,GREEN,v4_green_MLLB_000_y103_0923,2.6,2.609,100,60,50,kaba,True,,42.0,32.0,22.0,960.0,1002.0,1.083,230.116,212.455,0.7779,True,,True,,935.0,3.0,4.5
2026-09-24 02:05:52,MLLB_000_y1.0.3,GREEN,v4_green_MLLB_000_y103_0923,2.6,2.609,100,60,13,ince,False,iki-OK-arasi-monotonluk,,,,,,,,,,,,True,,935.0,3.0,4.5
2026-09-24 02:05:52,MLLB_000_y1.0.3,GREEN,v4_green_MLLB_000_y103_0923,2.6,2.609,100,60,14,ince,False,iki-OK-arasi-monotonluk,,,,,,,,,,,,True,,935.0,3.0,4.5
2026-09-24 02:05:52,MLLB_000_y1.0.3,GREEN,v4_green_MLLB_000_y103_0923,2.6,2.609,100,60,15,ince,False,iki-OK-arasi-monotonluk,,,,,,,,,,,,True,,935.0,3.0,4.5
2026-09-24 02:05:52,MLLB_000_y1.0.3,GREEN,v4_green_MLLB_000_y103_0923,2.6,2.609,100,60,17,ince,False,iki-OK-arasi-monotonluk,,,,,,,,,,,,True,,935.0,3.0,4.5
2026-09-24 02:05:52,MLLB_000_y1.0.3,GREEN,v4_green_MLLB_000_y103_0923,2.6,2.609,100,60,18,ince,False,iki-OK-arasi-monotonluk,,,,,,,,,,,,True,,935.0,3.0,4.5
2026-09-24 02:05:52,MLLB_000_y1.0.3,GREEN,v4_green_MLLB_000_y103_0923,2.6,2.609,100,60,19,ince,False,iki-OK-arasi-monotonluk,,,,,,,,,,,,True,,935.0,3.0,4.5
2026-09-24 02:05:52,MLLB_000_y1.0.3,GREEN,v4_green_MLLB_000_y103_0923,2.6,2.609,100,60,21,ince,False,iki-OK-arasi-monotonluk,,,,,,,,,,,,True,,935.0,3.0,4.5
2026-09-24 02:05:52,MLLB_000_y1.0.3,GREEN,v4_green_MLLB_000_y103_0923,2.6,2.609,100,60,22,ince,False,iki-OK-arasi-monotonluk,,,,,,,,,,,,True,,935.0,3.0,4.5
2026-09-24 02:05:52,MLLB_000_y1.0.3,GREEN,v4_green_MLLB_000_y103_0923,2.6,2.609,100,60,23,ince,False,iki-OK-arasi-monotonluk,,,,,,,,,,,,True,,935.0,3.0,4.5
2026-09-24 02:05:52,MLLB_000_y1.0.3,GREEN,v4_green_MLLB_000_y103_0923,2.6,2.609,100,60,25,ince,False,iki-OK-arasi-monotonluk,,,,,,,,,,,,True,,935.0,3.0,4.5
2026-09-24 02:05:52,MLLB_000_y1.0.3,GREEN,v4_green_MLLB_000_y103_0923,2.6,2.609,100,60,26,ince,False,iki-OK-arasi-monotonluk,,,,,,,,,,,,True,,935.0,3.0,4.5
2026-09-24 02:05:52,MLLB_000_y1.0.3,GREEN,v4_green_MLLB_000_y103_0923,2.6,2.609,100,60,27,ince,False,iki-OK-arasi-monotonluk,,,,,,,,,,,,True,,935.0,3.0,4.5
2026-09-24 02:05:52,MLLB_000_y1.0.3,GREEN,v4_green_MLLB_000_y103_0923,2.6,2.609,100,60,29,ince,False,iki-OK-arasi-monotonluk,,,,,,,,,,,,True,,935.0,3.0,4.5
2026-09-24 02:05:52,MLLB_000_y1.0.3,GREEN,v4_green_MLLB_000_y103_0923,2.6,2.609,100,60,30,ince,False,iki-OK-arasi-monotonluk,,,,,,,,,,,,True,,935.0,3.0,4.5
2026-09-24 02:05:52,MLLB_000_y1.0.3,GREEN,v4_green_MLLB_000_y103_0923,2.6,2.609,100,60,31,ince,False,iki-OK-arasi-monotonluk,,,,,,,,,,,,True,,935.0,3.0,4.5
2026-09-24 02:05:52,MLLB_000_y1.0.3,GREEN,v4_green_MLLB_000_y103_0923,2.6,2.609,100,60,33,ince,False,iki-OK-arasi-monotonluk,,,,,,,,,,,,True,,935.0,3.0,4.5
2026-09-24 02:05:52,MLLB_000_y1.0.3,GREEN,v4_green_MLLB_000_y103_0923,2.6,2.609,100,60,34,ince,False,iki-OK-arasi-monotonluk,,,,,,,,,,,,True,,935.0,3.0,4.5
2026-09-24 02:05:52,MLLB_000_y1.0.3,GREEN,v4_green_MLLB_000_y103_0923,2.6,2.609,100,60,35,ince,False,iki-OK-arasi-monotonluk,,,,,,,,,,,,True,,935.0,3.0,4.5
2026-09-24 02:05:52,MLLB_000_y1.0.3,GREEN,v4_green_MLLB_000_y103_0923,2.6,2.609,100,60,37,ince,False,iki-OK-arasi-monotonluk,,,,,,,,,,,,True,,935.0,3.0,4.5
2026-09-24 02:05:52,MLLB_000_y1.0.3,GREEN,v4_green_MLLB_000_y103_0923,2.6,2.609,100,60,38,ince,False,iki-OK-arasi-monotonluk,,,,,,,,,,,,True,,935.0,3.0,4.5
2026-09-24 02:05:52,MLLB_000_y1.0.3,GREEN,v4_green_MLLB_000_y103_0923,2.6,2.609,100,60,39,ince,False,iki-OK-arasi-monotonluk,,,,,,,,,,,,True,,935.0,3.0,4.5
2026-09-24 02:05:52,MLLB_000_y1.0.3,GREEN,v4_green_MLLB_000_y103_0923,2.6,2.609,100,60,41,ince,False,iki-OK-arasi-monotonluk,,,,,,,,,,,,True,,935.0,3.0,4.5
2026-09-24 02:05:52,MLLB_000_y1.0.3,GREEN,v4_green_MLLB_000_y103_0923,2.6,2.609,100,60,42,ince,False,iki-OK-arasi-monotonluk,,,,,,,,,,,,True,,935.0,3.0,4.5
2026-09-24 02:05:52,MLLB_000_y1.0.3,GREEN,v4_green_MLLB_000_y103_0923,2.6,2.609,100,60,43,ince,False,iki-OK-arasi-monotonluk,,,,,,,,,,,,True,,935.0,3.0,4.5
2026-09-24 02:05:52,MLLB_000_y1.0.3,GREEN,v4_green_MLLB_000_y103_0923,2.6,2.609,100,60,45,ince,False,iki-OK-arasi-monotonluk,,,,,,,,,,,,True,,935.0,3.0,4.5
2026-09-24 02:05:52,MLLB_000_y1.0.3,GREEN,v4_green_MLLB_000_y103_0923,2.6,2.609,100,60,46,ince,False,iki-OK-arasi-monotonluk,,,,,,,,,,,,True,,935.0,3.0,4.5
2026-09-24 02:05:52,MLLB_000_y1.0.3,GREEN,v4_green_MLLB_000_y103_0923,2.6,2.609,100,60,47,ince,False,iki-OK-arasi-monotonluk,,,,,,,,,,,,True,,935.0,3.0,4.5
2026-09-24 02:05:52,MLLB_000_y1.0.3,GREEN,v4_green_MLLB_000_y103_0923,2.6,2.609,100,60,49,ince,False,iki-OK-arasi-monotonluk,,,,,,,,,,,,True,,935.0,3.0,4.5
2026-09-24 02:05:52,MLLB_000_y1.0.3,GREEN,v4_green_MLLB_000_y103_0923,2.6,2.609,100,60,,bitti,False,,,,,,,,,,,,,,,935.0,3.0,4.5
2026-09-24 10:16:18,MLLB_000_y1.0.3,GREEN,v4_green_MLLB_000_y103_0923,3.0,3.0,10,60,51,kenar,True,,44.0,20.0,34.0,958.0,1002.0,4.414,82.652,18.723,0.1933,True,,False,FLAS,935.0,3.0,4.5
2026-09-24 10:16:36,MLLB_000_y1.0.3,GREEN,v4_green_MLLB_000_y103_0923,3.0,3.0,10,60,52,kenar,True,,42.0,14.0,34.0,960.0,1002.0,4.9,91.661,18.706,0.1917,True,,False,FLAS,935.0,3.0,4.5
2026-09-24 10:16:54,MLLB_000_y1.0.3,GREEN,v4_green_MLLB_000_y103_0923,3.0,3.0,10,60,53,kenar,True,,42.0,14.0,34.0,960.0,1002.0,5.151,96.446,18.725,0.197,True,,False,FLAS,935.0,3.0,4.5
2026-09-24 10:17:12,MLLB_000_y1.0.3,GREEN,v4_green_MLLB_000_y103_0923,3.0,3.0,10,60,54,kenar,True,,42.0,10.0,34.0,960.0,1002.0,5.459,102.189,18.719,0.1906,True,,False,FLAS,935.0,3.0,4.5
2026-09-24 10:17:30,MLLB_000_y1.0.3,GREEN,v4_green_MLLB_000_y103_0923,3.0,3.0,10,60,55,kenar,True,,42.0,10.0,34.0,960.0,1002.0,5.706,106.707,18.702,0.1884,True,,False,FLAS,935.0,3.0,4.5
2026-09-24 10:17:48,MLLB_000_y1.0.3,GREEN,v4_green_MLLB_000_y103_0923,3.0,3.0,10,60,56,kenar,True,,42.0,8.0,36.0,960.0,1002.0,5.896,110.475,18.737,0.1919,True,,False,FLAS,935.0,3.0,4.5
2026-09-24 10:18:06,MLLB_000_y1.0.3,GREEN,v4_green_MLLB_000_y103_0923,3.0,3.0,10,60,57,kenar,True,,42.0,8.0,36.0,960.0,1002.0,6.018,112.737,18.734,0.1909,True,,False,FLAS,935.0,3.0,4.5
2026-09-24 10:18:38,MLLB_000_y1.0.3,GREEN,v4_green_MLLB_000_y103_0923,2.8,2.81,6,60,51,kenar,True,,44.0,10.0,38.0,958.0,1002.0,4.223,39.235,9.29,0.108,True,,False,FLAS,935.0,3.0,4.5
2026-09-24 10:18:56,MLLB_000_y1.0.3,GREEN,v4_green_MLLB_000_y103_0923,2.8,2.81,6,60,52,kenar,True,,44.0,10.0,38.0,958.0,1002.0,5.086,47.113,9.263,0.1083,True,,False,FLAS,935.0,3.0,4.5
2026-09-24 10:19:14,MLLB_000_y1.0.3,GREEN,v4_green_MLLB_000_y103_0923,2.8,2.81,6,60,53,kenar,True,,42.0,6.0,38.0,960.0,1002.0,5.879,54.67,9.3,0.1057,True,,False,FLAS,935.0,3.0,4.5
2026-09-24 10:19:32,MLLB_000_y1.0.3,GREEN,v4_green_MLLB_000_y103_0923,2.8,2.81,6,60,54,kenar,True,,42.0,6.0,38.0,960.0,1002.0,6.515,60.563,9.296,0.1078,True,,False,FLAS,935.0,3.0,4.5
2026-09-24 10:19:54,MLLB_000_y1.0.3,GREEN,v4_green_MLLB_000_y103_0923,2.8,2.81,7,60,51,kenar,True,,44.0,14.0,38.0,958.0,1002.0,3.418,39.437,11.536,0.1284,True,,False,FLAS,935.0,3.0,4.5
2026-09-24 10:20:12,MLLB_000_y1.0.3,GREEN,v4_green_MLLB_000_y103_0923,2.8,2.81,7,60,52,kenar,True,,44.0,10.0,38.0,958.0,1002.0,4.105,47.329,11.53,0.1281,True,,False,FLAS,935.0,3.0,4.5
2026-09-24 10:20:30,MLLB_000_y1.0.3,GREEN,v4_green_MLLB_000_y103_0923,2.8,2.81,7,60,53,kenar,True,,44.0,8.0,38.0,958.0,1002.0,4.724,54.504,11.537,0.1253,True,,False,FLAS,935.0,3.0,4.5
2026-09-24 10:20:48,MLLB_000_y1.0.3,GREEN,v4_green_MLLB_000_y103_0923,2.8,2.81,7,60,54,kenar,True,,44.0,8.0,38.0,958.0,1002.0,5.289,60.903,11.514,0.1291,True,,False,FLAS,935.0,3.0,4.5
2026-09-24 10:21:06,MLLB_000_y1.0.3,GREEN,v4_green_MLLB_000_y103_0923,2.8,2.81,7,60,55,kenar,True,,44.0,8.0,38.0,958.0,1002.0,7.041,81.152,11.526,0.1278,True,,False,FLAS,935.0,3.0,4.5
2026-09-24 10:21:32,MLLB_000_y1.0.3,GREEN,v4_green_MLLB_000_y103_0923,2.8,2.81,8,60,51,kenar,True,,48.0,18.0,38.0,954.0,1002.0,2.773,39.414,14.215,0.1483,True,,True,,935.0,3.0,4.5
2026-09-24 10:21:50,MLLB_000_y1.0.3,GREEN,v4_green_MLLB_000_y103_0923,2.8,2.81,8,60,52,kenar,True,,44.0,12.0,38.0,958.0,1002.0,3.412,47.221,13.84,0.1504,True,,False,FLAS,935.0,3.0,4.5
2026-09-24 10:22:08,MLLB_000_y1.0.3,GREEN,v4_green_MLLB_000_y103_0923,2.8,2.81,8,60,53,kenar,True,,44.0,10.0,38.0,958.0,1002.0,3.982,55.115,13.84,0.1488,True,,False,FLAS,935.0,3.0,4.5
2026-09-24 10:22:26,MLLB_000_y1.0.3,GREEN,v4_green_MLLB_000_y103_0923,2.8,2.81,8,60,54,kenar,True,,44.0,10.0,38.0,958.0,1002.0,4.405,61.017,13.85,0.1495,True,,False,FLAS,935.0,3.0,4.5
2026-09-24 10:22:44,MLLB_000_y1.0.3,GREEN,v4_green_MLLB_000_y103_0923,2.8,2.81,8,60,55,kenar,True,,44.0,8.0,38.0,958.0,1002.0,5.863,81.197,13.848,0.1491,True,,False,FLAS,935.0,3.0,4.5
2026-09-24 10:23:02,MLLB_000_y1.0.3,GREEN,v4_green_MLLB_000_y103_0923,2.8,2.81,8,60,56,kenar,True,,44.0,8.0,38.0,958.0,1002.0,6.498,90.158,13.875,0.1506,True,,False,FLAS,935.0,3.0,4.5
2026-09-24 10:23:28,MLLB_000_y1.0.3,GREEN,v4_green_MLLB_000_y103_0923,2.8,2.81,10,60,51,kenar,True,,54.0,24.0,38.0,948.0,1002.0,2.156,39.823,18.475,0.1928,True,,True,,935.0,3.0,4.5
2026-09-24 10:23:46,MLLB_000_y1.0.3,GREEN,v4_green_MLLB_000_y103_0923,2.8,2.81,10,60,52,kenar,True,,48.0,16.0,38.0,954.0,1002.0,2.563,47.275,18.447,0.1923,True,,True,,935.0,3.0,4.5
2026-09-24 10:24:04,MLLB_000_y1.0.3,GREEN,v4_green_MLLB_000_y103_0923,2.8,2.81,10,60,53,kenar,True,,46.0,14.0,38.0,956.0,1002.0,2.974,54.837,18.439,0.1888,True,,True,,935.0,3.0,4.5
2026-09-24 10:24:22,MLLB_000_y1.0.3,GREEN,v4_green_MLLB_000_y103_0923,2.8,2.81,10,60,54,kenar,True,,46.0,14.0,38.0,956.0,1002.0,3.304,60.922,18.441,0.189,True,,False,FLAS,935.0,3.0,4.5
2026-09-24 10:24:40,MLLB_000_y1.0.3,GREEN,v4_green_MLLB_000_y103_0923,2.8,2.81,10,60,55,kenar,True,,46.0,12.0,38.0,956.0,1002.0,4.477,82.652,18.461,0.1918,True,,False,FLAS,935.0,3.0,4.5
2026-09-24 10:24:55,MLLB_000_y1.0.3,GREEN,v4_green_MLLB_000_y103_0923,2.8,2.81,10,60,56,kenar,True,,44.0,10.0,38.0,958.0,1002.0,4.998,92.268,18.461,0.1893,True,,False,FLAS,935.0,3.0,4.5
2026-09-24 10:25:14,MLLB_000_y1.0.3,GREEN,v4_green_MLLB_000_y103_0923,2.8,2.81,10,60,57,kenar,True,,44.0,10.0,38.0,958.0,1002.0,5.171,97.943,18.942,0.1909,True,,False,FLAS,935.0,3.0,4.5
2026-09-24 10:25:32,MLLB_000_y1.0.3,GREEN,v4_green_MLLB_000_y103_0923,2.8,2.81,10,60,58,kenar,True,,44.0,10.0,38.0,958.0,1002.0,5.458,100.821,18.473,0.1912,True,,False,FLAS,935.0,3.0,4.5
2026-09-24 10:25:50,MLLB_000_y1.0.3,GREEN,v4_green_MLLB_000_y103_0923,2.8,2.81,10,60,59,kenar,True,,46.0,10.0,38.0,956.0,1002.0,5.82,107.475,18.466,0.1891,True,,False,FLAS,935.0,3.0,4.5
2026-09-24 10:26:08,MLLB_000_y1.0.3,GREEN,v4_green_MLLB_000_y103_0923,2.8,2.81,10,60,60,kenar,True,,44.0,10.0,38.0,958.0,1002.0,5.941,109.721,18.469,0.1893,True,,False,FLAS,935.0,3.0,4.5
2026-09-24 10:26:26,MLLB_000_y1.0.3,GREEN,v4_green_MLLB_000_y103_0923,2.8,2.81,10,60,61,kenar,True,,46.0,10.0,38.0,956.0,1002.0,6.109,112.737,18.454,0.1907,True,,False,FLAS,935.0,3.0,4.5
2026-09-24 10:26:58,MLLB_000_y1.0.3,GREEN,v4_green_MLLB_000_y103_0923,2.6,2.61,4,60,51,kenar,True,,46.0,16.0,38.0,956.0,1002.0,3.278,16.362,4.992,0.0621,True,,False,FLAS,935.0,3.0,4.5
2026-09-24 10:27:16,MLLB_000_y1.0.3,GREEN,v4_green_MLLB_000_y103_0923,2.6,2.61,4,60,52,kenar,True,,44.0,10.0,38.0,958.0,1002.0,4.266,21.287,4.989,0.0654,True,,False,FLAS,935.0,3.0,4.5
2026-09-24 10:27:34,MLLB_000_y1.0.3,GREEN,v4_green_MLLB_000_y103_0923,2.6,2.61,4,60,53,kenar,True,,44.0,40.0,6.0,958.0,1002.0,5.19,25.823,4.976,0.0635,True,,False,FLAS,935.0,3.0,4.5
2026-09-24 10:27:52,MLLB_000_y1.0.3,GREEN,v4_green_MLLB_000_y103_0923,2.6,2.61,4,60,54,kenar,True,,44.0,44.0,2.0,958.0,1002.0,6.1,30.261,4.96,0.0649,True,,False,FLAS,935.0,3.0,4.5
2026-09-24 10:28:18,MLLB_000_y1.0.3,GREEN,v4_green_MLLB_000_y103_0923,2.6,2.61,5,60,51,kenar,True,,48.0,20.0,38.0,954.0,1002.0,2.29,16.41,7.165,0.0873,True,,True,,935.0,3.0,4.5
2026-09-24 10:28:33,MLLB_000_y1.0.3,GREEN,v4_green_MLLB_000_y103_0923,2.6,2.61,5,60,52,kenar,True,,48.0,14.0,38.0,954.0,1002.0,2.985,21.377,7.162,0.0885,True,,True,,935.0,3.0,4.5
2026-09-24 10:28:52,MLLB_000_y1.0.3,GREEN,v4_green_MLLB_000_y103_0923,2.6,2.61,5,60,53,kenar,True,,46.0,10.0,38.0,956.0,1002.0,3.549,26.008,7.328,0.0858,True,,False,FLAS,935.0,3.0,4.5
2026-09-24 10:29:10,MLLB_000_y1.0.3,GREEN,v4_green_MLLB_000_y103_0923,2.6,2.61,5,60,54,kenar,True,,46.0,12.0,38.0,956.0,1002.0,4.228,30.261,7.158,0.0903,True,,False,FLAS,935.0,3.0,4.5
2026-09-24 10:29:28,MLLB_000_y1.0.3,GREEN,v4_green_MLLB_000_y103_0923,2.6,2.61,5,60,55,kenar,True,,44.0,8.0,38.0,958.0,1002.0,5.54,39.744,7.174,0.0893,True,,False,FLAS,935.0,3.0,4.5
2026-09-24 10:29:43,MLLB_000_y1.0.3,GREEN,v4_green_MLLB_000_y103_0923,2.6,2.61,5,60,56,kenar,True,,44.0,10.0,38.0,958.0,1002.0,6.423,45.928,7.15,0.0915,True,,False,FLAS,935.0,3.0,4.5
2026-09-24 10:30:08,MLLB_000_y1.0.3,GREEN,v4_green_MLLB_000_y103_0923,2.6,2.61,6,60,51,kenar,True,,52.0,24.0,38.0,950.0,1002.0,1.764,16.504,9.358,0.1097,True,,True,,935.0,3.0,4.5
2026-09-24 10:30:26,MLLB_000_y1.0.3,GREEN,v4_green_MLLB_000_y103_0923,2.6,2.61,6,60,52,kenar,True,,48.0,18.0,38.0,954.0,1002.0,2.258,21.184,9.382,0.1079,True,,True,,935.0,3.0,4.5
2026-09-24 10:30:44,MLLB_000_y1.0.3,GREEN,v4_green_MLLB_000_y103_0923,2.6,2.61,6,60,53,kenar,True,,48.0,16.0,38.0,954.0,1002.0,2.78,26.02,9.36,0.1105,True,,True,,935.0,3.0,4.5
2026-09-24 10:31:02,MLLB_000_y1.0.3,GREEN,v4_green_MLLB_000_y103_0923,2.6,2.61,6,60,54,kenar,True,,48.0,14.0,38.0,954.0,1002.0,3.262,30.628,9.391,0.1085,True,,False,FLAS,935.0,3.0,4.5
2026-09-24 10:31:20,MLLB_000_y1.0.3,GREEN,v4_green_MLLB_000_y103_0923,2.6,2.61,6,60,55,kenar,True,,46.0,10.0,38.0,956.0,1002.0,4.252,39.973,9.401,0.1097,True,,False,FLAS,935.0,3.0,4.5
2026-09-24 10:31:38,MLLB_000_y1.0.3,GREEN,v4_green_MLLB_000_y103_0923,2.6,2.61,6,60,56,kenar,True,,44.0,10.0,38.0,958.0,1002.0,4.912,46.065,9.378,0.1101,True,,False,FLAS,935.0,3.0,4.5
2026-09-24 10:31:56,MLLB_000_y1.0.3,GREEN,v4_green_MLLB_000_y103_0923,2.6,2.61,6,60,57,kenar,True,,46.0,10.0,38.0,956.0,1002.0,5.641,52.844,9.369,0.1088,True,,False,FLAS,935.0,3.0,4.5
2026-09-24 10:32:14,MLLB_000_y1.0.3,GREEN,v4_green_MLLB_000_y103_0923,2.6,2.61,6,60,58,kenar,True,,46.0,8.0,38.0,956.0,1002.0,6.461,60.62,9.382,0.1062,True,,False,FLAS,935.0,3.0,4.5
2026-09-24 10:32:40,MLLB_000_y1.0.3,GREEN,v4_green_MLLB_000_y103_0923,2.6,2.61,7,60,51,kenar,True,,56.0,28.0,38.0,946.0,1002.0,1.413,16.457,11.644,0.127,True,,True,,935.0,3.0,4.5
2026-09-24 10:32:58,MLLB_000_y1.0.3,GREEN,v4_green_MLLB_000_y103_0923,2.6,2.61,7,60,52,kenar,True,,52.0,20.0,38.0,950.0,1002.0,1.853,21.567,11.638,0.1283,True,,True,,935.0,3.0,4.5
2026-09-24 10:33:16,MLLB_000_y1.0.3,GREEN,v4_green_MLLB_000_y103_0923,2.6,2.61,7,60,53,kenar,True,,48.0,18.0,38.0,954.0,1002.0,2.237,26.02,11.634,0.1291,True,,True,,935.0,3.0,4.5
2026-09-24 10:33:34,MLLB_000_y1.0.3,GREEN,v4_green_MLLB_000_y103_0923,2.6,2.61,7,60,54,kenar,True,,48.0,18.0,38.0,954.0,1002.0,2.623,30.513,11.631,0.13,True,,True,,935.0,3.0,4.5
2026-09-24 10:33:52,MLLB_000_y1.0.3,GREEN,v4_green_MLLB_000_y103_0923,2.6,2.61,7,60,55,kenar,True,,46.0,14.0,38.0,956.0,1002.0,3.435,39.98,11.64,0.1266,True,,False,FLAS,935.0,3.0,4.5
2026-09-24 10:34:10,MLLB_000_y1.0.3,GREEN,v4_green_MLLB_000_y103_0923,2.6,2.61,7,60,56,kenar,True,,48.0,12.0,38.0,954.0,1002.0,3.969,46.118,11.621,0.1302,True,,False,FLAS,935.0,3.0,4.5
2026-09-24 10:34:28,MLLB_000_y1.0.3,GREEN,v4_green_MLLB_000_y103_0923,2.6,2.61,7,60,57,kenar,True,,46.0,10.0,38.0,956.0,1002.0,4.549,52.844,11.617,0.1301,True,,False,FLAS,935.0,3.0,4.5
2026-09-24 10:34:46,MLLB_000_y1.0.3,GREEN,v4_green_MLLB_000_y103_0923,2.6,2.61,7,60,58,kenar,True,,46.0,10.0,38.0,956.0,1002.0,5.21,60.62,11.635,0.1321,True,,False,FLAS,935.0,3.0,4.5
2026-09-24 10:35:04,MLLB_000_y1.0.3,GREEN,v4_green_MLLB_000_y103_0923,2.6,2.61,7,60,59,kenar,True,,46.0,10.0,38.0,956.0,1002.0,6.664,77.613,11.647,0.1311,True,,False,FLAS,935.0,3.0,4.5
2026-09-24 10:35:30,MLLB_000_y1.0.3,GREEN,v4_green_MLLB_000_y103_0923,2.6,2.61,8,60,51,kenar,True,,58.0,28.0,38.0,944.0,1002.0,1.187,16.551,13.946,0.1507,True,,True,,935.0,3.0,4.5
2026-09-24 10:35:48,MLLB_000_y1.0.3,GREEN,v4_green_MLLB_000_y103_0923,2.6,2.61,8,60,52,kenar,True,,54.0,24.0,38.0,948.0,1002.0,1.539,21.474,13.957,0.1508,True,,True,,935.0,3.0,4.5
2026-09-24 10:36:06,MLLB_000_y1.0.3,GREEN,v4_green_MLLB_000_y103_0923,2.6,2.61,8,60,53,kenar,True,,52.0,22.0,38.0,950.0,1002.0,1.86,26.02,13.988,0.1524,True,,True,,935.0,3.0,4.5
2026-09-24 10:36:24,MLLB_000_y1.0.3,GREEN,v4_green_MLLB_000_y103_0923,2.6,2.61,8,60,54,kenar,True,,50.0,18.0,38.0,952.0,1002.0,2.201,30.715,13.955,0.1517,True,,True,,935.0,3.0,4.5
2026-09-24 10:36:42,MLLB_000_y1.0.3,GREEN,v4_green_MLLB_000_y103_0923,2.6,2.61,8,60,55,kenar,True,,50.0,16.0,38.0,952.0,1002.0,2.866,40.009,13.957,0.1517,True,,True,,935.0,3.0,4.5
2026-09-24 10:37:00,MLLB_000_y1.0.3,GREEN,v4_green_MLLB_000_y103_0923,2.6,2.61,8,60,56,kenar,True,,48.0,14.0,38.0,954.0,1002.0,3.324,46.359,13.945,0.1506,True,,False,FLAS,935.0,3.0,4.5
2026-09-24 10:37:15,MLLB_000_y1.0.3,GREEN,v4_green_MLLB_000_y103_0923,2.6,2.61,8,60,57,kenar,True,,48.0,14.0,38.0,954.0,1002.0,3.816,53.188,13.939,0.1514,True,,False,FLAS,935.0,3.0,4.5
2026-09-24 10:37:32,MLLB_000_y1.0.3,GREEN,v4_green_MLLB_000_y103_0923,2.6,2.61,8,60,58,kenar,True,,48.0,12.0,38.0,954.0,1002.0,4.331,60.437,13.953,0.1476,True,,False,FLAS,935.0,3.0,4.5
2026-09-24 10:37:47,MLLB_000_y1.0.3,GREEN,v4_green_MLLB_000_y103_0923,2.6,2.61,8,60,59,kenar,True,,46.0,10.0,38.0,956.0,1002.0,5.561,77.403,13.919,0.1486,True,,False,FLAS,935.0,3.0,4.5
2026-09-24 10:38:04,MLLB_000_y1.0.3,GREEN,v4_green_MLLB_000_y103_0923,2.6,2.61,8,60,60,kenar,True,,46.0,10.0,38.0,956.0,1002.0,5.924,82.652,13.953,0.1505,True,,False,FLAS,935.0,3.0,4.5
2026-09-24 10:38:22,MLLB_000_y1.0.3,GREEN,v4_green_MLLB_000_y103_0923,2.6,2.61,8,60,61,kenar,True,,46.0,10.0,38.0,956.0,1002.0,6.41,89.407,13.948,0.153,True,,False,FLAS,935.0,3.0,4.5
2026-09-24 10:38:48,MLLB_000_y1.0.3,GREEN,v4_green_MLLB_000_y103_0923,2.6,2.61,10,60,51,kenar,True,,62.0,62.0,38.0,940.0,1002.0,1.08,20.076,18.585,0.1883,True,,True,,935.0,3.0,4.5
2026-09-24 10:39:06,MLLB_000_y1.0.3,GREEN,v4_green_MLLB_000_y103_0923,2.6,2.61,10,60,52,kenar,True,,56.0,28.0,38.0,946.0,1002.0,1.169,21.716,18.572,0.1903,True,,True,,935.0,3.0,4.5
2026-09-24 10:39:24,MLLB_000_y1.0.3,GREEN,v4_green_MLLB_000_y103_0923,2.6,2.61,10,60,53,kenar,True,,56.0,26.0,38.0,946.0,1002.0,1.412,26.246,18.589,0.1897,True,,True,,935.0,3.0,4.5
2026-09-24 10:39:42,MLLB_000_y1.0.3,GREEN,v4_green_MLLB_000_y103_0923,2.6,2.61,10,60,54,kenar,True,,54.0,24.0,38.0,948.0,1002.0,1.652,30.67,18.564,0.1907,True,,True,,935.0,3.0,4.5
2026-09-24 10:40:00,MLLB_000_y1.0.3,GREEN,v4_green_MLLB_000_y103_0923,2.6,2.61,10,60,55,kenar,True,,52.0,20.0,38.0,950.0,1002.0,2.158,40.081,18.57,0.1886,True,,True,,935.0,3.0,4.5
2026-09-24 10:40:15,MLLB_000_y1.0.3,GREEN,v4_green_MLLB_000_y103_0923,2.6,2.61,10,60,56,kenar,True,,50.0,18.0,38.0,952.0,1002.0,2.503,46.397,18.535,0.1902,True,,True,,935.0,3.0,4.5
2026-09-24 10:40:32,MLLB_000_y1.0.3,GREEN,v4_green_MLLB_000_y103_0923,2.6,2.61,10,60,57,kenar,True,,50.0,18.0,38.0,952.0,1002.0,2.798,53.37,19.076,0.1911,True,,True,,935.0,3.0,4.5
2026-09-24 10:40:50,MLLB_000_y1.0.3,GREEN,v4_green_MLLB_000_y103_0923,2.6,2.61,10,60,58,kenar,True,,48.0,16.0,38.0,954.0,1002.0,3.267,60.733,18.589,0.191,True,,False,FLAS,935.0,3.0,4.5
2026-09-24 10:41:08,MLLB_000_y1.0.3,GREEN,v4_green_MLLB_000_y103_0923,2.6,2.61,10,60,59,kenar,True,,48.0,14.0,38.0,954.0,1002.0,4.171,77.403,18.556,0.1897,True,,False,FLAS,935.0,3.0,4.5
2026-09-24 10:41:26,MLLB_000_y1.0.3,GREEN,v4_green_MLLB_000_y103_0923,2.6,2.61,10,60,60,kenar,True,,48.0,14.0,38.0,954.0,1002.0,4.534,84.152,18.562,0.1908,True,,False,FLAS,935.0,3.0,4.5
2026-09-24 10:41:44,MLLB_000_y1.0.3,GREEN,v4_green_MLLB_000_y103_0923,2.6,2.61,10,60,61,kenar,True,,48.0,12.0,38.0,954.0,1002.0,4.804,89.407,18.612,0.1876,True,,False,FLAS,935.0,3.0,4.5
2026-09-24 10:42:02,MLLB_000_y1.0.3,GREEN,v4_green_MLLB_000_y103_0923,2.6,2.61,10,60,62,kenar,True,,48.0,12.0,38.0,954.0,1002.0,5.175,96.171,18.584,0.1909,True,,False,FLAS,935.0,3.0,4.5
2026-09-24 10:42:20,MLLB_000_y1.0.3,GREEN,v4_green_MLLB_000_y103_0923,2.6,2.61,10,60,63,kenar,True,,50.0,12.0,40.0,954.0,1004.0,5.422,100.684,18.569,0.189,True,,False,FLAS,935.0,3.0,4.5
2026-09-24 10:42:38,MLLB_000_y1.0.3,GREEN,v4_green_MLLB_000_y103_0923,2.6,2.61,10,60,64,kenar,True,,50.0,12.0,40.0,954.0,1004.0,5.666,105.201,18.567,0.1876,True,,False,FLAS,935.0,3.0,4.5
2026-09-24 10:42:56,MLLB_000_y1.0.3,GREEN,v4_green_MLLB_000_y103_0923,2.6,2.61,10,60,65,kenar,True,,50.0,14.0,38.0,952.0,1002.0,5.897,109.721,18.605,0.1931,True,,False,FLAS,935.0,3.0,4.5
