ts,board_id,color,run_id,volt_set,volt_meas,intensity,kick_pc,kick_ms,phase,measured,skip_reason,t_on_ms,t_rising_ms,t_dead_ms,on_ms,en2_ms,flash,peak_mA,settled_mA,ldr_settled_V,valid,error,pass,fail_reason,on_min,flash_max,current_min
2026-09-25 11:13:46,MLLB_000_y1.0.3,RED,v4_red_MLLB_000_y103_0925,4.2,4.2,6,100,12,kaba,True,,64.0,90.0,34.0,938.0,1002.0,1.078,10.6,9.835,0.6033,True,,True,,935.0,4.0,9.5
2026-09-25 11:14:01,MLLB_000_y1.0.3,RED,v4_red_MLLB_000_y103_0925,4.2,4.2,6,100,16,kaba,True,,18.0,22.0,2.0,984.0,1002.0,8.092,79.652,9.843,0.6101,True,,False,FLAS,935.0,4.0,9.5
2026-09-25 11:14:18,MLLB_000_y1.0.3,RED,v4_red_MLLB_000_y103_0925,4.2,4.2,6,100,13,ince,True,,42.0,84.0,10.0,960.0,1002.0,1.07,10.528,9.836,0.6088,True,,True,,935.0,4.0,9.5
2026-09-25 11:14:34,MLLB_000_y1.0.3,RED,v4_red_MLLB_000_y103_0925,4.2,4.2,6,100,14,ince,True,,20.0,26.0,2.0,982.0,1002.0,1.977,19.433,9.832,0.6122,True,,True,,935.0,4.0,9.5
2026-09-25 11:14:50,MLLB_000_y1.0.3,RED,v4_red_MLLB_000_y103_0925,4.2,4.2,6,100,15,ince,True,,18.0,22.0,2.0,984.0,1002.0,4.464,43.946,9.844,0.6179,True,,False,FLAS,935.0,4.0,9.5
2026-09-25 11:14:50,MLLB_000_y1.0.3,RED,v4_red_MLLB_000_y103_0925,4.2,4.2,6,100,,bitti,False,,,,,,,,,,,,,,,935.0,4.0,9.5
2026-09-25 11:15:06,MLLB_000_y1.0.3,RED,v4_red_MLLB_000_y103_0925,4.2,4.2,6,80,12,kaba,True,,106.0,84.0,76.0,896.0,1002.0,1.081,10.6,9.807,0.616,True,,False,ON,935.0,4.0,9.5
2026-09-25 11:15:22,MLLB_000_y1.0.3,RED,v4_red_MLLB_000_y103_0925,4.2,4.2,6,80,16,kaba,True,,34.0,86.0,10.0,968.0,1002.0,1.078,10.6,9.837,0.6173,True,,True,,935.0,4.0,9.5
2026-09-25 11:15:38,MLLB_000_y1.0.3,RED,v4_red_MLLB_000_y103_0925,4.2,4.2,6,80,20,kaba,True,,22.0,22.0,6.0,980.0,1002.0,9.036,88.656,9.812,0.6188,True,,False,FLAS,935.0,4.0,9.5
2026-09-25 11:15:53,MLLB_000_y1.0.3,RED,v4_red_MLLB_000_y103_0925,4.2,4.2,6,80,13,ince,True,,90.0,92.0,58.0,912.0,1002.0,1.078,10.6,9.833,0.6193,True,,False,ON,935.0,4.0,9.5
2026-09-25 11:16:10,MLLB_000_y1.0.3,RED,v4_red_MLLB_000_y103_0925,4.2,4.2,6,80,14,ince,True,,70.0,54.0,42.0,932.0,1002.0,1.075,10.554,9.816,0.6236,True,,False,ON,935.0,4.0,9.5
2026-09-25 11:16:25,MLLB_000_y1.0.3,RED,v4_red_MLLB_000_y103_0925,4.2,4.2,6,80,15,ince,True,,54.0,108.0,22.0,948.0,1002.0,1.08,10.617,9.831,0.623,True,,True,,935.0,4.0,9.5
2026-09-25 11:16:42,MLLB_000_y1.0.3,RED,v4_red_MLLB_000_y103_0925,4.2,4.2,6,80,17,ince,True,,24.0,26.0,6.0,978.0,1002.0,2.433,23.906,9.827,0.6239,True,,True,,935.0,4.0,9.5
2026-09-25 11:16:58,MLLB_000_y1.0.3,RED,v4_red_MLLB_000_y103_0925,4.2,4.2,6,80,18,ince,True,,22.0,24.0,6.0,980.0,1002.0,4.412,43.35,9.825,0.626,True,,False,FLAS,935.0,4.0,9.5
2026-09-25 11:17:14,MLLB_000_y1.0.3,RED,v4_red_MLLB_000_y103_0925,4.2,4.2,6,80,19,ince,True,,22.0,24.0,6.0,980.0,1002.0,7.744,76.061,9.822,0.6263,True,,False,FLAS,935.0,4.0,9.5
2026-09-25 11:17:14,MLLB_000_y1.0.3,RED,v4_red_MLLB_000_y103_0925,4.2,4.2,6,80,,bitti,False,,,,,,,,,,,,,,,935.0,4.0,9.5
2026-09-25 11:17:30,MLLB_000_y1.0.3,RED,v4_red_MLLB_000_y103_0925,4.2,4.2,6,60,12,kaba,True,,150.0,42.0,122.0,852.0,1002.0,1.083,10.637,9.822,0.6276,True,,False,ON,935.0,4.0,9.5
2026-09-25 11:17:46,MLLB_000_y1.0.3,RED,v4_red_MLLB_000_y103_0925,4.2,4.2,6,60,16,kaba,True,,102.0,82.0,72.0,900.0,1002.0,1.08,10.6,9.811,0.6285,True,,False,ON,935.0,4.0,9.5
2026-09-25 11:18:02,MLLB_000_y1.0.3,RED,v4_red_MLLB_000_y103_0925,4.2,4.2,6,60,20,kaba,True,,50.0,64.0,18.0,952.0,1002.0,1.078,10.6,9.832,0.6318,True,,True,,935.0,4.0,9.5
2026-09-25 11:18:18,MLLB_000_y1.0.3,RED,v4_red_MLLB_000_y103_0925,4.2,4.2,6,60,24,kaba,True,,26.0,24.0,10.0,976.0,1002.0,4.983,48.847,9.804,0.6337,True,,False,FLAS,935.0,4.0,9.5
2026-09-25 11:18:34,MLLB_000_y1.0.3,RED,v4_red_MLLB_000_y103_0925,4.2,4.2,6,60,28,kaba,True,,26.0,24.0,10.0,976.0,1002.0,9.662,94.667,9.798,0.6323,True,,False,FLAS,935.0,4.0,9.5
2026-09-25 11:18:50,MLLB_000_y1.0.3,RED,v4_red_MLLB_000_y103_0925,4.2,4.2,6,60,17,ince,True,,90.0,76.0,58.0,912.0,1002.0,1.077,10.571,9.814,0.6286,True,,False,ON,935.0,4.0,9.5
2026-09-25 11:19:06,MLLB_000_y1.0.3,RED,v4_red_MLLB_000_y103_0925,4.2,4.2,6,60,18,ince,True,,74.0,106.0,46.0,928.0,1002.0,1.079,10.587,9.81,0.6323,True,,False,ON,935.0,4.0,9.5
2026-09-25 11:19:22,MLLB_000_y1.0.3,RED,v4_red_MLLB_000_y103_0925,4.2,4.2,6,60,19,ince,True,,62.0,70.0,30.0,940.0,1002.0,1.081,10.6,9.806,0.6333,True,,True,,935.0,4.0,9.5
2026-09-25 11:19:38,MLLB_000_y1.0.3,RED,v4_red_MLLB_000_y103_0925,4.2,4.2,6,60,21,ince,True,,34.0,108.0,12.0,968.0,1002.0,1.078,10.6,9.83,0.634,True,,True,,935.0,4.0,9.5
2026-09-25 11:19:54,MLLB_000_y1.0.3,RED,v4_red_MLLB_000_y103_0925,4.2,4.2,6,60,22,ince,True,,28.0,26.0,10.0,974.0,1002.0,2.242,22.016,9.82,0.6346,True,,True,,935.0,4.0,9.5
2026-09-25 11:20:10,MLLB_000_y1.0.3,RED,v4_red_MLLB_000_y103_0925,4.2,4.2,6,60,23,ince,True,,26.0,24.0,10.0,976.0,1002.0,3.657,35.939,9.828,0.6338,True,,True,,935.0,4.0,9.5
2026-09-25 11:20:10,MLLB_000_y1.0.3,RED,v4_red_MLLB_000_y103_0925,4.2,4.2,6,60,,bitti,False,,,,,,,,,,,,,,,935.0,4.0,9.5
2026-09-25 11:20:50,MLLB_000_y1.0.3,RED,v4_red_MLLB_000_y103_0925,4.2,4.2,7,100,12,kaba,True,,56.0,58.0,30.0,946.0,1002.0,1.072,13.04,12.166,0.728,True,,True,,935.0,4.0,9.5
2026-09-25 11:21:06,MLLB_000_y1.0.3,RED,v4_red_MLLB_000_y103_0925,4.2,4.2,7,100,16,kaba,True,,20.0,26.0,2.0,982.0,1002.0,6.744,81.902,12.145,0.7282,True,,False,FLAS,935.0,4.0,9.5
2026-09-25 11:21:22,MLLB_000_y1.0.3,RED,v4_red_MLLB_000_y103_0925,4.2,4.2,7,100,20,kaba,True,,20.0,28.0,2.0,982.0,1002.0,11.049,134.189,12.145,0.732,True,,False,FLAS,935.0,4.0,9.5
2026-09-25 11:21:38,MLLB_000_y1.0.3,RED,v4_red_MLLB_000_y103_0925,4.2,4.2,7,100,13,ince,True,,36.0,78.0,10.0,966.0,1002.0,1.071,12.995,12.139,0.7301,True,,True,,935.0,4.0,9.5
2026-09-25 11:21:54,MLLB_000_y1.0.3,RED,v4_red_MLLB_000_y103_0925,4.2,4.2,7,100,14,ince,True,,22.0,28.0,2.0,980.0,1002.0,1.645,19.99,12.155,0.7308,True,,True,,935.0,4.0,9.5
2026-09-25 11:22:06,MLLB_000_y1.0.3,RED,v4_red_MLLB_000_y103_0925,4.2,4.2,7,100,15,ince,True,,20.0,28.0,2.0,982.0,1002.0,3.66,44.346,12.115,0.7305,True,,True,,935.0,4.0,9.5
2026-09-25 11:22:06,MLLB_000_y1.0.3,RED,v4_red_MLLB_000_y103_0925,4.2,4.2,7,100,,bitti,False,,,,,,,,,,,,,,,935.0,4.0,9.5
2026-09-25 11:22:22,MLLB_000_y1.0.3,RED,v4_red_MLLB_000_y103_0925,4.2,4.2,7,80,12,kaba,True,,88.0,58.0,62.0,914.0,1002.0,1.072,12.995,12.119,0.7306,True,,False,ON,935.0,4.0,9.5
2026-09-25 11:22:38,MLLB_000_y1.0.3,RED,v4_red_MLLB_000_y103_0925,4.2,4.2,7,80,16,kaba,True,,30.0,74.0,10.0,972.0,1002.0,1.069,12.995,12.156,0.7317,True,,True,,935.0,4.0,9.5
2026-09-25 11:22:54,MLLB_000_y1.0.3,RED,v4_red_MLLB_000_y103_0925,4.2,4.2,7,80,20,kaba,True,,24.0,28.0,6.0,978.0,1002.0,7.31,88.727,12.137,0.7329,True,,False,FLAS,935.0,4.0,9.5
2026-09-25 11:23:10,MLLB_000_y1.0.3,RED,v4_red_MLLB_000_y103_0925,4.2,4.2,7,80,24,kaba,True,,24.0,28.0,6.0,978.0,1002.0,10.042,121.792,12.129,0.7375,True,,False,FLAS,935.0,4.0,9.5
2026-09-25 11:23:28,MLLB_000_y1.0.3,RED,v4_red_MLLB_000_y103_0925,4.2,4.2,7,80,13,ince,True,,76.0,74.0,50.0,926.0,1002.0,1.067,12.903,12.098,0.7398,True,,False,ON,935.0,4.0,9.5
2026-09-25 11:23:46,MLLB_000_y1.0.3,RED,v4_red_MLLB_000_y103_0925,4.2,4.2,7,80,14,ince,True,,60.0,66.0,34.0,942.0,1002.0,1.071,12.995,12.137,0.7406,True,,True,,935.0,4.0,9.5
2026-09-25 11:24:02,MLLB_000_y1.0.3,RED,v4_red_MLLB_000_y103_0925,4.2,4.2,7,80,15,ince,True,,46.0,70.0,18.0,956.0,1002.0,1.072,12.995,12.127,0.7427,True,,True,,935.0,4.0,9.5
2026-09-25 11:24:18,MLLB_000_y1.0.3,RED,v4_red_MLLB_000_y103_0925,4.2,4.2,7,80,17,ince,True,,26.0,28.0,6.0,976.0,1002.0,1.969,23.906,12.143,0.7442,True,,True,,935.0,4.0,9.5
2026-09-25 11:24:34,MLLB_000_y1.0.3,RED,v4_red_MLLB_000_y103_0925,4.2,4.2,7,80,18,ince,True,,26.0,28.0,6.0,976.0,1002.0,3.504,42.565,12.147,0.7565,True,,True,,935.0,4.0,9.5
2026-09-25 11:24:49,MLLB_000_y1.0.3,RED,v4_red_MLLB_000_y103_0925,4.2,4.2,7,80,19,ince,True,,26.0,28.0,6.0,976.0,1002.0,5.07,61.586,12.147,0.761,True,,False,FLAS,935.0,4.0,9.5
2026-09-25 11:24:50,MLLB_000_y1.0.3,RED,v4_red_MLLB_000_y103_0925,4.2,4.2,7,80,,bitti,False,,,,,,,,,,,,,,,935.0,4.0,9.5
2026-09-25 11:25:06,MLLB_000_y1.0.3,RED,v4_red_MLLB_000_y103_0925,4.2,4.2,7,60,12,kaba,True,,126.0,76.0,100.0,876.0,1002.0,1.073,12.995,12.114,0.7672,True,,False,ON,935.0,4.0,9.5
2026-09-25 11:25:22,MLLB_000_y1.0.3,RED,v4_red_MLLB_000_y103_0925,4.2,4.2,7,60,16,kaba,True,,86.0,70.0,58.0,916.0,1002.0,1.072,12.995,12.118,0.7697,True,,False,ON,935.0,4.0,9.5
2026-09-25 11:25:38,MLLB_000_y1.0.3,RED,v4_red_MLLB_000_y103_0925,4.2,4.2,7,60,20,kaba,True,,44.0,82.0,18.0,958.0,1002.0,1.069,12.995,12.157,0.7732,True,,True,,935.0,4.0,9.5
2026-09-25 11:25:54,MLLB_000_y1.0.3,RED,v4_red_MLLB_000_y103_0925,4.2,4.2,7,60,24,kaba,True,,30.0,28.0,10.0,972.0,1002.0,3.909,47.378,12.122,0.7735,True,,True,,935.0,4.0,9.5
2026-09-25 11:26:10,MLLB_000_y1.0.3,RED,v4_red_MLLB_000_y103_0925,4.2,4.2,7,60,28,kaba,True,,30.0,28.0,10.0,972.0,1002.0,7.69,93.367,12.141,0.7754,True,,False,FLAS,935.0,4.0,9.5
2026-09-25 11:26:25,MLLB_000_y1.0.3,RED,v4_red_MLLB_000_y103_0925,4.2,4.2,7,60,32,kaba,True,,30.0,28.0,10.0,972.0,1002.0,9.033,109.721,12.147,0.7744,True,,False,FLAS,935.0,4.0,9.5
2026-09-25 11:26:42,MLLB_000_y1.0.3,RED,v4_red_MLLB_000_y103_0925,4.2,4.2,7,60,17,ince,True,,76.0,86.0,50.0,926.0,1002.0,1.071,12.995,12.131,0.7742,True,,False,ON,935.0,4.0,9.5
2026-09-25 11:26:58,MLLB_000_y1.0.3,RED,v4_red_MLLB_000_y103_0925,4.2,4.2,7,60,18,ince,True,,64.0,54.0,38.0,938.0,1002.0,1.062,12.903,12.144,0.774,True,,True,,935.0,4.0,9.5
2026-09-25 11:27:14,MLLB_000_y1.0.3,RED,v4_red_MLLB_000_y103_0925,4.2,4.2,7,60,19,ince,True,,56.0,62.0,30.0,946.0,1002.0,1.071,12.995,12.138,0.7755,True,,True,,935.0,4.0,9.5
2026-09-25 11:27:14,MLLB_000_y1.0.3,RED,v4_red_MLLB_000_y103_0925,4.2,4.2,7,60,21,ince,False,iki-OK-arasi-monotonluk,,,,,,,,,,,,True,,935.0,4.0,9.5
2026-09-25 11:27:14,MLLB_000_y1.0.3,RED,v4_red_MLLB_000_y103_0925,4.2,4.2,7,60,22,ince,False,iki-OK-arasi-monotonluk,,,,,,,,,,,,True,,935.0,4.0,9.5
2026-09-25 11:27:14,MLLB_000_y1.0.3,RED,v4_red_MLLB_000_y103_0925,4.2,4.2,7,60,23,ince,False,iki-OK-arasi-monotonluk,,,,,,,,,,,,True,,935.0,4.0,9.5
2026-09-25 11:27:26,MLLB_000_y1.0.3,RED,v4_red_MLLB_000_y103_0925,4.2,4.2,7,60,25,ince,True,,30.0,28.0,10.0,972.0,1002.0,4.947,60.063,12.141,0.7758,True,,False,FLAS,935.0,4.0,9.5
2026-09-25 11:27:42,MLLB_000_y1.0.3,RED,v4_red_MLLB_000_y103_0925,4.2,4.2,7,60,26,ince,True,,30.0,28.0,10.0,972.0,1002.0,6.752,81.902,12.129,0.7746,True,,False,FLAS,935.0,4.0,9.5
2026-09-25 11:27:58,MLLB_000_y1.0.3,RED,v4_red_MLLB_000_y103_0925,4.2,4.2,7,60,27,ince,True,,30.0,28.0,10.0,972.0,1002.0,7.245,88.114,12.161,0.7758,True,,False,FLAS,935.0,4.0,9.5
2026-09-25 11:27:58,MLLB_000_y1.0.3,RED,v4_red_MLLB_000_y103_0925,4.2,4.2,7,60,,bitti,False,,,,,,,,,,,,,,,935.0,4.0,9.5
2026-09-25 11:28:35,MLLB_000_y1.0.3,RED,v4_red_MLLB_000_y103_0925,4.2,4.2,8,100,12,kaba,True,,48.0,40.0,24.0,954.0,1002.0,1.062,15.439,14.537,0.7773,True,,True,,935.0,4.0,9.5
2026-09-25 11:28:48,MLLB_000_y1.0.3,RED,v4_red_MLLB_000_y103_0925,4.2,4.2,8,100,16,kaba,True,,22.0,28.0,2.0,980.0,1002.0,5.297,77.788,14.685,0.7772,True,,False,FLAS,935.0,4.0,9.5
2026-09-25 11:29:04,MLLB_000_y1.0.3,RED,v4_red_MLLB_000_y103_0925,4.2,4.2,8,100,20,kaba,True,,22.0,28.0,2.0,980.0,1002.0,8.746,127.081,14.531,0.7775,True,,False,FLAS,935.0,4.0,9.5
2026-09-25 11:29:16,MLLB_000_y1.0.3,RED,v4_red_MLLB_000_y103_0925,4.2,4.2,8,100,13,ince,True,,32.0,40.0,8.0,970.0,1002.0,1.061,15.421,14.531,0.7779,True,,True,,935.0,4.0,9.5
2026-09-25 11:29:32,MLLB_000_y1.0.3,RED,v4_red_MLLB_000_y103_0925,4.2,4.2,8,100,14,ince,True,,22.0,28.0,2.0,980.0,1002.0,1.341,19.5,14.539,0.777,True,,True,,935.0,4.0,9.5
2026-09-25 11:29:47,MLLB_000_y1.0.3,RED,v4_red_MLLB_000_y103_0925,4.2,4.2,8,100,15,ince,True,,22.0,28.0,2.0,980.0,1002.0,2.95,42.937,14.555,0.7776,True,,True,,935.0,4.0,9.5
2026-09-25 11:29:48,MLLB_000_y1.0.3,RED,v4_red_MLLB_000_y103_0925,4.2,4.2,8,100,,bitti,False,,,,,,,,,,,,,,,935.0,4.0,9.5
2026-09-25 11:30:04,MLLB_000_y1.0.3,RED,v4_red_MLLB_000_y103_0925,4.2,4.2,8,80,12,kaba,True,,76.0,38.0,54.0,926.0,1002.0,1.061,15.421,14.53,0.7769,True,,False,ON,935.0,4.0,9.5
2026-09-25 11:30:20,MLLB_000_y1.0.3,RED,v4_red_MLLB_000_y103_0925,4.2,4.2,8,80,16,kaba,True,,30.0,34.0,10.0,972.0,1002.0,1.059,15.421,14.557,0.7769,True,,True,,935.0,4.0,9.5
2026-09-25 11:30:36,MLLB_000_y1.0.3,RED,v4_red_MLLB_000_y103_0925,4.2,4.2,8,80,20,kaba,True,,26.0,28.0,6.0,976.0,1002.0,5.884,85.653,14.556,0.7777,True,,False,FLAS,935.0,4.0,9.5
2026-09-25 11:30:52,MLLB_000_y1.0.3,RED,v4_red_MLLB_000_y103_0925,4.2,4.2,8,80,24,kaba,True,,26.0,28.0,6.0,976.0,1002.0,8.162,118.772,14.552,0.7771,True,,False,FLAS,935.0,4.0,9.5
2026-09-25 11:31:08,MLLB_000_y1.0.3,RED,v4_red_MLLB_000_y103_0925,4.2,4.2,8,80,13,ince,True,,64.0,38.0,42.0,938.0,1002.0,1.061,15.421,14.529,0.777,True,,True,,935.0,4.0,9.5
2026-09-25 11:31:24,MLLB_000_y1.0.3,RED,v4_red_MLLB_000_y103_0925,4.2,4.2,8,80,14,ince,True,,52.0,38.0,30.0,950.0,1002.0,1.06,15.421,14.551,0.7769,True,,True,,935.0,4.0,9.5
2026-09-25 11:31:40,MLLB_000_y1.0.3,RED,v4_red_MLLB_000_y103_0925,4.2,4.2,8,80,15,ince,True,,40.0,38.0,18.0,962.0,1002.0,1.065,15.48,14.537,0.7776,True,,True,,935.0,4.0,9.5
2026-09-25 11:31:56,MLLB_000_y1.0.3,RED,v4_red_MLLB_000_y103_0925,4.2,4.2,8,80,17,ince,True,,26.0,28.0,6.0,976.0,1002.0,1.587,23.076,14.537,0.7773,True,,True,,935.0,4.0,9.5
2026-09-25 11:32:12,MLLB_000_y1.0.3,RED,v4_red_MLLB_000_y103_0925,4.2,4.2,8,80,18,ince,True,,26.0,28.0,6.0,976.0,1002.0,2.886,41.997,14.55,0.777,True,,True,,935.0,4.0,9.5
2026-09-25 11:32:27,MLLB_000_y1.0.3,RED,v4_red_MLLB_000_y103_0925,4.2,4.2,8,80,19,ince,True,,26.0,28.0,6.0,976.0,1002.0,4.204,61.187,14.556,0.777,True,,False,FLAS,935.0,4.0,9.5
2026-09-25 11:32:28,MLLB_000_y1.0.3,RED,v4_red_MLLB_000_y103_0925,4.2,4.2,8,80,,bitti,False,,,,,,,,,,,,,,,935.0,4.0,9.5
2026-09-25 11:32:43,MLLB_000_y1.0.3,RED,v4_red_MLLB_000_y103_0925,4.2,4.2,8,60,12,kaba,True,,108.0,34.0,84.0,894.0,1002.0,1.066,15.468,14.514,0.7776,True,,False,ON,935.0,4.0,9.5
2026-09-25 11:32:59,MLLB_000_y1.0.3,RED,v4_red_MLLB_000_y103_0925,4.2,4.2,8,60,16,kaba,True,,74.0,36.0,50.0,928.0,1002.0,1.06,15.421,14.546,0.7774,True,,False,ON,935.0,4.0,9.5
2026-09-25 11:33:16,MLLB_000_y1.0.3,RED,v4_red_MLLB_000_y103_0925,4.2,4.2,8,60,20,kaba,True,,40.0,40.0,16.0,962.0,1002.0,1.06,15.421,14.55,0.7774,True,,True,,935.0,4.0,9.5
2026-09-25 11:33:32,MLLB_000_y1.0.3,RED,v4_red_MLLB_000_y103_0925,4.2,4.2,8,60,24,kaba,True,,30.0,28.0,10.0,972.0,1002.0,3.255,47.371,14.556,0.7774,True,,True,,935.0,4.0,9.5
2026-09-25 11:33:48,MLLB_000_y1.0.3,RED,v4_red_MLLB_000_y103_0925,4.2,4.2,8,60,28,kaba,True,,30.0,28.0,10.0,972.0,1002.0,6.457,94.042,14.564,0.7778,True,,False,FLAS,935.0,4.0,9.5
2026-09-25 11:34:04,MLLB_000_y1.0.3,RED,v4_red_MLLB_000_y103_0925,4.2,4.2,8,60,32,kaba,True,,30.0,28.0,10.0,972.0,1002.0,7.552,109.721,14.528,0.7778,True,,False,FLAS,935.0,4.0,9.5
2026-09-25 11:34:19,MLLB_000_y1.0.3,RED,v4_red_MLLB_000_y103_0925,4.2,4.2,8,60,17,ince,True,,66.0,36.0,42.0,936.0,1002.0,1.061,15.421,14.538,0.7778,True,,True,,935.0,4.0,9.5
2026-09-25 11:34:36,MLLB_000_y1.0.3,RED,v4_red_MLLB_000_y103_0925,4.2,4.2,8,60,18,ince,True,,56.0,36.0,34.0,946.0,1002.0,1.06,15.421,14.554,0.7776,True,,True,,935.0,4.0,9.5
2026-09-25 11:34:52,MLLB_000_y1.0.3,RED,v4_red_MLLB_000_y103_0925,4.2,4.2,8,60,19,ince,True,,48.0,38.0,26.0,954.0,1002.0,1.063,15.471,14.548,0.7771,True,,True,,935.0,4.0,9.5
2026-09-25 11:34:52,MLLB_000_y1.0.3,RED,v4_red_MLLB_000_y103_0925,4.2,4.2,8,60,21,ince,False,iki-OK-arasi-monotonluk,,,,,,,,,,,,True,,935.0,4.0,9.5
2026-09-25 11:34:52,MLLB_000_y1.0.3,RED,v4_red_MLLB_000_y103_0925,4.2,4.2,8,60,22,ince,False,iki-OK-arasi-monotonluk,,,,,,,,,,,,True,,935.0,4.0,9.5
2026-09-25 11:34:52,MLLB_000_y1.0.3,RED,v4_red_MLLB_000_y103_0925,4.2,4.2,8,60,23,ince,False,iki-OK-arasi-monotonluk,,,,,,,,,,,,True,,935.0,4.0,9.5
2026-09-25 11:35:07,MLLB_000_y1.0.3,RED,v4_red_MLLB_000_y103_0925,4.2,4.2,8,60,25,ince,True,,30.0,28.0,10.0,972.0,1002.0,4.092,59.544,14.551,0.7774,True,,False,FLAS,935.0,4.0,9.5
2026-09-25 11:35:24,MLLB_000_y1.0.3,RED,v4_red_MLLB_000_y103_0925,4.2,4.2,8,60,26,ince,True,,30.0,28.0,10.0,972.0,1002.0,5.531,80.402,14.537,0.7771,True,,False,FLAS,935.0,4.0,9.5
2026-09-25 11:35:40,MLLB_000_y1.0.3,RED,v4_red_MLLB_000_y103_0925,4.2,4.2,8,60,27,ince,True,,30.0,28.0,10.0,972.0,1002.0,5.994,87.155,14.541,0.7773,True,,False,FLAS,935.0,4.0,9.5
2026-09-25 11:35:40,MLLB_000_y1.0.3,RED,v4_red_MLLB_000_y103_0925,4.2,4.2,8,60,,bitti,False,,,,,,,,,,,,,,,935.0,4.0,9.5
2026-09-25 11:36:18,MLLB_000_y1.0.3,RED,v4_red_MLLB_000_y103_0925,4.2,4.2,10,100,12,kaba,True,,40.0,32.0,18.0,962.0,1002.0,1.057,20.412,19.32,0.7771,True,,True,,935.0,4.0,9.5
2026-09-25 11:36:30,MLLB_000_y1.0.3,RED,v4_red_MLLB_000_y103_0925,4.2,4.2,10,100,16,kaba,True,,22.0,28.0,2.0,980.0,1002.0,4.084,78.901,19.32,0.7774,True,,False,FLAS,935.0,4.0,9.5
2026-09-25 11:36:42,MLLB_000_y1.0.3,RED,v4_red_MLLB_000_y103_0925,4.2,4.2,10,100,20,kaba,True,,22.0,28.0,2.0,980.0,1002.0,6.652,128.546,19.325,0.7772,True,,False,FLAS,935.0,4.0,9.5
2026-09-25 11:36:54,MLLB_000_y1.0.3,RED,v4_red_MLLB_000_y103_0925,4.2,4.2,10,100,13,ince,True,,28.0,32.0,6.0,974.0,1002.0,1.054,20.364,19.319,0.7769,True,,True,,935.0,4.0,9.5
2026-09-25 11:37:10,MLLB_000_y1.0.3,RED,v4_red_MLLB_000_y103_0925,4.2,4.2,10,100,14,ince,True,,22.0,28.0,2.0,980.0,1002.0,1.055,20.394,19.337,0.7771,True,,True,,935.0,4.0,9.5
2026-09-25 11:37:26,MLLB_000_y1.0.3,RED,v4_red_MLLB_000_y103_0925,4.2,4.2,10,100,15,ince,True,,22.0,28.0,2.0,980.0,1002.0,2.22,42.884,19.319,0.7767,True,,True,,935.0,4.0,9.5
2026-09-25 11:37:26,MLLB_000_y1.0.3,RED,v4_red_MLLB_000_y103_0925,4.2,4.2,10,100,,bitti,False,,,,,,,,,,,,,,,935.0,4.0,9.5
2026-09-25 11:37:42,MLLB_000_y1.0.3,RED,v4_red_MLLB_000_y103_0925,4.2,4.2,10,80,12,kaba,True,,60.0,30.0,40.0,942.0,1002.0,1.056,20.412,19.323,0.7774,True,,True,,935.0,4.0,9.5
2026-09-25 11:37:57,MLLB_000_y1.0.3,RED,v4_red_MLLB_000_y103_0925,4.2,4.2,10,80,16,kaba,True,,26.0,28.0,6.0,976.0,1002.0,1.057,20.435,19.331,0.7768,True,,True,,935.0,4.0,9.5
2026-09-25 11:38:14,MLLB_000_y1.0.3,RED,v4_red_MLLB_000_y103_0925,4.2,4.2,10,80,20,kaba,True,,26.0,28.0,6.0,976.0,1002.0,4.47,86.472,19.345,0.7768,True,,False,FLAS,935.0,4.0,9.5
2026-09-25 11:38:30,MLLB_000_y1.0.3,RED,v4_red_MLLB_000_y103_0925,4.2,4.2,10,80,24,kaba,True,,26.0,28.0,6.0,976.0,1002.0,6.146,118.78,19.327,0.7773,True,,False,FLAS,935.0,4.0,9.5
2026-09-25 11:38:30,MLLB_000_y1.0.3,RED,v4_red_MLLB_000_y103_0925,4.2,4.2,10,80,13,ince,False,iki-OK-arasi-monotonluk,,,,,,,,,,,,True,,935.0,4.0,9.5
2026-09-25 11:38:30,MLLB_000_y1.0.3,RED,v4_red_MLLB_000_y103_0925,4.2,4.2,10,80,14,ince,False,iki-OK-arasi-monotonluk,,,,,,,,,,,,True,,935.0,4.0,9.5
2026-09-25 11:38:30,MLLB_000_y1.0.3,RED,v4_red_MLLB_000_y103_0925,4.2,4.2,10,80,15,ince,False,iki-OK-arasi-monotonluk,,,,,,,,,,,,True,,935.0,4.0,9.5
2026-09-25 11:38:46,MLLB_000_y1.0.3,RED,v4_red_MLLB_000_y103_0925,4.2,4.2,10,80,17,ince,True,,26.0,28.0,6.0,976.0,1002.0,1.208,23.328,19.309,0.7777,True,,True,,935.0,4.0,9.5
2026-09-25 11:39:02,MLLB_000_y1.0.3,RED,v4_red_MLLB_000_y103_0925,4.2,4.2,10,80,18,ince,True,,26.0,28.0,6.0,976.0,1002.0,2.178,42.088,19.32,0.777,True,,True,,935.0,4.0,9.5
2026-09-25 11:39:18,MLLB_000_y1.0.3,RED,v4_red_MLLB_000_y103_0925,4.2,4.2,10,80,19,ince,True,,26.0,28.0,6.0,976.0,1002.0,3.146,60.79,19.322,0.7773,True,,True,,935.0,4.0,9.5
2026-09-25 11:39:18,MLLB_000_y1.0.3,RED,v4_red_MLLB_000_y103_0925,4.2,4.2,10,80,,bitti,False,,,,,,,,,,,,,,,935.0,4.0,9.5
2026-09-25 11:39:34,MLLB_000_y1.0.3,RED,v4_red_MLLB_000_y103_0925,4.2,4.2,10,60,12,kaba,True,,84.0,30.0,64.0,918.0,1002.0,1.058,20.433,19.314,0.777,True,,False,ON,935.0,4.0,9.5
2026-09-25 11:39:50,MLLB_000_y1.0.3,RED,v4_red_MLLB_000_y103_0925,4.2,4.2,10,60,16,kaba,True,,60.0,30.0,40.0,942.0,1002.0,1.057,20.412,19.316,0.7778,True,,True,,935.0,4.0,9.5
2026-09-25 11:40:06,MLLB_000_y1.0.3,RED,v4_red_MLLB_000_y103_0925,4.2,4.2,10,60,20,kaba,True,,36.0,32.0,14.0,966.0,1002.0,1.059,20.46,19.317,0.7776,True,,True,,935.0,4.0,9.5
2026-09-25 11:40:22,MLLB_000_y1.0.3,RED,v4_red_MLLB_000_y103_0925,4.2,4.2,10,60,24,kaba,True,,30.0,28.0,10.0,972.0,1002.0,2.441,47.26,19.358,0.7774,True,,True,,935.0,4.0,9.5
2026-09-25 11:40:38,MLLB_000_y1.0.3,RED,v4_red_MLLB_000_y103_0925,4.2,4.2,10,60,28,kaba,True,,30.0,28.0,10.0,972.0,1002.0,4.827,93.164,19.301,0.7771,True,,False,FLAS,935.0,4.0,9.5
2026-09-25 11:40:53,MLLB_000_y1.0.3,RED,v4_red_MLLB_000_y103_0925,4.2,4.2,10,60,32,kaba,True,,30.0,28.0,10.0,972.0,1002.0,5.683,109.721,19.308,0.7771,True,,False,FLAS,935.0,4.0,9.5
2026-09-25 11:41:10,MLLB_000_y1.0.3,RED,v4_red_MLLB_000_y103_0925,4.2,4.2,10,60,13,ince,True,,80.0,32.0,58.0,922.0,1002.0,1.055,20.364,19.298,0.7769,True,,False,ON,935.0,4.0,9.5
2026-09-25 11:41:25,MLLB_000_y1.0.3,RED,v4_red_MLLB_000_y103_0925,4.2,4.2,10,60,14,ince,True,,72.0,28.0,54.0,930.0,1002.0,1.055,20.364,19.297,0.7768,True,,False,ON,935.0,4.0,9.5
2026-09-25 11:41:38,MLLB_000_y1.0.3,RED,v4_red_MLLB_000_y103_0925,4.2,4.2,10,60,15,ince,True,,68.0,32.0,46.0,934.0,1002.0,1.054,20.387,19.333,0.7776,True,,False,ON,935.0,4.0,9.5
2026-09-25 11:41:38,MLLB_000_y1.0.3,RED,v4_red_MLLB_000_y103_0925,4.2,4.2,10,60,17,ince,False,iki-OK-arasi-monotonluk,,,,,,,,,,,,True,,935.0,4.0,9.5
2026-09-25 11:41:38,MLLB_000_y1.0.3,RED,v4_red_MLLB_000_y103_0925,4.2,4.2,10,60,18,ince,False,iki-OK-arasi-monotonluk,,,,,,,,,,,,True,,935.0,4.0,9.5
2026-09-25 11:41:38,MLLB_000_y1.0.3,RED,v4_red_MLLB_000_y103_0925,4.2,4.2,10,60,19,ince,False,iki-OK-arasi-monotonluk,,,,,,,,,,,,True,,935.0,4.0,9.5
2026-09-25 11:41:38,MLLB_000_y1.0.3,RED,v4_red_MLLB_000_y103_0925,4.2,4.2,10,60,21,ince,False,iki-OK-arasi-monotonluk,,,,,,,,,,,,True,,935.0,4.0,9.5
2026-09-25 11:41:38,MLLB_000_y1.0.3,RED,v4_red_MLLB_000_y103_0925,4.2,4.2,10,60,22,ince,False,iki-OK-arasi-monotonluk,,,,,,,,,,,,True,,935.0,4.0,9.5
2026-09-25 11:41:38,MLLB_000_y1.0.3,RED,v4_red_MLLB_000_y103_0925,4.2,4.2,10,60,23,ince,False,iki-OK-arasi-monotonluk,,,,,,,,,,,,True,,935.0,4.0,9.5
2026-09-25 11:41:54,MLLB_000_y1.0.3,RED,v4_red_MLLB_000_y103_0925,4.2,4.2,10,60,25,ince,True,,30.0,28.0,10.0,972.0,1002.0,3.091,59.689,19.311,0.7767,True,,True,,935.0,4.0,9.5
2026-09-25 11:42:09,MLLB_000_y1.0.3,RED,v4_red_MLLB_000_y103_0925,4.2,4.2,10,60,26,ince,True,,30.0,28.0,10.0,972.0,1002.0,4.161,80.402,19.324,0.7776,True,,False,FLAS,935.0,4.0,9.5
2026-09-25 11:42:26,MLLB_000_y1.0.3,RED,v4_red_MLLB_000_y103_0925,4.2,4.2,10,60,27,ince,True,,30.0,28.0,10.0,972.0,1002.0,4.51,87.155,19.324,0.7778,True,,False,FLAS,935.0,4.0,9.5
2026-09-25 11:42:26,MLLB_000_y1.0.3,RED,v4_red_MLLB_000_y103_0925,4.2,4.2,10,60,,bitti,False,,,,,,,,,,,,,,,935.0,4.0,9.5
2026-09-25 11:42:57,MLLB_000_y1.0.3,RED,v4_red_MLLB_000_y103_0925,4.2,4.2,15,100,12,kaba,True,,32.0,30.0,12.0,970.0,1002.0,1.046,33.277,31.82,0.7775,True,,True,,935.0,4.0,9.5
2026-09-25 11:43:14,MLLB_000_y1.0.3,RED,v4_red_MLLB_000_y103_0925,4.2,4.2,15,100,16,kaba,True,,22.0,28.0,2.0,980.0,1002.0,2.431,77.403,31.837,0.7774,True,,True,,935.0,4.0,9.5
2026-09-25 11:43:30,MLLB_000_y1.0.3,RED,v4_red_MLLB_000_y103_0925,4.2,4.2,15,100,20,kaba,True,,22.0,28.0,2.0,980.0,1002.0,4.017,127.837,31.828,0.7772,True,,False,FLAS,935.0,4.0,9.5
2026-09-25 11:43:46,MLLB_000_y1.0.3,RED,v4_red_MLLB_000_y103_0925,4.2,4.2,15,100,24,kaba,True,,22.0,28.0,2.0,980.0,1002.0,5.733,182.519,31.837,0.7779,True,,False,FLAS,935.0,4.0,9.5
2026-09-25 11:43:46,MLLB_000_y1.0.3,RED,v4_red_MLLB_000_y103_0925,4.2,4.2,15,100,13,ince,False,iki-OK-arasi-monotonluk,,,,,,,,,,,,True,,935.0,4.0,9.5
2026-09-25 11:43:46,MLLB_000_y1.0.3,RED,v4_red_MLLB_000_y103_0925,4.2,4.2,15,100,14,ince,False,iki-OK-arasi-monotonluk,,,,,,,,,,,,True,,935.0,4.0,9.5
2026-09-25 11:43:46,MLLB_000_y1.0.3,RED,v4_red_MLLB_000_y103_0925,4.2,4.2,15,100,15,ince,False,iki-OK-arasi-monotonluk,,,,,,,,,,,,True,,935.0,4.0,9.5
2026-09-25 11:44:01,MLLB_000_y1.0.3,RED,v4_red_MLLB_000_y103_0925,4.2,4.2,15,100,17,ince,True,,22.0,28.0,2.0,980.0,1002.0,2.927,93.164,31.827,0.7775,True,,True,,935.0,4.0,9.5
2026-09-25 11:44:18,MLLB_000_y1.0.3,RED,v4_red_MLLB_000_y103_0925,4.2,4.2,15,100,18,ince,True,,22.0,28.0,2.0,980.0,1002.0,3.328,105.954,31.838,0.7777,True,,True,,935.0,4.0,9.5
2026-09-25 11:44:30,MLLB_000_y1.0.3,RED,v4_red_MLLB_000_y103_0925,4.2,4.2,15,100,19,ince,True,,22.0,28.0,2.0,980.0,1002.0,3.637,115.73,31.818,0.7776,True,,True,,935.0,4.0,9.5
2026-09-25 11:44:30,MLLB_000_y1.0.3,RED,v4_red_MLLB_000_y103_0925,4.2,4.2,15,100,,bitti,False,,,,,,,,,,,,,,,935.0,4.0,9.5
2026-09-25 11:44:45,MLLB_000_y1.0.3,RED,v4_red_MLLB_000_y103_0925,4.2,4.2,15,80,12,kaba,True,,46.0,28.0,26.0,956.0,1002.0,1.046,33.268,31.807,0.7781,True,,True,,935.0,4.0,9.5
2026-09-25 11:45:02,MLLB_000_y1.0.3,RED,v4_red_MLLB_000_y103_0925,4.2,4.2,15,80,16,kaba,True,,26.0,28.0,6.0,976.0,1002.0,1.045,33.303,31.87,0.7774,True,,True,,935.0,4.0,9.5
2026-09-25 11:45:14,MLLB_000_y1.0.3,RED,v4_red_MLLB_000_y103_0925,4.2,4.2,15,80,20,kaba,True,,26.0,28.0,6.0,976.0,1002.0,2.688,85.596,31.846,0.7772,True,,True,,935.0,4.0,9.5
2026-09-25 11:45:30,MLLB_000_y1.0.3,RED,v4_red_MLLB_000_y103_0925,4.2,4.2,15,80,24,kaba,True,,26.0,28.0,6.0,976.0,1002.0,3.73,118.772,31.844,0.7773,True,,True,,935.0,4.0,9.5
2026-09-25 11:45:46,MLLB_000_y1.0.3,RED,v4_red_MLLB_000_y103_0925,4.2,4.2,15,80,28,kaba,True,,26.0,28.0,6.0,976.0,1002.0,4.807,152.994,31.824,0.7781,True,,False,FLAS,935.0,4.0,9.5
2026-09-25 11:46:02,MLLB_000_y1.0.3,RED,v4_red_MLLB_000_y103_0925,4.2,4.2,15,80,32,kaba,True,,26.0,28.0,6.0,976.0,1002.0,5.451,173.371,31.806,0.7778,True,,False,FLAS,935.0,4.0,9.5
2026-09-25 11:46:02,MLLB_000_y1.0.3,RED,v4_red_MLLB_000_y103_0925,4.2,4.2,15,80,13,ince,False,iki-OK-arasi-monotonluk,,,,,,,,,,,,True,,935.0,4.0,9.5
2026-09-25 11:46:02,MLLB_000_y1.0.3,RED,v4_red_MLLB_000_y103_0925,4.2,4.2,15,80,14,ince,False,iki-OK-arasi-monotonluk,,,,,,,,,,,,True,,935.0,4.0,9.5
2026-09-25 11:46:02,MLLB_000_y1.0.3,RED,v4_red_MLLB_000_y103_0925,4.2,4.2,15,80,15,ince,False,iki-OK-arasi-monotonluk,,,,,,,,,,,,True,,935.0,4.0,9.5
2026-09-25 11:46:02,MLLB_000_y1.0.3,RED,v4_red_MLLB_000_y103_0925,4.2,4.2,15,80,17,ince,False,iki-OK-arasi-monotonluk,,,,,,,,,,,,True,,935.0,4.0,9.5
2026-09-25 11:46:02,MLLB_000_y1.0.3,RED,v4_red_MLLB_000_y103_0925,4.2,4.2,15,80,18,ince,False,iki-OK-arasi-monotonluk,,,,,,,,,,,,True,,935.0,4.0,9.5
2026-09-25 11:46:02,MLLB_000_y1.0.3,RED,v4_red_MLLB_000_y103_0925,4.2,4.2,15,80,19,ince,False,iki-OK-arasi-monotonluk,,,,,,,,,,,,True,,935.0,4.0,9.5
2026-09-25 11:46:02,MLLB_000_y1.0.3,RED,v4_red_MLLB_000_y103_0925,4.2,4.2,15,80,21,ince,False,iki-OK-arasi-monotonluk,,,,,,,,,,,,True,,935.0,4.0,9.5
2026-09-25 11:46:02,MLLB_000_y1.0.3,RED,v4_red_MLLB_000_y103_0925,4.2,4.2,15,80,22,ince,False,iki-OK-arasi-monotonluk,,,,,,,,,,,,True,,935.0,4.0,9.5
2026-09-25 11:46:02,MLLB_000_y1.0.3,RED,v4_red_MLLB_000_y103_0925,4.2,4.2,15,80,23,ince,False,iki-OK-arasi-monotonluk,,,,,,,,,,,,True,,935.0,4.0,9.5
2026-09-25 11:46:18,MLLB_000_y1.0.3,RED,v4_red_MLLB_000_y103_0925,4.2,4.2,15,80,25,ince,True,,26.0,28.0,6.0,976.0,1002.0,3.971,126.368,31.819,0.7776,True,,True,,935.0,4.0,9.5
2026-09-25 11:46:34,MLLB_000_y1.0.3,RED,v4_red_MLLB_000_y103_0925,4.2,4.2,15,80,26,ince,True,,26.0,28.0,6.0,976.0,1002.0,4.255,135.402,31.823,0.7773,True,,False,FLAS,935.0,4.0,9.5
2026-09-25 11:46:50,MLLB_000_y1.0.3,RED,v4_red_MLLB_000_y103_0925,4.2,4.2,15,80,27,ince,True,,26.0,28.0,6.0,976.0,1002.0,4.518,143.734,31.813,0.7773,True,,False,FLAS,935.0,4.0,9.5
2026-09-25 11:46:50,MLLB_000_y1.0.3,RED,v4_red_MLLB_000_y103_0925,4.2,4.2,15,80,,bitti,False,,,,,,,,,,,,,,,935.0,4.0,9.5
2026-09-25 11:47:06,MLLB_000_y1.0.3,RED,v4_red_MLLB_000_y103_0925,4.2,4.2,15,60,12,kaba,True,,60.0,28.0,42.0,942.0,1002.0,1.046,33.252,31.776,0.7769,True,,True,,935.0,4.0,9.5
2026-09-25 11:47:22,MLLB_000_y1.0.3,RED,v4_red_MLLB_000_y103_0925,4.2,4.2,15,60,16,kaba,True,,46.0,32.0,26.0,956.0,1002.0,1.046,33.303,31.825,0.7777,True,,True,,935.0,4.0,9.5
2026-09-25 11:47:37,MLLB_000_y1.0.3,RED,v4_red_MLLB_000_y103_0925,4.2,4.2,15,60,20,kaba,True,,32.0,28.0,14.0,970.0,1002.0,1.047,33.303,31.814,0.7776,True,,True,,935.0,4.0,9.5
2026-09-25 11:47:50,MLLB_000_y1.0.3,RED,v4_red_MLLB_000_y103_0925,4.2,4.2,15,60,24,kaba,True,,30.0,28.0,10.0,972.0,1002.0,1.475,46.952,31.821,0.7776,True,,True,,935.0,4.0,9.5
2026-09-25 11:48:06,MLLB_000_y1.0.3,RED,v4_red_MLLB_000_y103_0925,4.2,4.2,15,60,28,kaba,True,,30.0,28.0,10.0,972.0,1002.0,2.927,93.164,31.829,0.777,True,,True,,935.0,4.0,9.5
2026-09-25 11:48:22,MLLB_000_y1.0.3,RED,v4_red_MLLB_000_y103_0925,4.2,4.2,15,60,32,kaba,True,,30.0,28.0,10.0,972.0,1002.0,3.403,108.214,31.804,0.7774,True,,True,,935.0,4.0,9.5
2026-09-25 11:48:34,MLLB_000_y1.0.3,RED,v4_red_MLLB_000_y103_0925,4.2,4.2,15,60,36,kaba,True,,30.0,28.0,10.0,972.0,1002.0,3.729,118.552,31.792,0.7776,True,,True,,935.0,4.0,9.5
2026-09-25 11:48:50,MLLB_000_y1.0.3,RED,v4_red_MLLB_000_y103_0925,4.2,4.2,15,60,40,kaba,True,,30.0,28.0,10.0,972.0,1002.0,4.066,129.349,31.814,0.7775,True,,False,FLAS,935.0,4.0,9.5
2026-09-25 11:49:05,MLLB_000_y1.0.3,RED,v4_red_MLLB_000_y103_0925,4.2,4.2,15,60,44,kaba,True,,30.0,28.0,10.0,972.0,1002.0,4.333,137.819,31.81,0.7775,True,,False,FLAS,935.0,4.0,9.5
2026-09-25 11:49:06,MLLB_000_y1.0.3,RED,v4_red_MLLB_000_y103_0925,4.2,4.2,15,60,13,ince,False,iki-OK-arasi-monotonluk,,,,,,,,,,,,True,,935.0,4.0,9.5
2026-09-25 11:49:06,MLLB_000_y1.0.3,RED,v4_red_MLLB_000_y103_0925,4.2,4.2,15,60,14,ince,False,iki-OK-arasi-monotonluk,,,,,,,,,,,,True,,935.0,4.0,9.5
2026-09-25 11:49:06,MLLB_000_y1.0.3,RED,v4_red_MLLB_000_y103_0925,4.2,4.2,15,60,15,ince,False,iki-OK-arasi-monotonluk,,,,,,,,,,,,True,,935.0,4.0,9.5
2026-09-25 11:49:06,MLLB_000_y1.0.3,RED,v4_red_MLLB_000_y103_0925,4.2,4.2,15,60,17,ince,False,iki-OK-arasi-monotonluk,,,,,,,,,,,,True,,935.0,4.0,9.5
2026-09-25 11:49:06,MLLB_000_y1.0.3,RED,v4_red_MLLB_000_y103_0925,4.2,4.2,15,60,18,ince,False,iki-OK-arasi-monotonluk,,,,,,,,,,,,True,,935.0,4.0,9.5
2026-09-25 11:49:06,MLLB_000_y1.0.3,RED,v4_red_MLLB_000_y103_0925,4.2,4.2,15,60,19,ince,False,iki-OK-arasi-monotonluk,,,,,,,,,,,,True,,935.0,4.0,9.5
2026-09-25 11:49:06,MLLB_000_y1.0.3,RED,v4_red_MLLB_000_y103_0925,4.2,4.2,15,60,21,ince,False,iki-OK-arasi-monotonluk,,,,,,,,,,,,True,,935.0,4.0,9.5
2026-09-25 11:49:06,MLLB_000_y1.0.3,RED,v4_red_MLLB_000_y103_0925,4.2,4.2,15,60,22,ince,False,iki-OK-arasi-monotonluk,,,,,,,,,,,,True,,935.0,4.0,9.5
2026-09-25 11:49:06,MLLB_000_y1.0.3,RED,v4_red_MLLB_000_y103_0925,4.2,4.2,15,60,23,ince,False,iki-OK-arasi-monotonluk,,,,,,,,,,,,True,,935.0,4.0,9.5
2026-09-25 11:49:06,MLLB_000_y1.0.3,RED,v4_red_MLLB_000_y103_0925,4.2,4.2,15,60,25,ince,False,iki-OK-arasi-monotonluk,,,,,,,,,,,,True,,935.0,4.0,9.5
2026-09-25 11:49:06,MLLB_000_y1.0.3,RED,v4_red_MLLB_000_y103_0925,4.2,4.2,15,60,26,ince,False,iki-OK-arasi-monotonluk,,,,,,,,,,,,True,,935.0,4.0,9.5
2026-09-25 11:49:06,MLLB_000_y1.0.3,RED,v4_red_MLLB_000_y103_0925,4.2,4.2,15,60,27,ince,False,iki-OK-arasi-monotonluk,,,,,,,,,,,,True,,935.0,4.0,9.5
2026-09-25 11:49:06,MLLB_000_y1.0.3,RED,v4_red_MLLB_000_y103_0925,4.2,4.2,15,60,29,ince,False,iki-OK-arasi-monotonluk,,,,,,,,,,,,True,,935.0,4.0,9.5
2026-09-25 11:49:06,MLLB_000_y1.0.3,RED,v4_red_MLLB_000_y103_0925,4.2,4.2,15,60,30,ince,False,iki-OK-arasi-monotonluk,,,,,,,,,,,,True,,935.0,4.0,9.5
2026-09-25 11:49:06,MLLB_000_y1.0.3,RED,v4_red_MLLB_000_y103_0925,4.2,4.2,15,60,31,ince,False,iki-OK-arasi-monotonluk,,,,,,,,,,,,True,,935.0,4.0,9.5
2026-09-25 11:49:06,MLLB_000_y1.0.3,RED,v4_red_MLLB_000_y103_0925,4.2,4.2,15,60,33,ince,False,iki-OK-arasi-monotonluk,,,,,,,,,,,,True,,935.0,4.0,9.5
2026-09-25 11:49:06,MLLB_000_y1.0.3,RED,v4_red_MLLB_000_y103_0925,4.2,4.2,15,60,34,ince,False,iki-OK-arasi-monotonluk,,,,,,,,,,,,True,,935.0,4.0,9.5
2026-09-25 11:49:06,MLLB_000_y1.0.3,RED,v4_red_MLLB_000_y103_0925,4.2,4.2,15,60,35,ince,False,iki-OK-arasi-monotonluk,,,,,,,,,,,,True,,935.0,4.0,9.5
2026-09-25 11:49:22,MLLB_000_y1.0.3,RED,v4_red_MLLB_000_y103_0925,4.2,4.2,15,60,37,ince,True,,30.0,28.0,10.0,972.0,1002.0,3.829,121.859,31.823,0.7776,True,,True,,935.0,4.0,9.5
2026-09-25 11:49:38,MLLB_000_y1.0.3,RED,v4_red_MLLB_000_y103_0925,4.2,4.2,15,60,38,ince,True,,30.0,28.0,10.0,972.0,1002.0,3.925,124.814,31.802,0.7771,True,,True,,935.0,4.0,9.5
2026-09-25 11:49:54,MLLB_000_y1.0.3,RED,v4_red_MLLB_000_y103_0925,4.2,4.2,15,60,39,ince,True,,30.0,28.0,10.0,972.0,1002.0,4.017,127.845,31.825,0.7778,True,,False,FLAS,935.0,4.0,9.5
2026-09-25 11:49:54,MLLB_000_y1.0.3,RED,v4_red_MLLB_000_y103_0925,4.2,4.2,15,60,,bitti,False,,,,,,,,,,,,,,,935.0,4.0,9.5
2026-09-25 11:50:32,MLLB_000_y1.0.3,RED,v4_red_MLLB_000_y103_0925,4.2,4.2,100,100,12,kaba,True,,22.0,28.0,2.0,980.0,1002.0,1.049,242.48,231.185,0.7776,True,,True,,935.0,4.0,9.5
2026-09-25 11:50:48,MLLB_000_y1.0.3,RED,v4_red_MLLB_000_y103_0925,4.2,4.2,100,100,16,kaba,True,,22.0,28.0,2.0,980.0,1002.0,1.054,243.864,231.395,0.7773,True,,True,,935.0,4.0,9.5
2026-09-25 11:51:04,MLLB_000_y1.0.3,RED,v4_red_MLLB_000_y103_0925,4.2,4.2,100,100,20,kaba,True,,22.0,28.0,2.0,980.0,1002.0,1.054,243.864,231.274,0.7773,True,,True,,935.0,4.0,9.5
2026-09-25 11:51:20,MLLB_000_y1.0.3,RED,v4_red_MLLB_000_y103_0925,4.2,4.2,100,100,24,kaba,True,,22.0,28.0,2.0,980.0,1002.0,1.048,242.607,231.457,0.7771,True,,True,,935.0,4.0,9.5
2026-09-25 11:51:36,MLLB_000_y1.0.3,RED,v4_red_MLLB_000_y103_0925,4.2,4.2,100,100,28,kaba,True,,22.0,28.0,2.0,980.0,1002.0,1.047,242.323,231.382,0.777,True,,True,,935.0,4.0,9.5
2026-09-25 11:51:52,MLLB_000_y1.0.3,RED,v4_red_MLLB_000_y103_0925,4.2,4.2,100,100,32,kaba,True,,22.0,28.0,2.0,980.0,1002.0,1.053,243.864,231.516,0.7766,True,,True,,935.0,4.0,9.5
2026-09-25 11:52:08,MLLB_000_y1.0.3,RED,v4_red_MLLB_000_y103_0925,4.2,4.2,100,100,36,kaba,True,,22.0,28.0,2.0,980.0,1002.0,1.053,243.864,231.545,0.7766,True,,True,,935.0,4.0,9.5
2026-09-25 11:52:24,MLLB_000_y1.0.3,RED,v4_red_MLLB_000_y103_0925,4.2,4.2,100,100,40,kaba,True,,22.0,28.0,2.0,980.0,1002.0,1.053,243.864,231.507,0.7771,True,,True,,935.0,4.0,9.5
2026-09-25 11:52:40,MLLB_000_y1.0.3,RED,v4_red_MLLB_000_y103_0925,4.2,4.2,100,100,44,kaba,True,,22.0,28.0,2.0,980.0,1002.0,1.048,242.353,231.339,0.7768,True,,True,,935.0,4.0,9.5
2026-09-25 11:52:56,MLLB_000_y1.0.3,RED,v4_red_MLLB_000_y103_0925,4.2,4.2,100,100,48,kaba,True,,22.0,28.0,2.0,980.0,1002.0,1.054,243.864,231.359,0.7771,True,,True,,935.0,4.0,9.5
2026-09-25 11:53:12,MLLB_000_y1.0.3,RED,v4_red_MLLB_000_y103_0925,4.2,4.2,100,100,52,kaba,True,,22.0,28.0,2.0,980.0,1002.0,1.054,243.864,231.365,0.7768,True,,True,,935.0,4.0,9.5
2026-09-25 11:53:28,MLLB_000_y1.0.3,RED,v4_red_MLLB_000_y103_0925,4.2,4.2,100,100,56,kaba,True,,22.0,28.0,2.0,980.0,1002.0,1.053,243.864,231.579,0.7771,True,,True,,935.0,4.0,9.5
2026-09-25 11:53:44,MLLB_000_y1.0.3,RED,v4_red_MLLB_000_y103_0925,4.2,4.2,100,100,58,kaba,True,,22.0,28.0,2.0,980.0,1002.0,1.054,243.864,231.427,0.777,True,,True,,935.0,4.0,9.5
2026-09-25 11:53:44,MLLB_000_y1.0.3,RED,v4_red_MLLB_000_y103_0925,4.2,4.2,100,100,13,ince,False,iki-OK-arasi-monotonluk,,,,,,,,,,,,True,,935.0,4.0,9.5
2026-09-25 11:53:44,MLLB_000_y1.0.3,RED,v4_red_MLLB_000_y103_0925,4.2,4.2,100,100,14,ince,False,iki-OK-arasi-monotonluk,,,,,,,,,,,,True,,935.0,4.0,9.5
2026-09-25 11:53:44,MLLB_000_y1.0.3,RED,v4_red_MLLB_000_y103_0925,4.2,4.2,100,100,15,ince,False,iki-OK-arasi-monotonluk,,,,,,,,,,,,True,,935.0,4.0,9.5
2026-09-25 11:53:44,MLLB_000_y1.0.3,RED,v4_red_MLLB_000_y103_0925,4.2,4.2,100,100,17,ince,False,iki-OK-arasi-monotonluk,,,,,,,,,,,,True,,935.0,4.0,9.5
2026-09-25 11:53:44,MLLB_000_y1.0.3,RED,v4_red_MLLB_000_y103_0925,4.2,4.2,100,100,18,ince,False,iki-OK-arasi-monotonluk,,,,,,,,,,,,True,,935.0,4.0,9.5
2026-09-25 11:53:44,MLLB_000_y1.0.3,RED,v4_red_MLLB_000_y103_0925,4.2,4.2,100,100,19,ince,False,iki-OK-arasi-monotonluk,,,,,,,,,,,,True,,935.0,4.0,9.5
2026-09-25 11:53:44,MLLB_000_y1.0.3,RED,v4_red_MLLB_000_y103_0925,4.2,4.2,100,100,21,ince,False,iki-OK-arasi-monotonluk,,,,,,,,,,,,True,,935.0,4.0,9.5
2026-09-25 11:53:44,MLLB_000_y1.0.3,RED,v4_red_MLLB_000_y103_0925,4.2,4.2,100,100,22,ince,False,iki-OK-arasi-monotonluk,,,,,,,,,,,,True,,935.0,4.0,9.5
2026-09-25 11:53:44,MLLB_000_y1.0.3,RED,v4_red_MLLB_000_y103_0925,4.2,4.2,100,100,23,ince,False,iki-OK-arasi-monotonluk,,,,,,,,,,,,True,,935.0,4.0,9.5
2026-09-25 11:53:44,MLLB_000_y1.0.3,RED,v4_red_MLLB_000_y103_0925,4.2,4.2,100,100,25,ince,False,iki-OK-arasi-monotonluk,,,,,,,,,,,,True,,935.0,4.0,9.5
2026-09-25 11:53:44,MLLB_000_y1.0.3,RED,v4_red_MLLB_000_y103_0925,4.2,4.2,100,100,26,ince,False,iki-OK-arasi-monotonluk,,,,,,,,,,,,True,,935.0,4.0,9.5
2026-09-25 11:53:44,MLLB_000_y1.0.3,RED,v4_red_MLLB_000_y103_0925,4.2,4.2,100,100,27,ince,False,iki-OK-arasi-monotonluk,,,,,,,,,,,,True,,935.0,4.0,9.5
2026-09-25 11:53:44,MLLB_000_y1.0.3,RED,v4_red_MLLB_000_y103_0925,4.2,4.2,100,100,29,ince,False,iki-OK-arasi-monotonluk,,,,,,,,,,,,True,,935.0,4.0,9.5
2026-09-25 11:53:44,MLLB_000_y1.0.3,RED,v4_red_MLLB_000_y103_0925,4.2,4.2,100,100,30,ince,False,iki-OK-arasi-monotonluk,,,,,,,,,,,,True,,935.0,4.0,9.5
2026-09-25 11:53:44,MLLB_000_y1.0.3,RED,v4_red_MLLB_000_y103_0925,4.2,4.2,100,100,31,ince,False,iki-OK-arasi-monotonluk,,,,,,,,,,,,True,,935.0,4.0,9.5
2026-09-25 11:53:44,MLLB_000_y1.0.3,RED,v4_red_MLLB_000_y103_0925,4.2,4.2,100,100,33,ince,False,iki-OK-arasi-monotonluk,,,,,,,,,,,,True,,935.0,4.0,9.5
2026-09-25 11:53:44,MLLB_000_y1.0.3,RED,v4_red_MLLB_000_y103_0925,4.2,4.2,100,100,34,ince,False,iki-OK-arasi-monotonluk,,,,,,,,,,,,True,,935.0,4.0,9.5
2026-09-25 11:53:44,MLLB_000_y1.0.3,RED,v4_red_MLLB_000_y103_0925,4.2,4.2,100,100,35,ince,False,iki-OK-arasi-monotonluk,,,,,,,,,,,,True,,935.0,4.0,9.5
2026-09-25 11:53:44,MLLB_000_y1.0.3,RED,v4_red_MLLB_000_y103_0925,4.2,4.2,100,100,37,ince,False,iki-OK-arasi-monotonluk,,,,,,,,,,,,True,,935.0,4.0,9.5
2026-09-25 11:53:44,MLLB_000_y1.0.3,RED,v4_red_MLLB_000_y103_0925,4.2,4.2,100,100,38,ince,False,iki-OK-arasi-monotonluk,,,,,,,,,,,,True,,935.0,4.0,9.5
2026-09-25 11:53:44,MLLB_000_y1.0.3,RED,v4_red_MLLB_000_y103_0925,4.2,4.2,100,100,39,ince,False,iki-OK-arasi-monotonluk,,,,,,,,,,,,True,,935.0,4.0,9.5
2026-09-25 11:53:44,MLLB_000_y1.0.3,RED,v4_red_MLLB_000_y103_0925,4.2,4.2,100,100,41,ince,False,iki-OK-arasi-monotonluk,,,,,,,,,,,,True,,935.0,4.0,9.5
2026-09-25 11:53:44,MLLB_000_y1.0.3,RED,v4_red_MLLB_000_y103_0925,4.2,4.2,100,100,42,ince,False,iki-OK-arasi-monotonluk,,,,,,,,,,,,True,,935.0,4.0,9.5
2026-09-25 11:53:44,MLLB_000_y1.0.3,RED,v4_red_MLLB_000_y103_0925,4.2,4.2,100,100,43,ince,False,iki-OK-arasi-monotonluk,,,,,,,,,,,,True,,935.0,4.0,9.5
2026-09-25 11:53:44,MLLB_000_y1.0.3,RED,v4_red_MLLB_000_y103_0925,4.2,4.2,100,100,45,ince,False,iki-OK-arasi-monotonluk,,,,,,,,,,,,True,,935.0,4.0,9.5
2026-09-25 11:53:44,MLLB_000_y1.0.3,RED,v4_red_MLLB_000_y103_0925,4.2,4.2,100,100,46,ince,False,iki-OK-arasi-monotonluk,,,,,,,,,,,,True,,935.0,4.0,9.5
2026-09-25 11:53:44,MLLB_000_y1.0.3,RED,v4_red_MLLB_000_y103_0925,4.2,4.2,100,100,47,ince,False,iki-OK-arasi-monotonluk,,,,,,,,,,,,True,,935.0,4.0,9.5
2026-09-25 11:53:44,MLLB_000_y1.0.3,RED,v4_red_MLLB_000_y103_0925,4.2,4.2,100,100,49,ince,False,iki-OK-arasi-monotonluk,,,,,,,,,,,,True,,935.0,4.0,9.5
2026-09-25 11:53:44,MLLB_000_y1.0.3,RED,v4_red_MLLB_000_y103_0925,4.2,4.2,100,100,50,ince,False,iki-OK-arasi-monotonluk,,,,,,,,,,,,True,,935.0,4.0,9.5
2026-09-25 11:53:44,MLLB_000_y1.0.3,RED,v4_red_MLLB_000_y103_0925,4.2,4.2,100,100,51,ince,False,iki-OK-arasi-monotonluk,,,,,,,,,,,,True,,935.0,4.0,9.5
2026-09-25 11:53:44,MLLB_000_y1.0.3,RED,v4_red_MLLB_000_y103_0925,4.2,4.2,100,100,53,ince,False,iki-OK-arasi-monotonluk,,,,,,,,,,,,True,,935.0,4.0,9.5
2026-09-25 11:53:44,MLLB_000_y1.0.3,RED,v4_red_MLLB_000_y103_0925,4.2,4.2,100,100,54,ince,False,iki-OK-arasi-monotonluk,,,,,,,,,,,,True,,935.0,4.0,9.5
2026-09-25 11:53:44,MLLB_000_y1.0.3,RED,v4_red_MLLB_000_y103_0925,4.2,4.2,100,100,55,ince,False,iki-OK-arasi-monotonluk,,,,,,,,,,,,True,,935.0,4.0,9.5
2026-09-25 11:53:44,MLLB_000_y1.0.3,RED,v4_red_MLLB_000_y103_0925,4.2,4.2,100,100,57,ince,False,iki-OK-arasi-monotonluk,,,,,,,,,,,,True,,935.0,4.0,9.5
2026-09-25 11:53:44,MLLB_000_y1.0.3,RED,v4_red_MLLB_000_y103_0925,4.2,4.2,100,100,,bitti,False,,,,,,,,,,,,,,,935.0,4.0,9.5
2026-09-25 11:54:00,MLLB_000_y1.0.3,RED,v4_red_MLLB_000_y103_0925,4.2,4.2,100,80,12,kaba,True,,22.0,28.0,2.0,980.0,1002.0,1.054,243.864,231.43,0.7767,True,,True,,935.0,4.0,9.5
2026-09-25 11:54:15,MLLB_000_y1.0.3,RED,v4_red_MLLB_000_y103_0925,4.2,4.2,100,80,16,kaba,True,,22.0,28.0,2.0,980.0,1002.0,1.054,243.864,231.436,0.777,True,,True,,935.0,4.0,9.5
2026-09-25 11:54:32,MLLB_000_y1.0.3,RED,v4_red_MLLB_000_y103_0925,4.2,4.2,100,80,20,kaba,True,,22.0,28.0,2.0,980.0,1002.0,1.054,243.864,231.423,0.777,True,,True,,935.0,4.0,9.5
2026-09-25 11:54:44,MLLB_000_y1.0.3,RED,v4_red_MLLB_000_y103_0925,4.2,4.2,100,80,24,kaba,True,,22.0,28.0,2.0,980.0,1002.0,1.054,243.718,231.336,0.7767,True,,True,,935.0,4.0,9.5
2026-09-25 11:55:00,MLLB_000_y1.0.3,RED,v4_red_MLLB_000_y103_0925,4.2,4.2,100,80,28,kaba,True,,22.0,28.0,2.0,980.0,1002.0,1.055,243.864,231.238,0.7767,True,,True,,935.0,4.0,9.5
2026-09-25 11:55:16,MLLB_000_y1.0.3,RED,v4_red_MLLB_000_y103_0925,4.2,4.2,100,80,32,kaba,True,,22.0,28.0,2.0,980.0,1002.0,1.047,242.323,231.393,0.777,True,,True,,935.0,4.0,9.5
2026-09-25 11:55:32,MLLB_000_y1.0.3,RED,v4_red_MLLB_000_y103_0925,4.2,4.2,100,80,36,kaba,True,,22.0,28.0,2.0,980.0,1002.0,1.05,243.093,231.417,0.7768,True,,True,,935.0,4.0,9.5
2026-09-25 11:55:48,MLLB_000_y1.0.3,RED,v4_red_MLLB_000_y103_0925,4.2,4.2,100,80,40,kaba,True,,22.0,28.0,2.0,980.0,1002.0,1.054,243.864,231.471,0.7767,True,,True,,935.0,4.0,9.5
2026-09-25 11:56:04,MLLB_000_y1.0.3,RED,v4_red_MLLB_000_y103_0925,4.2,4.2,100,80,44,kaba,True,,22.0,28.0,2.0,980.0,1002.0,1.047,242.323,231.434,0.777,True,,True,,935.0,4.0,9.5
2026-09-25 11:56:20,MLLB_000_y1.0.3,RED,v4_red_MLLB_000_y103_0925,4.2,4.2,100,80,48,kaba,True,,22.0,28.0,2.0,980.0,1002.0,1.054,243.864,231.273,0.777,True,,True,,935.0,4.0,9.5
2026-09-25 11:56:36,MLLB_000_y1.0.3,RED,v4_red_MLLB_000_y103_0925,4.2,4.2,100,80,52,kaba,True,,22.0,28.0,2.0,980.0,1002.0,1.048,242.323,231.123,0.777,True,,True,,935.0,4.0,9.5
2026-09-25 11:56:51,MLLB_000_y1.0.3,RED,v4_red_MLLB_000_y103_0925,4.2,4.2,100,80,56,kaba,True,,22.0,28.0,2.0,980.0,1002.0,1.049,242.52,231.261,0.777,True,,True,,935.0,4.0,9.5
2026-09-25 11:57:08,MLLB_000_y1.0.3,RED,v4_red_MLLB_000_y103_0925,4.2,4.2,100,80,58,kaba,True,,22.0,28.0,2.0,980.0,1002.0,1.054,243.864,231.339,0.7764,True,,True,,935.0,4.0,9.5
2026-09-25 11:57:08,MLLB_000_y1.0.3,RED,v4_red_MLLB_000_y103_0925,4.2,4.2,100,80,13,ince,False,iki-OK-arasi-monotonluk,,,,,,,,,,,,True,,935.0,4.0,9.5
2026-09-25 11:57:08,MLLB_000_y1.0.3,RED,v4_red_MLLB_000_y103_0925,4.2,4.2,100,80,14,ince,False,iki-OK-arasi-monotonluk,,,,,,,,,,,,True,,935.0,4.0,9.5
2026-09-25 11:57:08,MLLB_000_y1.0.3,RED,v4_red_MLLB_000_y103_0925,4.2,4.2,100,80,15,ince,False,iki-OK-arasi-monotonluk,,,,,,,,,,,,True,,935.0,4.0,9.5
2026-09-25 11:57:08,MLLB_000_y1.0.3,RED,v4_red_MLLB_000_y103_0925,4.2,4.2,100,80,17,ince,False,iki-OK-arasi-monotonluk,,,,,,,,,,,,True,,935.0,4.0,9.5
2026-09-25 11:57:08,MLLB_000_y1.0.3,RED,v4_red_MLLB_000_y103_0925,4.2,4.2,100,80,18,ince,False,iki-OK-arasi-monotonluk,,,,,,,,,,,,True,,935.0,4.0,9.5
2026-09-25 11:57:08,MLLB_000_y1.0.3,RED,v4_red_MLLB_000_y103_0925,4.2,4.2,100,80,19,ince,False,iki-OK-arasi-monotonluk,,,,,,,,,,,,True,,935.0,4.0,9.5
2026-09-25 11:57:08,MLLB_000_y1.0.3,RED,v4_red_MLLB_000_y103_0925,4.2,4.2,100,80,21,ince,False,iki-OK-arasi-monotonluk,,,,,,,,,,,,True,,935.0,4.0,9.5
2026-09-25 11:57:08,MLLB_000_y1.0.3,RED,v4_red_MLLB_000_y103_0925,4.2,4.2,100,80,22,ince,False,iki-OK-arasi-monotonluk,,,,,,,,,,,,True,,935.0,4.0,9.5
2026-09-25 11:57:08,MLLB_000_y1.0.3,RED,v4_red_MLLB_000_y103_0925,4.2,4.2,100,80,23,ince,False,iki-OK-arasi-monotonluk,,,,,,,,,,,,True,,935.0,4.0,9.5
2026-09-25 11:57:08,MLLB_000_y1.0.3,RED,v4_red_MLLB_000_y103_0925,4.2,4.2,100,80,25,ince,False,iki-OK-arasi-monotonluk,,,,,,,,,,,,True,,935.0,4.0,9.5
2026-09-25 11:57:08,MLLB_000_y1.0.3,RED,v4_red_MLLB_000_y103_0925,4.2,4.2,100,80,26,ince,False,iki-OK-arasi-monotonluk,,,,,,,,,,,,True,,935.0,4.0,9.5
2026-09-25 11:57:08,MLLB_000_y1.0.3,RED,v4_red_MLLB_000_y103_0925,4.2,4.2,100,80,27,ince,False,iki-OK-arasi-monotonluk,,,,,,,,,,,,True,,935.0,4.0,9.5
2026-09-25 11:57:08,MLLB_000_y1.0.3,RED,v4_red_MLLB_000_y103_0925,4.2,4.2,100,80,29,ince,False,iki-OK-arasi-monotonluk,,,,,,,,,,,,True,,935.0,4.0,9.5
2026-09-25 11:57:08,MLLB_000_y1.0.3,RED,v4_red_MLLB_000_y103_0925,4.2,4.2,100,80,30,ince,False,iki-OK-arasi-monotonluk,,,,,,,,,,,,True,,935.0,4.0,9.5
2026-09-25 11:57:08,MLLB_000_y1.0.3,RED,v4_red_MLLB_000_y103_0925,4.2,4.2,100,80,31,ince,False,iki-OK-arasi-monotonluk,,,,,,,,,,,,True,,935.0,4.0,9.5
2026-09-25 11:57:08,MLLB_000_y1.0.3,RED,v4_red_MLLB_000_y103_0925,4.2,4.2,100,80,33,ince,False,iki-OK-arasi-monotonluk,,,,,,,,,,,,True,,935.0,4.0,9.5
2026-09-25 11:57:08,MLLB_000_y1.0.3,RED,v4_red_MLLB_000_y103_0925,4.2,4.2,100,80,34,ince,False,iki-OK-arasi-monotonluk,,,,,,,,,,,,True,,935.0,4.0,9.5
2026-09-25 11:57:08,MLLB_000_y1.0.3,RED,v4_red_MLLB_000_y103_0925,4.2,4.2,100,80,35,ince,False,iki-OK-arasi-monotonluk,,,,,,,,,,,,True,,935.0,4.0,9.5
2026-09-25 11:57:08,MLLB_000_y1.0.3,RED,v4_red_MLLB_000_y103_0925,4.2,4.2,100,80,37,ince,False,iki-OK-arasi-monotonluk,,,,,,,,,,,,True,,935.0,4.0,9.5
2026-09-25 11:57:08,MLLB_000_y1.0.3,RED,v4_red_MLLB_000_y103_0925,4.2,4.2,100,80,38,ince,False,iki-OK-arasi-monotonluk,,,,,,,,,,,,True,,935.0,4.0,9.5
2026-09-25 11:57:08,MLLB_000_y1.0.3,RED,v4_red_MLLB_000_y103_0925,4.2,4.2,100,80,39,ince,False,iki-OK-arasi-monotonluk,,,,,,,,,,,,True,,935.0,4.0,9.5
2026-09-25 11:57:08,MLLB_000_y1.0.3,RED,v4_red_MLLB_000_y103_0925,4.2,4.2,100,80,41,ince,False,iki-OK-arasi-monotonluk,,,,,,,,,,,,True,,935.0,4.0,9.5
2026-09-25 11:57:08,MLLB_000_y1.0.3,RED,v4_red_MLLB_000_y103_0925,4.2,4.2,100,80,42,ince,False,iki-OK-arasi-monotonluk,,,,,,,,,,,,True,,935.0,4.0,9.5
2026-09-25 11:57:08,MLLB_000_y1.0.3,RED,v4_red_MLLB_000_y103_0925,4.2,4.2,100,80,43,ince,False,iki-OK-arasi-monotonluk,,,,,,,,,,,,True,,935.0,4.0,9.5
2026-09-25 11:57:08,MLLB_000_y1.0.3,RED,v4_red_MLLB_000_y103_0925,4.2,4.2,100,80,45,ince,False,iki-OK-arasi-monotonluk,,,,,,,,,,,,True,,935.0,4.0,9.5
2026-09-25 11:57:08,MLLB_000_y1.0.3,RED,v4_red_MLLB_000_y103_0925,4.2,4.2,100,80,46,ince,False,iki-OK-arasi-monotonluk,,,,,,,,,,,,True,,935.0,4.0,9.5
2026-09-25 11:57:08,MLLB_000_y1.0.3,RED,v4_red_MLLB_000_y103_0925,4.2,4.2,100,80,47,ince,False,iki-OK-arasi-monotonluk,,,,,,,,,,,,True,,935.0,4.0,9.5
2026-09-25 11:57:08,MLLB_000_y1.0.3,RED,v4_red_MLLB_000_y103_0925,4.2,4.2,100,80,49,ince,False,iki-OK-arasi-monotonluk,,,,,,,,,,,,True,,935.0,4.0,9.5
2026-09-25 11:57:08,MLLB_000_y1.0.3,RED,v4_red_MLLB_000_y103_0925,4.2,4.2,100,80,50,ince,False,iki-OK-arasi-monotonluk,,,,,,,,,,,,True,,935.0,4.0,9.5
2026-09-25 11:57:08,MLLB_000_y1.0.3,RED,v4_red_MLLB_000_y103_0925,4.2,4.2,100,80,51,ince,False,iki-OK-arasi-monotonluk,,,,,,,,,,,,True,,935.0,4.0,9.5
2026-09-25 11:57:08,MLLB_000_y1.0.3,RED,v4_red_MLLB_000_y103_0925,4.2,4.2,100,80,53,ince,False,iki-OK-arasi-monotonluk,,,,,,,,,,,,True,,935.0,4.0,9.5
2026-09-25 11:57:08,MLLB_000_y1.0.3,RED,v4_red_MLLB_000_y103_0925,4.2,4.2,100,80,54,ince,False,iki-OK-arasi-monotonluk,,,,,,,,,,,,True,,935.0,4.0,9.5
2026-09-25 11:57:08,MLLB_000_y1.0.3,RED,v4_red_MLLB_000_y103_0925,4.2,4.2,100,80,55,ince,False,iki-OK-arasi-monotonluk,,,,,,,,,,,,True,,935.0,4.0,9.5
2026-09-25 11:57:08,MLLB_000_y1.0.3,RED,v4_red_MLLB_000_y103_0925,4.2,4.2,100,80,57,ince,False,iki-OK-arasi-monotonluk,,,,,,,,,,,,True,,935.0,4.0,9.5
2026-09-25 11:57:08,MLLB_000_y1.0.3,RED,v4_red_MLLB_000_y103_0925,4.2,4.2,100,80,,bitti,False,,,,,,,,,,,,,,,935.0,4.0,9.5
2026-09-25 11:57:24,MLLB_000_y1.0.3,RED,v4_red_MLLB_000_y103_0925,4.2,4.2,100,60,12,kaba,True,,22.0,28.0,2.0,980.0,1002.0,1.055,243.864,231.094,0.7767,True,,True,,935.0,4.0,9.5
2026-09-25 11:57:40,MLLB_000_y1.0.3,RED,v4_red_MLLB_000_y103_0925,4.2,4.2,100,60,16,kaba,True,,22.0,28.0,2.0,980.0,1002.0,1.051,243.17,231.36,0.7766,True,,True,,935.0,4.0,9.5
2026-09-25 11:57:56,MLLB_000_y1.0.3,RED,v4_red_MLLB_000_y103_0925,4.2,4.2,100,60,20,kaba,True,,22.0,28.0,2.0,980.0,1002.0,1.051,243.093,231.326,0.7765,True,,True,,935.0,4.0,9.5
2026-09-25 11:58:12,MLLB_000_y1.0.3,RED,v4_red_MLLB_000_y103_0925,4.2,4.2,100,60,24,kaba,True,,22.0,28.0,2.0,980.0,1002.0,1.047,242.323,231.342,0.7767,True,,True,,935.0,4.0,9.5
2026-09-25 11:58:28,MLLB_000_y1.0.3,RED,v4_red_MLLB_000_y103_0925,4.2,4.2,100,60,28,kaba,True,,22.0,28.0,2.0,980.0,1002.0,1.049,242.323,231.11,0.7768,True,,True,,935.0,4.0,9.5
2026-09-25 11:58:44,MLLB_000_y1.0.3,RED,v4_red_MLLB_000_y103_0925,4.2,4.2,100,60,32,kaba,True,,22.0,28.0,2.0,980.0,1002.0,1.048,242.323,231.189,0.7771,True,,True,,935.0,4.0,9.5
2026-09-25 11:59:00,MLLB_000_y1.0.3,RED,v4_red_MLLB_000_y103_0925,4.2,4.2,100,60,36,kaba,True,,22.0,28.0,2.0,980.0,1002.0,1.048,242.323,231.197,0.7762,True,,True,,935.0,4.0,9.5
2026-09-25 11:59:15,MLLB_000_y1.0.3,RED,v4_red_MLLB_000_y103_0925,4.2,4.2,100,60,40,kaba,True,,22.0,28.0,2.0,980.0,1002.0,1.054,243.864,231.39,0.7768,True,,True,,935.0,4.0,9.5
2026-09-25 11:59:32,MLLB_000_y1.0.3,RED,v4_red_MLLB_000_y103_0925,4.2,4.2,100,60,44,kaba,True,,22.0,28.0,2.0,980.0,1002.0,1.055,243.864,231.229,0.7764,True,,True,,935.0,4.0,9.5
2026-09-25 11:59:48,MLLB_000_y1.0.3,RED,v4_red_MLLB_000_y103_0925,4.2,4.2,100,60,48,kaba,True,,22.0,28.0,2.0,980.0,1002.0,1.049,242.45,231.169,0.7763,True,,True,,935.0,4.0,9.5
2026-09-25 12:00:04,MLLB_000_y1.0.3,RED,v4_red_MLLB_000_y103_0925,4.2,4.2,100,60,52,kaba,True,,22.0,28.0,2.0,980.0,1002.0,1.052,243.347,231.271,0.7767,True,,True,,935.0,4.0,9.5
2026-09-25 12:00:20,MLLB_000_y1.0.3,RED,v4_red_MLLB_000_y103_0925,4.2,4.2,100,60,56,kaba,True,,22.0,28.0,2.0,980.0,1002.0,1.054,243.864,231.344,0.7766,True,,True,,935.0,4.0,9.5
2026-09-25 12:00:36,MLLB_000_y1.0.3,RED,v4_red_MLLB_000_y103_0925,4.2,4.2,100,60,58,kaba,True,,22.0,28.0,2.0,980.0,1002.0,1.052,243.361,231.379,0.7768,True,,True,,935.0,4.0,9.5
2026-09-25 12:00:36,MLLB_000_y1.0.3,RED,v4_red_MLLB_000_y103_0925,4.2,4.2,100,60,13,ince,False,iki-OK-arasi-monotonluk,,,,,,,,,,,,True,,935.0,4.0,9.5
2026-09-25 12:00:36,MLLB_000_y1.0.3,RED,v4_red_MLLB_000_y103_0925,4.2,4.2,100,60,14,ince,False,iki-OK-arasi-monotonluk,,,,,,,,,,,,True,,935.0,4.0,9.5
2026-09-25 12:00:36,MLLB_000_y1.0.3,RED,v4_red_MLLB_000_y103_0925,4.2,4.2,100,60,15,ince,False,iki-OK-arasi-monotonluk,,,,,,,,,,,,True,,935.0,4.0,9.5
2026-09-25 12:00:36,MLLB_000_y1.0.3,RED,v4_red_MLLB_000_y103_0925,4.2,4.2,100,60,17,ince,False,iki-OK-arasi-monotonluk,,,,,,,,,,,,True,,935.0,4.0,9.5
2026-09-25 12:00:36,MLLB_000_y1.0.3,RED,v4_red_MLLB_000_y103_0925,4.2,4.2,100,60,18,ince,False,iki-OK-arasi-monotonluk,,,,,,,,,,,,True,,935.0,4.0,9.5
2026-09-25 12:00:36,MLLB_000_y1.0.3,RED,v4_red_MLLB_000_y103_0925,4.2,4.2,100,60,19,ince,False,iki-OK-arasi-monotonluk,,,,,,,,,,,,True,,935.0,4.0,9.5
2026-09-25 12:00:36,MLLB_000_y1.0.3,RED,v4_red_MLLB_000_y103_0925,4.2,4.2,100,60,21,ince,False,iki-OK-arasi-monotonluk,,,,,,,,,,,,True,,935.0,4.0,9.5
2026-09-25 12:00:36,MLLB_000_y1.0.3,RED,v4_red_MLLB_000_y103_0925,4.2,4.2,100,60,22,ince,False,iki-OK-arasi-monotonluk,,,,,,,,,,,,True,,935.0,4.0,9.5
2026-09-25 12:00:36,MLLB_000_y1.0.3,RED,v4_red_MLLB_000_y103_0925,4.2,4.2,100,60,23,ince,False,iki-OK-arasi-monotonluk,,,,,,,,,,,,True,,935.0,4.0,9.5
2026-09-25 12:00:36,MLLB_000_y1.0.3,RED,v4_red_MLLB_000_y103_0925,4.2,4.2,100,60,25,ince,False,iki-OK-arasi-monotonluk,,,,,,,,,,,,True,,935.0,4.0,9.5
2026-09-25 12:00:36,MLLB_000_y1.0.3,RED,v4_red_MLLB_000_y103_0925,4.2,4.2,100,60,26,ince,False,iki-OK-arasi-monotonluk,,,,,,,,,,,,True,,935.0,4.0,9.5
2026-09-25 12:00:36,MLLB_000_y1.0.3,RED,v4_red_MLLB_000_y103_0925,4.2,4.2,100,60,27,ince,False,iki-OK-arasi-monotonluk,,,,,,,,,,,,True,,935.0,4.0,9.5
2026-09-25 12:00:36,MLLB_000_y1.0.3,RED,v4_red_MLLB_000_y103_0925,4.2,4.2,100,60,29,ince,False,iki-OK-arasi-monotonluk,,,,,,,,,,,,True,,935.0,4.0,9.5
2026-09-25 12:00:36,MLLB_000_y1.0.3,RED,v4_red_MLLB_000_y103_0925,4.2,4.2,100,60,30,ince,False,iki-OK-arasi-monotonluk,,,,,,,,,,,,True,,935.0,4.0,9.5
2026-09-25 12:00:36,MLLB_000_y1.0.3,RED,v4_red_MLLB_000_y103_0925,4.2,4.2,100,60,31,ince,False,iki-OK-arasi-monotonluk,,,,,,,,,,,,True,,935.0,4.0,9.5
2026-09-25 12:00:36,MLLB_000_y1.0.3,RED,v4_red_MLLB_000_y103_0925,4.2,4.2,100,60,33,ince,False,iki-OK-arasi-monotonluk,,,,,,,,,,,,True,,935.0,4.0,9.5
2026-09-25 12:00:36,MLLB_000_y1.0.3,RED,v4_red_MLLB_000_y103_0925,4.2,4.2,100,60,34,ince,False,iki-OK-arasi-monotonluk,,,,,,,,,,,,True,,935.0,4.0,9.5
2026-09-25 12:00:36,MLLB_000_y1.0.3,RED,v4_red_MLLB_000_y103_0925,4.2,4.2,100,60,35,ince,False,iki-OK-arasi-monotonluk,,,,,,,,,,,,True,,935.0,4.0,9.5
2026-09-25 12:00:36,MLLB_000_y1.0.3,RED,v4_red_MLLB_000_y103_0925,4.2,4.2,100,60,37,ince,False,iki-OK-arasi-monotonluk,,,,,,,,,,,,True,,935.0,4.0,9.5
2026-09-25 12:00:36,MLLB_000_y1.0.3,RED,v4_red_MLLB_000_y103_0925,4.2,4.2,100,60,38,ince,False,iki-OK-arasi-monotonluk,,,,,,,,,,,,True,,935.0,4.0,9.5
2026-09-25 12:00:36,MLLB_000_y1.0.3,RED,v4_red_MLLB_000_y103_0925,4.2,4.2,100,60,39,ince,False,iki-OK-arasi-monotonluk,,,,,,,,,,,,True,,935.0,4.0,9.5
2026-09-25 12:00:36,MLLB_000_y1.0.3,RED,v4_red_MLLB_000_y103_0925,4.2,4.2,100,60,41,ince,False,iki-OK-arasi-monotonluk,,,,,,,,,,,,True,,935.0,4.0,9.5
2026-09-25 12:00:36,MLLB_000_y1.0.3,RED,v4_red_MLLB_000_y103_0925,4.2,4.2,100,60,42,ince,False,iki-OK-arasi-monotonluk,,,,,,,,,,,,True,,935.0,4.0,9.5
2026-09-25 12:00:36,MLLB_000_y1.0.3,RED,v4_red_MLLB_000_y103_0925,4.2,4.2,100,60,43,ince,False,iki-OK-arasi-monotonluk,,,,,,,,,,,,True,,935.0,4.0,9.5
2026-09-25 12:00:36,MLLB_000_y1.0.3,RED,v4_red_MLLB_000_y103_0925,4.2,4.2,100,60,45,ince,False,iki-OK-arasi-monotonluk,,,,,,,,,,,,True,,935.0,4.0,9.5
2026-09-25 12:00:36,MLLB_000_y1.0.3,RED,v4_red_MLLB_000_y103_0925,4.2,4.2,100,60,46,ince,False,iki-OK-arasi-monotonluk,,,,,,,,,,,,True,,935.0,4.0,9.5
2026-09-25 12:00:36,MLLB_000_y1.0.3,RED,v4_red_MLLB_000_y103_0925,4.2,4.2,100,60,47,ince,False,iki-OK-arasi-monotonluk,,,,,,,,,,,,True,,935.0,4.0,9.5
2026-09-25 12:00:36,MLLB_000_y1.0.3,RED,v4_red_MLLB_000_y103_0925,4.2,4.2,100,60,49,ince,False,iki-OK-arasi-monotonluk,,,,,,,,,,,,True,,935.0,4.0,9.5
2026-09-25 12:00:36,MLLB_000_y1.0.3,RED,v4_red_MLLB_000_y103_0925,4.2,4.2,100,60,50,ince,False,iki-OK-arasi-monotonluk,,,,,,,,,,,,True,,935.0,4.0,9.5
2026-09-25 12:00:36,MLLB_000_y1.0.3,RED,v4_red_MLLB_000_y103_0925,4.2,4.2,100,60,51,ince,False,iki-OK-arasi-monotonluk,,,,,,,,,,,,True,,935.0,4.0,9.5
2026-09-25 12:00:36,MLLB_000_y1.0.3,RED,v4_red_MLLB_000_y103_0925,4.2,4.2,100,60,53,ince,False,iki-OK-arasi-monotonluk,,,,,,,,,,,,True,,935.0,4.0,9.5
2026-09-25 12:00:36,MLLB_000_y1.0.3,RED,v4_red_MLLB_000_y103_0925,4.2,4.2,100,60,54,ince,False,iki-OK-arasi-monotonluk,,,,,,,,,,,,True,,935.0,4.0,9.5
2026-09-25 12:00:36,MLLB_000_y1.0.3,RED,v4_red_MLLB_000_y103_0925,4.2,4.2,100,60,55,ince,False,iki-OK-arasi-monotonluk,,,,,,,,,,,,True,,935.0,4.0,9.5
2026-09-25 12:00:36,MLLB_000_y1.0.3,RED,v4_red_MLLB_000_y103_0925,4.2,4.2,100,60,57,ince,False,iki-OK-arasi-monotonluk,,,,,,,,,,,,True,,935.0,4.0,9.5
2026-09-25 12:00:36,MLLB_000_y1.0.3,RED,v4_red_MLLB_000_y103_0925,4.2,4.2,100,60,,bitti,False,,,,,,,,,,,,,,,935.0,4.0,9.5
2026-09-25 12:01:06,MLLB_000_y1.0.3,RED,v4_red_MLLB_000_y103_0925,3.6,3.609,6,100,12,kaba,True,,118.0,76.0,84.0,884.0,1002.0,1.08,10.554,9.769,0.7232,True,,False,ON,935.0,4.0,9.5
2026-09-25 12:01:22,MLLB_000_y1.0.3,RED,v4_red_MLLB_000_y103_0925,3.6,3.609,6,100,16,kaba,True,,26.0,86.0,6.0,976.0,1002.0,1.15,11.258,9.79,0.7225,True,,True,,935.0,4.0,9.5
2026-09-25 12:01:37,MLLB_000_y1.0.3,RED,v4_red_MLLB_000_y103_0925,3.6,3.609,6,100,20,kaba,True,,24.0,26.0,6.0,978.0,1002.0,8.755,85.653,9.783,0.7232,True,,False,FLAS,935.0,4.0,9.5
2026-09-25 12:01:54,MLLB_000_y1.0.3,RED,v4_red_MLLB_000_y103_0925,3.6,3.609,6,100,13,ince,True,,98.0,70.0,62.0,904.0,1002.0,1.071,10.485,9.789,0.722,True,,False,ON,935.0,4.0,9.5
2026-09-25 12:02:10,MLLB_000_y1.0.3,RED,v4_red_MLLB_000_y103_0925,3.6,3.609,6,100,14,ince,True,,74.0,84.0,40.0,928.0,1002.0,1.075,10.508,9.771,0.7233,True,,False,ON,935.0,4.0,9.5
2026-09-25 12:02:26,MLLB_000_y1.0.3,RED,v4_red_MLLB_000_y103_0925,3.6,3.609,6,100,15,ince,True,,54.0,76.0,16.0,948.0,1002.0,1.074,10.508,9.783,0.7223,True,,True,,935.0,4.0,9.5
2026-09-25 12:02:42,MLLB_000_y1.0.3,RED,v4_red_MLLB_000_y103_0925,3.6,3.609,6,100,17,ince,True,,24.0,26.0,6.0,978.0,1002.0,2.821,27.607,9.786,0.7203,True,,True,,935.0,4.0,9.5
2026-09-25 12:02:58,MLLB_000_y1.0.3,RED,v4_red_MLLB_000_y103_0925,3.6,3.609,6,100,18,ince,True,,24.0,26.0,6.0,978.0,1002.0,4.435,43.4,9.785,0.722,True,,False,FLAS,935.0,4.0,9.5
2026-09-25 12:03:10,MLLB_000_y1.0.3,RED,v4_red_MLLB_000_y103_0925,3.6,3.609,6,100,19,ince,True,,24.0,26.0,6.0,978.0,1002.0,5.985,58.478,9.77,0.7225,True,,False,FLAS,935.0,4.0,9.5
2026-09-25 12:03:10,MLLB_000_y1.0.3,RED,v4_red_MLLB_000_y103_0925,3.6,3.609,6,100,,bitti,False,,,,,,,,,,,,,,,935.0,4.0,9.5
2026-09-25 12:03:26,MLLB_000_y1.0.3,RED,v4_red_MLLB_000_y103_0925,3.6,3.609,6,80,12,kaba,True,,162.0,70.0,126.0,840.0,1002.0,1.074,10.484,9.761,0.7199,True,,False,ON,935.0,4.0,9.5
2026-09-25 12:03:41,MLLB_000_y1.0.3,RED,v4_red_MLLB_000_y103_0925,3.6,3.609,6,80,16,kaba,True,,90.0,70.0,54.0,912.0,1002.0,1.07,10.466,9.781,0.7188,True,,False,ON,935.0,4.0,9.5
2026-09-25 12:03:58,MLLB_000_y1.0.3,RED,v4_red_MLLB_000_y103_0925,3.6,3.609,6,80,20,kaba,True,,24.0,26.0,6.0,978.0,1002.0,2.03,19.884,9.797,0.7209,True,,True,,935.0,4.0,9.5
2026-09-25 12:04:14,MLLB_000_y1.0.3,RED,v4_red_MLLB_000_y103_0925,3.6,3.609,6,80,24,kaba,True,,24.0,26.0,6.0,978.0,1002.0,7.929,77.502,9.774,0.7185,True,,False,FLAS,935.0,4.0,9.5
2026-09-25 12:04:30,MLLB_000_y1.0.3,RED,v4_red_MLLB_000_y103_0925,3.6,3.609,6,80,28,kaba,True,,24.0,26.0,6.0,978.0,1002.0,10.366,101.473,9.789,0.7204,True,,False,FLAS,935.0,4.0,9.5
2026-09-25 12:04:46,MLLB_000_y1.0.3,RED,v4_red_MLLB_000_y103_0925,3.6,3.609,6,80,17,ince,True,,74.0,82.0,38.0,928.0,1002.0,1.074,10.508,9.788,0.7212,True,,False,ON,935.0,4.0,9.5
2026-09-25 12:05:02,MLLB_000_y1.0.3,RED,v4_red_MLLB_000_y103_0925,3.6,3.609,6,80,18,ince,True,,54.0,102.0,18.0,948.0,1002.0,1.074,10.514,9.789,0.7183,True,,True,,935.0,4.0,9.5
2026-09-25 12:05:18,MLLB_000_y1.0.3,RED,v4_red_MLLB_000_y103_0925,3.6,3.609,6,80,19,ince,True,,32.0,124.0,8.0,970.0,1002.0,1.07,10.472,9.786,0.7219,True,,True,,935.0,4.0,9.5
2026-09-25 12:05:34,MLLB_000_y1.0.3,RED,v4_red_MLLB_000_y103_0925,3.6,3.609,6,80,21,ince,True,,24.0,26.0,6.0,978.0,1002.0,3.378,33.084,9.794,0.7205,True,,True,,935.0,4.0,9.5
2026-09-25 12:05:50,MLLB_000_y1.0.3,RED,v4_red_MLLB_000_y103_0925,3.6,3.609,6,80,22,ince,True,,24.0,26.0,6.0,978.0,1002.0,4.805,46.952,9.77,0.7207,True,,False,FLAS,935.0,4.0,9.5
2026-09-25 12:06:06,MLLB_000_y1.0.3,RED,v4_red_MLLB_000_y103_0925,3.6,3.609,6,80,23,ince,True,,24.0,26.0,6.0,978.0,1002.0,6.04,58.98,9.765,0.7216,True,,False,FLAS,935.0,4.0,9.5
2026-09-25 12:06:06,MLLB_000_y1.0.3,RED,v4_red_MLLB_000_y103_0925,3.6,3.609,6,80,,bitti,False,,,,,,,,,,,,,,,935.0,4.0,9.5
2026-09-25 12:06:22,MLLB_000_y1.0.3,RED,v4_red_MLLB_000_y103_0925,3.6,3.609,6,60,12,kaba,True,,206.0,70.0,174.0,796.0,1002.0,1.079,10.508,9.742,0.7213,True,,False,ON,935.0,4.0,9.5
2026-09-25 12:06:38,MLLB_000_y1.0.3,RED,v4_red_MLLB_000_y103_0925,3.6,3.609,6,60,16,kaba,True,,158.0,70.0,122.0,844.0,1002.0,1.074,10.462,9.743,0.7192,True,,False,ON,935.0,4.0,9.5
2026-09-25 12:06:53,MLLB_000_y1.0.3,RED,v4_red_MLLB_000_y103_0925,3.6,3.609,6,60,20,kaba,True,,106.0,66.0,70.0,896.0,1002.0,1.07,10.462,9.78,0.7212,True,,False,ON,935.0,4.0,9.5
2026-09-25 12:07:09,MLLB_000_y1.0.3,RED,v4_red_MLLB_000_y103_0925,3.6,3.609,6,60,24,kaba,True,,54.0,78.0,18.0,948.0,1002.0,1.074,10.483,9.764,0.7209,True,,True,,935.0,4.0,9.5
2026-09-25 12:07:26,MLLB_000_y1.0.3,RED,v4_red_MLLB_000_y103_0925,3.6,3.609,6,60,28,kaba,True,,32.0,26.0,14.0,970.0,1002.0,3.705,36.199,9.772,0.7225,True,,True,,935.0,4.0,9.5
2026-09-25 12:07:42,MLLB_000_y1.0.3,RED,v4_red_MLLB_000_y103_0925,3.6,3.609,6,60,32,kaba,True,,32.0,26.0,14.0,970.0,1002.0,7.859,76.861,9.78,0.723,True,,False,FLAS,935.0,4.0,9.5
2026-09-25 12:07:57,MLLB_000_y1.0.3,RED,v4_red_MLLB_000_y103_0925,3.6,3.609,6,60,36,kaba,True,,32.0,26.0,14.0,970.0,1002.0,9.36,91.661,9.792,0.723,True,,False,FLAS,935.0,4.0,9.5
2026-09-25 12:08:14,MLLB_000_y1.0.3,RED,v4_red_MLLB_000_y103_0925,3.6,3.609,6,60,21,ince,True,,94.0,94.0,58.0,908.0,1002.0,1.071,10.462,9.773,0.7223,True,,False,ON,935.0,4.0,9.5
2026-09-25 12:08:30,MLLB_000_y1.0.3,RED,v4_red_MLLB_000_y103_0925,3.6,3.609,6,60,22,ince,True,,80.0,78.0,46.0,922.0,1002.0,1.068,10.441,9.772,0.7232,True,,False,ON,935.0,4.0,9.5
2026-09-25 12:08:46,MLLB_000_y1.0.3,RED,v4_red_MLLB_000_y103_0925,3.6,3.609,6,60,23,ince,True,,66.0,90.0,30.0,936.0,1002.0,1.072,10.471,9.765,0.7205,True,,True,,935.0,4.0,9.5
2026-09-25 12:08:46,MLLB_000_y1.0.3,RED,v4_red_MLLB_000_y103_0925,3.6,3.609,6,60,25,ince,False,iki-OK-arasi-monotonluk,,,,,,,,,,,,True,,935.0,4.0,9.5
2026-09-25 12:08:46,MLLB_000_y1.0.3,RED,v4_red_MLLB_000_y103_0925,3.6,3.609,6,60,26,ince,False,iki-OK-arasi-monotonluk,,,,,,,,,,,,True,,935.0,4.0,9.5
2026-09-25 12:08:46,MLLB_000_y1.0.3,RED,v4_red_MLLB_000_y103_0925,3.6,3.609,6,60,27,ince,False,iki-OK-arasi-monotonluk,,,,,,,,,,,,True,,935.0,4.0,9.5
2026-09-25 12:09:02,MLLB_000_y1.0.3,RED,v4_red_MLLB_000_y103_0925,3.6,3.609,6,60,29,ince,True,,32.0,26.0,14.0,970.0,1002.0,4.686,45.767,9.767,0.7217,True,,False,FLAS,935.0,4.0,9.5
2026-09-25 12:09:18,MLLB_000_y1.0.3,RED,v4_red_MLLB_000_y103_0925,3.6,3.609,6,60,30,ince,True,,32.0,26.0,14.0,970.0,1002.0,5.592,54.706,9.782,0.721,True,,False,FLAS,935.0,4.0,9.5
2026-09-25 12:09:34,MLLB_000_y1.0.3,RED,v4_red_MLLB_000_y103_0925,3.6,3.609,6,60,31,ince,True,,32.0,26.0,14.0,970.0,1002.0,6.357,62.155,9.778,0.7234,True,,False,FLAS,935.0,4.0,9.5
2026-09-25 12:09:34,MLLB_000_y1.0.3,RED,v4_red_MLLB_000_y103_0925,3.6,3.609,6,60,,bitti,False,,,,,,,,,,,,,,,935.0,4.0,9.5
2026-09-25 12:09:56,MLLB_000_y1.0.3,RED,v4_red_MLLB_000_y103_0925,3.6,3.609,7,100,12,kaba,True,,98.0,50.0,70.0,904.0,1002.0,1.067,12.903,12.092,0.7763,True,,False,ON,935.0,4.0,9.5
2026-09-25 12:10:12,MLLB_000_y1.0.3,RED,v4_red_MLLB_000_y103_0925,3.6,3.609,7,100,16,kaba,True,,26.0,54.0,6.0,976.0,1002.0,1.067,12.903,12.088,0.7771,True,,True,,935.0,4.0,9.5
2026-09-25 12:10:27,MLLB_000_y1.0.3,RED,v4_red_MLLB_000_y103_0925,3.6,3.609,7,100,20,kaba,True,,26.0,28.0,6.0,976.0,1002.0,6.962,84.152,12.088,0.7773,True,,False,FLAS,935.0,4.0,9.5
2026-09-25 12:10:44,MLLB_000_y1.0.3,RED,v4_red_MLLB_000_y103_0925,3.6,3.609,7,100,24,kaba,True,,26.0,28.0,6.0,976.0,1002.0,10.594,127.884,12.071,0.7772,True,,False,FLAS,935.0,4.0,9.5
2026-09-25 12:11:00,MLLB_000_y1.0.3,RED,v4_red_MLLB_000_y103_0925,3.6,3.609,7,100,13,ince,True,,80.0,52.0,52.0,922.0,1002.0,1.07,12.91,12.066,0.7771,True,,False,ON,935.0,4.0,9.5
2026-09-25 12:11:16,MLLB_000_y1.0.3,RED,v4_red_MLLB_000_y103_0925,3.6,3.609,7,100,14,ince,True,,62.0,50.0,34.0,940.0,1002.0,1.066,12.869,12.071,0.7767,True,,True,,935.0,4.0,9.5
2026-09-25 12:11:32,MLLB_000_y1.0.3,RED,v4_red_MLLB_000_y103_0925,3.6,3.609,7,100,15,ince,True,,46.0,52.0,16.0,956.0,1002.0,1.06,12.81,12.089,0.7767,True,,True,,935.0,4.0,9.5
2026-09-25 12:11:48,MLLB_000_y1.0.3,RED,v4_red_MLLB_000_y103_0925,3.6,3.609,7,100,17,ince,True,,26.0,28.0,6.0,976.0,1002.0,2.228,26.961,12.099,0.7774,True,,True,,935.0,4.0,9.5
2026-09-25 12:12:04,MLLB_000_y1.0.3,RED,v4_red_MLLB_000_y103_0925,3.6,3.609,7,100,18,ince,True,,26.0,28.0,6.0,976.0,1002.0,3.74,45.255,12.099,0.7771,True,,True,,935.0,4.0,9.5
2026-09-25 12:12:20,MLLB_000_y1.0.3,RED,v4_red_MLLB_000_y103_0925,3.6,3.609,7,100,19,ince,True,,26.0,28.0,6.0,976.0,1002.0,6.09,73.656,12.095,0.7768,True,,False,FLAS,935.0,4.0,9.5
2026-09-25 12:12:20,MLLB_000_y1.0.3,RED,v4_red_MLLB_000_y103_0925,3.6,3.609,7,100,,bitti,False,,,,,,,,,,,,,,,935.0,4.0,9.5
2026-09-25 12:12:36,MLLB_000_y1.0.3,RED,v4_red_MLLB_000_y103_0925,3.6,3.609,7,80,12,kaba,True,,132.0,48.0,104.0,870.0,1002.0,1.066,12.856,12.063,0.7768,True,,False,ON,935.0,4.0,9.5
2026-09-25 12:12:52,MLLB_000_y1.0.3,RED,v4_red_MLLB_000_y103_0925,3.6,3.609,7,80,16,kaba,True,,76.0,54.0,46.0,926.0,1002.0,1.064,12.893,12.112,0.7768,True,,False,ON,935.0,4.0,9.5
2026-09-25 12:13:08,MLLB_000_y1.0.3,RED,v4_red_MLLB_000_y103_0925,3.6,3.609,7,80,20,kaba,True,,26.0,28.0,6.0,976.0,1002.0,1.722,20.834,12.101,0.7768,True,,True,,935.0,4.0,9.5
2026-09-25 12:13:24,MLLB_000_y1.0.3,RED,v4_red_MLLB_000_y103_0925,3.6,3.609,7,80,24,kaba,True,,26.0,28.0,6.0,976.0,1002.0,6.827,82.652,12.106,0.7764,True,,False,FLAS,935.0,4.0,9.5
2026-09-25 12:13:40,MLLB_000_y1.0.3,RED,v4_red_MLLB_000_y103_0925,3.6,3.609,7,80,28,kaba,True,,26.0,28.0,6.0,976.0,1002.0,8.957,108.214,12.081,0.7764,True,,False,FLAS,935.0,4.0,9.5
2026-09-25 12:13:56,MLLB_000_y1.0.3,RED,v4_red_MLLB_000_y103_0925,3.6,3.609,7,80,17,ince,True,,62.0,50.0,34.0,940.0,1002.0,1.067,12.925,12.112,0.7766,True,,True,,935.0,4.0,9.5
2026-09-25 12:14:12,MLLB_000_y1.0.3,RED,v4_red_MLLB_000_y103_0925,3.6,3.609,7,80,18,ince,True,,48.0,54.0,18.0,954.0,1002.0,1.065,12.863,12.082,0.7771,True,,True,,935.0,4.0,9.5
2026-09-25 12:14:28,MLLB_000_y1.0.3,RED,v4_red_MLLB_000_y103_0925,3.6,3.609,7,80,19,ince,True,,30.0,46.0,10.0,972.0,1002.0,1.063,12.894,12.127,0.7764,True,,True,,935.0,4.0,9.5
2026-09-25 12:14:44,MLLB_000_y1.0.3,RED,v4_red_MLLB_000_y103_0925,3.6,3.609,7,80,21,ince,True,,26.0,28.0,6.0,976.0,1002.0,2.903,35.177,12.118,0.7765,True,,True,,935.0,4.0,9.5
2026-09-25 12:14:56,MLLB_000_y1.0.3,RED,v4_red_MLLB_000_y103_0925,3.6,3.609,7,80,22,ince,True,,26.0,28.0,6.0,976.0,1002.0,4.12,49.882,12.106,0.7765,True,,False,FLAS,935.0,4.0,9.5
2026-09-25 12:15:12,MLLB_000_y1.0.3,RED,v4_red_MLLB_000_y103_0925,3.6,3.609,7,80,23,ince,True,,26.0,28.0,6.0,976.0,1002.0,6.212,75.155,12.099,0.777,True,,False,FLAS,935.0,4.0,9.5
2026-09-25 12:15:12,MLLB_000_y1.0.3,RED,v4_red_MLLB_000_y103_0925,3.6,3.609,7,80,,bitti,False,,,,,,,,,,,,,,,935.0,4.0,9.5
2026-09-25 12:15:28,MLLB_000_y1.0.3,RED,v4_red_MLLB_000_y103_0925,3.6,3.609,7,60,12,kaba,True,,170.0,50.0,142.0,832.0,1002.0,1.07,12.903,12.062,0.7769,True,,False,ON,935.0,4.0,9.5
2026-09-25 12:15:44,MLLB_000_y1.0.3,RED,v4_red_MLLB_000_y103_0925,3.6,3.609,7,60,16,kaba,True,,130.0,46.0,102.0,872.0,1002.0,1.068,12.903,12.078,0.7766,True,,False,ON,935.0,4.0,9.5
2026-09-25 12:16:00,MLLB_000_y1.0.3,RED,v4_red_MLLB_000_y103_0925,3.6,3.609,7,60,20,kaba,True,,90.0,50.0,62.0,912.0,1002.0,1.07,12.968,12.114,0.7768,True,,False,ON,935.0,4.0,9.5
2026-09-25 12:16:16,MLLB_000_y1.0.3,RED,v4_red_MLLB_000_y103_0925,3.6,3.609,7,60,24,kaba,True,,46.0,52.0,20.0,956.0,1002.0,1.067,12.903,12.087,0.7769,True,,True,,935.0,4.0,9.5
2026-09-25 12:16:32,MLLB_000_y1.0.3,RED,v4_red_MLLB_000_y103_0925,3.6,3.609,7,60,28,kaba,True,,34.0,28.0,14.0,968.0,1002.0,3.242,39.246,12.107,0.7763,True,,True,,935.0,4.0,9.5
2026-09-25 12:16:48,MLLB_000_y1.0.3,RED,v4_red_MLLB_000_y103_0925,3.6,3.609,7,60,32,kaba,True,,34.0,28.0,14.0,968.0,1002.0,6.598,79.848,12.101,0.7772,True,,False,FLAS,935.0,4.0,9.5
2026-09-25 12:17:04,MLLB_000_y1.0.3,RED,v4_red_MLLB_000_y103_0925,3.6,3.609,7,60,36,kaba,True,,34.0,28.0,14.0,968.0,1002.0,7.821,94.667,12.104,0.7777,True,,False,FLAS,935.0,4.0,9.5
2026-09-25 12:17:20,MLLB_000_y1.0.3,RED,v4_red_MLLB_000_y103_0925,3.6,3.609,7,60,21,ince,True,,78.0,50.0,50.0,924.0,1002.0,1.066,12.903,12.108,0.7772,True,,False,ON,935.0,4.0,9.5
2026-09-25 12:17:36,MLLB_000_y1.0.3,RED,v4_red_MLLB_000_y103_0925,3.6,3.609,7,60,22,ince,True,,68.0,54.0,38.0,934.0,1002.0,1.067,12.903,12.092,0.777,True,,False,ON,935.0,4.0,9.5
2026-09-25 12:17:52,MLLB_000_y1.0.3,RED,v4_red_MLLB_000_y103_0925,3.6,3.609,7,60,23,ince,True,,58.0,54.0,26.0,944.0,1002.0,1.068,12.904,12.077,0.7772,True,,True,,935.0,4.0,9.5
2026-09-25 12:17:52,MLLB_000_y1.0.3,RED,v4_red_MLLB_000_y103_0925,3.6,3.609,7,60,25,ince,False,iki-OK-arasi-monotonluk,,,,,,,,,,,,True,,935.0,4.0,9.5
2026-09-25 12:17:52,MLLB_000_y1.0.3,RED,v4_red_MLLB_000_y103_0925,3.6,3.609,7,60,26,ince,False,iki-OK-arasi-monotonluk,,,,,,,,,,,,True,,935.0,4.0,9.5
2026-09-25 12:17:52,MLLB_000_y1.0.3,RED,v4_red_MLLB_000_y103_0925,3.6,3.609,7,60,27,ince,False,iki-OK-arasi-monotonluk,,,,,,,,,,,,True,,935.0,4.0,9.5
2026-09-25 12:18:07,MLLB_000_y1.0.3,RED,v4_red_MLLB_000_y103_0925,3.6,3.609,7,60,29,ince,True,,34.0,28.0,14.0,968.0,1002.0,4.017,48.629,12.105,0.7772,True,,False,FLAS,935.0,4.0,9.5
2026-09-25 12:18:24,MLLB_000_y1.0.3,RED,v4_red_MLLB_000_y103_0925,3.6,3.609,7,60,30,ince,True,,34.0,28.0,14.0,968.0,1002.0,4.776,57.712,12.083,0.7774,True,,False,FLAS,935.0,4.0,9.5
2026-09-25 12:18:40,MLLB_000_y1.0.3,RED,v4_red_MLLB_000_y103_0925,3.6,3.609,7,60,31,ince,True,,34.0,28.0,14.0,968.0,1002.0,6.219,75.155,12.084,0.7774,True,,False,FLAS,935.0,4.0,9.5
2026-09-25 12:18:40,MLLB_000_y1.0.3,RED,v4_red_MLLB_000_y103_0925,3.6,3.609,7,60,,bitti,False,,,,,,,,,,,,,,,935.0,4.0,9.5
2026-09-25 12:19:02,MLLB_000_y1.0.3,RED,v4_red_MLLB_000_y103_0925,3.6,3.609,8,100,12,kaba,True,,84.0,40.0,60.0,918.0,1002.0,1.066,15.449,14.497,0.7767,True,,False,ON,935.0,4.0,9.5
2026-09-25 12:19:18,MLLB_000_y1.0.3,RED,v4_red_MLLB_000_y103_0925,3.6,3.609,8,100,16,kaba,True,,26.0,28.0,6.0,976.0,1002.0,1.063,15.421,14.513,0.777,True,,True,,935.0,4.0,9.5
2026-09-25 12:19:34,MLLB_000_y1.0.3,RED,v4_red_MLLB_000_y103_0925,3.6,3.609,8,100,20,kaba,True,,26.0,28.0,6.0,976.0,1002.0,5.809,84.189,14.492,0.7767,True,,False,FLAS,935.0,4.0,9.5
2026-09-25 12:19:50,MLLB_000_y1.0.3,RED,v4_red_MLLB_000_y103_0925,3.6,3.609,8,100,24,kaba,True,,26.0,28.0,6.0,976.0,1002.0,8.803,127.837,14.522,0.7765,True,,False,FLAS,935.0,4.0,9.5
2026-09-25 12:20:06,MLLB_000_y1.0.3,RED,v4_red_MLLB_000_y103_0925,3.6,3.609,8,100,13,ince,True,,70.0,36.0,46.0,932.0,1002.0,1.065,15.421,14.48,0.7768,True,,False,ON,935.0,4.0,9.5
2026-09-25 12:20:22,MLLB_000_y1.0.3,RED,v4_red_MLLB_000_y103_0925,3.6,3.609,8,100,14,ince,True,,56.0,42.0,30.0,946.0,1002.0,1.057,15.327,14.502,0.777,True,,True,,935.0,4.0,9.5
2026-09-25 12:20:38,MLLB_000_y1.0.3,RED,v4_red_MLLB_000_y103_0925,3.6,3.609,8,100,15,ince,True,,40.0,40.0,14.0,962.0,1002.0,1.063,15.421,14.511,0.7769,True,,True,,935.0,4.0,9.5
2026-09-25 12:20:50,MLLB_000_y1.0.3,RED,v4_red_MLLB_000_y103_0925,3.6,3.609,8,100,17,ince,True,,26.0,28.0,6.0,976.0,1002.0,1.877,27.169,14.479,0.7768,True,,True,,935.0,4.0,9.5
2026-09-25 12:21:06,MLLB_000_y1.0.3,RED,v4_red_MLLB_000_y103_0925,3.6,3.609,8,100,18,ince,True,,26.0,28.0,6.0,976.0,1002.0,3.12,45.254,14.504,0.7775,True,,True,,935.0,4.0,9.5
2026-09-25 12:21:22,MLLB_000_y1.0.3,RED,v4_red_MLLB_000_y103_0925,3.6,3.609,8,100,19,ince,True,,26.0,28.0,6.0,976.0,1002.0,4.974,72.191,14.512,0.777,True,,False,FLAS,935.0,4.0,9.5
2026-09-25 12:21:22,MLLB_000_y1.0.3,RED,v4_red_MLLB_000_y103_0925,3.6,3.609,8,100,,bitti,False,,,,,,,,,,,,,,,935.0,4.0,9.5
2026-09-25 12:21:38,MLLB_000_y1.0.3,RED,v4_red_MLLB_000_y103_0925,3.6,3.609,8,80,12,kaba,True,,112.0,38.0,88.0,890.0,1002.0,1.065,15.421,14.485,0.7768,True,,False,ON,935.0,4.0,9.5
2026-09-25 12:21:54,MLLB_000_y1.0.3,RED,v4_red_MLLB_000_y103_0925,3.6,3.609,8,80,16,kaba,True,,66.0,36.0,42.0,936.0,1002.0,1.064,15.421,14.496,0.7766,True,,True,,935.0,4.0,9.5
2026-09-25 12:22:06,MLLB_000_y1.0.3,RED,v4_red_MLLB_000_y103_0925,3.6,3.609,8,80,20,kaba,True,,26.0,28.0,6.0,976.0,1002.0,1.417,20.516,14.475,0.7765,True,,True,,935.0,4.0,9.5
2026-09-25 12:22:22,MLLB_000_y1.0.3,RED,v4_red_MLLB_000_y103_0925,3.6,3.609,8,80,24,kaba,True,,26.0,28.0,6.0,976.0,1002.0,5.6,81.152,14.491,0.777,True,,False,FLAS,935.0,4.0,9.5
2026-09-25 12:22:34,MLLB_000_y1.0.3,RED,v4_red_MLLB_000_y103_0925,3.6,3.609,8,80,28,kaba,True,,26.0,28.0,6.0,976.0,1002.0,7.464,108.214,14.498,0.7771,True,,False,FLAS,935.0,4.0,9.5
2026-09-25 12:22:50,MLLB_000_y1.0.3,RED,v4_red_MLLB_000_y103_0925,3.6,3.609,8,80,13,ince,True,,102.0,36.0,78.0,900.0,1002.0,1.066,15.421,14.471,0.7765,True,,False,ON,935.0,4.0,9.5
2026-09-25 12:23:06,MLLB_000_y1.0.3,RED,v4_red_MLLB_000_y103_0925,3.6,3.609,8,80,14,ince,True,,90.0,36.0,66.0,912.0,1002.0,1.064,15.421,14.488,0.7765,True,,False,ON,935.0,4.0,9.5
2026-09-25 12:23:22,MLLB_000_y1.0.3,RED,v4_red_MLLB_000_y103_0925,3.6,3.609,8,80,15,ince,True,,78.0,36.0,54.0,924.0,1002.0,1.058,15.337,14.494,0.7764,True,,False,ON,935.0,4.0,9.5
2026-09-25 12:23:22,MLLB_000_y1.0.3,RED,v4_red_MLLB_000_y103_0925,3.6,3.609,8,80,17,ince,False,iki-OK-arasi-monotonluk,,,,,,,,,,,,True,,935.0,4.0,9.5
2026-09-25 12:23:22,MLLB_000_y1.0.3,RED,v4_red_MLLB_000_y103_0925,3.6,3.609,8,80,18,ince,False,iki-OK-arasi-monotonluk,,,,,,,,,,,,True,,935.0,4.0,9.5
2026-09-25 12:23:22,MLLB_000_y1.0.3,RED,v4_red_MLLB_000_y103_0925,3.6,3.609,8,80,19,ince,False,iki-OK-arasi-monotonluk,,,,,,,,,,,,True,,935.0,4.0,9.5
2026-09-25 12:23:38,MLLB_000_y1.0.3,RED,v4_red_MLLB_000_y103_0925,3.6,3.609,8,80,21,ince,True,,26.0,28.0,6.0,976.0,1002.0,2.337,33.888,14.5,0.777,True,,True,,935.0,4.0,9.5
2026-09-25 12:23:54,MLLB_000_y1.0.3,RED,v4_red_MLLB_000_y103_0925,3.6,3.609,8,80,22,ince,True,,26.0,28.0,6.0,976.0,1002.0,3.334,48.358,14.506,0.777,True,,True,,935.0,4.0,9.5
2026-09-25 12:24:09,MLLB_000_y1.0.3,RED,v4_red_MLLB_000_y103_0925,3.6,3.609,8,80,23,ince,True,,26.0,28.0,6.0,976.0,1002.0,4.248,61.529,14.486,0.7771,True,,False,FLAS,935.0,4.0,9.5
2026-09-25 12:24:10,MLLB_000_y1.0.3,RED,v4_red_MLLB_000_y103_0925,3.6,3.609,8,80,,bitti,False,,,,,,,,,,,,,,,935.0,4.0,9.5
2026-09-25 12:24:26,MLLB_000_y1.0.3,RED,v4_red_MLLB_000_y103_0925,3.6,3.609,8,60,12,kaba,True,,144.0,42.0,118.0,858.0,1002.0,1.06,15.327,14.455,0.7773,True,,False,ON,935.0,4.0,9.5
2026-09-25 12:24:42,MLLB_000_y1.0.3,RED,v4_red_MLLB_000_y103_0925,3.6,3.609,8,60,16,kaba,True,,112.0,36.0,86.0,890.0,1002.0,1.06,15.327,14.465,0.7772,True,,False,ON,935.0,4.0,9.5
2026-09-25 12:24:58,MLLB_000_y1.0.3,RED,v4_red_MLLB_000_y103_0925,3.6,3.609,8,60,20,kaba,True,,78.0,36.0,54.0,924.0,1002.0,1.061,15.374,14.488,0.7771,True,,False,ON,935.0,4.0,9.5
2026-09-25 12:25:14,MLLB_000_y1.0.3,RED,v4_red_MLLB_000_y103_0925,3.6,3.609,8,60,24,kaba,True,,42.0,42.0,18.0,960.0,1002.0,1.064,15.421,14.495,0.7771,True,,True,,935.0,4.0,9.5
2026-09-25 12:25:30,MLLB_000_y1.0.3,RED,v4_red_MLLB_000_y103_0925,3.6,3.609,8,60,28,kaba,True,,34.0,28.0,14.0,968.0,1002.0,2.63,38.15,14.505,0.7768,True,,True,,935.0,4.0,9.5
2026-09-25 12:25:46,MLLB_000_y1.0.3,RED,v4_red_MLLB_000_y103_0925,3.6,3.609,8,60,32,kaba,True,,34.0,28.0,14.0,968.0,1002.0,5.448,79.049,14.51,0.7774,True,,False,FLAS,935.0,4.0,9.5
2026-09-25 12:26:02,MLLB_000_y1.0.3,RED,v4_red_MLLB_000_y103_0925,3.6,3.609,8,60,36,kaba,True,,34.0,28.0,14.0,968.0,1002.0,6.531,94.667,14.496,0.7767,True,,False,FLAS,935.0,4.0,9.5
2026-09-25 12:26:17,MLLB_000_y1.0.3,RED,v4_red_MLLB_000_y103_0925,3.6,3.609,8,60,21,ince,True,,70.0,36.0,46.0,932.0,1002.0,1.064,15.421,14.492,0.776,True,,False,ON,935.0,4.0,9.5
2026-09-25 12:26:34,MLLB_000_y1.0.3,RED,v4_red_MLLB_000_y103_0925,3.6,3.609,8,60,22,ince,True,,60.0,40.0,34.0,942.0,1002.0,1.057,15.355,14.524,0.777,True,,True,,935.0,4.0,9.5
2026-09-25 12:26:50,MLLB_000_y1.0.3,RED,v4_red_MLLB_000_y103_0925,3.6,3.609,8,60,23,ince,True,,52.0,40.0,26.0,950.0,1002.0,1.063,15.421,14.505,0.777,True,,True,,935.0,4.0,9.5
2026-09-25 12:26:50,MLLB_000_y1.0.3,RED,v4_red_MLLB_000_y103_0925,3.6,3.609,8,60,25,ince,False,iki-OK-arasi-monotonluk,,,,,,,,,,,,True,,935.0,4.0,9.5
2026-09-25 12:26:50,MLLB_000_y1.0.3,RED,v4_red_MLLB_000_y103_0925,3.6,3.609,8,60,26,ince,False,iki-OK-arasi-monotonluk,,,,,,,,,,,,True,,935.0,4.0,9.5
2026-09-25 12:26:50,MLLB_000_y1.0.3,RED,v4_red_MLLB_000_y103_0925,3.6,3.609,8,60,27,ince,False,iki-OK-arasi-monotonluk,,,,,,,,,,,,True,,935.0,4.0,9.5
2026-09-25 12:27:02,MLLB_000_y1.0.3,RED,v4_red_MLLB_000_y103_0925,3.6,3.609,8,60,29,ince,True,,34.0,28.0,14.0,968.0,1002.0,3.304,47.859,14.487,0.7774,True,,True,,935.0,4.0,9.5
2026-09-25 12:27:18,MLLB_000_y1.0.3,RED,v4_red_MLLB_000_y103_0925,3.6,3.609,8,60,30,ince,True,,36.0,28.0,16.0,968.0,1004.0,3.932,57.069,14.512,0.777,True,,True,,935.0,4.0,9.5
2026-09-25 12:27:34,MLLB_000_y1.0.3,RED,v4_red_MLLB_000_y103_0925,3.6,3.609,8,60,31,ince,True,,36.0,28.0,16.0,968.0,1004.0,5.075,73.656,14.513,0.7772,True,,False,FLAS,935.0,4.0,9.5
2026-09-25 12:27:34,MLLB_000_y1.0.3,RED,v4_red_MLLB_000_y103_0925,3.6,3.609,8,60,,bitti,False,,,,,,,,,,,,,,,935.0,4.0,9.5
2026-09-25 12:27:56,MLLB_000_y1.0.3,RED,v4_red_MLLB_000_y103_0925,3.6,3.609,10,100,12,kaba,True,,68.0,32.0,46.0,934.0,1002.0,1.053,20.268,19.251,0.7769,True,,False,ON,935.0,4.0,9.5
2026-09-25 12:28:11,MLLB_000_y1.0.3,RED,v4_red_MLLB_000_y103_0925,3.6,3.609,10,100,16,kaba,True,,26.0,28.0,6.0,976.0,1002.0,1.051,20.268,19.278,0.777,True,,True,,935.0,4.0,9.5
2026-09-25 12:28:28,MLLB_000_y1.0.3,RED,v4_red_MLLB_000_y103_0925,3.6,3.609,10,100,20,kaba,True,,26.0,28.0,6.0,976.0,1002.0,4.296,82.786,19.27,0.7768,True,,False,FLAS,935.0,4.0,9.5
2026-09-25 12:28:44,MLLB_000_y1.0.3,RED,v4_red_MLLB_000_y103_0925,3.6,3.609,10,100,24,kaba,True,,26.0,28.0,6.0,976.0,1002.0,6.522,125.57,19.253,0.7775,True,,False,FLAS,935.0,4.0,9.5
2026-09-25 12:29:00,MLLB_000_y1.0.3,RED,v4_red_MLLB_000_y103_0925,3.6,3.609,10,100,13,ince,True,,56.0,32.0,34.0,946.0,1002.0,1.053,20.268,19.255,0.777,True,,True,,935.0,4.0,9.5
2026-09-25 12:29:15,MLLB_000_y1.0.3,RED,v4_red_MLLB_000_y103_0925,3.6,3.609,10,100,14,ince,True,,46.0,34.0,24.0,956.0,1002.0,1.052,20.268,19.271,0.7773,True,,True,,935.0,4.0,9.5
2026-09-25 12:29:32,MLLB_000_y1.0.3,RED,v4_red_MLLB_000_y103_0925,3.6,3.609,10,100,15,ince,True,,36.0,32.0,14.0,966.0,1002.0,1.052,20.304,19.295,0.7776,True,,True,,935.0,4.0,9.5
2026-09-25 12:29:48,MLLB_000_y1.0.3,RED,v4_red_MLLB_000_y103_0925,3.6,3.609,10,100,17,ince,True,,26.0,28.0,6.0,976.0,1002.0,1.386,26.713,19.273,0.7774,True,,True,,935.0,4.0,9.5
2026-09-25 12:30:04,MLLB_000_y1.0.3,RED,v4_red_MLLB_000_y103_0925,3.6,3.609,10,100,18,ince,True,,26.0,28.0,6.0,976.0,1002.0,2.295,44.215,19.262,0.7769,True,,True,,935.0,4.0,9.5
2026-09-25 12:30:19,MLLB_000_y1.0.3,RED,v4_red_MLLB_000_y103_0925,3.6,3.609,10,100,19,ince,True,,26.0,28.0,6.0,976.0,1002.0,3.209,61.886,19.282,0.7768,True,,True,,935.0,4.0,9.5
2026-09-25 12:30:20,MLLB_000_y1.0.3,RED,v4_red_MLLB_000_y103_0925,3.6,3.609,10,100,,bitti,False,,,,,,,,,,,,,,,935.0,4.0,9.5
2026-09-25 12:30:36,MLLB_000_y1.0.3,RED,v4_red_MLLB_000_y103_0925,3.6,3.609,10,80,12,kaba,True,,88.0,34.0,68.0,914.0,1002.0,1.056,20.316,19.244,0.7771,True,,False,ON,935.0,4.0,9.5
2026-09-25 12:30:52,MLLB_000_y1.0.3,RED,v4_red_MLLB_000_y103_0925,3.6,3.609,10,80,16,kaba,True,,56.0,32.0,34.0,946.0,1002.0,1.053,20.268,19.243,0.7769,True,,True,,935.0,4.0,9.5
2026-09-25 12:31:04,MLLB_000_y1.0.3,RED,v4_red_MLLB_000_y103_0925,3.6,3.609,10,80,20,kaba,True,,26.0,28.0,6.0,976.0,1002.0,1.06,20.412,19.257,0.777,True,,True,,935.0,4.0,9.5
2026-09-25 12:31:16,MLLB_000_y1.0.3,RED,v4_red_MLLB_000_y103_0925,3.6,3.609,10,80,24,kaba,True,,26.0,28.0,6.0,976.0,1002.0,4.137,79.652,19.255,0.7771,True,,False,FLAS,935.0,4.0,9.5
2026-09-25 12:31:31,MLLB_000_y1.0.3,RED,v4_red_MLLB_000_y103_0925,3.6,3.609,10,80,28,kaba,True,,26.0,28.0,6.0,976.0,1002.0,5.454,105.201,19.289,0.7766,True,,False,FLAS,935.0,4.0,9.5
2026-09-25 12:31:48,MLLB_000_y1.0.3,RED,v4_red_MLLB_000_y103_0925,3.6,3.609,10,80,13,ince,True,,80.0,38.0,58.0,922.0,1002.0,1.054,20.304,19.255,0.7768,True,,False,ON,935.0,4.0,9.5
2026-09-25 12:32:04,MLLB_000_y1.0.3,RED,v4_red_MLLB_000_y103_0925,3.6,3.609,10,80,14,ince,True,,72.0,32.0,50.0,930.0,1002.0,1.056,20.338,19.262,0.7773,True,,False,ON,935.0,4.0,9.5
2026-09-25 12:32:20,MLLB_000_y1.0.3,RED,v4_red_MLLB_000_y103_0925,3.6,3.609,10,80,15,ince,True,,64.0,32.0,42.0,938.0,1002.0,1.056,20.316,19.242,0.7774,True,,True,,935.0,4.0,9.5
2026-09-25 12:32:20,MLLB_000_y1.0.3,RED,v4_red_MLLB_000_y103_0925,3.6,3.609,10,80,17,ince,False,iki-OK-arasi-monotonluk,,,,,,,,,,,,True,,935.0,4.0,9.5
2026-09-25 12:32:20,MLLB_000_y1.0.3,RED,v4_red_MLLB_000_y103_0925,3.6,3.609,10,80,18,ince,False,iki-OK-arasi-monotonluk,,,,,,,,,,,,True,,935.0,4.0,9.5
2026-09-25 12:32:20,MLLB_000_y1.0.3,RED,v4_red_MLLB_000_y103_0925,3.6,3.609,10,80,19,ince,False,iki-OK-arasi-monotonluk,,,,,,,,,,,,True,,935.0,4.0,9.5
2026-09-25 12:32:36,MLLB_000_y1.0.3,RED,v4_red_MLLB_000_y103_0925,3.6,3.609,10,80,21,ince,True,,26.0,28.0,6.0,976.0,1002.0,1.781,34.354,19.295,0.777,True,,True,,935.0,4.0,9.5
2026-09-25 12:32:52,MLLB_000_y1.0.3,RED,v4_red_MLLB_000_y103_0925,3.6,3.609,10,80,22,ince,True,,26.0,28.0,6.0,976.0,1002.0,2.519,48.537,19.271,0.7772,True,,True,,935.0,4.0,9.5
2026-09-25 12:33:08,MLLB_000_y1.0.3,RED,v4_red_MLLB_000_y103_0925,3.6,3.609,10,80,23,ince,True,,26.0,28.0,6.0,976.0,1002.0,3.226,62.212,19.282,0.7774,True,,True,,935.0,4.0,9.5
2026-09-25 12:33:08,MLLB_000_y1.0.3,RED,v4_red_MLLB_000_y103_0925,3.6,3.609,10,80,,bitti,False,,,,,,,,,,,,,,,935.0,4.0,9.5
2026-09-25 12:33:24,MLLB_000_y1.0.3,RED,v4_red_MLLB_000_y103_0925,3.6,3.609,10,60,12,kaba,True,,112.0,30.0,92.0,890.0,1002.0,1.058,20.364,19.245,0.778,True,,False,ON,935.0,4.0,9.5
2026-09-25 12:33:40,MLLB_000_y1.0.3,RED,v4_red_MLLB_000_y103_0925,3.6,3.609,10,60,16,kaba,True,,88.0,30.0,68.0,914.0,1002.0,1.057,20.364,19.263,0.7773,True,,False,ON,935.0,4.0,9.5
2026-09-25 12:33:56,MLLB_000_y1.0.3,RED,v4_red_MLLB_000_y103_0925,3.6,3.609,10,60,20,kaba,True,,64.0,32.0,42.0,938.0,1002.0,1.054,20.268,19.235,0.777,True,,True,,935.0,4.0,9.5
2026-09-25 12:34:12,MLLB_000_y1.0.3,RED,v4_red_MLLB_000_y103_0925,3.6,3.609,10,60,24,kaba,True,,40.0,32.0,18.0,962.0,1002.0,1.053,20.303,19.282,0.777,True,,True,,935.0,4.0,9.5
2026-09-25 12:34:28,MLLB_000_y1.0.3,RED,v4_red_MLLB_000_y103_0925,3.6,3.609,10,60,28,kaba,True,,34.0,28.0,14.0,968.0,1002.0,1.999,38.515,19.265,0.7773,True,,True,,935.0,4.0,9.5
2026-09-25 12:34:44,MLLB_000_y1.0.3,RED,v4_red_MLLB_000_y103_0925,3.6,3.609,10,60,32,kaba,True,,34.0,28.0,14.0,968.0,1002.0,4.135,79.652,19.261,0.7772,True,,False,FLAS,935.0,4.0,9.5
2026-09-25 12:35:00,MLLB_000_y1.0.3,RED,v4_red_MLLB_000_y103_0925,3.6,3.609,10,60,36,kaba,True,,34.0,28.0,14.0,968.0,1002.0,4.833,93.164,19.277,0.7776,True,,False,FLAS,935.0,4.0,9.5
2026-09-25 12:35:16,MLLB_000_y1.0.3,RED,v4_red_MLLB_000_y103_0925,3.6,3.609,10,60,17,ince,True,,84.0,32.0,62.0,918.0,1002.0,1.054,20.289,19.253,0.777,True,,False,ON,935.0,4.0,9.5
2026-09-25 12:35:32,MLLB_000_y1.0.3,RED,v4_red_MLLB_000_y103_0925,3.6,3.609,10,60,18,ince,True,,76.0,32.0,54.0,926.0,1002.0,1.054,20.292,19.261,0.7779,True,,False,ON,935.0,4.0,9.5
2026-09-25 12:35:48,MLLB_000_y1.0.3,RED,v4_red_MLLB_000_y103_0925,3.6,3.609,10,60,19,ince,True,,70.0,32.0,50.0,932.0,1002.0,1.053,20.281,19.254,0.7774,True,,False,ON,935.0,4.0,9.5
2026-09-25 12:35:48,MLLB_000_y1.0.3,RED,v4_red_MLLB_000_y103_0925,3.6,3.609,10,60,21,ince,False,iki-OK-arasi-monotonluk,,,,,,,,,,,,True,,935.0,4.0,9.5
2026-09-25 12:35:48,MLLB_000_y1.0.3,RED,v4_red_MLLB_000_y103_0925,3.6,3.609,10,60,22,ince,False,iki-OK-arasi-monotonluk,,,,,,,,,,,,True,,935.0,4.0,9.5
2026-09-25 12:35:48,MLLB_000_y1.0.3,RED,v4_red_MLLB_000_y103_0925,3.6,3.609,10,60,23,ince,False,iki-OK-arasi-monotonluk,,,,,,,,,,,,True,,935.0,4.0,9.5
2026-09-25 12:35:48,MLLB_000_y1.0.3,RED,v4_red_MLLB_000_y103_0925,3.6,3.609,10,60,25,ince,False,iki-OK-arasi-monotonluk,,,,,,,,,,,,True,,935.0,4.0,9.5
2026-09-25 12:35:48,MLLB_000_y1.0.3,RED,v4_red_MLLB_000_y103_0925,3.6,3.609,10,60,26,ince,False,iki-OK-arasi-monotonluk,,,,,,,,,,,,True,,935.0,4.0,9.5
2026-09-25 12:35:48,MLLB_000_y1.0.3,RED,v4_red_MLLB_000_y103_0925,3.6,3.609,10,60,27,ince,False,iki-OK-arasi-monotonluk,,,,,,,,,,,,True,,935.0,4.0,9.5
2026-09-25 12:36:04,MLLB_000_y1.0.3,RED,v4_red_MLLB_000_y103_0925,3.6,3.609,10,60,29,ince,True,,34.0,28.0,14.0,968.0,1002.0,2.484,47.925,19.295,0.7772,True,,True,,935.0,4.0,9.5
2026-09-25 12:36:20,MLLB_000_y1.0.3,RED,v4_red_MLLB_000_y103_0925,3.6,3.609,10,60,30,ince,True,,34.0,28.0,14.0,968.0,1002.0,2.955,56.901,19.253,0.7772,True,,True,,935.0,4.0,9.5
2026-09-25 12:36:36,MLLB_000_y1.0.3,RED,v4_red_MLLB_000_y103_0925,3.6,3.609,10,60,31,ince,True,,34.0,28.0,14.0,968.0,1002.0,3.864,74.405,19.256,0.7769,True,,True,,935.0,4.0,9.5
2026-09-25 12:36:36,MLLB_000_y1.0.3,RED,v4_red_MLLB_000_y103_0925,3.6,3.609,10,60,,bitti,False,,,,,,,,,,,,,,,935.0,4.0,9.5
2026-09-25 12:36:58,MLLB_000_y1.0.3,RED,v4_red_MLLB_000_y103_0925,3.6,3.609,15,100,12,kaba,True,,48.0,28.0,30.0,954.0,1002.0,1.046,33.241,31.778,0.7771,True,,True,,935.0,4.0,9.5
2026-09-25 12:37:14,MLLB_000_y1.0.3,RED,v4_red_MLLB_000_y103_0925,3.6,3.609,15,100,16,kaba,True,,26.0,28.0,6.0,976.0,1002.0,1.047,33.252,31.771,0.7772,True,,True,,935.0,4.0,9.5
2026-09-25 12:37:30,MLLB_000_y1.0.3,RED,v4_red_MLLB_000_y103_0925,3.6,3.609,15,100,20,kaba,True,,26.0,28.0,6.0,976.0,1002.0,2.648,84.252,31.821,0.777,True,,True,,935.0,4.0,9.5
2026-09-25 12:37:45,MLLB_000_y1.0.3,RED,v4_red_MLLB_000_y103_0925,3.6,3.609,15,100,24,kaba,True,,26.0,28.0,6.0,976.0,1002.0,4.048,128.602,31.77,0.7775,True,,False,FLAS,935.0,4.0,9.5
2026-09-25 12:37:58,MLLB_000_y1.0.3,RED,v4_red_MLLB_000_y103_0925,3.6,3.609,15,100,28,kaba,True,,26.0,28.0,6.0,976.0,1002.0,5.356,171.889,32.093,0.7768,True,,False,FLAS,935.0,4.0,9.5
2026-09-25 12:37:58,MLLB_000_y1.0.3,RED,v4_red_MLLB_000_y103_0925,3.6,3.609,15,100,13,ince,False,iki-OK-arasi-monotonluk,,,,,,,,,,,,True,,935.0,4.0,9.5
2026-09-25 12:37:58,MLLB_000_y1.0.3,RED,v4_red_MLLB_000_y103_0925,3.6,3.609,15,100,14,ince,False,iki-OK-arasi-monotonluk,,,,,,,,,,,,True,,935.0,4.0,9.5
2026-09-25 12:37:58,MLLB_000_y1.0.3,RED,v4_red_MLLB_000_y103_0925,3.6,3.609,15,100,15,ince,False,iki-OK-arasi-monotonluk,,,,,,,,,,,,True,,935.0,4.0,9.5
2026-09-25 12:37:58,MLLB_000_y1.0.3,RED,v4_red_MLLB_000_y103_0925,3.6,3.609,15,100,17,ince,False,iki-OK-arasi-monotonluk,,,,,,,,,,,,True,,935.0,4.0,9.5
2026-09-25 12:37:58,MLLB_000_y1.0.3,RED,v4_red_MLLB_000_y103_0925,3.6,3.609,15,100,18,ince,False,iki-OK-arasi-monotonluk,,,,,,,,,,,,True,,935.0,4.0,9.5
2026-09-25 12:37:58,MLLB_000_y1.0.3,RED,v4_red_MLLB_000_y103_0925,3.6,3.609,15,100,19,ince,False,iki-OK-arasi-monotonluk,,,,,,,,,,,,True,,935.0,4.0,9.5
2026-09-25 12:38:14,MLLB_000_y1.0.3,RED,v4_red_MLLB_000_y103_0925,3.6,3.609,15,100,21,ince,True,,26.0,28.0,6.0,976.0,1002.0,2.957,93.936,31.763,0.7773,True,,True,,935.0,4.0,9.5
2026-09-25 12:38:30,MLLB_000_y1.0.3,RED,v4_red_MLLB_000_y103_0925,3.6,3.609,15,100,22,ince,True,,26.0,28.0,6.0,976.0,1002.0,3.218,102.189,31.758,0.777,True,,True,,935.0,4.0,9.5
2026-09-25 12:38:46,MLLB_000_y1.0.3,RED,v4_red_MLLB_000_y103_0925,3.6,3.609,15,100,23,ince,True,,26.0,28.0,6.0,976.0,1002.0,3.644,115.754,31.769,0.7776,True,,True,,935.0,4.0,9.5
2026-09-25 12:38:46,MLLB_000_y1.0.3,RED,v4_red_MLLB_000_y103_0925,3.6,3.609,15,100,,bitti,False,,,,,,,,,,,,,,,935.0,4.0,9.5
2026-09-25 12:39:02,MLLB_000_y1.0.3,RED,v4_red_MLLB_000_y103_0925,3.6,3.609,15,80,12,kaba,True,,62.0,28.0,42.0,940.0,1002.0,1.047,33.252,31.747,0.7773,True,,True,,935.0,4.0,9.5
2026-09-25 12:39:18,MLLB_000_y1.0.3,RED,v4_red_MLLB_000_y103_0925,3.6,3.609,15,80,16,kaba,True,,44.0,32.0,22.0,958.0,1002.0,1.047,33.252,31.759,0.7771,True,,True,,935.0,4.0,9.5
2026-09-25 12:39:34,MLLB_000_y1.0.3,RED,v4_red_MLLB_000_y103_0925,3.6,3.609,15,80,20,kaba,True,,26.0,28.0,6.0,976.0,1002.0,1.045,33.152,31.737,0.7768,True,,True,,935.0,4.0,9.5
2026-09-25 12:39:50,MLLB_000_y1.0.3,RED,v4_red_MLLB_000_y103_0925,3.6,3.609,15,80,24,kaba,True,,26.0,28.0,6.0,976.0,1002.0,2.602,82.652,31.762,0.7768,True,,True,,935.0,4.0,9.5
2026-09-25 12:40:06,MLLB_000_y1.0.3,RED,v4_red_MLLB_000_y103_0925,3.6,3.609,15,80,28,kaba,True,,26.0,28.0,6.0,976.0,1002.0,3.455,109.721,31.753,0.7776,True,,True,,935.0,4.0,9.5
2026-09-25 12:40:22,MLLB_000_y1.0.3,RED,v4_red_MLLB_000_y103_0925,3.6,3.609,15,80,32,kaba,True,,26.0,28.0,6.0,976.0,1002.0,4.434,140.74,31.739,0.777,True,,False,FLAS,935.0,4.0,9.5
2026-09-25 12:40:38,MLLB_000_y1.0.3,RED,v4_red_MLLB_000_y103_0925,3.6,3.609,15,80,36,kaba,True,,26.0,28.0,6.0,976.0,1002.0,5.101,161.981,31.755,0.7768,True,,False,FLAS,935.0,4.0,9.5
2026-09-25 12:40:38,MLLB_000_y1.0.3,RED,v4_red_MLLB_000_y103_0925,3.6,3.609,15,80,13,ince,False,iki-OK-arasi-monotonluk,,,,,,,,,,,,True,,935.0,4.0,9.5
2026-09-25 12:40:38,MLLB_000_y1.0.3,RED,v4_red_MLLB_000_y103_0925,3.6,3.609,15,80,14,ince,False,iki-OK-arasi-monotonluk,,,,,,,,,,,,True,,935.0,4.0,9.5
2026-09-25 12:40:38,MLLB_000_y1.0.3,RED,v4_red_MLLB_000_y103_0925,3.6,3.609,15,80,15,ince,False,iki-OK-arasi-monotonluk,,,,,,,,,,,,True,,935.0,4.0,9.5
2026-09-25 12:40:38,MLLB_000_y1.0.3,RED,v4_red_MLLB_000_y103_0925,3.6,3.609,15,80,17,ince,False,iki-OK-arasi-monotonluk,,,,,,,,,,,,True,,935.0,4.0,9.5
2026-09-25 12:40:38,MLLB_000_y1.0.3,RED,v4_red_MLLB_000_y103_0925,3.6,3.609,15,80,18,ince,False,iki-OK-arasi-monotonluk,,,,,,,,,,,,True,,935.0,4.0,9.5
2026-09-25 12:40:38,MLLB_000_y1.0.3,RED,v4_red_MLLB_000_y103_0925,3.6,3.609,15,80,19,ince,False,iki-OK-arasi-monotonluk,,,,,,,,,,,,True,,935.0,4.0,9.5
2026-09-25 12:40:38,MLLB_000_y1.0.3,RED,v4_red_MLLB_000_y103_0925,3.6,3.609,15,80,21,ince,False,iki-OK-arasi-monotonluk,,,,,,,,,,,,True,,935.0,4.0,9.5
2026-09-25 12:40:38,MLLB_000_y1.0.3,RED,v4_red_MLLB_000_y103_0925,3.6,3.609,15,80,22,ince,False,iki-OK-arasi-monotonluk,,,,,,,,,,,,True,,935.0,4.0,9.5
2026-09-25 12:40:38,MLLB_000_y1.0.3,RED,v4_red_MLLB_000_y103_0925,3.6,3.609,15,80,23,ince,False,iki-OK-arasi-monotonluk,,,,,,,,,,,,True,,935.0,4.0,9.5
2026-09-25 12:40:38,MLLB_000_y1.0.3,RED,v4_red_MLLB_000_y103_0925,3.6,3.609,15,80,25,ince,False,iki-OK-arasi-monotonluk,,,,,,,,,,,,True,,935.0,4.0,9.5
2026-09-25 12:40:38,MLLB_000_y1.0.3,RED,v4_red_MLLB_000_y103_0925,3.6,3.609,15,80,26,ince,False,iki-OK-arasi-monotonluk,,,,,,,,,,,,True,,935.0,4.0,9.5
2026-09-25 12:40:38,MLLB_000_y1.0.3,RED,v4_red_MLLB_000_y103_0925,3.6,3.609,15,80,27,ince,False,iki-OK-arasi-monotonluk,,,,,,,,,,,,True,,935.0,4.0,9.5
2026-09-25 12:40:54,MLLB_000_y1.0.3,RED,v4_red_MLLB_000_y103_0925,3.6,3.609,15,80,29,ince,True,,26.0,28.0,6.0,976.0,1002.0,3.739,118.772,31.764,0.7772,True,,True,,935.0,4.0,9.5
2026-09-25 12:41:10,MLLB_000_y1.0.3,RED,v4_red_MLLB_000_y103_0925,3.6,3.609,15,80,30,ince,True,,26.0,28.0,6.0,976.0,1002.0,4.0,127.081,31.77,0.7766,True,,False,FLAS,935.0,4.0,9.5
2026-09-25 12:41:26,MLLB_000_y1.0.3,RED,v4_red_MLLB_000_y103_0925,3.6,3.609,15,80,31,ince,True,,26.0,28.0,6.0,976.0,1002.0,4.261,135.402,31.778,0.7768,True,,False,FLAS,935.0,4.0,9.5
2026-09-25 12:41:26,MLLB_000_y1.0.3,RED,v4_red_MLLB_000_y103_0925,3.6,3.609,15,80,,bitti,False,,,,,,,,,,,,,,,935.0,4.0,9.5
2026-09-25 12:41:42,MLLB_000_y1.0.3,RED,v4_red_MLLB_000_y103_0925,3.6,3.609,15,60,12,kaba,True,,76.0,28.0,58.0,926.0,1002.0,1.048,33.252,31.725,0.777,True,,False,ON,935.0,4.0,9.5
2026-09-25 12:41:54,MLLB_000_y1.0.3,RED,v4_red_MLLB_000_y103_0925,3.6,3.609,15,60,16,kaba,True,,64.0,30.0,44.0,938.0,1002.0,1.049,33.252,31.713,0.7769,True,,True,,935.0,4.0,9.5
2026-09-25 12:42:10,MLLB_000_y1.0.3,RED,v4_red_MLLB_000_y103_0925,3.6,3.609,15,60,20,kaba,True,,50.0,28.0,30.0,952.0,1002.0,1.047,33.257,31.769,0.777,True,,True,,935.0,4.0,9.5
2026-09-25 12:42:26,MLLB_000_y1.0.3,RED,v4_red_MLLB_000_y103_0925,3.6,3.609,15,60,24,kaba,True,,36.0,28.0,18.0,966.0,1002.0,1.047,33.252,31.764,0.7764,True,,True,,935.0,4.0,9.5
2026-09-25 12:42:42,MLLB_000_y1.0.3,RED,v4_red_MLLB_000_y103_0925,3.6,3.609,15,60,28,kaba,True,,34.0,28.0,14.0,968.0,1002.0,1.242,39.456,31.767,0.7767,True,,True,,935.0,4.0,9.5
2026-09-25 12:42:58,MLLB_000_y1.0.3,RED,v4_red_MLLB_000_y103_0925,3.6,3.609,15,60,32,kaba,True,,34.0,28.0,14.0,968.0,1002.0,2.529,80.402,31.786,0.7772,True,,True,,935.0,4.0,9.5
2026-09-25 12:43:14,MLLB_000_y1.0.3,RED,v4_red_MLLB_000_y103_0925,3.6,3.609,15,60,36,kaba,True,,34.0,28.0,14.0,968.0,1002.0,2.981,94.704,31.764,0.7771,True,,True,,935.0,4.0,9.5
2026-09-25 12:43:30,MLLB_000_y1.0.3,RED,v4_red_MLLB_000_y103_0925,3.6,3.609,15,60,40,kaba,True,,34.0,28.0,14.0,968.0,1002.0,3.409,108.214,31.747,0.7767,True,,True,,935.0,4.0,9.5
2026-09-25 12:43:45,MLLB_000_y1.0.3,RED,v4_red_MLLB_000_y103_0925,3.6,3.609,15,60,44,kaba,True,,34.0,28.0,14.0,968.0,1002.0,3.861,122.601,31.756,0.7772,True,,True,,935.0,4.0,9.5
2026-09-25 12:44:02,MLLB_000_y1.0.3,RED,v4_red_MLLB_000_y103_0925,3.6,3.609,15,60,48,kaba,True,,34.0,28.0,14.0,968.0,1002.0,4.17,132.375,31.741,0.7772,True,,False,FLAS,935.0,4.0,9.5
2026-09-25 12:44:18,MLLB_000_y1.0.3,RED,v4_red_MLLB_000_y103_0925,3.6,3.609,15,60,52,kaba,True,,34.0,28.0,14.0,968.0,1002.0,4.358,138.431,31.763,0.7766,True,,False,FLAS,935.0,4.0,9.5
2026-09-25 12:44:34,MLLB_000_y1.0.3,RED,v4_red_MLLB_000_y103_0925,3.6,3.609,15,60,13,ince,True,,74.0,28.0,54.0,928.0,1002.0,1.048,33.252,31.744,0.7776,True,,False,ON,935.0,4.0,9.5
2026-09-25 12:44:50,MLLB_000_y1.0.3,RED,v4_red_MLLB_000_y103_0925,3.6,3.609,15,60,14,ince,True,,70.0,28.0,50.0,932.0,1002.0,1.045,33.169,31.756,0.777,True,,False,ON,935.0,4.0,9.5
2026-09-25 12:45:06,MLLB_000_y1.0.3,RED,v4_red_MLLB_000_y103_0925,3.6,3.609,15,60,15,ince,True,,68.0,32.0,46.0,934.0,1002.0,1.045,33.175,31.735,0.7772,True,,False,ON,935.0,4.0,9.5
2026-09-25 12:45:06,MLLB_000_y1.0.3,RED,v4_red_MLLB_000_y103_0925,3.6,3.609,15,60,17,ince,False,iki-OK-arasi-monotonluk,,,,,,,,,,,,True,,935.0,4.0,9.5
2026-09-25 12:45:06,MLLB_000_y1.0.3,RED,v4_red_MLLB_000_y103_0925,3.6,3.609,15,60,18,ince,False,iki-OK-arasi-monotonluk,,,,,,,,,,,,True,,935.0,4.0,9.5
2026-09-25 12:45:06,MLLB_000_y1.0.3,RED,v4_red_MLLB_000_y103_0925,3.6,3.609,15,60,19,ince,False,iki-OK-arasi-monotonluk,,,,,,,,,,,,True,,935.0,4.0,9.5
2026-09-25 12:45:06,MLLB_000_y1.0.3,RED,v4_red_MLLB_000_y103_0925,3.6,3.609,15,60,21,ince,False,iki-OK-arasi-monotonluk,,,,,,,,,,,,True,,935.0,4.0,9.5
2026-09-25 12:45:06,MLLB_000_y1.0.3,RED,v4_red_MLLB_000_y103_0925,3.6,3.609,15,60,22,ince,False,iki-OK-arasi-monotonluk,,,,,,,,,,,,True,,935.0,4.0,9.5
2026-09-25 12:45:06,MLLB_000_y1.0.3,RED,v4_red_MLLB_000_y103_0925,3.6,3.609,15,60,23,ince,False,iki-OK-arasi-monotonluk,,,,,,,,,,,,True,,935.0,4.0,9.5
2026-09-25 12:45:06,MLLB_000_y1.0.3,RED,v4_red_MLLB_000_y103_0925,3.6,3.609,15,60,25,ince,False,iki-OK-arasi-monotonluk,,,,,,,,,,,,True,,935.0,4.0,9.5
2026-09-25 12:45:06,MLLB_000_y1.0.3,RED,v4_red_MLLB_000_y103_0925,3.6,3.609,15,60,26,ince,False,iki-OK-arasi-monotonluk,,,,,,,,,,,,True,,935.0,4.0,9.5
2026-09-25 12:45:06,MLLB_000_y1.0.3,RED,v4_red_MLLB_000_y103_0925,3.6,3.609,15,60,27,ince,False,iki-OK-arasi-monotonluk,,,,,,,,,,,,True,,935.0,4.0,9.5
2026-09-25 12:45:06,MLLB_000_y1.0.3,RED,v4_red_MLLB_000_y103_0925,3.6,3.609,15,60,29,ince,False,iki-OK-arasi-monotonluk,,,,,,,,,,,,True,,935.0,4.0,9.5
2026-09-25 12:45:06,MLLB_000_y1.0.3,RED,v4_red_MLLB_000_y103_0925,3.6,3.609,15,60,30,ince,False,iki-OK-arasi-monotonluk,,,,,,,,,,,,True,,935.0,4.0,9.5
2026-09-25 12:45:06,MLLB_000_y1.0.3,RED,v4_red_MLLB_000_y103_0925,3.6,3.609,15,60,31,ince,False,iki-OK-arasi-monotonluk,,,,,,,,,,,,True,,935.0,4.0,9.5
2026-09-25 12:45:06,MLLB_000_y1.0.3,RED,v4_red_MLLB_000_y103_0925,3.6,3.609,15,60,33,ince,False,iki-OK-arasi-monotonluk,,,,,,,,,,,,True,,935.0,4.0,9.5
2026-09-25 12:45:06,MLLB_000_y1.0.3,RED,v4_red_MLLB_000_y103_0925,3.6,3.609,15,60,34,ince,False,iki-OK-arasi-monotonluk,,,,,,,,,,,,True,,935.0,4.0,9.5
2026-09-25 12:45:06,MLLB_000_y1.0.3,RED,v4_red_MLLB_000_y103_0925,3.6,3.609,15,60,35,ince,False,iki-OK-arasi-monotonluk,,,,,,,,,,,,True,,935.0,4.0,9.5
2026-09-25 12:45:06,MLLB_000_y1.0.3,RED,v4_red_MLLB_000_y103_0925,3.6,3.609,15,60,37,ince,False,iki-OK-arasi-monotonluk,,,,,,,,,,,,True,,935.0,4.0,9.5
2026-09-25 12:45:06,MLLB_000_y1.0.3,RED,v4_red_MLLB_000_y103_0925,3.6,3.609,15,60,38,ince,False,iki-OK-arasi-monotonluk,,,,,,,,,,,,True,,935.0,4.0,9.5
2026-09-25 12:45:06,MLLB_000_y1.0.3,RED,v4_red_MLLB_000_y103_0925,3.6,3.609,15,60,39,ince,False,iki-OK-arasi-monotonluk,,,,,,,,,,,,True,,935.0,4.0,9.5
2026-09-25 12:45:06,MLLB_000_y1.0.3,RED,v4_red_MLLB_000_y103_0925,3.6,3.609,15,60,41,ince,False,iki-OK-arasi-monotonluk,,,,,,,,,,,,True,,935.0,4.0,9.5
2026-09-25 12:45:06,MLLB_000_y1.0.3,RED,v4_red_MLLB_000_y103_0925,3.6,3.609,15,60,42,ince,False,iki-OK-arasi-monotonluk,,,,,,,,,,,,True,,935.0,4.0,9.5
2026-09-25 12:45:06,MLLB_000_y1.0.3,RED,v4_red_MLLB_000_y103_0925,3.6,3.609,15,60,43,ince,False,iki-OK-arasi-monotonluk,,,,,,,,,,,,True,,935.0,4.0,9.5
2026-09-25 12:45:21,MLLB_000_y1.0.3,RED,v4_red_MLLB_000_y103_0925,3.6,3.609,15,60,45,ince,True,,34.0,28.0,14.0,968.0,1002.0,3.953,125.57,31.765,0.7772,True,,True,,935.0,4.0,9.5
2026-09-25 12:45:38,MLLB_000_y1.0.3,RED,v4_red_MLLB_000_y103_0925,3.6,3.609,15,60,46,ince,True,,34.0,28.0,14.0,968.0,1002.0,4.07,129.349,31.777,0.7773,True,,False,FLAS,935.0,4.0,9.5
2026-09-25 12:45:54,MLLB_000_y1.0.3,RED,v4_red_MLLB_000_y103_0925,3.6,3.609,15,60,47,ince,True,,34.0,28.0,14.0,968.0,1002.0,4.124,130.862,31.733,0.7773,True,,False,FLAS,935.0,4.0,9.5
2026-09-25 12:45:54,MLLB_000_y1.0.3,RED,v4_red_MLLB_000_y103_0925,3.6,3.609,15,60,,bitti,False,,,,,,,,,,,,,,,935.0,4.0,9.5
2026-09-25 12:46:15,MLLB_000_y1.0.3,RED,v4_red_MLLB_000_y103_0925,3.6,3.609,100,100,12,kaba,True,,26.0,28.0,6.0,976.0,1002.0,1.048,242.36,231.22,0.7772,True,,True,,935.0,4.0,9.5
2026-09-25 12:46:32,MLLB_000_y1.0.3,RED,v4_red_MLLB_000_y103_0925,3.6,3.609,100,100,16,kaba,True,,26.0,28.0,6.0,976.0,1002.0,1.055,243.864,231.218,0.7772,True,,True,,935.0,4.0,9.5
2026-09-25 12:46:48,MLLB_000_y1.0.3,RED,v4_red_MLLB_000_y103_0925,3.6,3.609,100,100,20,kaba,True,,26.0,28.0,6.0,976.0,1002.0,1.049,242.437,231.143,0.7775,True,,True,,935.0,4.0,9.5
2026-09-25 12:47:04,MLLB_000_y1.0.3,RED,v4_red_MLLB_000_y103_0925,3.6,3.609,100,100,24,kaba,True,,26.0,28.0,6.0,976.0,1002.0,1.08,250.032,231.442,0.7773,True,,True,,935.0,4.0,9.5
2026-09-25 12:47:20,MLLB_000_y1.0.3,RED,v4_red_MLLB_000_y103_0925,3.6,3.609,100,100,28,kaba,True,,26.0,28.0,6.0,976.0,1002.0,1.055,243.864,231.168,0.7774,True,,True,,935.0,4.0,9.5
2026-09-25 12:47:36,MLLB_000_y1.0.3,RED,v4_red_MLLB_000_y103_0925,3.6,3.609,100,100,32,kaba,True,,26.0,28.0,6.0,976.0,1002.0,1.048,242.323,231.132,0.7773,True,,True,,935.0,4.0,9.5
2026-09-25 12:47:52,MLLB_000_y1.0.3,RED,v4_red_MLLB_000_y103_0925,3.6,3.609,100,100,36,kaba,True,,26.0,28.0,6.0,976.0,1002.0,1.049,242.414,231.119,0.7775,True,,True,,935.0,4.0,9.5
2026-09-25 12:48:08,MLLB_000_y1.0.3,RED,v4_red_MLLB_000_y103_0925,3.6,3.609,100,100,40,kaba,True,,26.0,28.0,6.0,976.0,1002.0,1.049,242.323,230.91,0.7772,True,,True,,935.0,4.0,9.5
2026-09-25 12:48:24,MLLB_000_y1.0.3,RED,v4_red_MLLB_000_y103_0925,3.6,3.609,100,100,44,kaba,True,,26.0,28.0,6.0,976.0,1002.0,1.049,242.323,230.936,0.7774,True,,True,,935.0,4.0,9.5
2026-09-25 12:48:40,MLLB_000_y1.0.3,RED,v4_red_MLLB_000_y103_0925,3.6,3.609,100,100,48,kaba,True,,26.0,28.0,6.0,976.0,1002.0,1.052,243.115,231.017,0.7774,True,,True,,935.0,4.0,9.5
2026-09-25 12:48:56,MLLB_000_y1.0.3,RED,v4_red_MLLB_000_y103_0925,3.6,3.609,100,100,52,kaba,True,,26.0,28.0,6.0,976.0,1002.0,1.055,243.864,231.068,0.7771,True,,True,,935.0,4.0,9.5
2026-09-25 12:49:12,MLLB_000_y1.0.3,RED,v4_red_MLLB_000_y103_0925,3.6,3.609,100,100,56,kaba,True,,26.0,28.0,6.0,976.0,1002.0,1.049,242.51,231.128,0.7769,True,,True,,935.0,4.0,9.5
2026-09-25 12:49:28,MLLB_000_y1.0.3,RED,v4_red_MLLB_000_y103_0925,3.6,3.609,100,100,58,kaba,True,,26.0,28.0,6.0,976.0,1002.0,1.055,243.884,231.143,0.7775,True,,True,,935.0,4.0,9.5
2026-09-25 12:49:28,MLLB_000_y1.0.3,RED,v4_red_MLLB_000_y103_0925,3.6,3.609,100,100,13,ince,False,iki-OK-arasi-monotonluk,,,,,,,,,,,,True,,935.0,4.0,9.5
2026-09-25 12:49:28,MLLB_000_y1.0.3,RED,v4_red_MLLB_000_y103_0925,3.6,3.609,100,100,14,ince,False,iki-OK-arasi-monotonluk,,,,,,,,,,,,True,,935.0,4.0,9.5
2026-09-25 12:49:28,MLLB_000_y1.0.3,RED,v4_red_MLLB_000_y103_0925,3.6,3.609,100,100,15,ince,False,iki-OK-arasi-monotonluk,,,,,,,,,,,,True,,935.0,4.0,9.5
2026-09-25 12:49:28,MLLB_000_y1.0.3,RED,v4_red_MLLB_000_y103_0925,3.6,3.609,100,100,17,ince,False,iki-OK-arasi-monotonluk,,,,,,,,,,,,True,,935.0,4.0,9.5
2026-09-25 12:49:28,MLLB_000_y1.0.3,RED,v4_red_MLLB_000_y103_0925,3.6,3.609,100,100,18,ince,False,iki-OK-arasi-monotonluk,,,,,,,,,,,,True,,935.0,4.0,9.5
2026-09-25 12:49:28,MLLB_000_y1.0.3,RED,v4_red_MLLB_000_y103_0925,3.6,3.609,100,100,19,ince,False,iki-OK-arasi-monotonluk,,,,,,,,,,,,True,,935.0,4.0,9.5
2026-09-25 12:49:28,MLLB_000_y1.0.3,RED,v4_red_MLLB_000_y103_0925,3.6,3.609,100,100,21,ince,False,iki-OK-arasi-monotonluk,,,,,,,,,,,,True,,935.0,4.0,9.5
2026-09-25 12:49:28,MLLB_000_y1.0.3,RED,v4_red_MLLB_000_y103_0925,3.6,3.609,100,100,22,ince,False,iki-OK-arasi-monotonluk,,,,,,,,,,,,True,,935.0,4.0,9.5
2026-09-25 12:49:28,MLLB_000_y1.0.3,RED,v4_red_MLLB_000_y103_0925,3.6,3.609,100,100,23,ince,False,iki-OK-arasi-monotonluk,,,,,,,,,,,,True,,935.0,4.0,9.5
2026-09-25 12:49:28,MLLB_000_y1.0.3,RED,v4_red_MLLB_000_y103_0925,3.6,3.609,100,100,25,ince,False,iki-OK-arasi-monotonluk,,,,,,,,,,,,True,,935.0,4.0,9.5
2026-09-25 12:49:28,MLLB_000_y1.0.3,RED,v4_red_MLLB_000_y103_0925,3.6,3.609,100,100,26,ince,False,iki-OK-arasi-monotonluk,,,,,,,,,,,,True,,935.0,4.0,9.5
2026-09-25 12:49:28,MLLB_000_y1.0.3,RED,v4_red_MLLB_000_y103_0925,3.6,3.609,100,100,27,ince,False,iki-OK-arasi-monotonluk,,,,,,,,,,,,True,,935.0,4.0,9.5
2026-09-25 12:49:28,MLLB_000_y1.0.3,RED,v4_red_MLLB_000_y103_0925,3.6,3.609,100,100,29,ince,False,iki-OK-arasi-monotonluk,,,,,,,,,,,,True,,935.0,4.0,9.5
2026-09-25 12:49:28,MLLB_000_y1.0.3,RED,v4_red_MLLB_000_y103_0925,3.6,3.609,100,100,30,ince,False,iki-OK-arasi-monotonluk,,,,,,,,,,,,True,,935.0,4.0,9.5
2026-09-25 12:49:28,MLLB_000_y1.0.3,RED,v4_red_MLLB_000_y103_0925,3.6,3.609,100,100,31,ince,False,iki-OK-arasi-monotonluk,,,,,,,,,,,,True,,935.0,4.0,9.5
2026-09-25 12:49:28,MLLB_000_y1.0.3,RED,v4_red_MLLB_000_y103_0925,3.6,3.609,100,100,33,ince,False,iki-OK-arasi-monotonluk,,,,,,,,,,,,True,,935.0,4.0,9.5
2026-09-25 12:49:28,MLLB_000_y1.0.3,RED,v4_red_MLLB_000_y103_0925,3.6,3.609,100,100,34,ince,False,iki-OK-arasi-monotonluk,,,,,,,,,,,,True,,935.0,4.0,9.5
2026-09-25 12:49:28,MLLB_000_y1.0.3,RED,v4_red_MLLB_000_y103_0925,3.6,3.609,100,100,35,ince,False,iki-OK-arasi-monotonluk,,,,,,,,,,,,True,,935.0,4.0,9.5
2026-09-25 12:49:28,MLLB_000_y1.0.3,RED,v4_red_MLLB_000_y103_0925,3.6,3.609,100,100,37,ince,False,iki-OK-arasi-monotonluk,,,,,,,,,,,,True,,935.0,4.0,9.5
2026-09-25 12:49:28,MLLB_000_y1.0.3,RED,v4_red_MLLB_000_y103_0925,3.6,3.609,100,100,38,ince,False,iki-OK-arasi-monotonluk,,,,,,,,,,,,True,,935.0,4.0,9.5
2026-09-25 12:49:28,MLLB_000_y1.0.3,RED,v4_red_MLLB_000_y103_0925,3.6,3.609,100,100,39,ince,False,iki-OK-arasi-monotonluk,,,,,,,,,,,,True,,935.0,4.0,9.5
2026-09-25 12:49:28,MLLB_000_y1.0.3,RED,v4_red_MLLB_000_y103_0925,3.6,3.609,100,100,41,ince,False,iki-OK-arasi-monotonluk,,,,,,,,,,,,True,,935.0,4.0,9.5
2026-09-25 12:49:28,MLLB_000_y1.0.3,RED,v4_red_MLLB_000_y103_0925,3.6,3.609,100,100,42,ince,False,iki-OK-arasi-monotonluk,,,,,,,,,,,,True,,935.0,4.0,9.5
2026-09-25 12:49:28,MLLB_000_y1.0.3,RED,v4_red_MLLB_000_y103_0925,3.6,3.609,100,100,43,ince,False,iki-OK-arasi-monotonluk,,,,,,,,,,,,True,,935.0,4.0,9.5
2026-09-25 12:49:28,MLLB_000_y1.0.3,RED,v4_red_MLLB_000_y103_0925,3.6,3.609,100,100,45,ince,False,iki-OK-arasi-monotonluk,,,,,,,,,,,,True,,935.0,4.0,9.5
2026-09-25 12:49:28,MLLB_000_y1.0.3,RED,v4_red_MLLB_000_y103_0925,3.6,3.609,100,100,46,ince,False,iki-OK-arasi-monotonluk,,,,,,,,,,,,True,,935.0,4.0,9.5
2026-09-25 12:49:28,MLLB_000_y1.0.3,RED,v4_red_MLLB_000_y103_0925,3.6,3.609,100,100,47,ince,False,iki-OK-arasi-monotonluk,,,,,,,,,,,,True,,935.0,4.0,9.5
2026-09-25 12:49:28,MLLB_000_y1.0.3,RED,v4_red_MLLB_000_y103_0925,3.6,3.609,100,100,49,ince,False,iki-OK-arasi-monotonluk,,,,,,,,,,,,True,,935.0,4.0,9.5
2026-09-25 12:49:28,MLLB_000_y1.0.3,RED,v4_red_MLLB_000_y103_0925,3.6,3.609,100,100,50,ince,False,iki-OK-arasi-monotonluk,,,,,,,,,,,,True,,935.0,4.0,9.5
2026-09-25 12:49:28,MLLB_000_y1.0.3,RED,v4_red_MLLB_000_y103_0925,3.6,3.609,100,100,51,ince,False,iki-OK-arasi-monotonluk,,,,,,,,,,,,True,,935.0,4.0,9.5
2026-09-25 12:49:28,MLLB_000_y1.0.3,RED,v4_red_MLLB_000_y103_0925,3.6,3.609,100,100,53,ince,False,iki-OK-arasi-monotonluk,,,,,,,,,,,,True,,935.0,4.0,9.5
2026-09-25 12:49:28,MLLB_000_y1.0.3,RED,v4_red_MLLB_000_y103_0925,3.6,3.609,100,100,54,ince,False,iki-OK-arasi-monotonluk,,,,,,,,,,,,True,,935.0,4.0,9.5
2026-09-25 12:49:28,MLLB_000_y1.0.3,RED,v4_red_MLLB_000_y103_0925,3.6,3.609,100,100,55,ince,False,iki-OK-arasi-monotonluk,,,,,,,,,,,,True,,935.0,4.0,9.5
2026-09-25 12:49:28,MLLB_000_y1.0.3,RED,v4_red_MLLB_000_y103_0925,3.6,3.609,100,100,57,ince,False,iki-OK-arasi-monotonluk,,,,,,,,,,,,True,,935.0,4.0,9.5
2026-09-25 12:49:28,MLLB_000_y1.0.3,RED,v4_red_MLLB_000_y103_0925,3.6,3.609,100,100,,bitti,False,,,,,,,,,,,,,,,935.0,4.0,9.5
2026-09-25 12:49:44,MLLB_000_y1.0.3,RED,v4_red_MLLB_000_y103_0925,3.6,3.609,100,80,12,kaba,True,,26.0,28.0,6.0,976.0,1002.0,1.049,242.364,230.997,0.7771,True,,True,,935.0,4.0,9.5
2026-09-25 12:50:00,MLLB_000_y1.0.3,RED,v4_red_MLLB_000_y103_0925,3.6,3.609,100,80,16,kaba,True,,26.0,28.0,6.0,976.0,1002.0,1.048,242.323,231.191,0.7765,True,,True,,935.0,4.0,9.5
2026-09-25 12:50:16,MLLB_000_y1.0.3,RED,v4_red_MLLB_000_y103_0925,3.6,3.609,100,80,20,kaba,True,,26.0,28.0,6.0,976.0,1002.0,1.054,243.864,231.309,0.7769,True,,True,,935.0,4.0,9.5
2026-09-25 12:50:32,MLLB_000_y1.0.3,RED,v4_red_MLLB_000_y103_0925,3.6,3.609,100,80,24,kaba,True,,26.0,28.0,6.0,976.0,1002.0,1.053,243.138,230.884,0.7766,True,,True,,935.0,4.0,9.5
2026-09-25 12:50:47,MLLB_000_y1.0.3,RED,v4_red_MLLB_000_y103_0925,3.6,3.609,100,80,28,kaba,True,,26.0,28.0,6.0,976.0,1002.0,1.049,242.327,231.052,0.7775,True,,True,,935.0,4.0,9.5
2026-09-25 12:51:04,MLLB_000_y1.0.3,RED,v4_red_MLLB_000_y103_0925,3.6,3.609,100,80,32,kaba,True,,26.0,28.0,6.0,976.0,1002.0,1.048,242.323,231.14,0.7771,True,,True,,935.0,4.0,9.5
2026-09-25 12:51:20,MLLB_000_y1.0.3,RED,v4_red_MLLB_000_y103_0925,3.6,3.609,100,80,36,kaba,True,,26.0,28.0,6.0,976.0,1002.0,1.05,242.323,230.836,0.7769,True,,True,,935.0,4.0,9.5
2026-09-25 12:51:35,MLLB_000_y1.0.3,RED,v4_red_MLLB_000_y103_0925,3.6,3.609,100,80,40,kaba,True,,26.0,28.0,6.0,976.0,1002.0,1.05,242.417,230.906,0.7772,True,,True,,935.0,4.0,9.5
2026-09-25 12:51:48,MLLB_000_y1.0.3,RED,v4_red_MLLB_000_y103_0925,3.6,3.609,100,80,44,kaba,True,,26.0,28.0,6.0,976.0,1002.0,1.036,242.359,233.868,0.777,True,,True,,935.0,4.0,9.5
2026-09-25 12:52:04,MLLB_000_y1.0.3,RED,v4_red_MLLB_000_y103_0925,3.6,3.609,100,80,48,kaba,True,,26.0,28.0,6.0,976.0,1002.0,1.056,243.864,230.959,0.7767,True,,True,,935.0,4.0,9.5
2026-09-25 12:52:20,MLLB_000_y1.0.3,RED,v4_red_MLLB_000_y103_0925,3.6,3.609,100,80,52,kaba,True,,26.0,28.0,6.0,976.0,1002.0,1.049,242.323,231.036,0.7774,True,,True,,935.0,4.0,9.5
2026-09-25 12:52:36,MLLB_000_y1.0.3,RED,v4_red_MLLB_000_y103_0925,3.6,3.609,100,80,56,kaba,True,,26.0,28.0,6.0,976.0,1002.0,1.048,242.323,231.131,0.7774,True,,True,,935.0,4.0,9.5
2026-09-25 12:52:52,MLLB_000_y1.0.3,RED,v4_red_MLLB_000_y103_0925,3.6,3.609,100,80,58,kaba,True,,26.0,28.0,6.0,976.0,1002.0,1.062,245.405,231.159,0.7774,True,,True,,935.0,4.0,9.5
2026-09-25 12:52:52,MLLB_000_y1.0.3,RED,v4_red_MLLB_000_y103_0925,3.6,3.609,100,80,13,ince,False,iki-OK-arasi-monotonluk,,,,,,,,,,,,True,,935.0,4.0,9.5
2026-09-25 12:52:52,MLLB_000_y1.0.3,RED,v4_red_MLLB_000_y103_0925,3.6,3.609,100,80,14,ince,False,iki-OK-arasi-monotonluk,,,,,,,,,,,,True,,935.0,4.0,9.5
2026-09-25 12:52:52,MLLB_000_y1.0.3,RED,v4_red_MLLB_000_y103_0925,3.6,3.609,100,80,15,ince,False,iki-OK-arasi-monotonluk,,,,,,,,,,,,True,,935.0,4.0,9.5
2026-09-25 12:52:52,MLLB_000_y1.0.3,RED,v4_red_MLLB_000_y103_0925,3.6,3.609,100,80,17,ince,False,iki-OK-arasi-monotonluk,,,,,,,,,,,,True,,935.0,4.0,9.5
2026-09-25 12:52:52,MLLB_000_y1.0.3,RED,v4_red_MLLB_000_y103_0925,3.6,3.609,100,80,18,ince,False,iki-OK-arasi-monotonluk,,,,,,,,,,,,True,,935.0,4.0,9.5
2026-09-25 12:52:52,MLLB_000_y1.0.3,RED,v4_red_MLLB_000_y103_0925,3.6,3.609,100,80,19,ince,False,iki-OK-arasi-monotonluk,,,,,,,,,,,,True,,935.0,4.0,9.5
2026-09-25 12:52:52,MLLB_000_y1.0.3,RED,v4_red_MLLB_000_y103_0925,3.6,3.609,100,80,21,ince,False,iki-OK-arasi-monotonluk,,,,,,,,,,,,True,,935.0,4.0,9.5
2026-09-25 12:52:52,MLLB_000_y1.0.3,RED,v4_red_MLLB_000_y103_0925,3.6,3.609,100,80,22,ince,False,iki-OK-arasi-monotonluk,,,,,,,,,,,,True,,935.0,4.0,9.5
2026-09-25 12:52:52,MLLB_000_y1.0.3,RED,v4_red_MLLB_000_y103_0925,3.6,3.609,100,80,23,ince,False,iki-OK-arasi-monotonluk,,,,,,,,,,,,True,,935.0,4.0,9.5
2026-09-25 12:52:52,MLLB_000_y1.0.3,RED,v4_red_MLLB_000_y103_0925,3.6,3.609,100,80,25,ince,False,iki-OK-arasi-monotonluk,,,,,,,,,,,,True,,935.0,4.0,9.5
2026-09-25 12:52:52,MLLB_000_y1.0.3,RED,v4_red_MLLB_000_y103_0925,3.6,3.609,100,80,26,ince,False,iki-OK-arasi-monotonluk,,,,,,,,,,,,True,,935.0,4.0,9.5
2026-09-25 12:52:52,MLLB_000_y1.0.3,RED,v4_red_MLLB_000_y103_0925,3.6,3.609,100,80,27,ince,False,iki-OK-arasi-monotonluk,,,,,,,,,,,,True,,935.0,4.0,9.5
2026-09-25 12:52:52,MLLB_000_y1.0.3,RED,v4_red_MLLB_000_y103_0925,3.6,3.609,100,80,29,ince,False,iki-OK-arasi-monotonluk,,,,,,,,,,,,True,,935.0,4.0,9.5
2026-09-25 12:52:52,MLLB_000_y1.0.3,RED,v4_red_MLLB_000_y103_0925,3.6,3.609,100,80,30,ince,False,iki-OK-arasi-monotonluk,,,,,,,,,,,,True,,935.0,4.0,9.5
2026-09-25 12:52:52,MLLB_000_y1.0.3,RED,v4_red_MLLB_000_y103_0925,3.6,3.609,100,80,31,ince,False,iki-OK-arasi-monotonluk,,,,,,,,,,,,True,,935.0,4.0,9.5
2026-09-25 12:52:52,MLLB_000_y1.0.3,RED,v4_red_MLLB_000_y103_0925,3.6,3.609,100,80,33,ince,False,iki-OK-arasi-monotonluk,,,,,,,,,,,,True,,935.0,4.0,9.5
2026-09-25 12:52:52,MLLB_000_y1.0.3,RED,v4_red_MLLB_000_y103_0925,3.6,3.609,100,80,34,ince,False,iki-OK-arasi-monotonluk,,,,,,,,,,,,True,,935.0,4.0,9.5
2026-09-25 12:52:52,MLLB_000_y1.0.3,RED,v4_red_MLLB_000_y103_0925,3.6,3.609,100,80,35,ince,False,iki-OK-arasi-monotonluk,,,,,,,,,,,,True,,935.0,4.0,9.5
2026-09-25 12:52:52,MLLB_000_y1.0.3,RED,v4_red_MLLB_000_y103_0925,3.6,3.609,100,80,37,ince,False,iki-OK-arasi-monotonluk,,,,,,,,,,,,True,,935.0,4.0,9.5
2026-09-25 12:52:52,MLLB_000_y1.0.3,RED,v4_red_MLLB_000_y103_0925,3.6,3.609,100,80,38,ince,False,iki-OK-arasi-monotonluk,,,,,,,,,,,,True,,935.0,4.0,9.5
2026-09-25 12:52:52,MLLB_000_y1.0.3,RED,v4_red_MLLB_000_y103_0925,3.6,3.609,100,80,39,ince,False,iki-OK-arasi-monotonluk,,,,,,,,,,,,True,,935.0,4.0,9.5
2026-09-25 12:52:52,MLLB_000_y1.0.3,RED,v4_red_MLLB_000_y103_0925,3.6,3.609,100,80,41,ince,False,iki-OK-arasi-monotonluk,,,,,,,,,,,,True,,935.0,4.0,9.5
2026-09-25 12:52:52,MLLB_000_y1.0.3,RED,v4_red_MLLB_000_y103_0925,3.6,3.609,100,80,42,ince,False,iki-OK-arasi-monotonluk,,,,,,,,,,,,True,,935.0,4.0,9.5
2026-09-25 12:52:52,MLLB_000_y1.0.3,RED,v4_red_MLLB_000_y103_0925,3.6,3.609,100,80,43,ince,False,iki-OK-arasi-monotonluk,,,,,,,,,,,,True,,935.0,4.0,9.5
2026-09-25 12:52:52,MLLB_000_y1.0.3,RED,v4_red_MLLB_000_y103_0925,3.6,3.609,100,80,45,ince,False,iki-OK-arasi-monotonluk,,,,,,,,,,,,True,,935.0,4.0,9.5
2026-09-25 12:52:52,MLLB_000_y1.0.3,RED,v4_red_MLLB_000_y103_0925,3.6,3.609,100,80,46,ince,False,iki-OK-arasi-monotonluk,,,,,,,,,,,,True,,935.0,4.0,9.5
2026-09-25 12:52:52,MLLB_000_y1.0.3,RED,v4_red_MLLB_000_y103_0925,3.6,3.609,100,80,47,ince,False,iki-OK-arasi-monotonluk,,,,,,,,,,,,True,,935.0,4.0,9.5
2026-09-25 12:52:52,MLLB_000_y1.0.3,RED,v4_red_MLLB_000_y103_0925,3.6,3.609,100,80,49,ince,False,iki-OK-arasi-monotonluk,,,,,,,,,,,,True,,935.0,4.0,9.5
2026-09-25 12:52:52,MLLB_000_y1.0.3,RED,v4_red_MLLB_000_y103_0925,3.6,3.609,100,80,50,ince,False,iki-OK-arasi-monotonluk,,,,,,,,,,,,True,,935.0,4.0,9.5
2026-09-25 12:52:52,MLLB_000_y1.0.3,RED,v4_red_MLLB_000_y103_0925,3.6,3.609,100,80,51,ince,False,iki-OK-arasi-monotonluk,,,,,,,,,,,,True,,935.0,4.0,9.5
2026-09-25 12:52:52,MLLB_000_y1.0.3,RED,v4_red_MLLB_000_y103_0925,3.6,3.609,100,80,53,ince,False,iki-OK-arasi-monotonluk,,,,,,,,,,,,True,,935.0,4.0,9.5
2026-09-25 12:52:52,MLLB_000_y1.0.3,RED,v4_red_MLLB_000_y103_0925,3.6,3.609,100,80,54,ince,False,iki-OK-arasi-monotonluk,,,,,,,,,,,,True,,935.0,4.0,9.5
2026-09-25 12:52:52,MLLB_000_y1.0.3,RED,v4_red_MLLB_000_y103_0925,3.6,3.609,100,80,55,ince,False,iki-OK-arasi-monotonluk,,,,,,,,,,,,True,,935.0,4.0,9.5
2026-09-25 12:52:52,MLLB_000_y1.0.3,RED,v4_red_MLLB_000_y103_0925,3.6,3.609,100,80,57,ince,False,iki-OK-arasi-monotonluk,,,,,,,,,,,,True,,935.0,4.0,9.5
2026-09-25 12:52:52,MLLB_000_y1.0.3,RED,v4_red_MLLB_000_y103_0925,3.6,3.609,100,80,,bitti,False,,,,,,,,,,,,,,,935.0,4.0,9.5
2026-09-25 12:53:08,MLLB_000_y1.0.3,RED,v4_red_MLLB_000_y103_0925,3.6,3.609,100,60,12,kaba,True,,26.0,28.0,6.0,976.0,1002.0,1.049,242.323,231.04,0.7769,True,,True,,935.0,4.0,9.5
2026-09-25 12:53:24,MLLB_000_y1.0.3,RED,v4_red_MLLB_000_y103_0925,3.6,3.609,100,60,16,kaba,True,,26.0,28.0,6.0,976.0,1002.0,1.056,243.864,231.005,0.7773,True,,True,,935.0,4.0,9.5
2026-09-25 12:53:40,MLLB_000_y1.0.3,RED,v4_red_MLLB_000_y103_0925,3.6,3.609,100,60,20,kaba,True,,26.0,28.0,6.0,976.0,1002.0,1.056,243.864,230.985,0.777,True,,True,,935.0,4.0,9.5
2026-09-25 12:53:55,MLLB_000_y1.0.3,RED,v4_red_MLLB_000_y103_0925,3.6,3.609,100,60,24,kaba,True,,26.0,28.0,6.0,976.0,1002.0,1.049,242.323,230.989,0.7765,True,,True,,935.0,4.0,9.5
2026-09-25 12:54:12,MLLB_000_y1.0.3,RED,v4_red_MLLB_000_y103_0925,3.6,3.609,100,60,28,kaba,True,,26.0,28.0,6.0,976.0,1002.0,1.049,242.327,231.001,0.7773,True,,True,,935.0,4.0,9.5
2026-09-25 12:54:28,MLLB_000_y1.0.3,RED,v4_red_MLLB_000_y103_0925,3.6,3.609,100,60,32,kaba,True,,26.0,28.0,6.0,976.0,1002.0,1.049,242.323,230.958,0.7774,True,,True,,935.0,4.0,9.5
2026-09-25 12:54:44,MLLB_000_y1.0.3,RED,v4_red_MLLB_000_y103_0925,3.6,3.609,100,60,36,kaba,True,,26.0,28.0,6.0,976.0,1002.0,1.048,242.323,231.133,0.7771,True,,True,,935.0,4.0,9.5
2026-09-25 12:54:56,MLLB_000_y1.0.3,RED,v4_red_MLLB_000_y103_0925,3.6,3.609,100,60,40,kaba,True,,26.0,28.0,6.0,976.0,1002.0,1.055,243.68,231.074,0.7769,True,,True,,935.0,4.0,9.5
2026-09-25 12:55:12,MLLB_000_y1.0.3,RED,v4_red_MLLB_000_y103_0925,3.6,3.609,100,60,44,kaba,True,,26.0,28.0,6.0,976.0,1002.0,1.055,243.864,231.102,0.7764,True,,True,,935.0,4.0,9.5
2026-09-25 12:55:28,MLLB_000_y1.0.3,RED,v4_red_MLLB_000_y103_0925,3.6,3.609,100,60,48,kaba,True,,26.0,28.0,6.0,976.0,1002.0,1.049,242.476,231.062,0.7768,True,,True,,935.0,4.0,9.5
2026-09-25 12:55:44,MLLB_000_y1.0.3,RED,v4_red_MLLB_000_y103_0925,3.6,3.609,100,60,52,kaba,True,,26.0,28.0,6.0,976.0,1002.0,1.049,242.323,230.934,0.7763,True,,True,,935.0,4.0,9.5
2026-09-25 12:56:00,MLLB_000_y1.0.3,RED,v4_red_MLLB_000_y103_0925,3.6,3.609,100,60,56,kaba,True,,26.0,28.0,6.0,976.0,1002.0,1.049,242.323,231.008,0.7763,True,,True,,935.0,4.0,9.5
2026-09-25 12:56:16,MLLB_000_y1.0.3,RED,v4_red_MLLB_000_y103_0925,3.6,3.609,100,60,58,kaba,True,,26.0,28.0,6.0,976.0,1002.0,1.049,242.323,230.95,0.7766,True,,True,,935.0,4.0,9.5
2026-09-25 12:56:16,MLLB_000_y1.0.3,RED,v4_red_MLLB_000_y103_0925,3.6,3.609,100,60,13,ince,False,iki-OK-arasi-monotonluk,,,,,,,,,,,,True,,935.0,4.0,9.5
2026-09-25 12:56:16,MLLB_000_y1.0.3,RED,v4_red_MLLB_000_y103_0925,3.6,3.609,100,60,14,ince,False,iki-OK-arasi-monotonluk,,,,,,,,,,,,True,,935.0,4.0,9.5
2026-09-25 12:56:16,MLLB_000_y1.0.3,RED,v4_red_MLLB_000_y103_0925,3.6,3.609,100,60,15,ince,False,iki-OK-arasi-monotonluk,,,,,,,,,,,,True,,935.0,4.0,9.5
2026-09-25 12:56:16,MLLB_000_y1.0.3,RED,v4_red_MLLB_000_y103_0925,3.6,3.609,100,60,17,ince,False,iki-OK-arasi-monotonluk,,,,,,,,,,,,True,,935.0,4.0,9.5
2026-09-25 12:56:16,MLLB_000_y1.0.3,RED,v4_red_MLLB_000_y103_0925,3.6,3.609,100,60,18,ince,False,iki-OK-arasi-monotonluk,,,,,,,,,,,,True,,935.0,4.0,9.5
2026-09-25 12:56:16,MLLB_000_y1.0.3,RED,v4_red_MLLB_000_y103_0925,3.6,3.609,100,60,19,ince,False,iki-OK-arasi-monotonluk,,,,,,,,,,,,True,,935.0,4.0,9.5
2026-09-25 12:56:16,MLLB_000_y1.0.3,RED,v4_red_MLLB_000_y103_0925,3.6,3.609,100,60,21,ince,False,iki-OK-arasi-monotonluk,,,,,,,,,,,,True,,935.0,4.0,9.5
2026-09-25 12:56:16,MLLB_000_y1.0.3,RED,v4_red_MLLB_000_y103_0925,3.6,3.609,100,60,22,ince,False,iki-OK-arasi-monotonluk,,,,,,,,,,,,True,,935.0,4.0,9.5
2026-09-25 12:56:16,MLLB_000_y1.0.3,RED,v4_red_MLLB_000_y103_0925,3.6,3.609,100,60,23,ince,False,iki-OK-arasi-monotonluk,,,,,,,,,,,,True,,935.0,4.0,9.5
2026-09-25 12:56:16,MLLB_000_y1.0.3,RED,v4_red_MLLB_000_y103_0925,3.6,3.609,100,60,25,ince,False,iki-OK-arasi-monotonluk,,,,,,,,,,,,True,,935.0,4.0,9.5
2026-09-25 12:56:16,MLLB_000_y1.0.3,RED,v4_red_MLLB_000_y103_0925,3.6,3.609,100,60,26,ince,False,iki-OK-arasi-monotonluk,,,,,,,,,,,,True,,935.0,4.0,9.5
2026-09-25 12:56:16,MLLB_000_y1.0.3,RED,v4_red_MLLB_000_y103_0925,3.6,3.609,100,60,27,ince,False,iki-OK-arasi-monotonluk,,,,,,,,,,,,True,,935.0,4.0,9.5
2026-09-25 12:56:16,MLLB_000_y1.0.3,RED,v4_red_MLLB_000_y103_0925,3.6,3.609,100,60,29,ince,False,iki-OK-arasi-monotonluk,,,,,,,,,,,,True,,935.0,4.0,9.5
2026-09-25 12:56:16,MLLB_000_y1.0.3,RED,v4_red_MLLB_000_y103_0925,3.6,3.609,100,60,30,ince,False,iki-OK-arasi-monotonluk,,,,,,,,,,,,True,,935.0,4.0,9.5
2026-09-25 12:56:16,MLLB_000_y1.0.3,RED,v4_red_MLLB_000_y103_0925,3.6,3.609,100,60,31,ince,False,iki-OK-arasi-monotonluk,,,,,,,,,,,,True,,935.0,4.0,9.5
2026-09-25 12:56:16,MLLB_000_y1.0.3,RED,v4_red_MLLB_000_y103_0925,3.6,3.609,100,60,33,ince,False,iki-OK-arasi-monotonluk,,,,,,,,,,,,True,,935.0,4.0,9.5
2026-09-25 12:56:16,MLLB_000_y1.0.3,RED,v4_red_MLLB_000_y103_0925,3.6,3.609,100,60,34,ince,False,iki-OK-arasi-monotonluk,,,,,,,,,,,,True,,935.0,4.0,9.5
2026-09-25 12:56:16,MLLB_000_y1.0.3,RED,v4_red_MLLB_000_y103_0925,3.6,3.609,100,60,35,ince,False,iki-OK-arasi-monotonluk,,,,,,,,,,,,True,,935.0,4.0,9.5
2026-09-25 12:56:16,MLLB_000_y1.0.3,RED,v4_red_MLLB_000_y103_0925,3.6,3.609,100,60,37,ince,False,iki-OK-arasi-monotonluk,,,,,,,,,,,,True,,935.0,4.0,9.5
2026-09-25 12:56:16,MLLB_000_y1.0.3,RED,v4_red_MLLB_000_y103_0925,3.6,3.609,100,60,38,ince,False,iki-OK-arasi-monotonluk,,,,,,,,,,,,True,,935.0,4.0,9.5
2026-09-25 12:56:16,MLLB_000_y1.0.3,RED,v4_red_MLLB_000_y103_0925,3.6,3.609,100,60,39,ince,False,iki-OK-arasi-monotonluk,,,,,,,,,,,,True,,935.0,4.0,9.5
2026-09-25 12:56:16,MLLB_000_y1.0.3,RED,v4_red_MLLB_000_y103_0925,3.6,3.609,100,60,41,ince,False,iki-OK-arasi-monotonluk,,,,,,,,,,,,True,,935.0,4.0,9.5
2026-09-25 12:56:16,MLLB_000_y1.0.3,RED,v4_red_MLLB_000_y103_0925,3.6,3.609,100,60,42,ince,False,iki-OK-arasi-monotonluk,,,,,,,,,,,,True,,935.0,4.0,9.5
2026-09-25 12:56:16,MLLB_000_y1.0.3,RED,v4_red_MLLB_000_y103_0925,3.6,3.609,100,60,43,ince,False,iki-OK-arasi-monotonluk,,,,,,,,,,,,True,,935.0,4.0,9.5
2026-09-25 12:56:16,MLLB_000_y1.0.3,RED,v4_red_MLLB_000_y103_0925,3.6,3.609,100,60,45,ince,False,iki-OK-arasi-monotonluk,,,,,,,,,,,,True,,935.0,4.0,9.5
2026-09-25 12:56:16,MLLB_000_y1.0.3,RED,v4_red_MLLB_000_y103_0925,3.6,3.609,100,60,46,ince,False,iki-OK-arasi-monotonluk,,,,,,,,,,,,True,,935.0,4.0,9.5
2026-09-25 12:56:16,MLLB_000_y1.0.3,RED,v4_red_MLLB_000_y103_0925,3.6,3.609,100,60,47,ince,False,iki-OK-arasi-monotonluk,,,,,,,,,,,,True,,935.0,4.0,9.5
2026-09-25 12:56:16,MLLB_000_y1.0.3,RED,v4_red_MLLB_000_y103_0925,3.6,3.609,100,60,49,ince,False,iki-OK-arasi-monotonluk,,,,,,,,,,,,True,,935.0,4.0,9.5
2026-09-25 12:56:16,MLLB_000_y1.0.3,RED,v4_red_MLLB_000_y103_0925,3.6,3.609,100,60,50,ince,False,iki-OK-arasi-monotonluk,,,,,,,,,,,,True,,935.0,4.0,9.5
2026-09-25 12:56:16,MLLB_000_y1.0.3,RED,v4_red_MLLB_000_y103_0925,3.6,3.609,100,60,51,ince,False,iki-OK-arasi-monotonluk,,,,,,,,,,,,True,,935.0,4.0,9.5
2026-09-25 12:56:16,MLLB_000_y1.0.3,RED,v4_red_MLLB_000_y103_0925,3.6,3.609,100,60,53,ince,False,iki-OK-arasi-monotonluk,,,,,,,,,,,,True,,935.0,4.0,9.5
2026-09-25 12:56:16,MLLB_000_y1.0.3,RED,v4_red_MLLB_000_y103_0925,3.6,3.609,100,60,54,ince,False,iki-OK-arasi-monotonluk,,,,,,,,,,,,True,,935.0,4.0,9.5
2026-09-25 12:56:16,MLLB_000_y1.0.3,RED,v4_red_MLLB_000_y103_0925,3.6,3.609,100,60,55,ince,False,iki-OK-arasi-monotonluk,,,,,,,,,,,,True,,935.0,4.0,9.5
2026-09-25 12:56:16,MLLB_000_y1.0.3,RED,v4_red_MLLB_000_y103_0925,3.6,3.609,100,60,57,ince,False,iki-OK-arasi-monotonluk,,,,,,,,,,,,True,,935.0,4.0,9.5
2026-09-25 12:56:16,MLLB_000_y1.0.3,RED,v4_red_MLLB_000_y103_0925,3.6,3.609,100,60,,bitti,False,,,,,,,,,,,,,,,935.0,4.0,9.5
2026-09-25 12:56:45,MLLB_000_y1.0.3,RED,v4_red_MLLB_000_y103_0925,3.4,3.409,6,100,12,kaba,True,,142.0,74.0,106.0,860.0,1002.0,1.073,10.519,9.804,0.7262,True,,False,ON,935.0,4.0,9.5
2026-09-25 12:57:02,MLLB_000_y1.0.3,RED,v4_red_MLLB_000_y103_0925,3.4,3.409,6,100,16,kaba,True,,52.0,118.0,14.0,950.0,1002.0,1.075,10.554,9.814,0.7262,True,,True,,935.0,4.0,9.5
2026-09-25 12:57:17,MLLB_000_y1.0.3,RED,v4_red_MLLB_000_y103_0925,3.4,3.409,6,100,20,kaba,True,,24.0,26.0,6.0,978.0,1002.0,7.347,72.158,9.822,0.7264,True,,False,FLAS,935.0,4.0,9.5
2026-09-25 12:57:34,MLLB_000_y1.0.3,RED,v4_red_MLLB_000_y103_0925,3.4,3.409,6,100,24,kaba,True,,24.0,26.0,6.0,978.0,1002.0,11.781,115.754,9.826,0.7255,True,,False,FLAS,935.0,4.0,9.5
2026-09-25 12:57:46,MLLB_000_y1.0.3,RED,v4_red_MLLB_000_y103_0925,3.4,3.409,6,100,13,ince,True,,118.0,84.0,84.0,884.0,1002.0,1.073,10.508,9.792,0.7253,True,,False,ON,935.0,4.0,9.5
2026-09-25 12:57:58,MLLB_000_y1.0.3,RED,v4_red_MLLB_000_y103_0925,3.4,3.409,6,100,14,ince,True,,98.0,66.0,62.0,904.0,1002.0,1.083,10.6,9.787,0.7241,True,,False,ON,935.0,4.0,9.5
2026-09-25 12:58:14,MLLB_000_y1.0.3,RED,v4_red_MLLB_000_y103_0925,3.4,3.409,6,100,15,ince,True,,76.0,90.0,38.0,926.0,1002.0,1.071,10.508,9.809,0.7275,True,,False,ON,935.0,4.0,9.5
2026-09-25 12:58:30,MLLB_000_y1.0.3,RED,v4_red_MLLB_000_y103_0925,3.4,3.409,6,100,17,ince,True,,26.0,110.0,6.0,976.0,1002.0,1.155,11.334,9.813,0.7254,True,,True,,935.0,4.0,9.5
2026-09-25 12:58:45,MLLB_000_y1.0.3,RED,v4_red_MLLB_000_y103_0925,3.4,3.409,6,100,18,ince,True,,24.0,26.0,6.0,978.0,1002.0,2.788,27.374,9.818,0.7263,True,,True,,935.0,4.0,9.5
2026-09-25 12:59:02,MLLB_000_y1.0.3,RED,v4_red_MLLB_000_y103_0925,3.4,3.409,6,100,19,ince,True,,24.0,26.0,6.0,978.0,1002.0,4.624,45.296,9.795,0.7261,True,,False,FLAS,935.0,4.0,9.5
2026-09-25 12:59:02,MLLB_000_y1.0.3,RED,v4_red_MLLB_000_y103_0925,3.4,3.409,6,100,,bitti,False,,,,,,,,,,,,,,,935.0,4.0,9.5
2026-09-25 12:59:17,MLLB_000_y1.0.3,RED,v4_red_MLLB_000_y103_0925,3.4,3.409,6,80,12,kaba,True,,182.0,94.0,146.0,820.0,1002.0,1.08,10.565,9.783,0.7263,True,,False,ON,935.0,4.0,9.5
2026-09-25 12:59:34,MLLB_000_y1.0.3,RED,v4_red_MLLB_000_y103_0925,3.4,3.409,6,80,16,kaba,True,,112.0,70.0,78.0,890.0,1002.0,1.081,10.6,9.802,0.7232,True,,False,ON,935.0,4.0,9.5
2026-09-25 12:59:49,MLLB_000_y1.0.3,RED,v4_red_MLLB_000_y103_0925,3.4,3.409,6,80,20,kaba,True,,38.0,88.0,12.0,964.0,1002.0,1.081,10.6,9.809,0.7229,True,,True,,935.0,4.0,9.5
2026-09-25 13:00:06,MLLB_000_y1.0.3,RED,v4_red_MLLB_000_y103_0925,3.4,3.409,6,80,24,kaba,True,,28.0,26.0,10.0,974.0,1002.0,6.084,59.77,9.825,0.7235,True,,False,FLAS,935.0,4.0,9.5
2026-09-25 13:00:22,MLLB_000_y1.0.3,RED,v4_red_MLLB_000_y103_0925,3.4,3.409,6,80,28,kaba,True,,28.0,26.0,10.0,974.0,1002.0,9.966,97.766,9.81,0.724,True,,False,FLAS,935.0,4.0,9.5
2026-09-25 13:00:38,MLLB_000_y1.0.3,RED,v4_red_MLLB_000_y103_0925,3.4,3.409,6,80,17,ince,True,,96.0,76.0,60.0,906.0,1002.0,1.074,10.52,9.792,0.7247,True,,False,ON,935.0,4.0,9.5
2026-09-25 13:00:53,MLLB_000_y1.0.3,RED,v4_red_MLLB_000_y103_0925,3.4,3.409,6,80,18,ince,True,,78.0,70.0,42.0,924.0,1002.0,1.077,10.554,9.796,0.7239,True,,False,ON,935.0,4.0,9.5
2026-09-25 13:01:10,MLLB_000_y1.0.3,RED,v4_red_MLLB_000_y103_0925,3.4,3.409,6,80,19,ince,True,,58.0,108.0,24.0,944.0,1002.0,1.08,10.6,9.817,0.7245,True,,True,,935.0,4.0,9.5
2026-09-25 13:01:26,MLLB_000_y1.0.3,RED,v4_red_MLLB_000_y103_0925,3.4,3.409,6,80,21,ince,True,,28.0,26.0,10.0,974.0,1002.0,1.922,18.878,9.824,0.7228,True,,True,,935.0,4.0,9.5
2026-09-25 13:01:42,MLLB_000_y1.0.3,RED,v4_red_MLLB_000_y103_0925,3.4,3.409,6,80,22,ince,True,,28.0,26.0,10.0,974.0,1002.0,3.317,32.539,9.81,0.7229,True,,True,,935.0,4.0,9.5
2026-09-25 13:01:58,MLLB_000_y1.0.3,RED,v4_red_MLLB_000_y103_0925,3.4,3.409,6,80,23,ince,True,,28.0,26.0,10.0,974.0,1002.0,4.77,46.816,9.815,0.7243,True,,False,FLAS,935.0,4.0,9.5
2026-09-25 13:01:58,MLLB_000_y1.0.3,RED,v4_red_MLLB_000_y103_0925,3.4,3.409,6,80,,bitti,False,,,,,,,,,,,,,,,935.0,4.0,9.5
2026-09-25 13:02:10,MLLB_000_y1.0.3,RED,v4_red_MLLB_000_y103_0925,3.4,3.409,6,60,12,kaba,True,,228.0,70.0,194.0,774.0,1002.0,1.082,10.579,9.773,0.724,True,,False,ON,935.0,4.0,9.5
2026-09-25 13:02:22,MLLB_000_y1.0.3,RED,v4_red_MLLB_000_y103_0925,3.4,3.409,6,60,16,kaba,True,,178.0,88.0,144.0,824.0,1002.0,1.086,10.588,9.753,0.7245,True,,False,ON,935.0,4.0,9.5
2026-09-25 13:02:38,MLLB_000_y1.0.3,RED,v4_red_MLLB_000_y103_0925,3.4,3.409,6,60,20,kaba,True,,126.0,78.0,94.0,876.0,1002.0,1.073,10.508,9.792,0.7234,True,,False,ON,935.0,4.0,9.5
2026-09-25 13:02:54,MLLB_000_y1.0.3,RED,v4_red_MLLB_000_y103_0925,3.4,3.409,6,60,24,kaba,True,,74.0,76.0,40.0,928.0,1002.0,1.073,10.508,9.796,0.7235,True,,False,ON,935.0,4.0,9.5
2026-09-25 13:03:10,MLLB_000_y1.0.3,RED,v4_red_MLLB_000_y103_0925,3.4,3.409,6,60,28,kaba,True,,32.0,26.0,14.0,970.0,1002.0,2.398,23.522,9.81,0.722,True,,True,,935.0,4.0,9.5
2026-09-25 13:03:26,MLLB_000_y1.0.3,RED,v4_red_MLLB_000_y103_0925,3.4,3.409,6,60,32,kaba,True,,32.0,26.0,14.0,970.0,1002.0,6.187,60.563,9.789,0.7231,True,,False,FLAS,935.0,4.0,9.5
2026-09-25 13:03:42,MLLB_000_y1.0.3,RED,v4_red_MLLB_000_y103_0925,3.4,3.409,6,60,36,kaba,True,,32.0,26.0,14.0,970.0,1002.0,9.052,88.656,9.794,0.7243,True,,False,FLAS,935.0,4.0,9.5
2026-09-25 13:03:54,MLLB_000_y1.0.3,RED,v4_red_MLLB_000_y103_0925,3.4,3.409,6,60,25,ince,True,,62.0,90.0,26.0,940.0,1002.0,1.078,10.573,9.805,0.7241,True,,True,,935.0,4.0,9.5
2026-09-25 13:04:10,MLLB_000_y1.0.3,RED,v4_red_MLLB_000_y103_0925,3.4,3.409,6,60,26,ince,True,,46.0,86.0,18.0,956.0,1002.0,1.074,10.509,9.788,0.7241,True,,True,,935.0,4.0,9.5
2026-09-25 13:04:26,MLLB_000_y1.0.3,RED,v4_red_MLLB_000_y103_0925,3.4,3.409,6,60,27,ince,True,,34.0,28.0,14.0,968.0,1002.0,1.422,13.945,9.805,0.7241,True,,True,,935.0,4.0,9.5
2026-09-25 13:04:42,MLLB_000_y1.0.3,RED,v4_red_MLLB_000_y103_0925,3.4,3.409,6,60,29,ince,True,,32.0,26.0,14.0,970.0,1002.0,3.369,33.048,9.811,0.7246,True,,True,,935.0,4.0,9.5
2026-09-25 13:04:54,MLLB_000_y1.0.3,RED,v4_red_MLLB_000_y103_0925,3.4,3.409,6,60,30,ince,True,,32.0,26.0,14.0,970.0,1002.0,4.377,42.804,9.78,0.7245,True,,False,FLAS,935.0,4.0,9.5
2026-09-25 13:05:10,MLLB_000_y1.0.3,RED,v4_red_MLLB_000_y103_0925,3.4,3.409,6,60,31,ince,True,,32.0,26.0,14.0,970.0,1002.0,5.303,51.908,9.788,0.7255,True,,False,FLAS,935.0,4.0,9.5
2026-09-25 13:05:10,MLLB_000_y1.0.3,RED,v4_red_MLLB_000_y103_0925,3.4,3.409,6,60,,bitti,False,,,,,,,,,,,,,,,935.0,4.0,9.5
2026-09-25 13:05:32,MLLB_000_y1.0.3,RED,v4_red_MLLB_000_y103_0925,3.4,3.409,7,100,12,kaba,True,,116.0,54.0,86.0,886.0,1002.0,1.073,12.995,12.114,0.7763,True,,False,ON,935.0,4.0,9.5
2026-09-25 13:05:48,MLLB_000_y1.0.3,RED,v4_red_MLLB_000_y103_0925,3.4,3.409,7,100,16,kaba,True,,46.0,54.0,14.0,956.0,1002.0,1.072,12.995,12.118,0.7765,True,,True,,935.0,4.0,9.5
2026-09-25 13:06:04,MLLB_000_y1.0.3,RED,v4_red_MLLB_000_y103_0925,3.4,3.409,7,100,20,kaba,True,,26.0,28.0,6.0,976.0,1002.0,5.176,62.612,12.097,0.7767,True,,False,FLAS,935.0,4.0,9.5
2026-09-25 13:06:16,MLLB_000_y1.0.3,RED,v4_red_MLLB_000_y103_0925,3.4,3.409,7,100,24,kaba,True,,26.0,28.0,6.0,976.0,1002.0,9.567,115.591,12.083,0.7763,True,,False,FLAS,935.0,4.0,9.5
2026-09-25 13:06:32,MLLB_000_y1.0.3,RED,v4_red_MLLB_000_y103_0925,3.4,3.409,7,100,13,ince,True,,100.0,50.0,70.0,902.0,1002.0,1.066,12.92,12.12,0.776,True,,False,ON,935.0,4.0,9.5
2026-09-25 13:06:48,MLLB_000_y1.0.3,RED,v4_red_MLLB_000_y103_0925,3.4,3.409,7,100,14,ince,True,,82.0,46.0,54.0,920.0,1002.0,1.074,12.995,12.098,0.7769,True,,False,ON,935.0,4.0,9.5
2026-09-25 13:07:04,MLLB_000_y1.0.3,RED,v4_red_MLLB_000_y103_0925,3.4,3.409,7,100,15,ince,True,,64.0,50.0,34.0,938.0,1002.0,1.066,12.911,12.116,0.7765,True,,True,,935.0,4.0,9.5
2026-09-25 13:07:20,MLLB_000_y1.0.3,RED,v4_red_MLLB_000_y103_0925,3.4,3.409,7,100,17,ince,True,,26.0,42.0,6.0,976.0,1002.0,1.064,12.903,12.121,0.7768,True,,True,,935.0,4.0,9.5
2026-09-25 13:07:36,MLLB_000_y1.0.3,RED,v4_red_MLLB_000_y103_0925,3.4,3.409,7,100,18,ince,True,,26.0,28.0,6.0,976.0,1002.0,2.258,27.408,12.138,0.7764,True,,True,,935.0,4.0,9.5
2026-09-25 13:07:48,MLLB_000_y1.0.3,RED,v4_red_MLLB_000_y103_0925,3.4,3.409,7,100,19,ince,True,,26.0,28.0,6.0,976.0,1002.0,3.776,45.714,12.107,0.7763,True,,True,,935.0,4.0,9.5
2026-09-25 13:07:49,MLLB_000_y1.0.3,RED,v4_red_MLLB_000_y103_0925,3.4,3.409,7,100,,bitti,False,,,,,,,,,,,,,,,935.0,4.0,9.5
2026-09-25 13:08:03,MLLB_000_y1.0.3,RED,v4_red_MLLB_000_y103_0925,3.4,3.409,7,80,12,kaba,True,,150.0,50.0,122.0,852.0,1002.0,1.073,12.995,12.113,0.7767,True,,False,ON,935.0,4.0,9.5
2026-09-25 13:08:20,MLLB_000_y1.0.3,RED,v4_red_MLLB_000_y103_0925,3.4,3.409,7,80,16,kaba,True,,94.0,46.0,66.0,908.0,1002.0,1.066,12.936,12.135,0.7767,True,,False,ON,935.0,4.0,9.5
2026-09-25 13:08:36,MLLB_000_y1.0.3,RED,v4_red_MLLB_000_y103_0925,3.4,3.409,7,80,20,kaba,True,,36.0,50.0,14.0,966.0,1002.0,1.073,12.995,12.112,0.7766,True,,True,,935.0,4.0,9.5
2026-09-25 13:08:52,MLLB_000_y1.0.3,RED,v4_red_MLLB_000_y103_0925,3.4,3.409,7,80,24,kaba,True,,30.0,28.0,10.0,972.0,1002.0,4.937,59.827,12.118,0.7766,True,,False,FLAS,935.0,4.0,9.5
2026-09-25 13:09:08,MLLB_000_y1.0.3,RED,v4_red_MLLB_000_y103_0925,3.4,3.409,7,80,28,kaba,True,,30.0,28.0,10.0,972.0,1002.0,8.016,97.072,12.11,0.7767,True,,False,FLAS,935.0,4.0,9.5
2026-09-25 13:09:24,MLLB_000_y1.0.3,RED,v4_red_MLLB_000_y103_0925,3.4,3.409,7,80,17,ince,True,,80.0,54.0,50.0,922.0,1002.0,1.064,12.881,12.111,0.7768,True,,False,ON,935.0,4.0,9.5
2026-09-25 13:09:39,MLLB_000_y1.0.3,RED,v4_red_MLLB_000_y103_0925,3.4,3.409,7,80,18,ince,True,,66.0,50.0,38.0,936.0,1002.0,1.071,12.995,12.133,0.7772,True,,True,,935.0,4.0,9.5
2026-09-25 13:09:56,MLLB_000_y1.0.3,RED,v4_red_MLLB_000_y103_0925,3.4,3.409,7,80,19,ince,True,,52.0,50.0,22.0,950.0,1002.0,1.064,12.903,12.131,0.7767,True,,True,,935.0,4.0,9.5
2026-09-25 13:10:12,MLLB_000_y1.0.3,RED,v4_red_MLLB_000_y103_0925,3.4,3.409,7,80,21,ince,True,,30.0,28.0,10.0,972.0,1002.0,1.475,17.881,12.126,0.7761,True,,True,,935.0,4.0,9.5
2026-09-25 13:10:28,MLLB_000_y1.0.3,RED,v4_red_MLLB_000_y103_0925,3.4,3.409,7,80,22,ince,True,,30.0,28.0,10.0,972.0,1002.0,2.653,32.159,12.121,0.7764,True,,True,,935.0,4.0,9.5
2026-09-25 13:10:44,MLLB_000_y1.0.3,RED,v4_red_MLLB_000_y103_0925,3.4,3.409,7,80,23,ince,True,,30.0,28.0,10.0,972.0,1002.0,3.808,46.251,12.147,0.7766,True,,True,,935.0,4.0,9.5
2026-09-25 13:10:44,MLLB_000_y1.0.3,RED,v4_red_MLLB_000_y103_0925,3.4,3.409,7,80,,bitti,False,,,,,,,,,,,,,,,935.0,4.0,9.5
2026-09-25 13:11:00,MLLB_000_y1.0.3,RED,v4_red_MLLB_000_y103_0925,3.4,3.409,7,60,12,kaba,True,,186.0,50.0,158.0,816.0,1002.0,1.073,12.995,12.111,0.7765,True,,False,ON,935.0,4.0,9.5
2026-09-25 13:11:16,MLLB_000_y1.0.3,RED,v4_red_MLLB_000_y103_0925,3.4,3.409,7,60,16,kaba,True,,148.0,50.0,118.0,854.0,1002.0,1.066,12.903,12.105,0.7762,True,,False,ON,935.0,4.0,9.5
2026-09-25 13:11:32,MLLB_000_y1.0.3,RED,v4_red_MLLB_000_y103_0925,3.4,3.409,7,60,20,kaba,True,,106.0,50.0,78.0,896.0,1002.0,1.07,12.951,12.103,0.777,True,,False,ON,935.0,4.0,9.5
2026-09-25 13:11:44,MLLB_000_y1.0.3,RED,v4_red_MLLB_000_y103_0925,3.4,3.409,7,60,24,kaba,True,,66.0,54.0,34.0,936.0,1002.0,1.073,12.995,12.115,0.7768,True,,True,,935.0,4.0,9.5
2026-09-25 13:12:00,MLLB_000_y1.0.3,RED,v4_red_MLLB_000_y103_0925,3.4,3.409,7,60,28,kaba,True,,34.0,28.0,14.0,968.0,1002.0,1.871,22.687,12.124,0.7766,True,,True,,935.0,4.0,9.5
2026-09-25 13:12:16,MLLB_000_y1.0.3,RED,v4_red_MLLB_000_y103_0925,3.4,3.409,7,60,32,kaba,True,,34.0,28.0,14.0,968.0,1002.0,4.956,60.11,12.13,0.7771,True,,False,FLAS,935.0,4.0,9.5
2026-09-25 13:12:32,MLLB_000_y1.0.3,RED,v4_red_MLLB_000_y103_0925,3.4,3.409,7,60,36,kaba,True,,34.0,28.0,14.0,968.0,1002.0,7.204,87.155,12.098,0.7765,True,,False,FLAS,935.0,4.0,9.5
2026-09-25 13:12:48,MLLB_000_y1.0.3,RED,v4_red_MLLB_000_y103_0925,3.4,3.409,7,60,21,ince,True,,96.0,48.0,68.0,906.0,1002.0,1.071,12.995,12.129,0.7766,True,,False,ON,935.0,4.0,9.5
2026-09-25 13:13:04,MLLB_000_y1.0.3,RED,v4_red_MLLB_000_y103_0925,3.4,3.409,7,60,22,ince,True,,86.0,46.0,58.0,916.0,1002.0,1.072,12.995,12.126,0.7762,True,,False,ON,935.0,4.0,9.5
2026-09-25 13:13:20,MLLB_000_y1.0.3,RED,v4_red_MLLB_000_y103_0925,3.4,3.409,7,60,23,ince,True,,76.0,50.0,46.0,926.0,1002.0,1.071,12.995,12.13,0.7767,True,,False,ON,935.0,4.0,9.5
2026-09-25 13:13:20,MLLB_000_y1.0.3,RED,v4_red_MLLB_000_y103_0925,3.4,3.409,7,60,25,ince,False,iki-OK-arasi-monotonluk,,,,,,,,,,,,True,,935.0,4.0,9.5
2026-09-25 13:13:20,MLLB_000_y1.0.3,RED,v4_red_MLLB_000_y103_0925,3.4,3.409,7,60,26,ince,False,iki-OK-arasi-monotonluk,,,,,,,,,,,,True,,935.0,4.0,9.5
2026-09-25 13:13:20,MLLB_000_y1.0.3,RED,v4_red_MLLB_000_y103_0925,3.4,3.409,7,60,27,ince,False,iki-OK-arasi-monotonluk,,,,,,,,,,,,True,,935.0,4.0,9.5
2026-09-25 13:13:36,MLLB_000_y1.0.3,RED,v4_red_MLLB_000_y103_0925,3.4,3.409,7,60,29,ince,True,,34.0,28.0,14.0,968.0,1002.0,2.743,33.252,12.122,0.7771,True,,True,,935.0,4.0,9.5
2026-09-25 13:13:52,MLLB_000_y1.0.3,RED,v4_red_MLLB_000_y103_0925,3.4,3.409,7,60,30,ince,True,,34.0,28.0,14.0,968.0,1002.0,3.516,42.643,12.129,0.7768,True,,True,,935.0,4.0,9.5
2026-09-25 13:14:08,MLLB_000_y1.0.3,RED,v4_red_MLLB_000_y103_0925,3.4,3.409,7,60,31,ince,True,,34.0,28.0,14.0,968.0,1002.0,4.272,51.853,12.139,0.7765,True,,False,FLAS,935.0,4.0,9.5
2026-09-25 13:14:08,MLLB_000_y1.0.3,RED,v4_red_MLLB_000_y103_0925,3.4,3.409,7,60,,bitti,False,,,,,,,,,,,,,,,935.0,4.0,9.5
2026-09-25 13:14:30,MLLB_000_y1.0.3,RED,v4_red_MLLB_000_y103_0925,3.4,3.409,8,100,12,kaba,True,,98.0,36.0,74.0,904.0,1002.0,1.062,15.421,14.52,0.7772,True,,False,ON,935.0,4.0,9.5
2026-09-25 13:14:45,MLLB_000_y1.0.3,RED,v4_red_MLLB_000_y103_0925,3.4,3.409,8,100,16,kaba,True,,42.0,40.0,14.0,960.0,1002.0,1.062,15.421,14.521,0.7761,True,,True,,935.0,4.0,9.5
2026-09-25 13:15:02,MLLB_000_y1.0.3,RED,v4_red_MLLB_000_y103_0925,3.4,3.409,8,100,20,kaba,True,,26.0,28.0,6.0,976.0,1002.0,4.296,62.379,14.521,0.7762,True,,False,FLAS,935.0,4.0,9.5
2026-09-25 13:15:18,MLLB_000_y1.0.3,RED,v4_red_MLLB_000_y103_0925,3.4,3.409,8,100,24,kaba,True,,26.0,28.0,6.0,976.0,1002.0,8.072,117.263,14.528,0.7762,True,,False,FLAS,935.0,4.0,9.5
2026-09-25 13:15:34,MLLB_000_y1.0.3,RED,v4_red_MLLB_000_y103_0925,3.4,3.409,8,100,13,ince,True,,84.0,38.0,60.0,918.0,1002.0,1.063,15.421,14.51,0.7767,True,,False,ON,935.0,4.0,9.5
2026-09-25 13:15:50,MLLB_000_y1.0.3,RED,v4_red_MLLB_000_y103_0925,3.4,3.409,8,100,14,ince,True,,70.0,36.0,46.0,932.0,1002.0,1.062,15.432,14.529,0.7762,True,,False,ON,935.0,4.0,9.5
2026-09-25 13:16:05,MLLB_000_y1.0.3,RED,v4_red_MLLB_000_y103_0925,3.4,3.409,8,100,15,ince,True,,56.0,42.0,30.0,946.0,1002.0,1.064,15.47,14.538,0.7767,True,,True,,935.0,4.0,9.5
2026-09-25 13:16:22,MLLB_000_y1.0.3,RED,v4_red_MLLB_000_y103_0925,3.4,3.409,8,100,17,ince,True,,26.0,28.0,6.0,976.0,1002.0,1.062,15.45,14.546,0.7768,True,,True,,935.0,4.0,9.5
2026-09-25 13:16:38,MLLB_000_y1.0.3,RED,v4_red_MLLB_000_y103_0925,3.4,3.409,8,100,18,ince,True,,26.0,28.0,6.0,976.0,1002.0,1.857,26.998,14.542,0.7766,True,,True,,935.0,4.0,9.5
2026-09-25 13:16:54,MLLB_000_y1.0.3,RED,v4_red_MLLB_000_y103_0925,3.4,3.409,8,100,19,ince,True,,26.0,28.0,6.0,976.0,1002.0,3.088,44.923,14.55,0.7767,True,,True,,935.0,4.0,9.5
2026-09-25 13:16:54,MLLB_000_y1.0.3,RED,v4_red_MLLB_000_y103_0925,3.4,3.409,8,100,,bitti,False,,,,,,,,,,,,,,,935.0,4.0,9.5
2026-09-25 13:17:10,MLLB_000_y1.0.3,RED,v4_red_MLLB_000_y103_0925,3.4,3.409,8,80,12,kaba,True,,128.0,36.0,102.0,874.0,1002.0,1.064,15.421,14.494,0.7771,True,,False,ON,935.0,4.0,9.5
2026-09-25 13:17:26,MLLB_000_y1.0.3,RED,v4_red_MLLB_000_y103_0925,3.4,3.409,8,80,16,kaba,True,,82.0,36.0,58.0,920.0,1002.0,1.06,15.374,14.509,0.7764,True,,False,ON,935.0,4.0,9.5
2026-09-25 13:17:41,MLLB_000_y1.0.3,RED,v4_red_MLLB_000_y103_0925,3.4,3.409,8,80,20,kaba,True,,34.0,34.0,12.0,968.0,1002.0,1.063,15.444,14.532,0.7767,True,,True,,935.0,4.0,9.5
2026-09-25 13:17:58,MLLB_000_y1.0.3,RED,v4_red_MLLB_000_y103_0925,3.4,3.409,8,80,24,kaba,True,,30.0,28.0,10.0,972.0,1002.0,4.065,59.036,14.524,0.7765,True,,False,FLAS,935.0,4.0,9.5
2026-09-25 13:18:14,MLLB_000_y1.0.3,RED,v4_red_MLLB_000_y103_0925,3.4,3.409,8,80,28,kaba,True,,30.0,28.0,10.0,972.0,1002.0,6.627,96.272,14.527,0.7769,True,,False,FLAS,935.0,4.0,9.5
2026-09-25 13:18:30,MLLB_000_y1.0.3,RED,v4_red_MLLB_000_y103_0925,3.4,3.409,8,80,17,ince,True,,70.0,38.0,44.0,932.0,1002.0,1.061,15.421,14.529,0.7766,True,,False,ON,935.0,4.0,9.5
2026-09-25 13:18:46,MLLB_000_y1.0.3,RED,v4_red_MLLB_000_y103_0925,3.4,3.409,8,80,18,ince,True,,58.0,36.0,34.0,944.0,1002.0,1.062,15.421,14.524,0.7766,True,,True,,935.0,4.0,9.5
2026-09-25 13:19:02,MLLB_000_y1.0.3,RED,v4_red_MLLB_000_y103_0925,3.4,3.409,8,80,19,ince,True,,46.0,36.0,22.0,956.0,1002.0,1.063,15.428,14.516,0.7766,True,,True,,935.0,4.0,9.5
2026-09-25 13:19:18,MLLB_000_y1.0.3,RED,v4_red_MLLB_000_y103_0925,3.4,3.409,8,80,21,ince,True,,30.0,28.0,10.0,972.0,1002.0,1.219,17.735,14.55,0.7762,True,,True,,935.0,4.0,9.5
2026-09-25 13:19:34,MLLB_000_y1.0.3,RED,v4_red_MLLB_000_y103_0925,3.4,3.409,8,80,22,ince,True,,30.0,28.0,10.0,972.0,1002.0,2.175,31.574,14.519,0.7769,True,,True,,935.0,4.0,9.5
2026-09-25 13:19:50,MLLB_000_y1.0.3,RED,v4_red_MLLB_000_y103_0925,3.4,3.409,8,80,23,ince,True,,30.0,28.0,10.0,972.0,1002.0,3.141,45.66,14.537,0.7768,True,,True,,935.0,4.0,9.5
2026-09-25 13:19:50,MLLB_000_y1.0.3,RED,v4_red_MLLB_000_y103_0925,3.4,3.409,8,80,,bitti,False,,,,,,,,,,,,,,,935.0,4.0,9.5
2026-09-25 13:20:06,MLLB_000_y1.0.3,RED,v4_red_MLLB_000_y103_0925,3.4,3.409,8,60,12,kaba,True,,158.0,36.0,134.0,844.0,1002.0,1.065,15.421,14.477,0.7765,True,,False,ON,935.0,4.0,9.5
2026-09-25 13:20:18,MLLB_000_y1.0.3,RED,v4_red_MLLB_000_y103_0925,3.4,3.409,8,60,16,kaba,True,,126.0,36.0,102.0,876.0,1002.0,1.063,15.421,14.507,0.7764,True,,False,ON,935.0,4.0,9.5
2026-09-25 13:20:34,MLLB_000_y1.0.3,RED,v4_red_MLLB_000_y103_0925,3.4,3.409,8,60,20,kaba,True,,92.0,40.0,66.0,910.0,1002.0,1.062,15.421,14.525,0.7765,True,,False,ON,935.0,4.0,9.5
2026-09-25 13:20:50,MLLB_000_y1.0.3,RED,v4_red_MLLB_000_y103_0925,3.4,3.409,8,60,24,kaba,True,,58.0,38.0,32.0,944.0,1002.0,1.061,15.429,14.548,0.7762,True,,True,,935.0,4.0,9.5
2026-09-25 13:21:06,MLLB_000_y1.0.3,RED,v4_red_MLLB_000_y103_0925,3.4,3.409,8,60,28,kaba,True,,34.0,28.0,14.0,968.0,1002.0,1.561,22.71,14.544,0.7767,True,,True,,935.0,4.0,9.5
2026-09-25 13:21:21,MLLB_000_y1.0.3,RED,v4_red_MLLB_000_y103_0925,3.4,3.409,8,60,32,kaba,True,,34.0,28.0,14.0,968.0,1002.0,4.13,59.996,14.528,0.7761,True,,False,FLAS,935.0,4.0,9.5
2026-09-25 13:21:38,MLLB_000_y1.0.3,RED,v4_red_MLLB_000_y103_0925,3.4,3.409,8,60,36,kaba,True,,34.0,28.0,14.0,968.0,1002.0,5.971,86.834,14.541,0.7767,True,,False,FLAS,935.0,4.0,9.5
2026-09-25 13:21:54,MLLB_000_y1.0.3,RED,v4_red_MLLB_000_y103_0925,3.4,3.409,8,60,21,ince,True,,84.0,40.0,58.0,918.0,1002.0,1.067,15.515,14.543,0.7764,True,,False,ON,935.0,4.0,9.5
2026-09-25 13:22:10,MLLB_000_y1.0.3,RED,v4_red_MLLB_000_y103_0925,3.4,3.409,8,60,22,ince,True,,76.0,42.0,50.0,926.0,1002.0,1.062,15.421,14.52,0.7764,True,,False,ON,935.0,4.0,9.5
2026-09-25 13:22:26,MLLB_000_y1.0.3,RED,v4_red_MLLB_000_y103_0925,3.4,3.409,8,60,23,ince,True,,68.0,42.0,42.0,934.0,1002.0,1.061,15.421,14.541,0.7765,True,,False,ON,935.0,4.0,9.5
2026-09-25 13:22:26,MLLB_000_y1.0.3,RED,v4_red_MLLB_000_y103_0925,3.4,3.409,8,60,25,ince,False,iki-OK-arasi-monotonluk,,,,,,,,,,,,True,,935.0,4.0,9.5
2026-09-25 13:22:26,MLLB_000_y1.0.3,RED,v4_red_MLLB_000_y103_0925,3.4,3.409,8,60,26,ince,False,iki-OK-arasi-monotonluk,,,,,,,,,,,,True,,935.0,4.0,9.5
2026-09-25 13:22:26,MLLB_000_y1.0.3,RED,v4_red_MLLB_000_y103_0925,3.4,3.409,8,60,27,ince,False,iki-OK-arasi-monotonluk,,,,,,,,,,,,True,,935.0,4.0,9.5
2026-09-25 13:22:42,MLLB_000_y1.0.3,RED,v4_red_MLLB_000_y103_0925,3.4,3.409,8,60,29,ince,True,,34.0,28.0,14.0,968.0,1002.0,2.246,32.64,14.533,0.7768,True,,True,,935.0,4.0,9.5
2026-09-25 13:22:57,MLLB_000_y1.0.3,RED,v4_red_MLLB_000_y103_0925,3.4,3.409,8,60,30,ince,True,,34.0,28.0,14.0,968.0,1002.0,2.915,42.3,14.509,0.7765,True,,True,,935.0,4.0,9.5
2026-09-25 13:23:14,MLLB_000_y1.0.3,RED,v4_red_MLLB_000_y103_0925,3.4,3.409,8,60,31,ince,True,,34.0,28.0,14.0,968.0,1002.0,3.556,51.688,14.535,0.7758,True,,True,,935.0,4.0,9.5
2026-09-25 13:23:14,MLLB_000_y1.0.3,RED,v4_red_MLLB_000_y103_0925,3.4,3.409,8,60,,bitti,False,,,,,,,,,,,,,,,935.0,4.0,9.5
2026-09-25 13:23:36,MLLB_000_y1.0.3,RED,v4_red_MLLB_000_y103_0925,3.4,3.409,10,100,12,kaba,True,,78.0,34.0,56.0,924.0,1002.0,1.056,20.364,19.292,0.7768,True,,False,ON,935.0,4.0,9.5
2026-09-25 13:23:52,MLLB_000_y1.0.3,RED,v4_red_MLLB_000_y103_0925,3.4,3.409,10,100,16,kaba,True,,36.0,32.0,14.0,966.0,1002.0,1.056,20.397,19.319,0.7769,True,,True,,935.0,4.0,9.5
2026-09-25 13:24:08,MLLB_000_y1.0.3,RED,v4_red_MLLB_000_y103_0925,3.4,3.409,10,100,20,kaba,True,,26.0,28.0,6.0,976.0,1002.0,3.21,61.906,19.285,0.777,True,,True,,935.0,4.0,9.5
2026-09-25 13:24:24,MLLB_000_y1.0.3,RED,v4_red_MLLB_000_y103_0925,3.4,3.409,10,100,24,kaba,True,,26.0,28.0,6.0,976.0,1002.0,5.994,115.754,19.311,0.7769,True,,False,FLAS,935.0,4.0,9.5
2026-09-25 13:24:40,MLLB_000_y1.0.3,RED,v4_red_MLLB_000_y103_0925,3.4,3.409,10,100,28,kaba,True,,26.0,28.0,6.0,976.0,1002.0,8.509,164.236,19.3,0.7773,True,,False,FLAS,935.0,4.0,9.5
2026-09-25 13:24:56,MLLB_000_y1.0.3,RED,v4_red_MLLB_000_y103_0925,3.4,3.409,10,100,13,ince,True,,68.0,32.0,46.0,934.0,1002.0,1.055,20.364,19.302,0.7768,True,,False,ON,935.0,4.0,9.5
2026-09-25 13:25:11,MLLB_000_y1.0.3,RED,v4_red_MLLB_000_y103_0925,3.4,3.409,10,100,14,ince,True,,58.0,34.0,36.0,944.0,1002.0,1.054,20.365,19.317,0.7769,True,,True,,935.0,4.0,9.5
2026-09-25 13:25:28,MLLB_000_y1.0.3,RED,v4_red_MLLB_000_y103_0925,3.4,3.409,10,100,15,ince,True,,48.0,32.0,26.0,954.0,1002.0,1.056,20.372,19.295,0.7763,True,,True,,935.0,4.0,9.5
2026-09-25 13:25:28,MLLB_000_y1.0.3,RED,v4_red_MLLB_000_y103_0925,3.4,3.409,10,100,17,ince,False,iki-OK-arasi-monotonluk,,,,,,,,,,,,True,,935.0,4.0,9.5
2026-09-25 13:25:28,MLLB_000_y1.0.3,RED,v4_red_MLLB_000_y103_0925,3.4,3.409,10,100,18,ince,False,iki-OK-arasi-monotonluk,,,,,,,,,,,,True,,935.0,4.0,9.5
2026-09-25 13:25:28,MLLB_000_y1.0.3,RED,v4_red_MLLB_000_y103_0925,3.4,3.409,10,100,19,ince,False,iki-OK-arasi-monotonluk,,,,,,,,,,,,True,,935.0,4.0,9.5
2026-09-25 13:25:44,MLLB_000_y1.0.3,RED,v4_red_MLLB_000_y103_0925,3.4,3.409,10,100,21,ince,True,,26.0,28.0,6.0,976.0,1002.0,4.205,81.152,19.3,0.7766,True,,False,FLAS,935.0,4.0,9.5
2026-09-25 13:25:56,MLLB_000_y1.0.3,RED,v4_red_MLLB_000_y103_0925,3.4,3.409,10,100,22,ince,True,,26.0,28.0,6.0,976.0,1002.0,4.669,90.104,19.297,0.777,True,,False,FLAS,935.0,4.0,9.5
2026-09-25 13:26:12,MLLB_000_y1.0.3,RED,v4_red_MLLB_000_y103_0925,3.4,3.409,10,100,23,ince,True,,26.0,28.0,6.0,976.0,1002.0,5.217,100.684,19.299,0.7768,True,,False,FLAS,935.0,4.0,9.5
2026-09-25 13:26:12,MLLB_000_y1.0.3,RED,v4_red_MLLB_000_y103_0925,3.4,3.409,10,100,,bitti,False,,,,,,,,,,,,,,,935.0,4.0,9.5
2026-09-25 13:26:28,MLLB_000_y1.0.3,RED,v4_red_MLLB_000_y103_0925,3.4,3.409,10,80,12,kaba,True,,100.0,32.0,78.0,902.0,1002.0,1.054,20.318,19.27,0.7775,True,,False,ON,935.0,4.0,9.5
2026-09-25 13:26:44,MLLB_000_y1.0.3,RED,v4_red_MLLB_000_y103_0925,3.4,3.409,10,80,16,kaba,True,,68.0,32.0,46.0,934.0,1002.0,1.054,20.316,19.279,0.7766,True,,False,ON,935.0,4.0,9.5
2026-09-25 13:27:00,MLLB_000_y1.0.3,RED,v4_red_MLLB_000_y103_0925,3.4,3.409,10,80,20,kaba,True,,32.0,28.0,14.0,970.0,1002.0,1.056,20.364,19.28,0.7764,True,,True,,935.0,4.0,9.5
2026-09-25 13:27:16,MLLB_000_y1.0.3,RED,v4_red_MLLB_000_y103_0925,3.4,3.409,10,80,24,kaba,True,,30.0,28.0,10.0,972.0,1002.0,3.05,58.777,19.271,0.7767,True,,True,,935.0,4.0,9.5
2026-09-25 13:27:32,MLLB_000_y1.0.3,RED,v4_red_MLLB_000_y103_0925,3.4,3.409,10,80,28,kaba,True,,30.0,28.0,10.0,972.0,1002.0,4.986,96.171,19.288,0.7768,True,,False,FLAS,935.0,4.0,9.5
2026-09-25 13:27:48,MLLB_000_y1.0.3,RED,v4_red_MLLB_000_y103_0925,3.4,3.409,10,80,32,kaba,True,,30.0,28.0,10.0,972.0,1002.0,6.942,133.888,19.288,0.7768,True,,False,FLAS,935.0,4.0,9.5
2026-09-25 13:28:04,MLLB_000_y1.0.3,RED,v4_red_MLLB_000_y103_0925,3.4,3.409,10,80,17,ince,True,,58.0,34.0,36.0,944.0,1002.0,1.057,20.382,19.285,0.7766,True,,True,,935.0,4.0,9.5
2026-09-25 13:28:20,MLLB_000_y1.0.3,RED,v4_red_MLLB_000_y103_0925,3.4,3.409,10,80,18,ince,True,,50.0,34.0,28.0,952.0,1002.0,1.057,20.364,19.27,0.7767,True,,True,,935.0,4.0,9.5
2026-09-25 13:28:35,MLLB_000_y1.0.3,RED,v4_red_MLLB_000_y103_0925,3.4,3.409,10,80,19,ince,True,,40.0,32.0,18.0,962.0,1002.0,1.056,20.364,19.278,0.7764,True,,True,,935.0,4.0,9.5
2026-09-25 13:28:36,MLLB_000_y1.0.3,RED,v4_red_MLLB_000_y103_0925,3.4,3.409,10,80,21,ince,False,iki-OK-arasi-monotonluk,,,,,,,,,,,,True,,935.0,4.0,9.5
2026-09-25 13:28:36,MLLB_000_y1.0.3,RED,v4_red_MLLB_000_y103_0925,3.4,3.409,10,80,22,ince,False,iki-OK-arasi-monotonluk,,,,,,,,,,,,True,,935.0,4.0,9.5
2026-09-25 13:28:36,MLLB_000_y1.0.3,RED,v4_red_MLLB_000_y103_0925,3.4,3.409,10,80,23,ince,False,iki-OK-arasi-monotonluk,,,,,,,,,,,,True,,935.0,4.0,9.5
2026-09-25 13:28:52,MLLB_000_y1.0.3,RED,v4_red_MLLB_000_y103_0925,3.4,3.409,10,80,25,ince,True,,30.0,28.0,10.0,972.0,1002.0,4.054,78.231,19.296,0.7765,True,,False,FLAS,935.0,4.0,9.5
2026-09-25 13:29:08,MLLB_000_y1.0.3,RED,v4_red_MLLB_000_y103_0925,3.4,3.409,10,80,26,ince,True,,30.0,28.0,10.0,972.0,1002.0,4.362,84.152,19.292,0.7766,True,,False,FLAS,935.0,4.0,9.5
2026-09-25 13:29:24,MLLB_000_y1.0.3,RED,v4_red_MLLB_000_y103_0925,3.4,3.409,10,80,27,ince,True,,30.0,28.0,10.0,972.0,1002.0,4.633,89.407,19.3,0.7761,True,,False,FLAS,935.0,4.0,9.5
2026-09-25 13:29:24,MLLB_000_y1.0.3,RED,v4_red_MLLB_000_y103_0925,3.4,3.409,10,80,,bitti,False,,,,,,,,,,,,,,,935.0,4.0,9.5
2026-09-25 13:29:40,MLLB_000_y1.0.3,RED,v4_red_MLLB_000_y103_0925,3.4,3.409,10,60,12,kaba,True,,124.0,32.0,102.0,878.0,1002.0,1.057,20.364,19.26,0.7765,True,,False,ON,935.0,4.0,9.5
2026-09-25 13:29:56,MLLB_000_y1.0.3,RED,v4_red_MLLB_000_y103_0925,3.4,3.409,10,60,16,kaba,True,,100.0,32.0,78.0,902.0,1002.0,1.053,20.274,19.247,0.7764,True,,False,ON,935.0,4.0,9.5
2026-09-25 13:30:12,MLLB_000_y1.0.3,RED,v4_red_MLLB_000_y103_0925,3.4,3.409,10,60,20,kaba,True,,76.0,32.0,54.0,926.0,1002.0,1.056,20.364,19.286,0.7768,True,,False,ON,935.0,4.0,9.5
2026-09-25 13:30:28,MLLB_000_y1.0.3,RED,v4_red_MLLB_000_y103_0925,3.4,3.409,10,60,24,kaba,True,,52.0,32.0,30.0,950.0,1002.0,1.055,20.364,19.296,0.7766,True,,True,,935.0,4.0,9.5
2026-09-25 13:30:44,MLLB_000_y1.0.3,RED,v4_red_MLLB_000_y103_0925,3.4,3.409,10,60,28,kaba,True,,34.0,28.0,14.0,968.0,1002.0,1.175,22.686,19.314,0.7763,True,,True,,935.0,4.0,9.5
2026-09-25 13:30:56,MLLB_000_y1.0.3,RED,v4_red_MLLB_000_y103_0925,3.4,3.409,10,60,32,kaba,True,,34.0,28.0,14.0,968.0,1002.0,3.097,59.657,19.265,0.7765,True,,True,,935.0,4.0,9.5
2026-09-25 13:31:12,MLLB_000_y1.0.3,RED,v4_red_MLLB_000_y103_0925,3.4,3.409,10,60,36,kaba,True,,34.0,28.0,14.0,968.0,1002.0,4.513,87.155,19.313,0.7766,True,,False,FLAS,935.0,4.0,9.5
2026-09-25 13:31:28,MLLB_000_y1.0.3,RED,v4_red_MLLB_000_y103_0925,3.4,3.409,10,60,40,kaba,True,,34.0,28.0,14.0,968.0,1002.0,5.291,102.189,19.312,0.7766,True,,False,FLAS,935.0,4.0,9.5
2026-09-25 13:31:44,MLLB_000_y1.0.3,RED,v4_red_MLLB_000_y103_0925,3.4,3.409,10,60,21,ince,True,,70.0,34.0,48.0,932.0,1002.0,1.056,20.364,19.288,0.7767,True,,False,ON,935.0,4.0,9.5
2026-09-25 13:32:00,MLLB_000_y1.0.3,RED,v4_red_MLLB_000_y103_0925,3.4,3.409,10,60,22,ince,True,,64.0,32.0,42.0,938.0,1002.0,1.056,20.364,19.291,0.7768,True,,True,,935.0,4.0,9.5
2026-09-25 13:32:12,MLLB_000_y1.0.3,RED,v4_red_MLLB_000_y103_0925,3.4,3.409,10,60,23,ince,True,,58.0,34.0,36.0,944.0,1002.0,1.057,20.364,19.26,0.777,True,,True,,935.0,4.0,9.5
2026-09-25 13:32:13,MLLB_000_y1.0.3,RED,v4_red_MLLB_000_y103_0925,3.4,3.409,10,60,25,ince,False,iki-OK-arasi-monotonluk,,,,,,,,,,,,True,,935.0,4.0,9.5
2026-09-25 13:32:13,MLLB_000_y1.0.3,RED,v4_red_MLLB_000_y103_0925,3.4,3.409,10,60,26,ince,False,iki-OK-arasi-monotonluk,,,,,,,,,,,,True,,935.0,4.0,9.5
2026-09-25 13:32:13,MLLB_000_y1.0.3,RED,v4_red_MLLB_000_y103_0925,3.4,3.409,10,60,27,ince,False,iki-OK-arasi-monotonluk,,,,,,,,,,,,True,,935.0,4.0,9.5
2026-09-25 13:32:13,MLLB_000_y1.0.3,RED,v4_red_MLLB_000_y103_0925,3.4,3.409,10,60,29,ince,False,iki-OK-arasi-monotonluk,,,,,,,,,,,,True,,935.0,4.0,9.5
2026-09-25 13:32:13,MLLB_000_y1.0.3,RED,v4_red_MLLB_000_y103_0925,3.4,3.409,10,60,30,ince,False,iki-OK-arasi-monotonluk,,,,,,,,,,,,True,,935.0,4.0,9.5
2026-09-25 13:32:13,MLLB_000_y1.0.3,RED,v4_red_MLLB_000_y103_0925,3.4,3.409,10,60,31,ince,False,iki-OK-arasi-monotonluk,,,,,,,,,,,,True,,935.0,4.0,9.5
2026-09-25 13:32:28,MLLB_000_y1.0.3,RED,v4_red_MLLB_000_y103_0925,3.4,3.409,10,60,33,ince,True,,34.0,28.0,14.0,968.0,1002.0,3.937,75.919,19.284,0.7772,True,,True,,935.0,4.0,9.5
2026-09-25 13:32:40,MLLB_000_y1.0.3,RED,v4_red_MLLB_000_y103_0925,3.4,3.409,10,60,34,ince,True,,34.0,28.0,14.0,968.0,1002.0,4.166,80.384,19.295,0.7768,True,,False,FLAS,935.0,4.0,9.5
2026-09-25 13:32:56,MLLB_000_y1.0.3,RED,v4_red_MLLB_000_y103_0925,3.4,3.409,10,60,35,ince,True,,34.0,28.0,14.0,968.0,1002.0,4.322,83.402,19.297,0.7767,True,,False,FLAS,935.0,4.0,9.5
2026-09-25 13:32:56,MLLB_000_y1.0.3,RED,v4_red_MLLB_000_y103_0925,3.4,3.409,10,60,,bitti,False,,,,,,,,,,,,,,,935.0,4.0,9.5
2026-09-25 13:33:15,MLLB_000_y1.0.3,RED,v4_red_MLLB_000_y103_0925,3.4,3.409,15,100,12,kaba,True,,56.0,30.0,36.0,946.0,1002.0,1.05,33.354,31.772,0.7766,True,,True,,935.0,4.0,9.5
2026-09-25 13:33:32,MLLB_000_y1.0.3,RED,v4_red_MLLB_000_y103_0925,3.4,3.409,15,100,16,kaba,True,,32.0,32.0,10.0,970.0,1002.0,1.046,33.252,31.78,0.7773,True,,True,,935.0,4.0,9.5
2026-09-25 13:33:48,MLLB_000_y1.0.3,RED,v4_red_MLLB_000_y103_0925,3.4,3.409,15,100,20,kaba,True,,26.0,28.0,6.0,976.0,1002.0,1.958,62.212,31.766,0.7769,True,,True,,935.0,4.0,9.5
2026-09-25 13:34:04,MLLB_000_y1.0.3,RED,v4_red_MLLB_000_y103_0925,3.4,3.409,15,100,24,kaba,True,,26.0,28.0,6.0,976.0,1002.0,3.643,115.897,31.817,0.776,True,,True,,935.0,4.0,9.5
2026-09-25 13:34:19,MLLB_000_y1.0.3,RED,v4_red_MLLB_000_y103_0925,3.4,3.409,15,100,28,kaba,True,,26.0,28.0,6.0,976.0,1002.0,5.149,163.62,31.778,0.7762,True,,False,FLAS,935.0,4.0,9.5
2026-09-25 13:34:36,MLLB_000_y1.0.3,RED,v4_red_MLLB_000_y103_0925,3.4,3.409,15,100,32,kaba,True,,26.0,28.0,6.0,976.0,1002.0,6.037,191.681,31.752,0.7765,True,,False,FLAS,935.0,4.0,9.5
2026-09-25 13:34:36,MLLB_000_y1.0.3,RED,v4_red_MLLB_000_y103_0925,3.4,3.409,15,100,13,ince,False,iki-OK-arasi-monotonluk,,,,,,,,,,,,True,,935.0,4.0,9.5
2026-09-25 13:34:36,MLLB_000_y1.0.3,RED,v4_red_MLLB_000_y103_0925,3.4,3.409,15,100,14,ince,False,iki-OK-arasi-monotonluk,,,,,,,,,,,,True,,935.0,4.0,9.5
2026-09-25 13:34:36,MLLB_000_y1.0.3,RED,v4_red_MLLB_000_y103_0925,3.4,3.409,15,100,15,ince,False,iki-OK-arasi-monotonluk,,,,,,,,,,,,True,,935.0,4.0,9.5
2026-09-25 13:34:36,MLLB_000_y1.0.3,RED,v4_red_MLLB_000_y103_0925,3.4,3.409,15,100,17,ince,False,iki-OK-arasi-monotonluk,,,,,,,,,,,,True,,935.0,4.0,9.5
2026-09-25 13:34:36,MLLB_000_y1.0.3,RED,v4_red_MLLB_000_y103_0925,3.4,3.409,15,100,18,ince,False,iki-OK-arasi-monotonluk,,,,,,,,,,,,True,,935.0,4.0,9.5
2026-09-25 13:34:36,MLLB_000_y1.0.3,RED,v4_red_MLLB_000_y103_0925,3.4,3.409,15,100,19,ince,False,iki-OK-arasi-monotonluk,,,,,,,,,,,,True,,935.0,4.0,9.5
2026-09-25 13:34:36,MLLB_000_y1.0.3,RED,v4_red_MLLB_000_y103_0925,3.4,3.409,15,100,21,ince,False,iki-OK-arasi-monotonluk,,,,,,,,,,,,True,,935.0,4.0,9.5
2026-09-25 13:34:36,MLLB_000_y1.0.3,RED,v4_red_MLLB_000_y103_0925,3.4,3.409,15,100,22,ince,False,iki-OK-arasi-monotonluk,,,,,,,,,,,,True,,935.0,4.0,9.5
2026-09-25 13:34:36,MLLB_000_y1.0.3,RED,v4_red_MLLB_000_y103_0925,3.4,3.409,15,100,23,ince,False,iki-OK-arasi-monotonluk,,,,,,,,,,,,True,,935.0,4.0,9.5
2026-09-25 13:34:52,MLLB_000_y1.0.3,RED,v4_red_MLLB_000_y103_0925,3.4,3.409,15,100,25,ince,True,,26.0,28.0,6.0,976.0,1002.0,4.114,130.862,31.807,0.7758,True,,False,FLAS,935.0,4.0,9.5
2026-09-25 13:35:04,MLLB_000_y1.0.3,RED,v4_red_MLLB_000_y103_0925,3.4,3.409,15,100,26,ince,True,,26.0,28.0,6.0,976.0,1002.0,4.502,142.911,31.747,0.7759,True,,False,FLAS,935.0,4.0,9.5
2026-09-25 13:35:20,MLLB_000_y1.0.3,RED,v4_red_MLLB_000_y103_0925,3.4,3.409,15,100,27,ince,True,,26.0,28.0,6.0,976.0,1002.0,4.857,154.424,31.797,0.776,True,,False,FLAS,935.0,4.0,9.5
2026-09-25 13:35:20,MLLB_000_y1.0.3,RED,v4_red_MLLB_000_y103_0925,3.4,3.409,15,100,,bitti,False,,,,,,,,,,,,,,,935.0,4.0,9.5
2026-09-25 13:35:36,MLLB_000_y1.0.3,RED,v4_red_MLLB_000_y103_0925,3.4,3.409,15,80,12,kaba,True,,70.0,28.0,50.0,932.0,1002.0,1.044,33.15,31.749,0.7763,True,,False,ON,935.0,4.0,9.5
2026-09-25 13:35:52,MLLB_000_y1.0.3,RED,v4_red_MLLB_000_y103_0925,3.4,3.409,15,80,16,kaba,True,,50.0,28.0,30.0,952.0,1002.0,1.045,33.252,31.807,0.7766,True,,True,,935.0,4.0,9.5
2026-09-25 13:36:08,MLLB_000_y1.0.3,RED,v4_red_MLLB_000_y103_0925,3.4,3.409,15,80,20,kaba,True,,30.0,28.0,10.0,972.0,1002.0,1.046,33.252,31.792,0.7768,True,,True,,935.0,4.0,9.5
2026-09-25 13:36:24,MLLB_000_y1.0.3,RED,v4_red_MLLB_000_y103_0925,3.4,3.409,15,80,24,kaba,True,,30.0,28.0,10.0,972.0,1002.0,1.848,58.737,31.775,0.7768,True,,True,,935.0,4.0,9.5
2026-09-25 13:36:40,MLLB_000_y1.0.3,RED,v4_red_MLLB_000_y103_0925,3.4,3.409,15,80,28,kaba,True,,30.0,28.0,10.0,972.0,1002.0,3.004,95.419,31.765,0.7761,True,,True,,935.0,4.0,9.5
2026-09-25 13:36:56,MLLB_000_y1.0.3,RED,v4_red_MLLB_000_y103_0925,3.4,3.409,15,80,32,kaba,True,,30.0,28.0,10.0,972.0,1002.0,4.191,133.203,31.78,0.7763,True,,False,FLAS,935.0,4.0,9.5
2026-09-25 13:37:12,MLLB_000_y1.0.3,RED,v4_red_MLLB_000_y103_0925,3.4,3.409,15,80,36,kaba,True,,30.0,28.0,10.0,972.0,1002.0,4.934,156.766,31.775,0.7765,True,,False,FLAS,935.0,4.0,9.5
2026-09-25 13:37:28,MLLB_000_y1.0.3,RED,v4_red_MLLB_000_y103_0925,3.4,3.409,15,80,13,ince,True,,64.0,28.0,46.0,938.0,1002.0,1.047,33.252,31.746,0.7762,True,,True,,935.0,4.0,9.5
2026-09-25 13:37:44,MLLB_000_y1.0.3,RED,v4_red_MLLB_000_y103_0925,3.4,3.409,15,80,14,ince,True,,60.0,30.0,40.0,942.0,1002.0,1.046,33.252,31.797,0.7766,True,,True,,935.0,4.0,9.5
2026-09-25 13:38:00,MLLB_000_y1.0.3,RED,v4_red_MLLB_000_y103_0925,3.4,3.409,15,80,15,ince,True,,56.0,32.0,34.0,946.0,1002.0,1.047,33.252,31.755,0.7766,True,,True,,935.0,4.0,9.5
2026-09-25 13:38:00,MLLB_000_y1.0.3,RED,v4_red_MLLB_000_y103_0925,3.4,3.409,15,80,17,ince,False,iki-OK-arasi-monotonluk,,,,,,,,,,,,True,,935.0,4.0,9.5
2026-09-25 13:38:00,MLLB_000_y1.0.3,RED,v4_red_MLLB_000_y103_0925,3.4,3.409,15,80,18,ince,False,iki-OK-arasi-monotonluk,,,,,,,,,,,,True,,935.0,4.0,9.5
2026-09-25 13:38:00,MLLB_000_y1.0.3,RED,v4_red_MLLB_000_y103_0925,3.4,3.409,15,80,19,ince,False,iki-OK-arasi-monotonluk,,,,,,,,,,,,True,,935.0,4.0,9.5
2026-09-25 13:38:00,MLLB_000_y1.0.3,RED,v4_red_MLLB_000_y103_0925,3.4,3.409,15,80,21,ince,False,iki-OK-arasi-monotonluk,,,,,,,,,,,,True,,935.0,4.0,9.5
2026-09-25 13:38:00,MLLB_000_y1.0.3,RED,v4_red_MLLB_000_y103_0925,3.4,3.409,15,80,22,ince,False,iki-OK-arasi-monotonluk,,,,,,,,,,,,True,,935.0,4.0,9.5
2026-09-25 13:38:00,MLLB_000_y1.0.3,RED,v4_red_MLLB_000_y103_0925,3.4,3.409,15,80,23,ince,False,iki-OK-arasi-monotonluk,,,,,,,,,,,,True,,935.0,4.0,9.5
2026-09-25 13:38:00,MLLB_000_y1.0.3,RED,v4_red_MLLB_000_y103_0925,3.4,3.409,15,80,25,ince,False,iki-OK-arasi-monotonluk,,,,,,,,,,,,True,,935.0,4.0,9.5
2026-09-25 13:38:00,MLLB_000_y1.0.3,RED,v4_red_MLLB_000_y103_0925,3.4,3.409,15,80,26,ince,False,iki-OK-arasi-monotonluk,,,,,,,,,,,,True,,935.0,4.0,9.5
2026-09-25 13:38:00,MLLB_000_y1.0.3,RED,v4_red_MLLB_000_y103_0925,3.4,3.409,15,80,27,ince,False,iki-OK-arasi-monotonluk,,,,,,,,,,,,True,,935.0,4.0,9.5
2026-09-25 13:38:16,MLLB_000_y1.0.3,RED,v4_red_MLLB_000_y103_0925,3.4,3.409,15,80,29,ince,True,,30.0,28.0,10.0,972.0,1002.0,3.312,105.234,31.771,0.7764,True,,True,,935.0,4.0,9.5
2026-09-25 13:38:32,MLLB_000_y1.0.3,RED,v4_red_MLLB_000_y103_0925,3.4,3.409,15,80,30,ince,True,,30.0,28.0,10.0,972.0,1002.0,3.66,116.258,31.768,0.776,True,,True,,935.0,4.0,9.5
2026-09-25 13:38:48,MLLB_000_y1.0.3,RED,v4_red_MLLB_000_y103_0925,3.4,3.409,15,80,31,ince,True,,30.0,28.0,10.0,972.0,1002.0,3.906,124.069,31.766,0.7765,True,,True,,935.0,4.0,9.5
2026-09-25 13:38:48,MLLB_000_y1.0.3,RED,v4_red_MLLB_000_y103_0925,3.4,3.409,15,80,,bitti,False,,,,,,,,,,,,,,,935.0,4.0,9.5
2026-09-25 13:39:04,MLLB_000_y1.0.3,RED,v4_red_MLLB_000_y103_0925,3.4,3.409,15,60,12,kaba,True,,84.0,30.0,64.0,918.0,1002.0,1.048,33.252,31.734,0.7762,True,,False,ON,935.0,4.0,9.5
2026-09-25 13:39:20,MLLB_000_y1.0.3,RED,v4_red_MLLB_000_y103_0925,3.4,3.409,15,60,16,kaba,True,,72.0,32.0,50.0,930.0,1002.0,1.047,33.252,31.766,0.7769,True,,False,ON,935.0,4.0,9.5
2026-09-25 13:39:36,MLLB_000_y1.0.3,RED,v4_red_MLLB_000_y103_0925,3.4,3.409,15,60,20,kaba,True,,56.0,28.0,38.0,946.0,1002.0,1.047,33.252,31.754,0.7767,True,,True,,935.0,4.0,9.5
2026-09-25 13:39:52,MLLB_000_y1.0.3,RED,v4_red_MLLB_000_y103_0925,3.4,3.409,15,60,24,kaba,True,,44.0,32.0,22.0,958.0,1002.0,1.045,33.227,31.783,0.7767,True,,True,,935.0,4.0,9.5
2026-09-25 13:40:08,MLLB_000_y1.0.3,RED,v4_red_MLLB_000_y103_0925,3.4,3.409,15,60,28,kaba,True,,34.0,28.0,14.0,968.0,1002.0,1.046,33.252,31.781,0.7763,True,,True,,935.0,4.0,9.5
2026-09-25 13:40:24,MLLB_000_y1.0.3,RED,v4_red_MLLB_000_y103_0925,3.4,3.409,15,60,32,kaba,True,,34.0,28.0,14.0,968.0,1002.0,1.883,59.827,31.776,0.7763,True,,True,,935.0,4.0,9.5
2026-09-25 13:40:36,MLLB_000_y1.0.3,RED,v4_red_MLLB_000_y103_0925,3.4,3.409,15,60,36,kaba,True,,34.0,28.0,14.0,968.0,1002.0,2.719,86.393,31.77,0.7764,True,,True,,935.0,4.0,9.5
2026-09-25 13:40:52,MLLB_000_y1.0.3,RED,v4_red_MLLB_000_y103_0925,3.4,3.409,15,60,40,kaba,True,,34.0,28.0,14.0,968.0,1002.0,3.218,102.189,31.753,0.7763,True,,True,,935.0,4.0,9.5
2026-09-25 13:41:08,MLLB_000_y1.0.3,RED,v4_red_MLLB_000_y103_0925,3.4,3.409,15,60,44,kaba,True,,34.0,28.0,14.0,968.0,1002.0,3.739,118.857,31.79,0.7769,True,,True,,935.0,4.0,9.5
2026-09-25 13:41:24,MLLB_000_y1.0.3,RED,v4_red_MLLB_000_y103_0925,3.4,3.409,15,60,48,kaba,True,,34.0,28.0,14.0,968.0,1002.0,4.091,130.123,31.805,0.7761,True,,False,FLAS,935.0,4.0,9.5
2026-09-25 13:41:40,MLLB_000_y1.0.3,RED,v4_red_MLLB_000_y103_0925,3.4,3.409,15,60,52,kaba,True,,34.0,28.0,14.0,968.0,1002.0,4.309,136.916,31.778,0.7767,True,,False,FLAS,935.0,4.0,9.5
2026-09-25 13:41:56,MLLB_000_y1.0.3,RED,v4_red_MLLB_000_y103_0925,3.4,3.409,15,60,17,ince,True,,68.0,30.0,48.0,934.0,1002.0,1.047,33.252,31.756,0.7767,True,,False,ON,935.0,4.0,9.5
2026-09-25 13:42:12,MLLB_000_y1.0.3,RED,v4_red_MLLB_000_y103_0925,3.4,3.409,15,60,18,ince,True,,64.0,30.0,44.0,938.0,1002.0,1.047,33.252,31.763,0.7764,True,,True,,935.0,4.0,9.5
2026-09-25 13:42:28,MLLB_000_y1.0.3,RED,v4_red_MLLB_000_y103_0925,3.4,3.409,15,60,19,ince,True,,60.0,28.0,42.0,942.0,1002.0,1.047,33.252,31.76,0.7767,True,,True,,935.0,4.0,9.5
2026-09-25 13:42:28,MLLB_000_y1.0.3,RED,v4_red_MLLB_000_y103_0925,3.4,3.409,15,60,21,ince,False,iki-OK-arasi-monotonluk,,,,,,,,,,,,True,,935.0,4.0,9.5
2026-09-25 13:42:28,MLLB_000_y1.0.3,RED,v4_red_MLLB_000_y103_0925,3.4,3.409,15,60,22,ince,False,iki-OK-arasi-monotonluk,,,,,,,,,,,,True,,935.0,4.0,9.5
2026-09-25 13:42:28,MLLB_000_y1.0.3,RED,v4_red_MLLB_000_y103_0925,3.4,3.409,15,60,23,ince,False,iki-OK-arasi-monotonluk,,,,,,,,,,,,True,,935.0,4.0,9.5
2026-09-25 13:42:28,MLLB_000_y1.0.3,RED,v4_red_MLLB_000_y103_0925,3.4,3.409,15,60,25,ince,False,iki-OK-arasi-monotonluk,,,,,,,,,,,,True,,935.0,4.0,9.5
2026-09-25 13:42:28,MLLB_000_y1.0.3,RED,v4_red_MLLB_000_y103_0925,3.4,3.409,15,60,26,ince,False,iki-OK-arasi-monotonluk,,,,,,,,,,,,True,,935.0,4.0,9.5
2026-09-25 13:42:28,MLLB_000_y1.0.3,RED,v4_red_MLLB_000_y103_0925,3.4,3.409,15,60,27,ince,False,iki-OK-arasi-monotonluk,,,,,,,,,,,,True,,935.0,4.0,9.5
2026-09-25 13:42:28,MLLB_000_y1.0.3,RED,v4_red_MLLB_000_y103_0925,3.4,3.409,15,60,29,ince,False,iki-OK-arasi-monotonluk,,,,,,,,,,,,True,,935.0,4.0,9.5
2026-09-25 13:42:28,MLLB_000_y1.0.3,RED,v4_red_MLLB_000_y103_0925,3.4,3.409,15,60,30,ince,False,iki-OK-arasi-monotonluk,,,,,,,,,,,,True,,935.0,4.0,9.5
2026-09-25 13:42:28,MLLB_000_y1.0.3,RED,v4_red_MLLB_000_y103_0925,3.4,3.409,15,60,31,ince,False,iki-OK-arasi-monotonluk,,,,,,,,,,,,True,,935.0,4.0,9.5
2026-09-25 13:42:28,MLLB_000_y1.0.3,RED,v4_red_MLLB_000_y103_0925,3.4,3.409,15,60,33,ince,False,iki-OK-arasi-monotonluk,,,,,,,,,,,,True,,935.0,4.0,9.5
2026-09-25 13:42:28,MLLB_000_y1.0.3,RED,v4_red_MLLB_000_y103_0925,3.4,3.409,15,60,34,ince,False,iki-OK-arasi-monotonluk,,,,,,,,,,,,True,,935.0,4.0,9.5
2026-09-25 13:42:28,MLLB_000_y1.0.3,RED,v4_red_MLLB_000_y103_0925,3.4,3.409,15,60,35,ince,False,iki-OK-arasi-monotonluk,,,,,,,,,,,,True,,935.0,4.0,9.5
2026-09-25 13:42:28,MLLB_000_y1.0.3,RED,v4_red_MLLB_000_y103_0925,3.4,3.409,15,60,37,ince,False,iki-OK-arasi-monotonluk,,,,,,,,,,,,True,,935.0,4.0,9.5
2026-09-25 13:42:28,MLLB_000_y1.0.3,RED,v4_red_MLLB_000_y103_0925,3.4,3.409,15,60,38,ince,False,iki-OK-arasi-monotonluk,,,,,,,,,,,,True,,935.0,4.0,9.5
2026-09-25 13:42:28,MLLB_000_y1.0.3,RED,v4_red_MLLB_000_y103_0925,3.4,3.409,15,60,39,ince,False,iki-OK-arasi-monotonluk,,,,,,,,,,,,True,,935.0,4.0,9.5
2026-09-25 13:42:28,MLLB_000_y1.0.3,RED,v4_red_MLLB_000_y103_0925,3.4,3.409,15,60,41,ince,False,iki-OK-arasi-monotonluk,,,,,,,,,,,,True,,935.0,4.0,9.5
2026-09-25 13:42:28,MLLB_000_y1.0.3,RED,v4_red_MLLB_000_y103_0925,3.4,3.409,15,60,42,ince,False,iki-OK-arasi-monotonluk,,,,,,,,,,,,True,,935.0,4.0,9.5
2026-09-25 13:42:28,MLLB_000_y1.0.3,RED,v4_red_MLLB_000_y103_0925,3.4,3.409,15,60,43,ince,False,iki-OK-arasi-monotonluk,,,,,,,,,,,,True,,935.0,4.0,9.5
2026-09-25 13:42:44,MLLB_000_y1.0.3,RED,v4_red_MLLB_000_y103_0925,3.4,3.409,15,60,45,ince,True,,34.0,28.0,14.0,968.0,1002.0,3.832,121.792,31.783,0.7761,True,,True,,935.0,4.0,9.5
2026-09-25 13:43:00,MLLB_000_y1.0.3,RED,v4_red_MLLB_000_y103_0925,3.4,3.409,15,60,46,ince,True,,34.0,28.0,14.0,968.0,1002.0,3.951,125.57,31.778,0.7765,True,,True,,935.0,4.0,9.5
2026-09-25 13:43:16,MLLB_000_y1.0.3,RED,v4_red_MLLB_000_y103_0925,3.4,3.409,15,60,47,ince,True,,34.0,28.0,14.0,968.0,1002.0,4.023,127.902,31.793,0.7762,True,,False,FLAS,935.0,4.0,9.5
2026-09-25 13:43:16,MLLB_000_y1.0.3,RED,v4_red_MLLB_000_y103_0925,3.4,3.409,15,60,,bitti,False,,,,,,,,,,,,,,,935.0,4.0,9.5
2026-09-25 13:43:38,MLLB_000_y1.0.3,RED,v4_red_MLLB_000_y103_0925,3.4,3.409,100,100,12,kaba,True,,26.0,28.0,6.0,976.0,1002.0,1.051,242.323,230.672,0.7771,True,,True,,935.0,4.0,9.5
2026-09-25 13:43:54,MLLB_000_y1.0.3,RED,v4_red_MLLB_000_y103_0925,3.4,3.409,100,100,16,kaba,True,,26.0,28.0,6.0,976.0,1002.0,1.049,242.323,230.916,0.7763,True,,True,,935.0,4.0,9.5
2026-09-25 13:44:10,MLLB_000_y1.0.3,RED,v4_red_MLLB_000_y103_0925,3.4,3.409,100,100,20,kaba,True,,26.0,28.0,6.0,976.0,1002.0,1.05,242.323,230.772,0.7766,True,,True,,935.0,4.0,9.5
2026-09-25 13:44:26,MLLB_000_y1.0.3,RED,v4_red_MLLB_000_y103_0925,3.4,3.409,100,100,24,kaba,True,,26.0,28.0,6.0,976.0,1002.0,1.051,242.323,230.627,0.7765,True,,True,,935.0,4.0,9.5
2026-09-25 13:44:42,MLLB_000_y1.0.3,RED,v4_red_MLLB_000_y103_0925,3.4,3.409,100,100,28,kaba,True,,26.0,28.0,6.0,976.0,1002.0,1.057,243.864,230.741,0.7765,True,,True,,935.0,4.0,9.5
2026-09-25 13:44:58,MLLB_000_y1.0.3,RED,v4_red_MLLB_000_y103_0925,3.4,3.409,100,100,32,kaba,True,,26.0,28.0,6.0,976.0,1002.0,1.05,242.323,230.825,0.7765,True,,True,,935.0,4.0,9.5
2026-09-25 13:45:14,MLLB_000_y1.0.3,RED,v4_red_MLLB_000_y103_0925,3.4,3.409,100,100,36,kaba,True,,26.0,28.0,6.0,976.0,1002.0,1.051,242.476,230.806,0.7759,True,,True,,935.0,4.0,9.5
2026-09-25 13:45:30,MLLB_000_y1.0.3,RED,v4_red_MLLB_000_y103_0925,3.4,3.409,100,100,40,kaba,True,,26.0,28.0,6.0,976.0,1002.0,1.05,242.323,230.875,0.7766,True,,True,,935.0,4.0,9.5
2026-09-25 13:45:46,MLLB_000_y1.0.3,RED,v4_red_MLLB_000_y103_0925,3.4,3.409,100,100,44,kaba,True,,26.0,28.0,6.0,976.0,1002.0,1.077,248.49,230.777,0.7765,True,,True,,935.0,4.0,9.5
2026-09-25 13:46:02,MLLB_000_y1.0.3,RED,v4_red_MLLB_000_y103_0925,3.4,3.409,100,100,48,kaba,True,,26.0,28.0,6.0,976.0,1002.0,1.057,243.864,230.75,0.7762,True,,True,,935.0,4.0,9.5
2026-09-25 13:46:18,MLLB_000_y1.0.3,RED,v4_red_MLLB_000_y103_0925,3.4,3.409,100,100,52,kaba,True,,26.0,28.0,6.0,976.0,1002.0,1.051,242.536,230.766,0.7771,True,,True,,935.0,4.0,9.5
2026-09-25 13:46:34,MLLB_000_y1.0.3,RED,v4_red_MLLB_000_y103_0925,3.4,3.409,100,100,56,kaba,True,,26.0,28.0,6.0,976.0,1002.0,1.051,242.323,230.646,0.7765,True,,True,,935.0,4.0,9.5
2026-09-25 13:46:50,MLLB_000_y1.0.3,RED,v4_red_MLLB_000_y103_0925,3.4,3.409,100,100,58,kaba,True,,26.0,28.0,6.0,976.0,1002.0,1.05,242.323,230.821,0.7766,True,,True,,935.0,4.0,9.5
2026-09-25 13:46:50,MLLB_000_y1.0.3,RED,v4_red_MLLB_000_y103_0925,3.4,3.409,100,100,13,ince,False,iki-OK-arasi-monotonluk,,,,,,,,,,,,True,,935.0,4.0,9.5
2026-09-25 13:46:50,MLLB_000_y1.0.3,RED,v4_red_MLLB_000_y103_0925,3.4,3.409,100,100,14,ince,False,iki-OK-arasi-monotonluk,,,,,,,,,,,,True,,935.0,4.0,9.5
2026-09-25 13:46:50,MLLB_000_y1.0.3,RED,v4_red_MLLB_000_y103_0925,3.4,3.409,100,100,15,ince,False,iki-OK-arasi-monotonluk,,,,,,,,,,,,True,,935.0,4.0,9.5
2026-09-25 13:46:50,MLLB_000_y1.0.3,RED,v4_red_MLLB_000_y103_0925,3.4,3.409,100,100,17,ince,False,iki-OK-arasi-monotonluk,,,,,,,,,,,,True,,935.0,4.0,9.5
2026-09-25 13:46:50,MLLB_000_y1.0.3,RED,v4_red_MLLB_000_y103_0925,3.4,3.409,100,100,18,ince,False,iki-OK-arasi-monotonluk,,,,,,,,,,,,True,,935.0,4.0,9.5
2026-09-25 13:46:50,MLLB_000_y1.0.3,RED,v4_red_MLLB_000_y103_0925,3.4,3.409,100,100,19,ince,False,iki-OK-arasi-monotonluk,,,,,,,,,,,,True,,935.0,4.0,9.5
2026-09-25 13:46:50,MLLB_000_y1.0.3,RED,v4_red_MLLB_000_y103_0925,3.4,3.409,100,100,21,ince,False,iki-OK-arasi-monotonluk,,,,,,,,,,,,True,,935.0,4.0,9.5
2026-09-25 13:46:50,MLLB_000_y1.0.3,RED,v4_red_MLLB_000_y103_0925,3.4,3.409,100,100,22,ince,False,iki-OK-arasi-monotonluk,,,,,,,,,,,,True,,935.0,4.0,9.5
2026-09-25 13:46:50,MLLB_000_y1.0.3,RED,v4_red_MLLB_000_y103_0925,3.4,3.409,100,100,23,ince,False,iki-OK-arasi-monotonluk,,,,,,,,,,,,True,,935.0,4.0,9.5
2026-09-25 13:46:50,MLLB_000_y1.0.3,RED,v4_red_MLLB_000_y103_0925,3.4,3.409,100,100,25,ince,False,iki-OK-arasi-monotonluk,,,,,,,,,,,,True,,935.0,4.0,9.5
2026-09-25 13:46:50,MLLB_000_y1.0.3,RED,v4_red_MLLB_000_y103_0925,3.4,3.409,100,100,26,ince,False,iki-OK-arasi-monotonluk,,,,,,,,,,,,True,,935.0,4.0,9.5
2026-09-25 13:46:50,MLLB_000_y1.0.3,RED,v4_red_MLLB_000_y103_0925,3.4,3.409,100,100,27,ince,False,iki-OK-arasi-monotonluk,,,,,,,,,,,,True,,935.0,4.0,9.5
2026-09-25 13:46:50,MLLB_000_y1.0.3,RED,v4_red_MLLB_000_y103_0925,3.4,3.409,100,100,29,ince,False,iki-OK-arasi-monotonluk,,,,,,,,,,,,True,,935.0,4.0,9.5
2026-09-25 13:46:50,MLLB_000_y1.0.3,RED,v4_red_MLLB_000_y103_0925,3.4,3.409,100,100,30,ince,False,iki-OK-arasi-monotonluk,,,,,,,,,,,,True,,935.0,4.0,9.5
2026-09-25 13:46:50,MLLB_000_y1.0.3,RED,v4_red_MLLB_000_y103_0925,3.4,3.409,100,100,31,ince,False,iki-OK-arasi-monotonluk,,,,,,,,,,,,True,,935.0,4.0,9.5
2026-09-25 13:46:50,MLLB_000_y1.0.3,RED,v4_red_MLLB_000_y103_0925,3.4,3.409,100,100,33,ince,False,iki-OK-arasi-monotonluk,,,,,,,,,,,,True,,935.0,4.0,9.5
2026-09-25 13:46:50,MLLB_000_y1.0.3,RED,v4_red_MLLB_000_y103_0925,3.4,3.409,100,100,34,ince,False,iki-OK-arasi-monotonluk,,,,,,,,,,,,True,,935.0,4.0,9.5
2026-09-25 13:46:50,MLLB_000_y1.0.3,RED,v4_red_MLLB_000_y103_0925,3.4,3.409,100,100,35,ince,False,iki-OK-arasi-monotonluk,,,,,,,,,,,,True,,935.0,4.0,9.5
2026-09-25 13:46:50,MLLB_000_y1.0.3,RED,v4_red_MLLB_000_y103_0925,3.4,3.409,100,100,37,ince,False,iki-OK-arasi-monotonluk,,,,,,,,,,,,True,,935.0,4.0,9.5
2026-09-25 13:46:50,MLLB_000_y1.0.3,RED,v4_red_MLLB_000_y103_0925,3.4,3.409,100,100,38,ince,False,iki-OK-arasi-monotonluk,,,,,,,,,,,,True,,935.0,4.0,9.5
2026-09-25 13:46:50,MLLB_000_y1.0.3,RED,v4_red_MLLB_000_y103_0925,3.4,3.409,100,100,39,ince,False,iki-OK-arasi-monotonluk,,,,,,,,,,,,True,,935.0,4.0,9.5
2026-09-25 13:46:50,MLLB_000_y1.0.3,RED,v4_red_MLLB_000_y103_0925,3.4,3.409,100,100,41,ince,False,iki-OK-arasi-monotonluk,,,,,,,,,,,,True,,935.0,4.0,9.5
2026-09-25 13:46:50,MLLB_000_y1.0.3,RED,v4_red_MLLB_000_y103_0925,3.4,3.409,100,100,42,ince,False,iki-OK-arasi-monotonluk,,,,,,,,,,,,True,,935.0,4.0,9.5
2026-09-25 13:46:50,MLLB_000_y1.0.3,RED,v4_red_MLLB_000_y103_0925,3.4,3.409,100,100,43,ince,False,iki-OK-arasi-monotonluk,,,,,,,,,,,,True,,935.0,4.0,9.5
2026-09-25 13:46:50,MLLB_000_y1.0.3,RED,v4_red_MLLB_000_y103_0925,3.4,3.409,100,100,45,ince,False,iki-OK-arasi-monotonluk,,,,,,,,,,,,True,,935.0,4.0,9.5
2026-09-25 13:46:50,MLLB_000_y1.0.3,RED,v4_red_MLLB_000_y103_0925,3.4,3.409,100,100,46,ince,False,iki-OK-arasi-monotonluk,,,,,,,,,,,,True,,935.0,4.0,9.5
2026-09-25 13:46:50,MLLB_000_y1.0.3,RED,v4_red_MLLB_000_y103_0925,3.4,3.409,100,100,47,ince,False,iki-OK-arasi-monotonluk,,,,,,,,,,,,True,,935.0,4.0,9.5
2026-09-25 13:46:50,MLLB_000_y1.0.3,RED,v4_red_MLLB_000_y103_0925,3.4,3.409,100,100,49,ince,False,iki-OK-arasi-monotonluk,,,,,,,,,,,,True,,935.0,4.0,9.5
2026-09-25 13:46:50,MLLB_000_y1.0.3,RED,v4_red_MLLB_000_y103_0925,3.4,3.409,100,100,50,ince,False,iki-OK-arasi-monotonluk,,,,,,,,,,,,True,,935.0,4.0,9.5
2026-09-25 13:46:50,MLLB_000_y1.0.3,RED,v4_red_MLLB_000_y103_0925,3.4,3.409,100,100,51,ince,False,iki-OK-arasi-monotonluk,,,,,,,,,,,,True,,935.0,4.0,9.5
2026-09-25 13:46:50,MLLB_000_y1.0.3,RED,v4_red_MLLB_000_y103_0925,3.4,3.409,100,100,53,ince,False,iki-OK-arasi-monotonluk,,,,,,,,,,,,True,,935.0,4.0,9.5
2026-09-25 13:46:50,MLLB_000_y1.0.3,RED,v4_red_MLLB_000_y103_0925,3.4,3.409,100,100,54,ince,False,iki-OK-arasi-monotonluk,,,,,,,,,,,,True,,935.0,4.0,9.5
2026-09-25 13:46:50,MLLB_000_y1.0.3,RED,v4_red_MLLB_000_y103_0925,3.4,3.409,100,100,55,ince,False,iki-OK-arasi-monotonluk,,,,,,,,,,,,True,,935.0,4.0,9.5
2026-09-25 13:46:50,MLLB_000_y1.0.3,RED,v4_red_MLLB_000_y103_0925,3.4,3.409,100,100,57,ince,False,iki-OK-arasi-monotonluk,,,,,,,,,,,,True,,935.0,4.0,9.5
2026-09-25 13:46:50,MLLB_000_y1.0.3,RED,v4_red_MLLB_000_y103_0925,3.4,3.409,100,100,,bitti,False,,,,,,,,,,,,,,,935.0,4.0,9.5
2026-09-25 13:47:06,MLLB_000_y1.0.3,RED,v4_red_MLLB_000_y103_0925,3.4,3.409,100,80,12,kaba,True,,26.0,28.0,6.0,976.0,1002.0,1.05,242.371,230.82,0.7768,True,,True,,935.0,4.0,9.5
2026-09-25 13:47:22,MLLB_000_y1.0.3,RED,v4_red_MLLB_000_y103_0925,3.4,3.409,100,80,16,kaba,True,,26.0,28.0,6.0,976.0,1002.0,1.05,242.323,230.688,0.7767,True,,True,,935.0,4.0,9.5
2026-09-25 13:47:38,MLLB_000_y1.0.3,RED,v4_red_MLLB_000_y103_0925,3.4,3.409,100,80,20,kaba,True,,26.0,28.0,6.0,976.0,1002.0,1.05,242.425,230.897,0.7769,True,,True,,935.0,4.0,9.5
2026-09-25 13:47:54,MLLB_000_y1.0.3,RED,v4_red_MLLB_000_y103_0925,3.4,3.409,100,80,24,kaba,True,,26.0,28.0,6.0,976.0,1002.0,1.05,242.47,230.832,0.7764,True,,True,,935.0,4.0,9.5
2026-09-25 13:48:06,MLLB_000_y1.0.3,RED,v4_red_MLLB_000_y103_0925,3.4,3.409,100,80,28,kaba,True,,26.0,28.0,6.0,976.0,1002.0,1.056,243.73,230.699,0.776,True,,True,,935.0,4.0,9.5
2026-09-25 13:48:19,MLLB_000_y1.0.3,RED,v4_red_MLLB_000_y103_0925,3.4,3.409,100,80,32,kaba,True,,26.0,28.0,6.0,976.0,1002.0,1.05,242.323,230.708,0.7763,True,,True,,935.0,4.0,9.5
2026-09-25 13:48:31,MLLB_000_y1.0.3,RED,v4_red_MLLB_000_y103_0925,3.4,3.409,100,80,36,kaba,True,,26.0,28.0,6.0,976.0,1002.0,1.054,243.093,230.744,0.7762,True,,True,,935.0,4.0,9.5
2026-09-25 13:48:48,MLLB_000_y1.0.3,RED,v4_red_MLLB_000_y103_0925,3.4,3.409,100,80,40,kaba,True,,26.0,28.0,6.0,976.0,1002.0,1.038,242.356,233.464,0.7766,True,,True,,935.0,4.0,9.5
2026-09-25 13:49:04,MLLB_000_y1.0.3,RED,v4_red_MLLB_000_y103_0925,3.4,3.409,100,80,44,kaba,True,,26.0,28.0,6.0,976.0,1002.0,1.049,242.323,230.937,0.7761,True,,True,,935.0,4.0,9.5
2026-09-25 13:49:20,MLLB_000_y1.0.3,RED,v4_red_MLLB_000_y103_0925,3.4,3.409,100,80,48,kaba,True,,26.0,28.0,6.0,976.0,1002.0,1.05,242.323,230.736,0.7764,True,,True,,935.0,4.0,9.5
2026-09-25 13:49:36,MLLB_000_y1.0.3,RED,v4_red_MLLB_000_y103_0925,3.4,3.409,100,80,52,kaba,True,,26.0,28.0,6.0,976.0,1002.0,1.05,242.323,230.829,0.7766,True,,True,,935.0,4.0,9.5
2026-09-25 13:49:52,MLLB_000_y1.0.3,RED,v4_red_MLLB_000_y103_0925,3.4,3.409,100,80,56,kaba,True,,26.0,28.0,6.0,976.0,1002.0,1.05,242.323,230.788,0.7766,True,,True,,935.0,4.0,9.5
2026-09-25 13:50:08,MLLB_000_y1.0.3,RED,v4_red_MLLB_000_y103_0925,3.4,3.409,100,80,58,kaba,True,,26.0,28.0,6.0,976.0,1002.0,1.049,242.323,231.033,0.7762,True,,True,,935.0,4.0,9.5
2026-09-25 13:50:08,MLLB_000_y1.0.3,RED,v4_red_MLLB_000_y103_0925,3.4,3.409,100,80,13,ince,False,iki-OK-arasi-monotonluk,,,,,,,,,,,,True,,935.0,4.0,9.5
2026-09-25 13:50:08,MLLB_000_y1.0.3,RED,v4_red_MLLB_000_y103_0925,3.4,3.409,100,80,14,ince,False,iki-OK-arasi-monotonluk,,,,,,,,,,,,True,,935.0,4.0,9.5
2026-09-25 13:50:08,MLLB_000_y1.0.3,RED,v4_red_MLLB_000_y103_0925,3.4,3.409,100,80,15,ince,False,iki-OK-arasi-monotonluk,,,,,,,,,,,,True,,935.0,4.0,9.5
2026-09-25 13:50:08,MLLB_000_y1.0.3,RED,v4_red_MLLB_000_y103_0925,3.4,3.409,100,80,17,ince,False,iki-OK-arasi-monotonluk,,,,,,,,,,,,True,,935.0,4.0,9.5
2026-09-25 13:50:08,MLLB_000_y1.0.3,RED,v4_red_MLLB_000_y103_0925,3.4,3.409,100,80,18,ince,False,iki-OK-arasi-monotonluk,,,,,,,,,,,,True,,935.0,4.0,9.5
2026-09-25 13:50:08,MLLB_000_y1.0.3,RED,v4_red_MLLB_000_y103_0925,3.4,3.409,100,80,19,ince,False,iki-OK-arasi-monotonluk,,,,,,,,,,,,True,,935.0,4.0,9.5
2026-09-25 13:50:08,MLLB_000_y1.0.3,RED,v4_red_MLLB_000_y103_0925,3.4,3.409,100,80,21,ince,False,iki-OK-arasi-monotonluk,,,,,,,,,,,,True,,935.0,4.0,9.5
2026-09-25 13:50:08,MLLB_000_y1.0.3,RED,v4_red_MLLB_000_y103_0925,3.4,3.409,100,80,22,ince,False,iki-OK-arasi-monotonluk,,,,,,,,,,,,True,,935.0,4.0,9.5
2026-09-25 13:50:08,MLLB_000_y1.0.3,RED,v4_red_MLLB_000_y103_0925,3.4,3.409,100,80,23,ince,False,iki-OK-arasi-monotonluk,,,,,,,,,,,,True,,935.0,4.0,9.5
2026-09-25 13:50:08,MLLB_000_y1.0.3,RED,v4_red_MLLB_000_y103_0925,3.4,3.409,100,80,25,ince,False,iki-OK-arasi-monotonluk,,,,,,,,,,,,True,,935.0,4.0,9.5
2026-09-25 13:50:08,MLLB_000_y1.0.3,RED,v4_red_MLLB_000_y103_0925,3.4,3.409,100,80,26,ince,False,iki-OK-arasi-monotonluk,,,,,,,,,,,,True,,935.0,4.0,9.5
2026-09-25 13:50:08,MLLB_000_y1.0.3,RED,v4_red_MLLB_000_y103_0925,3.4,3.409,100,80,27,ince,False,iki-OK-arasi-monotonluk,,,,,,,,,,,,True,,935.0,4.0,9.5
2026-09-25 13:50:08,MLLB_000_y1.0.3,RED,v4_red_MLLB_000_y103_0925,3.4,3.409,100,80,29,ince,False,iki-OK-arasi-monotonluk,,,,,,,,,,,,True,,935.0,4.0,9.5
2026-09-25 13:50:08,MLLB_000_y1.0.3,RED,v4_red_MLLB_000_y103_0925,3.4,3.409,100,80,30,ince,False,iki-OK-arasi-monotonluk,,,,,,,,,,,,True,,935.0,4.0,9.5
2026-09-25 13:50:08,MLLB_000_y1.0.3,RED,v4_red_MLLB_000_y103_0925,3.4,3.409,100,80,31,ince,False,iki-OK-arasi-monotonluk,,,,,,,,,,,,True,,935.0,4.0,9.5
2026-09-25 13:50:08,MLLB_000_y1.0.3,RED,v4_red_MLLB_000_y103_0925,3.4,3.409,100,80,33,ince,False,iki-OK-arasi-monotonluk,,,,,,,,,,,,True,,935.0,4.0,9.5
2026-09-25 13:50:08,MLLB_000_y1.0.3,RED,v4_red_MLLB_000_y103_0925,3.4,3.409,100,80,34,ince,False,iki-OK-arasi-monotonluk,,,,,,,,,,,,True,,935.0,4.0,9.5
2026-09-25 13:50:08,MLLB_000_y1.0.3,RED,v4_red_MLLB_000_y103_0925,3.4,3.409,100,80,35,ince,False,iki-OK-arasi-monotonluk,,,,,,,,,,,,True,,935.0,4.0,9.5
2026-09-25 13:50:08,MLLB_000_y1.0.3,RED,v4_red_MLLB_000_y103_0925,3.4,3.409,100,80,37,ince,False,iki-OK-arasi-monotonluk,,,,,,,,,,,,True,,935.0,4.0,9.5
2026-09-25 13:50:08,MLLB_000_y1.0.3,RED,v4_red_MLLB_000_y103_0925,3.4,3.409,100,80,38,ince,False,iki-OK-arasi-monotonluk,,,,,,,,,,,,True,,935.0,4.0,9.5
2026-09-25 13:50:08,MLLB_000_y1.0.3,RED,v4_red_MLLB_000_y103_0925,3.4,3.409,100,80,39,ince,False,iki-OK-arasi-monotonluk,,,,,,,,,,,,True,,935.0,4.0,9.5
2026-09-25 13:50:08,MLLB_000_y1.0.3,RED,v4_red_MLLB_000_y103_0925,3.4,3.409,100,80,41,ince,False,iki-OK-arasi-monotonluk,,,,,,,,,,,,True,,935.0,4.0,9.5
2026-09-25 13:50:08,MLLB_000_y1.0.3,RED,v4_red_MLLB_000_y103_0925,3.4,3.409,100,80,42,ince,False,iki-OK-arasi-monotonluk,,,,,,,,,,,,True,,935.0,4.0,9.5
2026-09-25 13:50:08,MLLB_000_y1.0.3,RED,v4_red_MLLB_000_y103_0925,3.4,3.409,100,80,43,ince,False,iki-OK-arasi-monotonluk,,,,,,,,,,,,True,,935.0,4.0,9.5
2026-09-25 13:50:08,MLLB_000_y1.0.3,RED,v4_red_MLLB_000_y103_0925,3.4,3.409,100,80,45,ince,False,iki-OK-arasi-monotonluk,,,,,,,,,,,,True,,935.0,4.0,9.5
2026-09-25 13:50:08,MLLB_000_y1.0.3,RED,v4_red_MLLB_000_y103_0925,3.4,3.409,100,80,46,ince,False,iki-OK-arasi-monotonluk,,,,,,,,,,,,True,,935.0,4.0,9.5
2026-09-25 13:50:08,MLLB_000_y1.0.3,RED,v4_red_MLLB_000_y103_0925,3.4,3.409,100,80,47,ince,False,iki-OK-arasi-monotonluk,,,,,,,,,,,,True,,935.0,4.0,9.5
2026-09-25 13:50:08,MLLB_000_y1.0.3,RED,v4_red_MLLB_000_y103_0925,3.4,3.409,100,80,49,ince,False,iki-OK-arasi-monotonluk,,,,,,,,,,,,True,,935.0,4.0,9.5
2026-09-25 13:50:08,MLLB_000_y1.0.3,RED,v4_red_MLLB_000_y103_0925,3.4,3.409,100,80,50,ince,False,iki-OK-arasi-monotonluk,,,,,,,,,,,,True,,935.0,4.0,9.5
2026-09-25 13:50:08,MLLB_000_y1.0.3,RED,v4_red_MLLB_000_y103_0925,3.4,3.409,100,80,51,ince,False,iki-OK-arasi-monotonluk,,,,,,,,,,,,True,,935.0,4.0,9.5
2026-09-25 13:50:08,MLLB_000_y1.0.3,RED,v4_red_MLLB_000_y103_0925,3.4,3.409,100,80,53,ince,False,iki-OK-arasi-monotonluk,,,,,,,,,,,,True,,935.0,4.0,9.5
2026-09-25 13:50:08,MLLB_000_y1.0.3,RED,v4_red_MLLB_000_y103_0925,3.4,3.409,100,80,54,ince,False,iki-OK-arasi-monotonluk,,,,,,,,,,,,True,,935.0,4.0,9.5
2026-09-25 13:50:08,MLLB_000_y1.0.3,RED,v4_red_MLLB_000_y103_0925,3.4,3.409,100,80,55,ince,False,iki-OK-arasi-monotonluk,,,,,,,,,,,,True,,935.0,4.0,9.5
2026-09-25 13:50:08,MLLB_000_y1.0.3,RED,v4_red_MLLB_000_y103_0925,3.4,3.409,100,80,57,ince,False,iki-OK-arasi-monotonluk,,,,,,,,,,,,True,,935.0,4.0,9.5
2026-09-25 13:50:08,MLLB_000_y1.0.3,RED,v4_red_MLLB_000_y103_0925,3.4,3.409,100,80,,bitti,False,,,,,,,,,,,,,,,935.0,4.0,9.5
2026-09-25 13:50:20,MLLB_000_y1.0.3,RED,v4_red_MLLB_000_y103_0925,3.4,3.409,100,60,12,kaba,True,,26.0,28.0,6.0,976.0,1002.0,1.05,242.323,230.713,0.7762,True,,True,,935.0,4.0,9.5
2026-09-25 13:50:36,MLLB_000_y1.0.3,RED,v4_red_MLLB_000_y103_0925,3.4,3.409,100,60,16,kaba,True,,26.0,28.0,6.0,976.0,1002.0,1.05,242.323,230.781,0.7768,True,,True,,935.0,4.0,9.5
2026-09-25 13:50:52,MLLB_000_y1.0.3,RED,v4_red_MLLB_000_y103_0925,3.4,3.409,100,60,20,kaba,True,,26.0,28.0,6.0,976.0,1002.0,1.049,242.323,230.925,0.7767,True,,True,,935.0,4.0,9.5
2026-09-25 13:51:08,MLLB_000_y1.0.3,RED,v4_red_MLLB_000_y103_0925,3.4,3.409,100,60,24,kaba,True,,26.0,28.0,6.0,976.0,1002.0,1.05,242.351,230.765,0.7767,True,,True,,935.0,4.0,9.5
2026-09-25 13:51:24,MLLB_000_y1.0.3,RED,v4_red_MLLB_000_y103_0925,3.4,3.409,100,60,28,kaba,True,,26.0,28.0,6.0,976.0,1002.0,1.05,242.354,230.764,0.7765,True,,True,,935.0,4.0,9.5
2026-09-25 13:51:40,MLLB_000_y1.0.3,RED,v4_red_MLLB_000_y103_0925,3.4,3.409,100,60,32,kaba,True,,26.0,28.0,6.0,976.0,1002.0,1.05,242.323,230.689,0.7763,True,,True,,935.0,4.0,9.5
2026-09-25 13:51:56,MLLB_000_y1.0.3,RED,v4_red_MLLB_000_y103_0925,3.4,3.409,100,60,36,kaba,True,,26.0,28.0,6.0,976.0,1002.0,1.05,242.323,230.743,0.7763,True,,True,,935.0,4.0,9.5
2026-09-25 13:52:12,MLLB_000_y1.0.3,RED,v4_red_MLLB_000_y103_0925,3.4,3.409,100,60,40,kaba,True,,26.0,28.0,6.0,976.0,1002.0,1.057,243.864,230.629,0.7761,True,,True,,935.0,4.0,9.5
2026-09-25 13:52:28,MLLB_000_y1.0.3,RED,v4_red_MLLB_000_y103_0925,3.4,3.409,100,60,44,kaba,True,,26.0,28.0,6.0,976.0,1002.0,1.051,242.462,230.772,0.7767,True,,True,,935.0,4.0,9.5
2026-09-25 13:52:44,MLLB_000_y1.0.3,RED,v4_red_MLLB_000_y103_0925,3.4,3.409,100,60,48,kaba,True,,26.0,28.0,6.0,976.0,1002.0,1.047,241.802,230.861,0.7763,True,,True,,935.0,4.0,9.5
2026-09-25 13:53:00,MLLB_000_y1.0.3,RED,v4_red_MLLB_000_y103_0925,3.4,3.409,100,60,52,kaba,True,,26.0,28.0,6.0,976.0,1002.0,1.058,243.864,230.562,0.7769,True,,True,,935.0,4.0,9.5
2026-09-25 13:53:16,MLLB_000_y1.0.3,RED,v4_red_MLLB_000_y103_0925,3.4,3.409,100,60,56,kaba,True,,26.0,28.0,6.0,976.0,1002.0,1.05,242.323,230.714,0.7765,True,,True,,935.0,4.0,9.5
2026-09-25 13:53:32,MLLB_000_y1.0.3,RED,v4_red_MLLB_000_y103_0925,3.4,3.409,100,60,58,kaba,True,,26.0,28.0,6.0,976.0,1002.0,1.05,242.323,230.781,0.7767,True,,True,,935.0,4.0,9.5
2026-09-25 13:53:32,MLLB_000_y1.0.3,RED,v4_red_MLLB_000_y103_0925,3.4,3.409,100,60,13,ince,False,iki-OK-arasi-monotonluk,,,,,,,,,,,,True,,935.0,4.0,9.5
2026-09-25 13:53:32,MLLB_000_y1.0.3,RED,v4_red_MLLB_000_y103_0925,3.4,3.409,100,60,14,ince,False,iki-OK-arasi-monotonluk,,,,,,,,,,,,True,,935.0,4.0,9.5
2026-09-25 13:53:32,MLLB_000_y1.0.3,RED,v4_red_MLLB_000_y103_0925,3.4,3.409,100,60,15,ince,False,iki-OK-arasi-monotonluk,,,,,,,,,,,,True,,935.0,4.0,9.5
2026-09-25 13:53:32,MLLB_000_y1.0.3,RED,v4_red_MLLB_000_y103_0925,3.4,3.409,100,60,17,ince,False,iki-OK-arasi-monotonluk,,,,,,,,,,,,True,,935.0,4.0,9.5
2026-09-25 13:53:32,MLLB_000_y1.0.3,RED,v4_red_MLLB_000_y103_0925,3.4,3.409,100,60,18,ince,False,iki-OK-arasi-monotonluk,,,,,,,,,,,,True,,935.0,4.0,9.5
2026-09-25 13:53:32,MLLB_000_y1.0.3,RED,v4_red_MLLB_000_y103_0925,3.4,3.409,100,60,19,ince,False,iki-OK-arasi-monotonluk,,,,,,,,,,,,True,,935.0,4.0,9.5
2026-09-25 13:53:32,MLLB_000_y1.0.3,RED,v4_red_MLLB_000_y103_0925,3.4,3.409,100,60,21,ince,False,iki-OK-arasi-monotonluk,,,,,,,,,,,,True,,935.0,4.0,9.5
2026-09-25 13:53:32,MLLB_000_y1.0.3,RED,v4_red_MLLB_000_y103_0925,3.4,3.409,100,60,22,ince,False,iki-OK-arasi-monotonluk,,,,,,,,,,,,True,,935.0,4.0,9.5
2026-09-25 13:53:32,MLLB_000_y1.0.3,RED,v4_red_MLLB_000_y103_0925,3.4,3.409,100,60,23,ince,False,iki-OK-arasi-monotonluk,,,,,,,,,,,,True,,935.0,4.0,9.5
2026-09-25 13:53:32,MLLB_000_y1.0.3,RED,v4_red_MLLB_000_y103_0925,3.4,3.409,100,60,25,ince,False,iki-OK-arasi-monotonluk,,,,,,,,,,,,True,,935.0,4.0,9.5
2026-09-25 13:53:32,MLLB_000_y1.0.3,RED,v4_red_MLLB_000_y103_0925,3.4,3.409,100,60,26,ince,False,iki-OK-arasi-monotonluk,,,,,,,,,,,,True,,935.0,4.0,9.5
2026-09-25 13:53:32,MLLB_000_y1.0.3,RED,v4_red_MLLB_000_y103_0925,3.4,3.409,100,60,27,ince,False,iki-OK-arasi-monotonluk,,,,,,,,,,,,True,,935.0,4.0,9.5
2026-09-25 13:53:32,MLLB_000_y1.0.3,RED,v4_red_MLLB_000_y103_0925,3.4,3.409,100,60,29,ince,False,iki-OK-arasi-monotonluk,,,,,,,,,,,,True,,935.0,4.0,9.5
2026-09-25 13:53:32,MLLB_000_y1.0.3,RED,v4_red_MLLB_000_y103_0925,3.4,3.409,100,60,30,ince,False,iki-OK-arasi-monotonluk,,,,,,,,,,,,True,,935.0,4.0,9.5
2026-09-25 13:53:32,MLLB_000_y1.0.3,RED,v4_red_MLLB_000_y103_0925,3.4,3.409,100,60,31,ince,False,iki-OK-arasi-monotonluk,,,,,,,,,,,,True,,935.0,4.0,9.5
2026-09-25 13:53:32,MLLB_000_y1.0.3,RED,v4_red_MLLB_000_y103_0925,3.4,3.409,100,60,33,ince,False,iki-OK-arasi-monotonluk,,,,,,,,,,,,True,,935.0,4.0,9.5
2026-09-25 13:53:32,MLLB_000_y1.0.3,RED,v4_red_MLLB_000_y103_0925,3.4,3.409,100,60,34,ince,False,iki-OK-arasi-monotonluk,,,,,,,,,,,,True,,935.0,4.0,9.5
2026-09-25 13:53:32,MLLB_000_y1.0.3,RED,v4_red_MLLB_000_y103_0925,3.4,3.409,100,60,35,ince,False,iki-OK-arasi-monotonluk,,,,,,,,,,,,True,,935.0,4.0,9.5
2026-09-25 13:53:32,MLLB_000_y1.0.3,RED,v4_red_MLLB_000_y103_0925,3.4,3.409,100,60,37,ince,False,iki-OK-arasi-monotonluk,,,,,,,,,,,,True,,935.0,4.0,9.5
2026-09-25 13:53:32,MLLB_000_y1.0.3,RED,v4_red_MLLB_000_y103_0925,3.4,3.409,100,60,38,ince,False,iki-OK-arasi-monotonluk,,,,,,,,,,,,True,,935.0,4.0,9.5
2026-09-25 13:53:32,MLLB_000_y1.0.3,RED,v4_red_MLLB_000_y103_0925,3.4,3.409,100,60,39,ince,False,iki-OK-arasi-monotonluk,,,,,,,,,,,,True,,935.0,4.0,9.5
2026-09-25 13:53:32,MLLB_000_y1.0.3,RED,v4_red_MLLB_000_y103_0925,3.4,3.409,100,60,41,ince,False,iki-OK-arasi-monotonluk,,,,,,,,,,,,True,,935.0,4.0,9.5
2026-09-25 13:53:32,MLLB_000_y1.0.3,RED,v4_red_MLLB_000_y103_0925,3.4,3.409,100,60,42,ince,False,iki-OK-arasi-monotonluk,,,,,,,,,,,,True,,935.0,4.0,9.5
2026-09-25 13:53:32,MLLB_000_y1.0.3,RED,v4_red_MLLB_000_y103_0925,3.4,3.409,100,60,43,ince,False,iki-OK-arasi-monotonluk,,,,,,,,,,,,True,,935.0,4.0,9.5
2026-09-25 13:53:32,MLLB_000_y1.0.3,RED,v4_red_MLLB_000_y103_0925,3.4,3.409,100,60,45,ince,False,iki-OK-arasi-monotonluk,,,,,,,,,,,,True,,935.0,4.0,9.5
2026-09-25 13:53:32,MLLB_000_y1.0.3,RED,v4_red_MLLB_000_y103_0925,3.4,3.409,100,60,46,ince,False,iki-OK-arasi-monotonluk,,,,,,,,,,,,True,,935.0,4.0,9.5
2026-09-25 13:53:32,MLLB_000_y1.0.3,RED,v4_red_MLLB_000_y103_0925,3.4,3.409,100,60,47,ince,False,iki-OK-arasi-monotonluk,,,,,,,,,,,,True,,935.0,4.0,9.5
2026-09-25 13:53:32,MLLB_000_y1.0.3,RED,v4_red_MLLB_000_y103_0925,3.4,3.409,100,60,49,ince,False,iki-OK-arasi-monotonluk,,,,,,,,,,,,True,,935.0,4.0,9.5
2026-09-25 13:53:32,MLLB_000_y1.0.3,RED,v4_red_MLLB_000_y103_0925,3.4,3.409,100,60,50,ince,False,iki-OK-arasi-monotonluk,,,,,,,,,,,,True,,935.0,4.0,9.5
2026-09-25 13:53:32,MLLB_000_y1.0.3,RED,v4_red_MLLB_000_y103_0925,3.4,3.409,100,60,51,ince,False,iki-OK-arasi-monotonluk,,,,,,,,,,,,True,,935.0,4.0,9.5
2026-09-25 13:53:32,MLLB_000_y1.0.3,RED,v4_red_MLLB_000_y103_0925,3.4,3.409,100,60,53,ince,False,iki-OK-arasi-monotonluk,,,,,,,,,,,,True,,935.0,4.0,9.5
2026-09-25 13:53:32,MLLB_000_y1.0.3,RED,v4_red_MLLB_000_y103_0925,3.4,3.409,100,60,54,ince,False,iki-OK-arasi-monotonluk,,,,,,,,,,,,True,,935.0,4.0,9.5
2026-09-25 13:53:32,MLLB_000_y1.0.3,RED,v4_red_MLLB_000_y103_0925,3.4,3.409,100,60,55,ince,False,iki-OK-arasi-monotonluk,,,,,,,,,,,,True,,935.0,4.0,9.5
2026-09-25 13:53:32,MLLB_000_y1.0.3,RED,v4_red_MLLB_000_y103_0925,3.4,3.409,100,60,57,ince,False,iki-OK-arasi-monotonluk,,,,,,,,,,,,True,,935.0,4.0,9.5
2026-09-25 13:53:32,MLLB_000_y1.0.3,RED,v4_red_MLLB_000_y103_0925,3.4,3.409,100,60,,bitti,False,,,,,,,,,,,,,,,935.0,4.0,9.5
2026-09-25 13:54:02,MLLB_000_y1.0.3,RED,v4_red_MLLB_000_y103_0925,3.2,3.209,6,100,12,kaba,True,,166.0,82.0,130.0,836.0,1002.0,1.074,10.554,9.826,0.7306,True,,False,ON,935.0,4.0,9.5
2026-09-25 13:54:18,MLLB_000_y1.0.3,RED,v4_red_MLLB_000_y103_0925,3.2,3.209,6,100,16,kaba,True,,80.0,86.0,42.0,922.0,1002.0,1.071,10.543,9.844,0.7316,True,,False,ON,935.0,4.0,9.5
2026-09-25 13:54:34,MLLB_000_y1.0.3,RED,v4_red_MLLB_000_y103_0925,3.2,3.209,6,100,20,kaba,True,,24.0,26.0,6.0,978.0,1002.0,4.077,40.154,9.849,0.7304,True,,False,FLAS,935.0,4.0,9.5
2026-09-25 13:54:50,MLLB_000_y1.0.3,RED,v4_red_MLLB_000_y103_0925,3.2,3.209,6,100,24,kaba,True,,24.0,28.0,6.0,978.0,1002.0,9.48,93.164,9.827,0.7324,True,,False,FLAS,935.0,4.0,9.5
2026-09-25 13:55:06,MLLB_000_y1.0.3,RED,v4_red_MLLB_000_y103_0925,3.2,3.209,6,100,17,ince,True,,58.0,80.0,20.0,944.0,1002.0,1.069,10.508,9.834,0.7301,True,,True,,935.0,4.0,9.5
2026-09-25 13:55:22,MLLB_000_y1.0.3,RED,v4_red_MLLB_000_y103_0925,3.2,3.209,6,100,18,ince,True,,30.0,124.0,8.0,972.0,1002.0,1.073,10.554,9.835,0.7305,True,,True,,935.0,4.0,9.5
2026-09-25 13:55:38,MLLB_000_y1.0.3,RED,v4_red_MLLB_000_y103_0925,3.2,3.209,6,100,19,ince,True,,24.0,26.0,6.0,978.0,1002.0,2.433,23.906,9.826,0.7303,True,,True,,935.0,4.0,9.5
2026-09-25 13:55:38,MLLB_000_y1.0.3,RED,v4_red_MLLB_000_y103_0925,3.2,3.209,6,100,,bitti,False,,,,,,,,,,,,,,,935.0,4.0,9.5
2026-09-25 13:55:54,MLLB_000_y1.0.3,RED,v4_red_MLLB_000_y103_0925,3.2,3.209,6,80,12,kaba,True,,208.0,86.0,174.0,794.0,1002.0,1.074,10.508,9.782,0.7312,True,,False,ON,935.0,4.0,9.5
2026-09-25 13:56:10,MLLB_000_y1.0.3,RED,v4_red_MLLB_000_y103_0925,3.2,3.209,6,80,16,kaba,True,,140.0,70.0,102.0,862.0,1002.0,1.077,10.6,9.839,0.7309,True,,False,ON,935.0,4.0,9.5
2026-09-25 13:56:26,MLLB_000_y1.0.3,RED,v4_red_MLLB_000_y103_0925,3.2,3.209,6,80,20,kaba,True,,68.0,90.0,30.0,934.0,1002.0,1.078,10.6,9.834,0.7281,True,,False,ON,935.0,4.0,9.5
2026-09-25 13:56:42,MLLB_000_y1.0.3,RED,v4_red_MLLB_000_y103_0925,3.2,3.209,6,80,24,kaba,True,,28.0,26.0,10.0,974.0,1002.0,3.831,37.731,9.849,0.7305,True,,True,,935.0,4.0,9.5
2026-09-25 13:56:58,MLLB_000_y1.0.3,RED,v4_red_MLLB_000_y103_0925,3.2,3.209,6,80,28,kaba,True,,28.0,26.0,10.0,974.0,1002.0,8.11,79.652,9.822,0.7299,True,,False,FLAS,935.0,4.0,9.5
2026-09-25 13:57:14,MLLB_000_y1.0.3,RED,v4_red_MLLB_000_y103_0925,3.2,3.209,6,80,21,ince,True,,50.0,88.0,16.0,952.0,1002.0,1.071,10.554,9.853,0.7304,True,,True,,935.0,4.0,9.5
2026-09-25 13:57:30,MLLB_000_y1.0.3,RED,v4_red_MLLB_000_y103_0925,3.2,3.209,6,80,22,ince,True,,30.0,28.0,10.0,972.0,1002.0,1.307,12.828,9.818,0.7286,True,,True,,935.0,4.0,9.5
2026-09-25 13:57:46,MLLB_000_y1.0.3,RED,v4_red_MLLB_000_y103_0925,3.2,3.209,6,80,23,ince,True,,28.0,26.0,10.0,974.0,1002.0,2.502,24.641,9.847,0.7313,True,,True,,935.0,4.0,9.5
2026-09-25 13:58:02,MLLB_000_y1.0.3,RED,v4_red_MLLB_000_y103_0925,3.2,3.209,6,80,25,ince,True,,28.0,26.0,10.0,974.0,1002.0,5.004,49.282,9.849,0.7297,True,,False,FLAS,935.0,4.0,9.5
2026-09-25 13:58:18,MLLB_000_y1.0.3,RED,v4_red_MLLB_000_y103_0925,3.2,3.209,6,80,26,ince,True,,28.0,26.0,10.0,974.0,1002.0,6.062,59.616,9.834,0.7299,True,,False,FLAS,935.0,4.0,9.5
2026-09-25 13:58:30,MLLB_000_y1.0.3,RED,v4_red_MLLB_000_y103_0925,3.2,3.209,6,80,27,ince,True,,28.0,26.0,10.0,974.0,1002.0,7.571,74.405,9.827,0.7289,True,,False,FLAS,935.0,4.0,9.5
2026-09-25 13:58:31,MLLB_000_y1.0.3,RED,v4_red_MLLB_000_y103_0925,3.2,3.209,6,80,,bitti,False,,,,,,,,,,,,,,,935.0,4.0,9.5
2026-09-25 13:58:43,MLLB_000_y1.0.3,RED,v4_red_MLLB_000_y103_0925,3.2,3.209,6,60,12,kaba,True,,254.0,70.0,218.0,748.0,1002.0,1.08,10.6,9.815,0.7304,True,,False,ON,935.0,4.0,9.5
2026-09-25 13:58:58,MLLB_000_y1.0.3,RED,v4_red_MLLB_000_y103_0925,3.2,3.209,6,60,16,kaba,True,,204.0,72.0,168.0,798.0,1002.0,1.075,10.538,9.801,0.7308,True,,False,ON,935.0,4.0,9.5
2026-09-25 13:59:14,MLLB_000_y1.0.3,RED,v4_red_MLLB_000_y103_0925,3.2,3.209,6,60,20,kaba,True,,154.0,82.0,118.0,848.0,1002.0,1.079,10.6,9.827,0.7307,True,,False,ON,935.0,4.0,9.5
2026-09-25 13:59:30,MLLB_000_y1.0.3,RED,v4_red_MLLB_000_y103_0925,3.2,3.209,6,60,24,kaba,True,,102.0,88.0,64.0,900.0,1002.0,1.08,10.6,9.814,0.7297,True,,False,ON,935.0,4.0,9.5
2026-09-25 13:59:46,MLLB_000_y1.0.3,RED,v4_red_MLLB_000_y103_0925,3.2,3.209,6,60,28,kaba,True,,46.0,114.0,18.0,956.0,1002.0,1.075,10.6,9.856,0.7299,True,,True,,935.0,4.0,9.5
2026-09-25 14:00:02,MLLB_000_y1.0.3,RED,v4_red_MLLB_000_y103_0925,3.2,3.209,6,60,32,kaba,True,,36.0,26.0,18.0,966.0,1002.0,4.098,40.295,9.834,0.7299,True,,False,FLAS,935.0,4.0,9.5
2026-09-25 14:00:18,MLLB_000_y1.0.3,RED,v4_red_MLLB_000_y103_0925,3.2,3.209,6,60,36,kaba,True,,36.0,26.0,18.0,966.0,1002.0,7.64,75.155,9.837,0.7292,True,,False,FLAS,935.0,4.0,9.5
2026-09-25 14:00:34,MLLB_000_y1.0.3,RED,v4_red_MLLB_000_y103_0925,3.2,3.209,6,60,25,ince,True,,90.0,82.0,50.0,912.0,1002.0,1.07,10.508,9.82,0.7286,True,,False,ON,935.0,4.0,9.5
2026-09-25 14:00:50,MLLB_000_y1.0.3,RED,v4_red_MLLB_000_y103_0925,3.2,3.209,6,60,26,ince,True,,76.0,82.0,38.0,926.0,1002.0,1.079,10.6,9.826,0.7307,True,,False,ON,935.0,4.0,9.5
2026-09-25 14:01:02,MLLB_000_y1.0.3,RED,v4_red_MLLB_000_y103_0925,3.2,3.209,6,60,27,ince,True,,62.0,90.0,26.0,940.0,1002.0,1.08,10.6,9.816,0.7262,True,,True,,935.0,4.0,9.5
2026-09-25 14:01:18,MLLB_000_y1.0.3,RED,v4_red_MLLB_000_y103_0925,3.2,3.209,6,60,29,ince,True,,36.0,28.0,18.0,966.0,1002.0,1.45,14.251,9.83,0.7278,True,,True,,935.0,4.0,9.5
2026-09-25 14:01:30,MLLB_000_y1.0.3,RED,v4_red_MLLB_000_y103_0925,3.2,3.209,6,60,30,ince,True,,36.0,26.0,18.0,966.0,1002.0,2.298,22.57,9.82,0.7281,True,,True,,935.0,4.0,9.5
2026-09-25 14:01:46,MLLB_000_y1.0.3,RED,v4_red_MLLB_000_y103_0925,3.2,3.209,6,60,31,ince,True,,36.0,26.0,18.0,966.0,1002.0,3.172,31.237,9.847,0.7282,True,,True,,935.0,4.0,9.5
2026-09-25 14:01:46,MLLB_000_y1.0.3,RED,v4_red_MLLB_000_y103_0925,3.2,3.209,6,60,,bitti,False,,,,,,,,,,,,,,,935.0,4.0,9.5
2026-09-25 14:02:05,MLLB_000_y1.0.3,RED,v4_red_MLLB_000_y103_0925,3.2,3.209,7,100,12,kaba,True,,136.0,54.0,106.0,866.0,1002.0,1.067,12.949,12.134,0.7768,True,,False,ON,935.0,4.0,9.5
2026-09-25 14:02:22,MLLB_000_y1.0.3,RED,v4_red_MLLB_000_y103_0925,3.2,3.209,7,100,16,kaba,True,,68.0,50.0,38.0,934.0,1002.0,1.069,12.995,12.154,0.7766,True,,False,ON,935.0,4.0,9.5
2026-09-25 14:02:38,MLLB_000_y1.0.3,RED,v4_red_MLLB_000_y103_0925,3.2,3.209,7,100,20,kaba,True,,26.0,28.0,6.0,976.0,1002.0,3.186,38.682,12.142,0.7767,True,,True,,935.0,4.0,9.5
2026-09-25 14:02:54,MLLB_000_y1.0.3,RED,v4_red_MLLB_000_y103_0925,3.2,3.209,7,100,24,kaba,True,,26.0,28.0,6.0,976.0,1002.0,7.492,91.166,12.168,0.7766,True,,False,FLAS,935.0,4.0,9.5
2026-09-25 14:03:10,MLLB_000_y1.0.3,RED,v4_red_MLLB_000_y103_0925,3.2,3.209,7,100,28,kaba,True,,26.0,28.0,6.0,976.0,1002.0,11.536,140.093,12.144,0.7758,True,,False,FLAS,935.0,4.0,9.5
2026-09-25 14:03:26,MLLB_000_y1.0.3,RED,v4_red_MLLB_000_y103_0925,3.2,3.209,7,100,17,ince,True,,50.0,54.0,18.0,952.0,1002.0,1.06,12.903,12.174,0.7763,True,,True,,935.0,4.0,9.5
2026-09-25 14:03:38,MLLB_000_y1.0.3,RED,v4_red_MLLB_000_y103_0925,3.2,3.209,7,100,18,ince,True,,30.0,48.0,8.0,972.0,1002.0,1.07,12.995,12.15,0.7765,True,,True,,935.0,4.0,9.5
2026-09-25 14:03:54,MLLB_000_y1.0.3,RED,v4_red_MLLB_000_y103_0925,3.2,3.209,7,100,19,ince,True,,26.0,28.0,6.0,976.0,1002.0,1.894,22.995,12.144,0.7767,True,,True,,935.0,4.0,9.5
2026-09-25 14:04:10,MLLB_000_y1.0.3,RED,v4_red_MLLB_000_y103_0925,3.2,3.209,7,100,21,ince,True,,26.0,28.0,6.0,976.0,1002.0,4.447,53.955,12.132,0.7764,True,,False,FLAS,935.0,4.0,9.5
2026-09-25 14:04:22,MLLB_000_y1.0.3,RED,v4_red_MLLB_000_y103_0925,3.2,3.209,7,100,22,ince,True,,26.0,28.0,6.0,976.0,1002.0,6.066,73.656,12.143,0.7761,True,,False,FLAS,935.0,4.0,9.5
2026-09-25 14:04:38,MLLB_000_y1.0.3,RED,v4_red_MLLB_000_y103_0925,3.2,3.209,7,100,23,ince,True,,26.0,28.0,6.0,976.0,1002.0,6.617,80.402,12.15,0.7762,True,,False,FLAS,935.0,4.0,9.5
2026-09-25 14:04:38,MLLB_000_y1.0.3,RED,v4_red_MLLB_000_y103_0925,3.2,3.209,7,100,,bitti,False,,,,,,,,,,,,,,,935.0,4.0,9.5
2026-09-25 14:04:54,MLLB_000_y1.0.3,RED,v4_red_MLLB_000_y103_0925,3.2,3.209,7,80,12,kaba,True,,170.0,50.0,142.0,832.0,1002.0,1.068,12.939,12.113,0.7769,True,,False,ON,935.0,4.0,9.5
2026-09-25 14:05:10,MLLB_000_y1.0.3,RED,v4_red_MLLB_000_y103_0925,3.2,3.209,7,80,16,kaba,True,,116.0,50.0,86.0,886.0,1002.0,1.062,12.856,12.102,0.7768,True,,False,ON,935.0,4.0,9.5
2026-09-25 14:05:26,MLLB_000_y1.0.3,RED,v4_red_MLLB_000_y103_0925,3.2,3.209,7,80,20,kaba,True,,60.0,50.0,30.0,942.0,1002.0,1.063,12.903,12.142,0.7764,True,,True,,935.0,4.0,9.5
2026-09-25 14:05:42,MLLB_000_y1.0.3,RED,v4_red_MLLB_000_y103_0925,3.2,3.209,7,80,24,kaba,True,,30.0,28.0,10.0,972.0,1002.0,3.061,37.214,12.157,0.7762,True,,True,,935.0,4.0,9.5
2026-09-25 14:05:58,MLLB_000_y1.0.3,RED,v4_red_MLLB_000_y103_0925,3.2,3.209,7,80,28,kaba,True,,30.0,28.0,10.0,972.0,1002.0,6.632,80.445,12.13,0.7771,True,,False,FLAS,935.0,4.0,9.5
2026-09-25 14:06:14,MLLB_000_y1.0.3,RED,v4_red_MLLB_000_y103_0925,3.2,3.209,7,80,32,kaba,True,,30.0,28.0,10.0,972.0,1002.0,9.349,113.491,12.139,0.7765,True,,False,FLAS,935.0,4.0,9.5
2026-09-25 14:06:30,MLLB_000_y1.0.3,RED,v4_red_MLLB_000_y103_0925,3.2,3.209,7,80,17,ince,True,,102.0,54.0,70.0,900.0,1002.0,1.064,12.903,12.132,0.7765,True,,False,ON,935.0,4.0,9.5
2026-09-25 14:06:46,MLLB_000_y1.0.3,RED,v4_red_MLLB_000_y103_0925,3.2,3.209,7,80,18,ince,True,,88.0,54.0,58.0,914.0,1002.0,1.068,12.995,12.165,0.7763,True,,False,ON,935.0,4.0,9.5
2026-09-25 14:07:02,MLLB_000_y1.0.3,RED,v4_red_MLLB_000_y103_0925,3.2,3.209,7,80,19,ince,True,,74.0,54.0,42.0,928.0,1002.0,1.07,12.995,12.144,0.7762,True,,False,ON,935.0,4.0,9.5
2026-09-25 14:07:02,MLLB_000_y1.0.3,RED,v4_red_MLLB_000_y103_0925,3.2,3.209,7,80,21,ince,False,iki-OK-arasi-monotonluk,,,,,,,,,,,,True,,935.0,4.0,9.5
2026-09-25 14:07:02,MLLB_000_y1.0.3,RED,v4_red_MLLB_000_y103_0925,3.2,3.209,7,80,22,ince,False,iki-OK-arasi-monotonluk,,,,,,,,,,,,True,,935.0,4.0,9.5
2026-09-25 14:07:02,MLLB_000_y1.0.3,RED,v4_red_MLLB_000_y103_0925,3.2,3.209,7,80,23,ince,False,iki-OK-arasi-monotonluk,,,,,,,,,,,,True,,935.0,4.0,9.5
2026-09-25 14:07:18,MLLB_000_y1.0.3,RED,v4_red_MLLB_000_y103_0925,3.2,3.209,7,80,25,ince,True,,30.0,28.0,10.0,972.0,1002.0,4.046,49.119,12.142,0.776,True,,False,FLAS,935.0,4.0,9.5
2026-09-25 14:07:34,MLLB_000_y1.0.3,RED,v4_red_MLLB_000_y103_0925,3.2,3.209,7,80,26,ince,True,,30.0,28.0,10.0,972.0,1002.0,4.892,59.488,12.161,0.7765,True,,False,FLAS,935.0,4.0,9.5
2026-09-25 14:07:46,MLLB_000_y1.0.3,RED,v4_red_MLLB_000_y103_0925,3.2,3.209,7,80,27,ince,True,,30.0,28.0,10.0,972.0,1002.0,6.192,75.155,12.138,0.7764,True,,False,FLAS,935.0,4.0,9.5
2026-09-25 14:07:47,MLLB_000_y1.0.3,RED,v4_red_MLLB_000_y103_0925,3.2,3.209,7,80,,bitti,False,,,,,,,,,,,,,,,935.0,4.0,9.5
2026-09-25 14:08:02,MLLB_000_y1.0.3,RED,v4_red_MLLB_000_y103_0925,3.2,3.209,7,60,12,kaba,True,,208.0,50.0,178.0,794.0,1002.0,1.073,12.995,12.111,0.776,True,,False,ON,935.0,4.0,9.5
2026-09-25 14:08:18,MLLB_000_y1.0.3,RED,v4_red_MLLB_000_y103_0925,3.2,3.209,7,60,16,kaba,True,,168.0,50.0,138.0,834.0,1002.0,1.063,12.903,12.139,0.776,True,,False,ON,935.0,4.0,9.5
2026-09-25 14:08:34,MLLB_000_y1.0.3,RED,v4_red_MLLB_000_y103_0925,3.2,3.209,7,60,20,kaba,True,,128.0,50.0,98.0,874.0,1002.0,1.064,12.911,12.133,0.7765,True,,False,ON,935.0,4.0,9.5
2026-09-25 14:08:50,MLLB_000_y1.0.3,RED,v4_red_MLLB_000_y103_0925,3.2,3.209,7,60,24,kaba,True,,88.0,52.0,56.0,914.0,1002.0,1.067,12.957,12.146,0.7772,True,,False,ON,935.0,4.0,9.5
2026-09-25 14:09:06,MLLB_000_y1.0.3,RED,v4_red_MLLB_000_y103_0925,3.2,3.209,7,60,28,kaba,True,,44.0,52.0,20.0,958.0,1002.0,1.062,12.903,12.153,0.7769,True,,True,,935.0,4.0,9.5
2026-09-25 14:09:22,MLLB_000_y1.0.3,RED,v4_red_MLLB_000_y103_0925,3.2,3.209,7,60,32,kaba,True,,38.0,28.0,18.0,964.0,1002.0,3.318,40.347,12.159,0.7763,True,,True,,935.0,4.0,9.5
2026-09-25 14:09:34,MLLB_000_y1.0.3,RED,v4_red_MLLB_000_y103_0925,3.2,3.209,7,60,36,kaba,True,,38.0,28.0,18.0,964.0,1002.0,6.071,73.608,12.124,0.7772,True,,False,FLAS,935.0,4.0,9.5
2026-09-25 14:09:50,MLLB_000_y1.0.3,RED,v4_red_MLLB_000_y103_0925,3.2,3.209,7,60,40,kaba,True,,38.0,28.0,18.0,964.0,1002.0,7.183,87.155,12.133,0.7773,True,,False,FLAS,935.0,4.0,9.5
2026-09-25 14:10:06,MLLB_000_y1.0.3,RED,v4_red_MLLB_000_y103_0925,3.2,3.209,7,60,25,ince,True,,76.0,54.0,46.0,926.0,1002.0,1.069,12.995,12.152,0.7766,True,,False,ON,935.0,4.0,9.5
2026-09-25 14:10:22,MLLB_000_y1.0.3,RED,v4_red_MLLB_000_y103_0925,3.2,3.209,7,60,26,ince,True,,66.0,54.0,34.0,936.0,1002.0,1.061,12.903,12.16,0.7768,True,,True,,935.0,4.0,9.5
2026-09-25 14:10:38,MLLB_000_y1.0.3,RED,v4_red_MLLB_000_y103_0925,3.2,3.209,7,60,27,ince,True,,56.0,52.0,24.0,946.0,1002.0,1.069,12.995,12.152,0.7769,True,,True,,935.0,4.0,9.5
2026-09-25 14:10:38,MLLB_000_y1.0.3,RED,v4_red_MLLB_000_y103_0925,3.2,3.209,7,60,29,ince,False,iki-OK-arasi-monotonluk,,,,,,,,,,,,True,,935.0,4.0,9.5
2026-09-25 14:10:38,MLLB_000_y1.0.3,RED,v4_red_MLLB_000_y103_0925,3.2,3.209,7,60,30,ince,False,iki-OK-arasi-monotonluk,,,,,,,,,,,,True,,935.0,4.0,9.5
2026-09-25 14:10:38,MLLB_000_y1.0.3,RED,v4_red_MLLB_000_y103_0925,3.2,3.209,7,60,31,ince,False,iki-OK-arasi-monotonluk,,,,,,,,,,,,True,,935.0,4.0,9.5
2026-09-25 14:10:54,MLLB_000_y1.0.3,RED,v4_red_MLLB_000_y103_0925,3.2,3.209,7,60,33,ince,True,,38.0,28.0,18.0,964.0,1002.0,3.959,48.087,12.146,0.7766,True,,True,,935.0,4.0,9.5
2026-09-25 14:11:10,MLLB_000_y1.0.3,RED,v4_red_MLLB_000_y103_0925,3.2,3.209,7,60,34,ince,True,,38.0,28.0,18.0,964.0,1002.0,4.555,55.337,12.149,0.7766,True,,False,FLAS,935.0,4.0,9.5
2026-09-25 14:11:26,MLLB_000_y1.0.3,RED,v4_red_MLLB_000_y103_0925,3.2,3.209,7,60,35,ince,True,,38.0,28.0,18.0,964.0,1002.0,5.079,61.699,12.149,0.7768,True,,False,FLAS,935.0,4.0,9.5
2026-09-25 14:11:26,MLLB_000_y1.0.3,RED,v4_red_MLLB_000_y103_0925,3.2,3.209,7,60,,bitti,False,,,,,,,,,,,,,,,935.0,4.0,9.5
2026-09-25 14:11:48,MLLB_000_y1.0.3,RED,v4_red_MLLB_000_y103_0925,3.2,3.209,8,100,12,kaba,True,,116.0,40.0,90.0,886.0,1002.0,1.062,15.421,14.522,0.7762,True,,False,ON,935.0,4.0,9.5
2026-09-25 14:12:04,MLLB_000_y1.0.3,RED,v4_red_MLLB_000_y103_0925,3.2,3.209,8,100,16,kaba,True,,58.0,38.0,32.0,944.0,1002.0,1.06,15.421,14.547,0.7768,True,,True,,935.0,4.0,9.5
2026-09-25 14:12:20,MLLB_000_y1.0.3,RED,v4_red_MLLB_000_y103_0925,3.2,3.209,8,100,20,kaba,True,,26.0,28.0,6.0,976.0,1002.0,2.678,39.01,14.567,0.7768,True,,True,,935.0,4.0,9.5
2026-09-25 14:12:36,MLLB_000_y1.0.3,RED,v4_red_MLLB_000_y103_0925,3.2,3.209,8,100,24,kaba,True,,26.0,28.0,6.0,976.0,1002.0,6.299,91.661,14.552,0.777,True,,False,FLAS,935.0,4.0,9.5
2026-09-25 14:12:52,MLLB_000_y1.0.3,RED,v4_red_MLLB_000_y103_0925,3.2,3.209,8,100,28,kaba,True,,26.0,28.0,6.0,976.0,1002.0,9.804,142.976,14.583,0.777,True,,False,FLAS,935.0,4.0,9.5
2026-09-25 14:13:08,MLLB_000_y1.0.3,RED,v4_red_MLLB_000_y103_0925,3.2,3.209,8,100,13,ince,True,,102.0,38.0,76.0,900.0,1002.0,1.06,15.421,14.552,0.7769,True,,False,ON,935.0,4.0,9.5
2026-09-25 14:13:24,MLLB_000_y1.0.3,RED,v4_red_MLLB_000_y103_0925,3.2,3.209,8,100,14,ince,True,,88.0,42.0,62.0,914.0,1002.0,1.059,15.421,14.556,0.776,True,,False,ON,935.0,4.0,9.5
2026-09-25 14:13:36,MLLB_000_y1.0.3,RED,v4_red_MLLB_000_y103_0925,3.2,3.209,8,100,15,ince,True,,74.0,40.0,46.0,928.0,1002.0,1.06,15.421,14.546,0.777,True,,False,ON,935.0,4.0,9.5
2026-09-25 14:13:37,MLLB_000_y1.0.3,RED,v4_red_MLLB_000_y103_0925,3.2,3.209,8,100,17,ince,False,iki-OK-arasi-monotonluk,,,,,,,,,,,,True,,935.0,4.0,9.5
2026-09-25 14:13:37,MLLB_000_y1.0.3,RED,v4_red_MLLB_000_y103_0925,3.2,3.209,8,100,18,ince,False,iki-OK-arasi-monotonluk,,,,,,,,,,,,True,,935.0,4.0,9.5
2026-09-25 14:13:37,MLLB_000_y1.0.3,RED,v4_red_MLLB_000_y103_0925,3.2,3.209,8,100,19,ince,False,iki-OK-arasi-monotonluk,,,,,,,,,,,,True,,935.0,4.0,9.5
2026-09-25 14:13:49,MLLB_000_y1.0.3,RED,v4_red_MLLB_000_y103_0925,3.2,3.209,8,100,21,ince,True,,26.0,28.0,6.0,976.0,1002.0,3.732,54.238,14.535,0.777,True,,True,,935.0,4.0,9.5
2026-09-25 14:14:04,MLLB_000_y1.0.3,RED,v4_red_MLLB_000_y103_0925,3.2,3.209,8,100,22,ince,True,,26.0,28.0,6.0,976.0,1002.0,5.12,74.664,14.582,0.7768,True,,False,FLAS,935.0,4.0,9.5
2026-09-25 14:14:20,MLLB_000_y1.0.3,RED,v4_red_MLLB_000_y103_0925,3.2,3.209,8,100,23,ince,True,,26.0,28.0,6.0,976.0,1002.0,5.674,82.652,14.566,0.7772,True,,False,FLAS,935.0,4.0,9.5
2026-09-25 14:14:20,MLLB_000_y1.0.3,RED,v4_red_MLLB_000_y103_0925,3.2,3.209,8,100,,bitti,False,,,,,,,,,,,,,,,935.0,4.0,9.5
2026-09-25 14:14:32,MLLB_000_y1.0.3,RED,v4_red_MLLB_000_y103_0925,3.2,3.209,8,80,12,kaba,True,,146.0,40.0,118.0,856.0,1002.0,1.062,15.398,14.502,0.7766,True,,False,ON,935.0,4.0,9.5
2026-09-25 14:14:48,MLLB_000_y1.0.3,RED,v4_red_MLLB_000_y103_0925,3.2,3.209,8,80,16,kaba,True,,98.0,38.0,72.0,904.0,1002.0,1.061,15.421,14.532,0.7773,True,,False,ON,935.0,4.0,9.5
2026-09-25 14:15:04,MLLB_000_y1.0.3,RED,v4_red_MLLB_000_y103_0925,3.2,3.209,8,80,20,kaba,True,,52.0,40.0,26.0,950.0,1002.0,1.06,15.421,14.543,0.7771,True,,True,,935.0,4.0,9.5
2026-09-25 14:15:20,MLLB_000_y1.0.3,RED,v4_red_MLLB_000_y103_0925,3.2,3.209,8,80,24,kaba,True,,30.0,28.0,10.0,972.0,1002.0,2.566,37.236,14.51,0.7761,True,,True,,935.0,4.0,9.5
2026-09-25 14:15:36,MLLB_000_y1.0.3,RED,v4_red_MLLB_000_y103_0925,3.2,3.209,8,80,28,kaba,True,,30.0,28.0,10.0,972.0,1002.0,5.479,79.652,14.537,0.7765,True,,False,FLAS,935.0,4.0,9.5
2026-09-25 14:15:52,MLLB_000_y1.0.3,RED,v4_red_MLLB_000_y103_0925,3.2,3.209,8,80,32,kaba,True,,30.0,28.0,10.0,972.0,1002.0,8.021,116.637,14.541,0.7764,True,,False,FLAS,935.0,4.0,9.5
2026-09-25 14:16:08,MLLB_000_y1.0.3,RED,v4_red_MLLB_000_y103_0925,3.2,3.209,8,80,17,ince,True,,88.0,42.0,62.0,914.0,1002.0,1.061,15.421,14.531,0.7765,True,,False,ON,935.0,4.0,9.5
2026-09-25 14:16:24,MLLB_000_y1.0.3,RED,v4_red_MLLB_000_y103_0925,3.2,3.209,8,80,18,ince,True,,76.0,42.0,50.0,926.0,1002.0,1.062,15.468,14.558,0.7769,True,,False,ON,935.0,4.0,9.5
2026-09-25 14:16:40,MLLB_000_y1.0.3,RED,v4_red_MLLB_000_y103_0925,3.2,3.209,8,80,19,ince,True,,64.0,40.0,38.0,938.0,1002.0,1.062,15.441,14.542,0.7765,True,,True,,935.0,4.0,9.5
2026-09-25 14:16:40,MLLB_000_y1.0.3,RED,v4_red_MLLB_000_y103_0925,3.2,3.209,8,80,21,ince,False,iki-OK-arasi-monotonluk,,,,,,,,,,,,True,,935.0,4.0,9.5
2026-09-25 14:16:40,MLLB_000_y1.0.3,RED,v4_red_MLLB_000_y103_0925,3.2,3.209,8,80,22,ince,False,iki-OK-arasi-monotonluk,,,,,,,,,,,,True,,935.0,4.0,9.5
2026-09-25 14:16:40,MLLB_000_y1.0.3,RED,v4_red_MLLB_000_y103_0925,3.2,3.209,8,80,23,ince,False,iki-OK-arasi-monotonluk,,,,,,,,,,,,True,,935.0,4.0,9.5
2026-09-25 14:16:56,MLLB_000_y1.0.3,RED,v4_red_MLLB_000_y103_0925,3.2,3.209,8,80,25,ince,True,,30.0,28.0,10.0,972.0,1002.0,3.419,49.718,14.54,0.7767,True,,True,,935.0,4.0,9.5
2026-09-25 14:17:12,MLLB_000_y1.0.3,RED,v4_red_MLLB_000_y103_0925,3.2,3.209,8,80,26,ince,True,,30.0,28.0,10.0,972.0,1002.0,4.126,60.053,14.554,0.777,True,,False,FLAS,935.0,4.0,9.5
2026-09-25 14:17:28,MLLB_000_y1.0.3,RED,v4_red_MLLB_000_y103_0925,3.2,3.209,8,80,27,ince,True,,30.0,28.0,10.0,972.0,1002.0,5.267,76.653,14.553,0.7768,True,,False,FLAS,935.0,4.0,9.5
2026-09-25 14:17:28,MLLB_000_y1.0.3,RED,v4_red_MLLB_000_y103_0925,3.2,3.209,8,80,,bitti,False,,,,,,,,,,,,,,,935.0,4.0,9.5
2026-09-25 14:17:44,MLLB_000_y1.0.3,RED,v4_red_MLLB_000_y103_0925,3.2,3.209,8,60,12,kaba,True,,174.0,36.0,150.0,828.0,1002.0,1.062,15.421,14.518,0.7765,True,,False,ON,935.0,4.0,9.5
2026-09-25 14:18:00,MLLB_000_y1.0.3,RED,v4_red_MLLB_000_y103_0925,3.2,3.209,8,60,16,kaba,True,,142.0,36.0,118.0,860.0,1002.0,1.061,15.421,14.529,0.7765,True,,False,ON,935.0,4.0,9.5
2026-09-25 14:18:16,MLLB_000_y1.0.3,RED,v4_red_MLLB_000_y103_0925,3.2,3.209,8,60,20,kaba,True,,110.0,40.0,82.0,892.0,1002.0,1.061,15.421,14.538,0.7769,True,,False,ON,935.0,4.0,9.5
2026-09-25 14:18:28,MLLB_000_y1.0.3,RED,v4_red_MLLB_000_y103_0925,3.2,3.209,8,60,24,kaba,True,,76.0,42.0,50.0,926.0,1002.0,1.056,15.327,14.51,0.7765,True,,False,ON,935.0,4.0,9.5
2026-09-25 14:18:44,MLLB_000_y1.0.3,RED,v4_red_MLLB_000_y103_0925,3.2,3.209,8,60,28,kaba,True,,40.0,38.0,18.0,962.0,1002.0,1.06,15.421,14.55,0.7759,True,,True,,935.0,4.0,9.5
2026-09-25 14:19:00,MLLB_000_y1.0.3,RED,v4_red_MLLB_000_y103_0925,3.2,3.209,8,60,32,kaba,True,,38.0,28.0,18.0,964.0,1002.0,2.791,40.64,14.562,0.7765,True,,True,,935.0,4.0,9.5
2026-09-25 14:19:16,MLLB_000_y1.0.3,RED,v4_red_MLLB_000_y103_0925,3.2,3.209,8,60,36,kaba,True,,38.0,28.0,18.0,964.0,1002.0,5.16,75.155,14.565,0.7766,True,,False,FLAS,935.0,4.0,9.5
2026-09-25 14:19:32,MLLB_000_y1.0.3,RED,v4_red_MLLB_000_y103_0925,3.2,3.209,8,60,40,kaba,True,,38.0,28.0,18.0,964.0,1002.0,6.094,88.774,14.568,0.7772,True,,False,FLAS,935.0,4.0,9.5
2026-09-25 14:19:44,MLLB_000_y1.0.3,RED,v4_red_MLLB_000_y103_0925,3.2,3.209,8,60,25,ince,True,,68.0,42.0,42.0,934.0,1002.0,1.062,15.455,14.553,0.7766,True,,False,ON,935.0,4.0,9.5
2026-09-25 14:19:57,MLLB_000_y1.0.3,RED,v4_red_MLLB_000_y103_0925,3.2,3.209,8,60,26,ince,True,,58.0,36.0,34.0,944.0,1002.0,1.063,15.468,14.547,0.7768,True,,True,,935.0,4.0,9.5
2026-09-25 14:20:12,MLLB_000_y1.0.3,RED,v4_red_MLLB_000_y103_0925,3.2,3.209,8,60,27,ince,True,,50.0,38.0,24.0,952.0,1002.0,1.061,15.421,14.537,0.7772,True,,True,,935.0,4.0,9.5
2026-09-25 14:20:13,MLLB_000_y1.0.3,RED,v4_red_MLLB_000_y103_0925,3.2,3.209,8,60,29,ince,False,iki-OK-arasi-monotonluk,,,,,,,,,,,,True,,935.0,4.0,9.5
2026-09-25 14:20:13,MLLB_000_y1.0.3,RED,v4_red_MLLB_000_y103_0925,3.2,3.209,8,60,30,ince,False,iki-OK-arasi-monotonluk,,,,,,,,,,,,True,,935.0,4.0,9.5
2026-09-25 14:20:13,MLLB_000_y1.0.3,RED,v4_red_MLLB_000_y103_0925,3.2,3.209,8,60,31,ince,False,iki-OK-arasi-monotonluk,,,,,,,,,,,,True,,935.0,4.0,9.5
2026-09-25 14:20:28,MLLB_000_y1.0.3,RED,v4_red_MLLB_000_y103_0925,3.2,3.209,8,60,33,ince,True,,38.0,28.0,18.0,964.0,1002.0,3.324,48.358,14.549,0.7766,True,,True,,935.0,4.0,9.5
2026-09-25 14:20:44,MLLB_000_y1.0.3,RED,v4_red_MLLB_000_y103_0925,3.2,3.209,8,60,34,ince,True,,38.0,28.0,18.0,964.0,1002.0,3.838,55.783,14.535,0.7772,True,,True,,935.0,4.0,9.5
2026-09-25 14:21:00,MLLB_000_y1.0.3,RED,v4_red_MLLB_000_y103_0925,3.2,3.209,8,60,35,ince,True,,38.0,28.0,18.0,964.0,1002.0,4.266,62.007,14.535,0.7767,True,,False,FLAS,935.0,4.0,9.5
2026-09-25 14:21:00,MLLB_000_y1.0.3,RED,v4_red_MLLB_000_y103_0925,3.2,3.209,8,60,,bitti,False,,,,,,,,,,,,,,,935.0,4.0,9.5
2026-09-25 14:21:22,MLLB_000_y1.0.3,RED,v4_red_MLLB_000_y103_0925,3.2,3.209,10,100,12,kaba,True,,92.0,32.0,70.0,910.0,1002.0,1.055,20.364,19.294,0.7759,True,,False,ON,935.0,4.0,9.5
2026-09-25 14:21:38,MLLB_000_y1.0.3,RED,v4_red_MLLB_000_y103_0925,3.2,3.209,10,100,16,kaba,True,,50.0,36.0,26.0,952.0,1002.0,1.054,20.364,19.318,0.7762,True,,True,,935.0,4.0,9.5
2026-09-25 14:21:54,MLLB_000_y1.0.3,RED,v4_red_MLLB_000_y103_0925,3.2,3.209,10,100,20,kaba,True,,26.0,28.0,6.0,976.0,1002.0,2.023,39.089,19.322,0.7762,True,,True,,935.0,4.0,9.5
2026-09-25 14:22:10,MLLB_000_y1.0.3,RED,v4_red_MLLB_000_y103_0925,3.2,3.209,10,100,24,kaba,True,,26.0,28.0,6.0,976.0,1002.0,4.742,91.661,19.328,0.7764,True,,False,FLAS,935.0,4.0,9.5
2026-09-25 14:22:26,MLLB_000_y1.0.3,RED,v4_red_MLLB_000_y103_0925,3.2,3.209,10,100,28,kaba,True,,26.0,28.0,6.0,976.0,1002.0,7.407,142.976,19.303,0.7766,True,,False,FLAS,935.0,4.0,9.5
2026-09-25 14:22:42,MLLB_000_y1.0.3,RED,v4_red_MLLB_000_y103_0925,3.2,3.209,10,100,13,ince,True,,82.0,36.0,58.0,920.0,1002.0,1.055,20.364,19.302,0.7764,True,,False,ON,935.0,4.0,9.5
2026-09-25 14:22:58,MLLB_000_y1.0.3,RED,v4_red_MLLB_000_y103_0925,3.2,3.209,10,100,14,ince,True,,72.0,34.0,48.0,930.0,1002.0,1.055,20.364,19.298,0.7762,True,,False,ON,935.0,4.0,9.5
2026-09-25 14:23:14,MLLB_000_y1.0.3,RED,v4_red_MLLB_000_y103_0925,3.2,3.209,10,100,15,ince,True,,60.0,32.0,38.0,942.0,1002.0,1.054,20.364,19.327,0.7766,True,,True,,935.0,4.0,9.5
2026-09-25 14:23:14,MLLB_000_y1.0.3,RED,v4_red_MLLB_000_y103_0925,3.2,3.209,10,100,17,ince,False,iki-OK-arasi-monotonluk,,,,,,,,,,,,True,,935.0,4.0,9.5
2026-09-25 14:23:14,MLLB_000_y1.0.3,RED,v4_red_MLLB_000_y103_0925,3.2,3.209,10,100,18,ince,False,iki-OK-arasi-monotonluk,,,,,,,,,,,,True,,935.0,4.0,9.5
2026-09-25 14:23:14,MLLB_000_y1.0.3,RED,v4_red_MLLB_000_y103_0925,3.2,3.209,10,100,19,ince,False,iki-OK-arasi-monotonluk,,,,,,,,,,,,True,,935.0,4.0,9.5
2026-09-25 14:23:30,MLLB_000_y1.0.3,RED,v4_red_MLLB_000_y103_0925,3.2,3.209,10,100,21,ince,True,,26.0,28.0,6.0,976.0,1002.0,2.801,54.116,19.322,0.7765,True,,True,,935.0,4.0,9.5
2026-09-25 14:23:46,MLLB_000_y1.0.3,RED,v4_red_MLLB_000_y103_0925,3.2,3.209,10,100,22,ince,True,,26.0,28.0,6.0,976.0,1002.0,3.813,73.672,19.322,0.7766,True,,True,,935.0,4.0,9.5
2026-09-25 14:24:02,MLLB_000_y1.0.3,RED,v4_red_MLLB_000_y103_0925,3.2,3.209,10,100,23,ince,True,,26.0,28.0,6.0,976.0,1002.0,4.278,82.652,19.32,0.7764,True,,False,FLAS,935.0,4.0,9.5
2026-09-25 14:24:02,MLLB_000_y1.0.3,RED,v4_red_MLLB_000_y103_0925,3.2,3.209,10,100,,bitti,False,,,,,,,,,,,,,,,935.0,4.0,9.5
2026-09-25 14:24:18,MLLB_000_y1.0.3,RED,v4_red_MLLB_000_y103_0925,3.2,3.209,10,80,12,kaba,True,,114.0,36.0,90.0,888.0,1002.0,1.057,20.384,19.29,0.7765,True,,False,ON,935.0,4.0,9.5
2026-09-25 14:24:34,MLLB_000_y1.0.3,RED,v4_red_MLLB_000_y103_0925,3.2,3.209,10,80,16,kaba,True,,80.0,32.0,58.0,922.0,1002.0,1.051,20.28,19.301,0.7764,True,,False,ON,935.0,4.0,9.5
2026-09-25 14:24:50,MLLB_000_y1.0.3,RED,v4_red_MLLB_000_y103_0925,3.2,3.209,10,80,20,kaba,True,,46.0,36.0,22.0,956.0,1002.0,1.053,20.364,19.346,0.7763,True,,True,,935.0,4.0,9.5
2026-09-25 14:25:06,MLLB_000_y1.0.3,RED,v4_red_MLLB_000_y103_0925,3.2,3.209,10,80,24,kaba,True,,30.0,28.0,10.0,972.0,1002.0,1.92,37.118,19.335,0.7766,True,,True,,935.0,4.0,9.5
2026-09-25 14:25:22,MLLB_000_y1.0.3,RED,v4_red_MLLB_000_y103_0925,3.2,3.209,10,80,28,kaba,True,,30.0,28.0,10.0,972.0,1002.0,4.271,82.652,19.351,0.7765,True,,False,FLAS,935.0,4.0,9.5
2026-09-25 14:25:38,MLLB_000_y1.0.3,RED,v4_red_MLLB_000_y103_0925,3.2,3.209,10,80,32,kaba,True,,30.0,28.0,10.0,972.0,1002.0,5.955,115.041,19.319,0.7767,True,,False,FLAS,935.0,4.0,9.5
2026-09-25 14:25:54,MLLB_000_y1.0.3,RED,v4_red_MLLB_000_y103_0925,3.2,3.209,10,80,17,ince,True,,72.0,32.0,50.0,930.0,1002.0,1.053,20.346,19.325,0.7763,True,,False,ON,935.0,4.0,9.5
2026-09-25 14:26:10,MLLB_000_y1.0.3,RED,v4_red_MLLB_000_y103_0925,3.2,3.209,10,80,18,ince,True,,62.0,34.0,40.0,940.0,1002.0,1.055,20.364,19.301,0.7764,True,,True,,935.0,4.0,9.5
2026-09-25 14:26:26,MLLB_000_y1.0.3,RED,v4_red_MLLB_000_y103_0925,3.2,3.209,10,80,19,ince,True,,54.0,34.0,32.0,948.0,1002.0,1.051,20.281,19.305,0.7766,True,,True,,935.0,4.0,9.5
2026-09-25 14:26:26,MLLB_000_y1.0.3,RED,v4_red_MLLB_000_y103_0925,3.2,3.209,10,80,21,ince,False,iki-OK-arasi-monotonluk,,,,,,,,,,,,True,,935.0,4.0,9.5
2026-09-25 14:26:26,MLLB_000_y1.0.3,RED,v4_red_MLLB_000_y103_0925,3.2,3.209,10,80,22,ince,False,iki-OK-arasi-monotonluk,,,,,,,,,,,,True,,935.0,4.0,9.5
2026-09-25 14:26:26,MLLB_000_y1.0.3,RED,v4_red_MLLB_000_y103_0925,3.2,3.209,10,80,23,ince,False,iki-OK-arasi-monotonluk,,,,,,,,,,,,True,,935.0,4.0,9.5
2026-09-25 14:26:42,MLLB_000_y1.0.3,RED,v4_red_MLLB_000_y103_0925,3.2,3.209,10,80,25,ince,True,,30.0,28.0,10.0,972.0,1002.0,2.548,49.282,19.34,0.7762,True,,True,,935.0,4.0,9.5
2026-09-25 14:26:58,MLLB_000_y1.0.3,RED,v4_red_MLLB_000_y103_0925,3.2,3.209,10,80,26,ince,True,,30.0,28.0,10.0,972.0,1002.0,3.106,60.04,19.332,0.7767,True,,True,,935.0,4.0,9.5
2026-09-25 14:27:14,MLLB_000_y1.0.3,RED,v4_red_MLLB_000_y103_0925,3.2,3.209,10,80,27,ince,True,,30.0,28.0,10.0,972.0,1002.0,3.89,75.181,19.326,0.7761,True,,True,,935.0,4.0,9.5
2026-09-25 14:27:14,MLLB_000_y1.0.3,RED,v4_red_MLLB_000_y103_0925,3.2,3.209,10,80,,bitti,False,,,,,,,,,,,,,,,935.0,4.0,9.5
2026-09-25 14:27:30,MLLB_000_y1.0.3,RED,v4_red_MLLB_000_y103_0925,3.2,3.209,10,60,12,kaba,True,,136.0,32.0,114.0,866.0,1002.0,1.058,20.364,19.254,0.7761,True,,False,ON,935.0,4.0,9.5
2026-09-25 14:27:46,MLLB_000_y1.0.3,RED,v4_red_MLLB_000_y103_0925,3.2,3.209,10,60,16,kaba,True,,112.0,36.0,90.0,890.0,1002.0,1.056,20.364,19.282,0.7762,True,,False,ON,935.0,4.0,9.5
2026-09-25 14:28:02,MLLB_000_y1.0.3,RED,v4_red_MLLB_000_y103_0925,3.2,3.209,10,60,20,kaba,True,,88.0,36.0,66.0,914.0,1002.0,1.054,20.364,19.312,0.7763,True,,False,ON,935.0,4.0,9.5
2026-09-25 14:28:14,MLLB_000_y1.0.3,RED,v4_red_MLLB_000_y103_0925,3.2,3.209,10,60,24,kaba,True,,64.0,32.0,42.0,938.0,1002.0,1.055,20.364,19.309,0.7765,True,,True,,935.0,4.0,9.5
2026-09-25 14:28:30,MLLB_000_y1.0.3,RED,v4_red_MLLB_000_y103_0925,3.2,3.209,10,60,28,kaba,True,,40.0,32.0,18.0,962.0,1002.0,1.054,20.364,19.329,0.7766,True,,True,,935.0,4.0,9.5
2026-09-25 14:28:46,MLLB_000_y1.0.3,RED,v4_red_MLLB_000_y103_0925,3.2,3.209,10,60,32,kaba,True,,38.0,28.0,18.0,964.0,1002.0,2.081,40.243,19.334,0.7769,True,,True,,935.0,4.0,9.5
2026-09-25 14:29:02,MLLB_000_y1.0.3,RED,v4_red_MLLB_000_y103_0925,3.2,3.209,10,60,36,kaba,True,,38.0,28.0,18.0,964.0,1002.0,3.882,75.082,19.341,0.7772,True,,True,,935.0,4.0,9.5
2026-09-25 14:29:18,MLLB_000_y1.0.3,RED,v4_red_MLLB_000_y103_0925,3.2,3.209,10,60,40,kaba,True,,38.0,28.0,18.0,964.0,1002.0,4.587,88.656,19.33,0.7771,True,,False,FLAS,935.0,4.0,9.5
2026-09-25 14:29:34,MLLB_000_y1.0.3,RED,v4_red_MLLB_000_y103_0925,3.2,3.209,10,60,44,kaba,True,,38.0,28.0,18.0,964.0,1002.0,5.566,107.544,19.321,0.7765,True,,False,FLAS,935.0,4.0,9.5
2026-09-25 14:29:50,MLLB_000_y1.0.3,RED,v4_red_MLLB_000_y103_0925,3.2,3.209,10,60,21,ince,True,,82.0,34.0,60.0,920.0,1002.0,1.055,20.345,19.292,0.7767,True,,False,ON,935.0,4.0,9.5
2026-09-25 14:30:06,MLLB_000_y1.0.3,RED,v4_red_MLLB_000_y103_0925,3.2,3.209,10,60,22,ince,True,,76.0,36.0,54.0,926.0,1002.0,1.055,20.364,19.311,0.7769,True,,False,ON,935.0,4.0,9.5
2026-09-25 14:30:22,MLLB_000_y1.0.3,RED,v4_red_MLLB_000_y103_0925,3.2,3.209,10,60,23,ince,True,,70.0,34.0,48.0,932.0,1002.0,1.055,20.364,19.311,0.7767,True,,False,ON,935.0,4.0,9.5
2026-09-25 14:30:22,MLLB_000_y1.0.3,RED,v4_red_MLLB_000_y103_0925,3.2,3.209,10,60,25,ince,False,iki-OK-arasi-monotonluk,,,,,,,,,,,,True,,935.0,4.0,9.5
2026-09-25 14:30:22,MLLB_000_y1.0.3,RED,v4_red_MLLB_000_y103_0925,3.2,3.209,10,60,26,ince,False,iki-OK-arasi-monotonluk,,,,,,,,,,,,True,,935.0,4.0,9.5
2026-09-25 14:30:22,MLLB_000_y1.0.3,RED,v4_red_MLLB_000_y103_0925,3.2,3.209,10,60,27,ince,False,iki-OK-arasi-monotonluk,,,,,,,,,,,,True,,935.0,4.0,9.5
2026-09-25 14:30:22,MLLB_000_y1.0.3,RED,v4_red_MLLB_000_y103_0925,3.2,3.209,10,60,29,ince,False,iki-OK-arasi-monotonluk,,,,,,,,,,,,True,,935.0,4.0,9.5
2026-09-25 14:30:22,MLLB_000_y1.0.3,RED,v4_red_MLLB_000_y103_0925,3.2,3.209,10,60,30,ince,False,iki-OK-arasi-monotonluk,,,,,,,,,,,,True,,935.0,4.0,9.5
2026-09-25 14:30:22,MLLB_000_y1.0.3,RED,v4_red_MLLB_000_y103_0925,3.2,3.209,10,60,31,ince,False,iki-OK-arasi-monotonluk,,,,,,,,,,,,True,,935.0,4.0,9.5
2026-09-25 14:30:22,MLLB_000_y1.0.3,RED,v4_red_MLLB_000_y103_0925,3.2,3.209,10,60,33,ince,False,iki-OK-arasi-monotonluk,,,,,,,,,,,,True,,935.0,4.0,9.5
2026-09-25 14:30:22,MLLB_000_y1.0.3,RED,v4_red_MLLB_000_y103_0925,3.2,3.209,10,60,34,ince,False,iki-OK-arasi-monotonluk,,,,,,,,,,,,True,,935.0,4.0,9.5
2026-09-25 14:30:22,MLLB_000_y1.0.3,RED,v4_red_MLLB_000_y103_0925,3.2,3.209,10,60,35,ince,False,iki-OK-arasi-monotonluk,,,,,,,,,,,,True,,935.0,4.0,9.5
2026-09-25 14:30:38,MLLB_000_y1.0.3,RED,v4_red_MLLB_000_y103_0925,3.2,3.209,10,60,37,ince,True,,38.0,28.0,18.0,964.0,1002.0,4.004,77.403,19.33,0.7771,True,,False,FLAS,935.0,4.0,9.5
2026-09-25 14:30:54,MLLB_000_y1.0.3,RED,v4_red_MLLB_000_y103_0925,3.2,3.209,10,60,38,ince,True,,38.0,28.0,18.0,964.0,1002.0,4.238,81.902,19.323,0.7766,True,,False,FLAS,935.0,4.0,9.5
2026-09-25 14:31:10,MLLB_000_y1.0.3,RED,v4_red_MLLB_000_y103_0925,3.2,3.209,10,60,39,ince,True,,38.0,28.0,18.0,964.0,1002.0,4.355,84.152,19.323,0.7765,True,,False,FLAS,935.0,4.0,9.5
2026-09-25 14:31:10,MLLB_000_y1.0.3,RED,v4_red_MLLB_000_y103_0925,3.2,3.209,10,60,,bitti,False,,,,,,,,,,,,,,,935.0,4.0,9.5
2026-09-25 14:31:32,MLLB_000_y1.0.3,RED,v4_red_MLLB_000_y103_0925,3.2,3.209,15,100,12,kaba,True,,64.0,30.0,44.0,938.0,1002.0,1.046,33.257,31.782,0.7761,True,,True,,935.0,4.0,9.5
2026-09-25 14:31:48,MLLB_000_y1.0.3,RED,v4_red_MLLB_000_y103_0925,3.2,3.209,15,100,16,kaba,True,,40.0,30.0,20.0,962.0,1002.0,1.045,33.252,31.821,0.7767,True,,True,,935.0,4.0,9.5
2026-09-25 14:32:04,MLLB_000_y1.0.3,RED,v4_red_MLLB_000_y103_0925,3.2,3.209,15,100,20,kaba,True,,26.0,28.0,6.0,976.0,1002.0,1.218,38.737,31.807,0.7764,True,,True,,935.0,4.0,9.5
2026-09-25 14:32:20,MLLB_000_y1.0.3,RED,v4_red_MLLB_000_y103_0925,3.2,3.209,15,100,24,kaba,True,,26.0,28.0,6.0,976.0,1002.0,2.882,91.661,31.807,0.7766,True,,True,,935.0,4.0,9.5
2026-09-25 14:32:36,MLLB_000_y1.0.3,RED,v4_red_MLLB_000_y103_0925,3.2,3.209,15,100,28,kaba,True,,26.0,28.0,6.0,976.0,1002.0,4.502,143.136,31.796,0.777,True,,False,FLAS,935.0,4.0,9.5
2026-09-25 14:32:52,MLLB_000_y1.0.3,RED,v4_red_MLLB_000_y103_0925,3.2,3.209,15,100,32,kaba,True,,26.0,28.0,6.0,976.0,1002.0,5.689,180.993,31.813,0.7765,True,,False,FLAS,935.0,4.0,9.5
2026-09-25 14:32:52,MLLB_000_y1.0.3,RED,v4_red_MLLB_000_y103_0925,3.2,3.209,15,100,13,ince,False,iki-OK-arasi-monotonluk,,,,,,,,,,,,True,,935.0,4.0,9.5
2026-09-25 14:32:52,MLLB_000_y1.0.3,RED,v4_red_MLLB_000_y103_0925,3.2,3.209,15,100,14,ince,False,iki-OK-arasi-monotonluk,,,,,,,,,,,,True,,935.0,4.0,9.5
2026-09-25 14:32:52,MLLB_000_y1.0.3,RED,v4_red_MLLB_000_y103_0925,3.2,3.209,15,100,15,ince,False,iki-OK-arasi-monotonluk,,,,,,,,,,,,True,,935.0,4.0,9.5
2026-09-25 14:32:52,MLLB_000_y1.0.3,RED,v4_red_MLLB_000_y103_0925,3.2,3.209,15,100,17,ince,False,iki-OK-arasi-monotonluk,,,,,,,,,,,,True,,935.0,4.0,9.5
2026-09-25 14:32:52,MLLB_000_y1.0.3,RED,v4_red_MLLB_000_y103_0925,3.2,3.209,15,100,18,ince,False,iki-OK-arasi-monotonluk,,,,,,,,,,,,True,,935.0,4.0,9.5
2026-09-25 14:32:52,MLLB_000_y1.0.3,RED,v4_red_MLLB_000_y103_0925,3.2,3.209,15,100,19,ince,False,iki-OK-arasi-monotonluk,,,,,,,,,,,,True,,935.0,4.0,9.5
2026-09-25 14:32:52,MLLB_000_y1.0.3,RED,v4_red_MLLB_000_y103_0925,3.2,3.209,15,100,21,ince,False,iki-OK-arasi-monotonluk,,,,,,,,,,,,True,,935.0,4.0,9.5
2026-09-25 14:32:52,MLLB_000_y1.0.3,RED,v4_red_MLLB_000_y103_0925,3.2,3.209,15,100,22,ince,False,iki-OK-arasi-monotonluk,,,,,,,,,,,,True,,935.0,4.0,9.5
2026-09-25 14:32:52,MLLB_000_y1.0.3,RED,v4_red_MLLB_000_y103_0925,3.2,3.209,15,100,23,ince,False,iki-OK-arasi-monotonluk,,,,,,,,,,,,True,,935.0,4.0,9.5
2026-09-25 14:33:08,MLLB_000_y1.0.3,RED,v4_red_MLLB_000_y103_0925,3.2,3.209,15,100,25,ince,True,,26.0,28.0,6.0,976.0,1002.0,3.355,106.707,31.81,0.7768,True,,True,,935.0,4.0,9.5
2026-09-25 14:33:24,MLLB_000_y1.0.3,RED,v4_red_MLLB_000_y103_0925,3.2,3.209,15,100,26,ince,True,,26.0,28.0,6.0,976.0,1002.0,3.755,119.527,31.829,0.7766,True,,True,,935.0,4.0,9.5
2026-09-25 14:33:40,MLLB_000_y1.0.3,RED,v4_red_MLLB_000_y103_0925,3.2,3.209,15,100,27,ince,True,,26.0,28.0,6.0,976.0,1002.0,4.163,132.399,31.806,0.777,True,,False,FLAS,935.0,4.0,9.5
2026-09-25 14:33:40,MLLB_000_y1.0.3,RED,v4_red_MLLB_000_y103_0925,3.2,3.209,15,100,,bitti,False,,,,,,,,,,,,,,,935.0,4.0,9.5
2026-09-25 14:33:56,MLLB_000_y1.0.3,RED,v4_red_MLLB_000_y103_0925,3.2,3.209,15,80,12,kaba,True,,78.0,28.0,58.0,924.0,1002.0,1.046,33.252,31.788,0.7769,True,,False,ON,935.0,4.0,9.5
2026-09-25 14:34:12,MLLB_000_y1.0.3,RED,v4_red_MLLB_000_y103_0925,3.2,3.209,15,80,16,kaba,True,,58.0,28.0,38.0,944.0,1002.0,1.045,33.252,31.812,0.7766,True,,True,,935.0,4.0,9.5
2026-09-25 14:34:28,MLLB_000_y1.0.3,RED,v4_red_MLLB_000_y103_0925,3.2,3.209,15,80,20,kaba,True,,38.0,32.0,18.0,964.0,1002.0,1.045,33.242,31.819,0.7771,True,,True,,935.0,4.0,9.5
2026-09-25 14:34:44,MLLB_000_y1.0.3,RED,v4_red_MLLB_000_y103_0925,3.2,3.209,15,80,24,kaba,True,,30.0,28.0,10.0,972.0,1002.0,1.162,36.994,31.843,0.7768,True,,True,,935.0,4.0,9.5
2026-09-25 14:35:00,MLLB_000_y1.0.3,RED,v4_red_MLLB_000_y103_0925,3.2,3.209,15,80,28,kaba,True,,30.0,28.0,10.0,972.0,1002.0,2.542,80.835,31.796,0.777,True,,True,,935.0,4.0,9.5
2026-09-25 14:35:16,MLLB_000_y1.0.3,RED,v4_red_MLLB_000_y103_0925,3.2,3.209,15,80,32,kaba,True,,30.0,28.0,10.0,972.0,1002.0,3.653,116.143,31.793,0.7771,True,,True,,935.0,4.0,9.5
2026-09-25 14:35:32,MLLB_000_y1.0.3,RED,v4_red_MLLB_000_y103_0925,3.2,3.209,15,80,36,kaba,True,,30.0,28.0,10.0,972.0,1002.0,4.547,144.492,31.778,0.7773,True,,False,FLAS,935.0,4.0,9.5
2026-09-25 14:35:48,MLLB_000_y1.0.3,RED,v4_red_MLLB_000_y103_0925,3.2,3.209,15,80,40,kaba,True,,30.0,28.0,10.0,972.0,1002.0,5.139,163.476,31.811,0.7772,True,,False,FLAS,935.0,4.0,9.5
2026-09-25 14:36:04,MLLB_000_y1.0.3,RED,v4_red_MLLB_000_y103_0925,3.2,3.209,15,80,13,ince,True,,72.0,30.0,52.0,930.0,1002.0,1.045,33.252,31.821,0.7773,True,,False,ON,935.0,4.0,9.5
2026-09-25 14:36:20,MLLB_000_y1.0.3,RED,v4_red_MLLB_000_y103_0925,3.2,3.209,15,80,14,ince,True,,68.0,30.0,48.0,934.0,1002.0,1.046,33.252,31.798,0.7768,True,,False,ON,935.0,4.0,9.5
2026-09-25 14:36:36,MLLB_000_y1.0.3,RED,v4_red_MLLB_000_y103_0925,3.2,3.209,15,80,15,ince,True,,64.0,32.0,42.0,938.0,1002.0,1.046,33.252,31.794,0.7768,True,,True,,935.0,4.0,9.5
2026-09-25 14:36:36,MLLB_000_y1.0.3,RED,v4_red_MLLB_000_y103_0925,3.2,3.209,15,80,17,ince,False,iki-OK-arasi-monotonluk,,,,,,,,,,,,True,,935.0,4.0,9.5
2026-09-25 14:36:36,MLLB_000_y1.0.3,RED,v4_red_MLLB_000_y103_0925,3.2,3.209,15,80,18,ince,False,iki-OK-arasi-monotonluk,,,,,,,,,,,,True,,935.0,4.0,9.5
2026-09-25 14:36:36,MLLB_000_y1.0.3,RED,v4_red_MLLB_000_y103_0925,3.2,3.209,15,80,19,ince,False,iki-OK-arasi-monotonluk,,,,,,,,,,,,True,,935.0,4.0,9.5
2026-09-25 14:36:36,MLLB_000_y1.0.3,RED,v4_red_MLLB_000_y103_0925,3.2,3.209,15,80,21,ince,False,iki-OK-arasi-monotonluk,,,,,,,,,,,,True,,935.0,4.0,9.5
2026-09-25 14:36:36,MLLB_000_y1.0.3,RED,v4_red_MLLB_000_y103_0925,3.2,3.209,15,80,22,ince,False,iki-OK-arasi-monotonluk,,,,,,,,,,,,True,,935.0,4.0,9.5
2026-09-25 14:36:36,MLLB_000_y1.0.3,RED,v4_red_MLLB_000_y103_0925,3.2,3.209,15,80,23,ince,False,iki-OK-arasi-monotonluk,,,,,,,,,,,,True,,935.0,4.0,9.5
2026-09-25 14:36:36,MLLB_000_y1.0.3,RED,v4_red_MLLB_000_y103_0925,3.2,3.209,15,80,25,ince,False,iki-OK-arasi-monotonluk,,,,,,,,,,,,True,,935.0,4.0,9.5
2026-09-25 14:36:36,MLLB_000_y1.0.3,RED,v4_red_MLLB_000_y103_0925,3.2,3.209,15,80,26,ince,False,iki-OK-arasi-monotonluk,,,,,,,,,,,,True,,935.0,4.0,9.5
2026-09-25 14:36:36,MLLB_000_y1.0.3,RED,v4_red_MLLB_000_y103_0925,3.2,3.209,15,80,27,ince,False,iki-OK-arasi-monotonluk,,,,,,,,,,,,True,,935.0,4.0,9.5
2026-09-25 14:36:36,MLLB_000_y1.0.3,RED,v4_red_MLLB_000_y103_0925,3.2,3.209,15,80,29,ince,False,iki-OK-arasi-monotonluk,,,,,,,,,,,,True,,935.0,4.0,9.5
2026-09-25 14:36:36,MLLB_000_y1.0.3,RED,v4_red_MLLB_000_y103_0925,3.2,3.209,15,80,30,ince,False,iki-OK-arasi-monotonluk,,,,,,,,,,,,True,,935.0,4.0,9.5
2026-09-25 14:36:36,MLLB_000_y1.0.3,RED,v4_red_MLLB_000_y103_0925,3.2,3.209,15,80,31,ince,False,iki-OK-arasi-monotonluk,,,,,,,,,,,,True,,935.0,4.0,9.5
2026-09-25 14:36:52,MLLB_000_y1.0.3,RED,v4_red_MLLB_000_y103_0925,3.2,3.209,15,80,33,ince,True,,30.0,28.0,10.0,972.0,1002.0,3.923,124.814,31.816,0.777,True,,True,,935.0,4.0,9.5
2026-09-25 14:37:04,MLLB_000_y1.0.3,RED,v4_red_MLLB_000_y103_0925,3.2,3.209,15,80,34,ince,True,,30.0,28.0,10.0,972.0,1002.0,4.164,132.368,31.789,0.7773,True,,False,FLAS,935.0,4.0,9.5
2026-09-25 14:37:17,MLLB_000_y1.0.3,RED,v4_red_MLLB_000_y103_0925,3.2,3.209,15,80,35,ince,True,,30.0,28.0,10.0,972.0,1002.0,4.357,138.431,31.769,0.7767,True,,False,FLAS,935.0,4.0,9.5
2026-09-25 14:37:17,MLLB_000_y1.0.3,RED,v4_red_MLLB_000_y103_0925,3.2,3.209,15,80,,bitti,False,,,,,,,,,,,,,,,935.0,4.0,9.5
2026-09-25 14:37:32,MLLB_000_y1.0.3,RED,v4_red_MLLB_000_y103_0925,3.2,3.209,15,60,12,kaba,True,,92.0,30.0,72.0,910.0,1002.0,1.044,33.171,31.769,0.7767,True,,False,ON,935.0,4.0,9.5
2026-09-25 14:37:44,MLLB_000_y1.0.3,RED,v4_red_MLLB_000_y103_0925,3.2,3.209,15,60,16,kaba,True,,80.0,32.0,58.0,922.0,1002.0,1.047,33.252,31.771,0.7768,True,,False,ON,935.0,4.0,9.5
2026-09-25 14:38:00,MLLB_000_y1.0.3,RED,v4_red_MLLB_000_y103_0925,3.2,3.209,15,60,20,kaba,True,,64.0,28.0,46.0,938.0,1002.0,1.046,33.216,31.76,0.777,True,,True,,935.0,4.0,9.5
2026-09-25 14:38:16,MLLB_000_y1.0.3,RED,v4_red_MLLB_000_y103_0925,3.2,3.209,15,60,24,kaba,True,,52.0,30.0,32.0,950.0,1002.0,1.046,33.252,31.794,0.777,True,,True,,935.0,4.0,9.5
2026-09-25 14:38:32,MLLB_000_y1.0.3,RED,v4_red_MLLB_000_y103_0925,3.2,3.209,15,60,28,kaba,True,,38.0,28.0,18.0,964.0,1002.0,1.043,33.172,31.799,0.7769,True,,True,,935.0,4.0,9.5
2026-09-25 14:38:48,MLLB_000_y1.0.3,RED,v4_red_MLLB_000_y103_0925,3.2,3.209,15,60,32,kaba,True,,38.0,28.0,18.0,964.0,1002.0,1.267,40.295,31.794,0.7762,True,,True,,935.0,4.0,9.5
2026-09-25 14:39:04,MLLB_000_y1.0.3,RED,v4_red_MLLB_000_y103_0925,3.2,3.209,15,60,36,kaba,True,,38.0,28.0,18.0,964.0,1002.0,2.365,75.155,31.779,0.7764,True,,True,,935.0,4.0,9.5
2026-09-25 14:39:16,MLLB_000_y1.0.3,RED,v4_red_MLLB_000_y103_0925,3.2,3.209,15,60,40,kaba,True,,38.0,28.0,18.0,964.0,1002.0,2.769,89.046,32.161,0.7759,True,,True,,935.0,4.0,9.5
2026-09-25 14:39:32,MLLB_000_y1.0.3,RED,v4_red_MLLB_000_y103_0925,3.2,3.209,15,60,44,kaba,True,,38.0,28.0,18.0,964.0,1002.0,3.399,108.214,31.835,0.7759,True,,True,,935.0,4.0,9.5
2026-09-25 14:39:48,MLLB_000_y1.0.3,RED,v4_red_MLLB_000_y103_0925,3.2,3.209,15,60,48,kaba,True,,38.0,28.0,18.0,964.0,1002.0,3.827,121.792,31.821,0.7762,True,,True,,935.0,4.0,9.5
2026-09-25 14:40:04,MLLB_000_y1.0.3,RED,v4_red_MLLB_000_y103_0925,3.2,3.209,15,60,52,kaba,True,,38.0,28.0,18.0,964.0,1002.0,4.114,130.862,31.805,0.7765,True,,False,FLAS,935.0,4.0,9.5
2026-09-25 14:40:20,MLLB_000_y1.0.3,RED,v4_red_MLLB_000_y103_0925,3.2,3.209,15,60,56,kaba,True,,38.0,28.0,18.0,964.0,1002.0,4.308,136.916,31.784,0.7763,True,,False,FLAS,935.0,4.0,9.5
2026-09-25 14:40:32,MLLB_000_y1.0.3,RED,v4_red_MLLB_000_y103_0925,3.2,3.209,15,60,17,ince,True,,76.0,30.0,56.0,926.0,1002.0,1.047,33.252,31.759,0.777,True,,False,ON,935.0,4.0,9.5
2026-09-25 14:40:48,MLLB_000_y1.0.3,RED,v4_red_MLLB_000_y103_0925,3.2,3.209,15,60,18,ince,True,,72.0,30.0,52.0,930.0,1002.0,1.044,33.154,31.76,0.7768,True,,False,ON,935.0,4.0,9.5
2026-09-25 14:41:04,MLLB_000_y1.0.3,RED,v4_red_MLLB_000_y103_0925,3.2,3.209,15,60,19,ince,True,,68.0,28.0,50.0,934.0,1002.0,1.043,33.15,31.792,0.7766,True,,False,ON,935.0,4.0,9.5
2026-09-25 14:41:04,MLLB_000_y1.0.3,RED,v4_red_MLLB_000_y103_0925,3.2,3.209,15,60,21,ince,False,iki-OK-arasi-monotonluk,,,,,,,,,,,,True,,935.0,4.0,9.5
2026-09-25 14:41:04,MLLB_000_y1.0.3,RED,v4_red_MLLB_000_y103_0925,3.2,3.209,15,60,22,ince,False,iki-OK-arasi-monotonluk,,,,,,,,,,,,True,,935.0,4.0,9.5
2026-09-25 14:41:04,MLLB_000_y1.0.3,RED,v4_red_MLLB_000_y103_0925,3.2,3.209,15,60,23,ince,False,iki-OK-arasi-monotonluk,,,,,,,,,,,,True,,935.0,4.0,9.5
2026-09-25 14:41:04,MLLB_000_y1.0.3,RED,v4_red_MLLB_000_y103_0925,3.2,3.209,15,60,25,ince,False,iki-OK-arasi-monotonluk,,,,,,,,,,,,True,,935.0,4.0,9.5
2026-09-25 14:41:04,MLLB_000_y1.0.3,RED,v4_red_MLLB_000_y103_0925,3.2,3.209,15,60,26,ince,False,iki-OK-arasi-monotonluk,,,,,,,,,,,,True,,935.0,4.0,9.5
2026-09-25 14:41:04,MLLB_000_y1.0.3,RED,v4_red_MLLB_000_y103_0925,3.2,3.209,15,60,27,ince,False,iki-OK-arasi-monotonluk,,,,,,,,,,,,True,,935.0,4.0,9.5
2026-09-25 14:41:04,MLLB_000_y1.0.3,RED,v4_red_MLLB_000_y103_0925,3.2,3.209,15,60,29,ince,False,iki-OK-arasi-monotonluk,,,,,,,,,,,,True,,935.0,4.0,9.5
2026-09-25 14:41:04,MLLB_000_y1.0.3,RED,v4_red_MLLB_000_y103_0925,3.2,3.209,15,60,30,ince,False,iki-OK-arasi-monotonluk,,,,,,,,,,,,True,,935.0,4.0,9.5
2026-09-25 14:41:04,MLLB_000_y1.0.3,RED,v4_red_MLLB_000_y103_0925,3.2,3.209,15,60,31,ince,False,iki-OK-arasi-monotonluk,,,,,,,,,,,,True,,935.0,4.0,9.5
2026-09-25 14:41:04,MLLB_000_y1.0.3,RED,v4_red_MLLB_000_y103_0925,3.2,3.209,15,60,33,ince,False,iki-OK-arasi-monotonluk,,,,,,,,,,,,True,,935.0,4.0,9.5
2026-09-25 14:41:04,MLLB_000_y1.0.3,RED,v4_red_MLLB_000_y103_0925,3.2,3.209,15,60,34,ince,False,iki-OK-arasi-monotonluk,,,,,,,,,,,,True,,935.0,4.0,9.5
2026-09-25 14:41:04,MLLB_000_y1.0.3,RED,v4_red_MLLB_000_y103_0925,3.2,3.209,15,60,35,ince,False,iki-OK-arasi-monotonluk,,,,,,,,,,,,True,,935.0,4.0,9.5
2026-09-25 14:41:04,MLLB_000_y1.0.3,RED,v4_red_MLLB_000_y103_0925,3.2,3.209,15,60,37,ince,False,iki-OK-arasi-monotonluk,,,,,,,,,,,,True,,935.0,4.0,9.5
2026-09-25 14:41:04,MLLB_000_y1.0.3,RED,v4_red_MLLB_000_y103_0925,3.2,3.209,15,60,38,ince,False,iki-OK-arasi-monotonluk,,,,,,,,,,,,True,,935.0,4.0,9.5
2026-09-25 14:41:04,MLLB_000_y1.0.3,RED,v4_red_MLLB_000_y103_0925,3.2,3.209,15,60,39,ince,False,iki-OK-arasi-monotonluk,,,,,,,,,,,,True,,935.0,4.0,9.5
2026-09-25 14:41:04,MLLB_000_y1.0.3,RED,v4_red_MLLB_000_y103_0925,3.2,3.209,15,60,41,ince,False,iki-OK-arasi-monotonluk,,,,,,,,,,,,True,,935.0,4.0,9.5
2026-09-25 14:41:04,MLLB_000_y1.0.3,RED,v4_red_MLLB_000_y103_0925,3.2,3.209,15,60,42,ince,False,iki-OK-arasi-monotonluk,,,,,,,,,,,,True,,935.0,4.0,9.5
2026-09-25 14:41:04,MLLB_000_y1.0.3,RED,v4_red_MLLB_000_y103_0925,3.2,3.209,15,60,43,ince,False,iki-OK-arasi-monotonluk,,,,,,,,,,,,True,,935.0,4.0,9.5
2026-09-25 14:41:05,MLLB_000_y1.0.3,RED,v4_red_MLLB_000_y103_0925,3.2,3.209,15,60,45,ince,False,iki-OK-arasi-monotonluk,,,,,,,,,,,,True,,935.0,4.0,9.5
2026-09-25 14:41:05,MLLB_000_y1.0.3,RED,v4_red_MLLB_000_y103_0925,3.2,3.209,15,60,46,ince,False,iki-OK-arasi-monotonluk,,,,,,,,,,,,True,,935.0,4.0,9.5
2026-09-25 14:41:05,MLLB_000_y1.0.3,RED,v4_red_MLLB_000_y103_0925,3.2,3.209,15,60,47,ince,False,iki-OK-arasi-monotonluk,,,,,,,,,,,,True,,935.0,4.0,9.5
2026-09-25 14:41:20,MLLB_000_y1.0.3,RED,v4_red_MLLB_000_y103_0925,3.2,3.209,15,60,49,ince,True,,38.0,28.0,18.0,964.0,1002.0,3.928,124.814,31.777,0.7762,True,,True,,935.0,4.0,9.5
2026-09-25 14:41:36,MLLB_000_y1.0.3,RED,v4_red_MLLB_000_y103_0925,3.2,3.209,15,60,50,ince,True,,38.0,28.0,18.0,964.0,1002.0,4.02,127.837,31.798,0.7764,True,,False,FLAS,935.0,4.0,9.5
2026-09-25 14:41:52,MLLB_000_y1.0.3,RED,v4_red_MLLB_000_y103_0925,3.2,3.209,15,60,51,ince,True,,38.0,28.0,18.0,964.0,1002.0,4.068,129.349,31.794,0.7756,True,,False,FLAS,935.0,4.0,9.5
2026-09-25 14:41:52,MLLB_000_y1.0.3,RED,v4_red_MLLB_000_y103_0925,3.2,3.209,15,60,,bitti,False,,,,,,,,,,,,,,,935.0,4.0,9.5
2026-09-25 14:42:12,MLLB_000_y1.0.3,RED,v4_red_MLLB_000_y103_0925,3.2,3.209,100,100,12,kaba,True,,26.0,28.0,6.0,976.0,1002.0,1.05,243.864,232.257,0.7765,True,,True,,935.0,4.0,9.5
2026-09-25 14:42:28,MLLB_000_y1.0.3,RED,v4_red_MLLB_000_y103_0925,3.2,3.209,100,100,16,kaba,True,,26.0,28.0,6.0,976.0,1002.0,1.05,243.864,232.346,0.7764,True,,True,,935.0,4.0,9.5
2026-09-25 14:42:44,MLLB_000_y1.0.3,RED,v4_red_MLLB_000_y103_0925,3.2,3.209,100,100,20,kaba,True,,26.0,28.0,6.0,976.0,1002.0,1.051,243.864,232.121,0.7761,True,,True,,935.0,4.0,9.5
2026-09-25 14:43:00,MLLB_000_y1.0.3,RED,v4_red_MLLB_000_y103_0925,3.2,3.209,100,100,24,kaba,True,,26.0,28.0,6.0,976.0,1002.0,1.05,243.864,232.183,0.7768,True,,True,,935.0,4.0,9.5
2026-09-25 14:43:16,MLLB_000_y1.0.3,RED,v4_red_MLLB_000_y103_0925,3.2,3.209,100,100,28,kaba,True,,26.0,28.0,6.0,976.0,1002.0,1.05,243.864,232.312,0.7765,True,,True,,935.0,4.0,9.5
2026-09-25 14:43:32,MLLB_000_y1.0.3,RED,v4_red_MLLB_000_y103_0925,3.2,3.209,100,100,32,kaba,True,,26.0,28.0,6.0,976.0,1002.0,1.051,243.864,232.024,0.7764,True,,True,,935.0,4.0,9.5
2026-09-25 14:43:48,MLLB_000_y1.0.3,RED,v4_red_MLLB_000_y103_0925,3.2,3.209,100,100,36,kaba,True,,26.0,28.0,6.0,976.0,1002.0,1.05,243.864,232.278,0.7768,True,,True,,935.0,4.0,9.5
2026-09-25 14:44:00,MLLB_000_y1.0.3,RED,v4_red_MLLB_000_y103_0925,3.2,3.209,100,100,40,kaba,True,,26.0,28.0,6.0,976.0,1002.0,1.05,243.864,232.304,0.7769,True,,True,,935.0,4.0,9.5
2026-09-25 14:44:16,MLLB_000_y1.0.3,RED,v4_red_MLLB_000_y103_0925,3.2,3.209,100,100,44,kaba,True,,26.0,28.0,6.0,976.0,1002.0,1.051,243.864,232.094,0.7761,True,,True,,935.0,4.0,9.5
2026-09-25 14:44:32,MLLB_000_y1.0.3,RED,v4_red_MLLB_000_y103_0925,3.2,3.209,100,100,48,kaba,True,,26.0,28.0,6.0,976.0,1002.0,1.052,243.864,231.828,0.7764,True,,True,,935.0,4.0,9.5
2026-09-25 14:44:48,MLLB_000_y1.0.3,RED,v4_red_MLLB_000_y103_0925,3.2,3.209,100,100,52,kaba,True,,26.0,28.0,6.0,976.0,1002.0,1.053,243.864,231.675,0.7762,True,,True,,935.0,4.0,9.5
2026-09-25 14:45:04,MLLB_000_y1.0.3,RED,v4_red_MLLB_000_y103_0925,3.2,3.209,100,100,56,kaba,True,,26.0,28.0,6.0,976.0,1002.0,1.052,243.864,231.704,0.7766,True,,True,,935.0,4.0,9.5
2026-09-25 14:45:20,MLLB_000_y1.0.3,RED,v4_red_MLLB_000_y103_0925,3.2,3.209,100,100,58,kaba,True,,26.0,28.0,6.0,976.0,1002.0,1.052,243.864,231.854,0.776,True,,True,,935.0,4.0,9.5
2026-09-25 14:45:20,MLLB_000_y1.0.3,RED,v4_red_MLLB_000_y103_0925,3.2,3.209,100,100,13,ince,False,iki-OK-arasi-monotonluk,,,,,,,,,,,,True,,935.0,4.0,9.5
2026-09-25 14:45:20,MLLB_000_y1.0.3,RED,v4_red_MLLB_000_y103_0925,3.2,3.209,100,100,14,ince,False,iki-OK-arasi-monotonluk,,,,,,,,,,,,True,,935.0,4.0,9.5
2026-09-25 14:45:20,MLLB_000_y1.0.3,RED,v4_red_MLLB_000_y103_0925,3.2,3.209,100,100,15,ince,False,iki-OK-arasi-monotonluk,,,,,,,,,,,,True,,935.0,4.0,9.5
2026-09-25 14:45:20,MLLB_000_y1.0.3,RED,v4_red_MLLB_000_y103_0925,3.2,3.209,100,100,17,ince,False,iki-OK-arasi-monotonluk,,,,,,,,,,,,True,,935.0,4.0,9.5
2026-09-25 14:45:20,MLLB_000_y1.0.3,RED,v4_red_MLLB_000_y103_0925,3.2,3.209,100,100,18,ince,False,iki-OK-arasi-monotonluk,,,,,,,,,,,,True,,935.0,4.0,9.5
2026-09-25 14:45:20,MLLB_000_y1.0.3,RED,v4_red_MLLB_000_y103_0925,3.2,3.209,100,100,19,ince,False,iki-OK-arasi-monotonluk,,,,,,,,,,,,True,,935.0,4.0,9.5
2026-09-25 14:45:20,MLLB_000_y1.0.3,RED,v4_red_MLLB_000_y103_0925,3.2,3.209,100,100,21,ince,False,iki-OK-arasi-monotonluk,,,,,,,,,,,,True,,935.0,4.0,9.5
2026-09-25 14:45:20,MLLB_000_y1.0.3,RED,v4_red_MLLB_000_y103_0925,3.2,3.209,100,100,22,ince,False,iki-OK-arasi-monotonluk,,,,,,,,,,,,True,,935.0,4.0,9.5
2026-09-25 14:45:20,MLLB_000_y1.0.3,RED,v4_red_MLLB_000_y103_0925,3.2,3.209,100,100,23,ince,False,iki-OK-arasi-monotonluk,,,,,,,,,,,,True,,935.0,4.0,9.5
2026-09-25 14:45:20,MLLB_000_y1.0.3,RED,v4_red_MLLB_000_y103_0925,3.2,3.209,100,100,25,ince,False,iki-OK-arasi-monotonluk,,,,,,,,,,,,True,,935.0,4.0,9.5
2026-09-25 14:45:20,MLLB_000_y1.0.3,RED,v4_red_MLLB_000_y103_0925,3.2,3.209,100,100,26,ince,False,iki-OK-arasi-monotonluk,,,,,,,,,,,,True,,935.0,4.0,9.5
2026-09-25 14:45:20,MLLB_000_y1.0.3,RED,v4_red_MLLB_000_y103_0925,3.2,3.209,100,100,27,ince,False,iki-OK-arasi-monotonluk,,,,,,,,,,,,True,,935.0,4.0,9.5
2026-09-25 14:45:20,MLLB_000_y1.0.3,RED,v4_red_MLLB_000_y103_0925,3.2,3.209,100,100,29,ince,False,iki-OK-arasi-monotonluk,,,,,,,,,,,,True,,935.0,4.0,9.5
2026-09-25 14:45:20,MLLB_000_y1.0.3,RED,v4_red_MLLB_000_y103_0925,3.2,3.209,100,100,30,ince,False,iki-OK-arasi-monotonluk,,,,,,,,,,,,True,,935.0,4.0,9.5
2026-09-25 14:45:20,MLLB_000_y1.0.3,RED,v4_red_MLLB_000_y103_0925,3.2,3.209,100,100,31,ince,False,iki-OK-arasi-monotonluk,,,,,,,,,,,,True,,935.0,4.0,9.5
2026-09-25 14:45:20,MLLB_000_y1.0.3,RED,v4_red_MLLB_000_y103_0925,3.2,3.209,100,100,33,ince,False,iki-OK-arasi-monotonluk,,,,,,,,,,,,True,,935.0,4.0,9.5
2026-09-25 14:45:20,MLLB_000_y1.0.3,RED,v4_red_MLLB_000_y103_0925,3.2,3.209,100,100,34,ince,False,iki-OK-arasi-monotonluk,,,,,,,,,,,,True,,935.0,4.0,9.5
2026-09-25 14:45:20,MLLB_000_y1.0.3,RED,v4_red_MLLB_000_y103_0925,3.2,3.209,100,100,35,ince,False,iki-OK-arasi-monotonluk,,,,,,,,,,,,True,,935.0,4.0,9.5
2026-09-25 14:45:20,MLLB_000_y1.0.3,RED,v4_red_MLLB_000_y103_0925,3.2,3.209,100,100,37,ince,False,iki-OK-arasi-monotonluk,,,,,,,,,,,,True,,935.0,4.0,9.5
2026-09-25 14:45:20,MLLB_000_y1.0.3,RED,v4_red_MLLB_000_y103_0925,3.2,3.209,100,100,38,ince,False,iki-OK-arasi-monotonluk,,,,,,,,,,,,True,,935.0,4.0,9.5
2026-09-25 14:45:20,MLLB_000_y1.0.3,RED,v4_red_MLLB_000_y103_0925,3.2,3.209,100,100,39,ince,False,iki-OK-arasi-monotonluk,,,,,,,,,,,,True,,935.0,4.0,9.5
2026-09-25 14:45:20,MLLB_000_y1.0.3,RED,v4_red_MLLB_000_y103_0925,3.2,3.209,100,100,41,ince,False,iki-OK-arasi-monotonluk,,,,,,,,,,,,True,,935.0,4.0,9.5
2026-09-25 14:45:20,MLLB_000_y1.0.3,RED,v4_red_MLLB_000_y103_0925,3.2,3.209,100,100,42,ince,False,iki-OK-arasi-monotonluk,,,,,,,,,,,,True,,935.0,4.0,9.5
2026-09-25 14:45:20,MLLB_000_y1.0.3,RED,v4_red_MLLB_000_y103_0925,3.2,3.209,100,100,43,ince,False,iki-OK-arasi-monotonluk,,,,,,,,,,,,True,,935.0,4.0,9.5
2026-09-25 14:45:20,MLLB_000_y1.0.3,RED,v4_red_MLLB_000_y103_0925,3.2,3.209,100,100,45,ince,False,iki-OK-arasi-monotonluk,,,,,,,,,,,,True,,935.0,4.0,9.5
2026-09-25 14:45:20,MLLB_000_y1.0.3,RED,v4_red_MLLB_000_y103_0925,3.2,3.209,100,100,46,ince,False,iki-OK-arasi-monotonluk,,,,,,,,,,,,True,,935.0,4.0,9.5
2026-09-25 14:45:20,MLLB_000_y1.0.3,RED,v4_red_MLLB_000_y103_0925,3.2,3.209,100,100,47,ince,False,iki-OK-arasi-monotonluk,,,,,,,,,,,,True,,935.0,4.0,9.5
2026-09-25 14:45:20,MLLB_000_y1.0.3,RED,v4_red_MLLB_000_y103_0925,3.2,3.209,100,100,49,ince,False,iki-OK-arasi-monotonluk,,,,,,,,,,,,True,,935.0,4.0,9.5
2026-09-25 14:45:20,MLLB_000_y1.0.3,RED,v4_red_MLLB_000_y103_0925,3.2,3.209,100,100,50,ince,False,iki-OK-arasi-monotonluk,,,,,,,,,,,,True,,935.0,4.0,9.5
2026-09-25 14:45:20,MLLB_000_y1.0.3,RED,v4_red_MLLB_000_y103_0925,3.2,3.209,100,100,51,ince,False,iki-OK-arasi-monotonluk,,,,,,,,,,,,True,,935.0,4.0,9.5
2026-09-25 14:45:20,MLLB_000_y1.0.3,RED,v4_red_MLLB_000_y103_0925,3.2,3.209,100,100,53,ince,False,iki-OK-arasi-monotonluk,,,,,,,,,,,,True,,935.0,4.0,9.5
2026-09-25 14:45:20,MLLB_000_y1.0.3,RED,v4_red_MLLB_000_y103_0925,3.2,3.209,100,100,54,ince,False,iki-OK-arasi-monotonluk,,,,,,,,,,,,True,,935.0,4.0,9.5
2026-09-25 14:45:20,MLLB_000_y1.0.3,RED,v4_red_MLLB_000_y103_0925,3.2,3.209,100,100,55,ince,False,iki-OK-arasi-monotonluk,,,,,,,,,,,,True,,935.0,4.0,9.5
2026-09-25 14:45:20,MLLB_000_y1.0.3,RED,v4_red_MLLB_000_y103_0925,3.2,3.209,100,100,57,ince,False,iki-OK-arasi-monotonluk,,,,,,,,,,,,True,,935.0,4.0,9.5
2026-09-25 14:45:20,MLLB_000_y1.0.3,RED,v4_red_MLLB_000_y103_0925,3.2,3.209,100,100,,bitti,False,,,,,,,,,,,,,,,935.0,4.0,9.5
2026-09-25 14:45:36,MLLB_000_y1.0.3,RED,v4_red_MLLB_000_y103_0925,3.2,3.209,100,80,12,kaba,True,,26.0,28.0,6.0,976.0,1002.0,1.053,243.864,231.6,0.777,True,,True,,935.0,4.0,9.5
2026-09-25 14:45:52,MLLB_000_y1.0.3,RED,v4_red_MLLB_000_y103_0925,3.2,3.209,100,80,16,kaba,True,,26.0,28.0,6.0,976.0,1002.0,1.052,243.864,231.704,0.7764,True,,True,,935.0,4.0,9.5
2026-09-25 14:46:08,MLLB_000_y1.0.3,RED,v4_red_MLLB_000_y103_0925,3.2,3.209,100,80,20,kaba,True,,26.0,28.0,6.0,976.0,1002.0,1.049,243.24,231.778,0.7761,True,,True,,935.0,4.0,9.5
2026-09-25 14:46:24,MLLB_000_y1.0.3,RED,v4_red_MLLB_000_y103_0925,3.2,3.209,100,80,24,kaba,True,,26.0,28.0,6.0,976.0,1002.0,1.052,243.864,231.749,0.776,True,,True,,935.0,4.0,9.5
2026-09-25 14:46:40,MLLB_000_y1.0.3,RED,v4_red_MLLB_000_y103_0925,3.2,3.209,100,80,28,kaba,True,,26.0,28.0,6.0,976.0,1002.0,1.053,243.864,231.62,0.7766,True,,True,,935.0,4.0,9.5
2026-09-25 14:46:56,MLLB_000_y1.0.3,RED,v4_red_MLLB_000_y103_0925,3.2,3.209,100,80,32,kaba,True,,26.0,28.0,6.0,976.0,1002.0,1.051,243.864,231.966,0.7763,True,,True,,935.0,4.0,9.5
2026-09-25 14:47:12,MLLB_000_y1.0.3,RED,v4_red_MLLB_000_y103_0925,3.2,3.209,100,80,36,kaba,True,,26.0,28.0,6.0,976.0,1002.0,1.052,243.864,231.765,0.7774,True,,True,,935.0,4.0,9.5
2026-09-25 14:47:24,MLLB_000_y1.0.3,RED,v4_red_MLLB_000_y103_0925,3.2,3.209,100,80,40,kaba,True,,26.0,28.0,6.0,976.0,1002.0,1.052,243.864,231.785,0.7764,True,,True,,935.0,4.0,9.5
2026-09-25 14:47:37,MLLB_000_y1.0.3,RED,v4_red_MLLB_000_y103_0925,3.2,3.209,100,80,44,kaba,True,,26.0,28.0,6.0,976.0,1002.0,1.053,243.864,231.616,0.7764,True,,True,,935.0,4.0,9.5
2026-09-25 14:47:52,MLLB_000_y1.0.3,RED,v4_red_MLLB_000_y103_0925,3.2,3.209,100,80,48,kaba,True,,26.0,28.0,6.0,976.0,1002.0,1.052,243.864,231.87,0.777,True,,True,,935.0,4.0,9.5
2026-09-25 14:48:08,MLLB_000_y1.0.3,RED,v4_red_MLLB_000_y103_0925,3.2,3.209,100,80,52,kaba,True,,26.0,28.0,6.0,976.0,1002.0,1.052,243.864,231.759,0.7771,True,,True,,935.0,4.0,9.5
2026-09-25 14:48:24,MLLB_000_y1.0.3,RED,v4_red_MLLB_000_y103_0925,3.2,3.209,100,80,56,kaba,True,,26.0,28.0,6.0,976.0,1002.0,1.052,243.864,231.919,0.7772,True,,True,,935.0,4.0,9.5
2026-09-25 14:48:40,MLLB_000_y1.0.3,RED,v4_red_MLLB_000_y103_0925,3.2,3.209,100,80,58,kaba,True,,26.0,28.0,6.0,976.0,1002.0,1.051,243.864,231.977,0.7771,True,,True,,935.0,4.0,9.5
2026-09-25 14:48:40,MLLB_000_y1.0.3,RED,v4_red_MLLB_000_y103_0925,3.2,3.209,100,80,13,ince,False,iki-OK-arasi-monotonluk,,,,,,,,,,,,True,,935.0,4.0,9.5
2026-09-25 14:48:40,MLLB_000_y1.0.3,RED,v4_red_MLLB_000_y103_0925,3.2,3.209,100,80,14,ince,False,iki-OK-arasi-monotonluk,,,,,,,,,,,,True,,935.0,4.0,9.5
2026-09-25 14:48:40,MLLB_000_y1.0.3,RED,v4_red_MLLB_000_y103_0925,3.2,3.209,100,80,15,ince,False,iki-OK-arasi-monotonluk,,,,,,,,,,,,True,,935.0,4.0,9.5
2026-09-25 14:48:40,MLLB_000_y1.0.3,RED,v4_red_MLLB_000_y103_0925,3.2,3.209,100,80,17,ince,False,iki-OK-arasi-monotonluk,,,,,,,,,,,,True,,935.0,4.0,9.5
2026-09-25 14:48:40,MLLB_000_y1.0.3,RED,v4_red_MLLB_000_y103_0925,3.2,3.209,100,80,18,ince,False,iki-OK-arasi-monotonluk,,,,,,,,,,,,True,,935.0,4.0,9.5
2026-09-25 14:48:40,MLLB_000_y1.0.3,RED,v4_red_MLLB_000_y103_0925,3.2,3.209,100,80,19,ince,False,iki-OK-arasi-monotonluk,,,,,,,,,,,,True,,935.0,4.0,9.5
2026-09-25 14:48:40,MLLB_000_y1.0.3,RED,v4_red_MLLB_000_y103_0925,3.2,3.209,100,80,21,ince,False,iki-OK-arasi-monotonluk,,,,,,,,,,,,True,,935.0,4.0,9.5
2026-09-25 14:48:40,MLLB_000_y1.0.3,RED,v4_red_MLLB_000_y103_0925,3.2,3.209,100,80,22,ince,False,iki-OK-arasi-monotonluk,,,,,,,,,,,,True,,935.0,4.0,9.5
2026-09-25 14:48:40,MLLB_000_y1.0.3,RED,v4_red_MLLB_000_y103_0925,3.2,3.209,100,80,23,ince,False,iki-OK-arasi-monotonluk,,,,,,,,,,,,True,,935.0,4.0,9.5
2026-09-25 14:48:40,MLLB_000_y1.0.3,RED,v4_red_MLLB_000_y103_0925,3.2,3.209,100,80,25,ince,False,iki-OK-arasi-monotonluk,,,,,,,,,,,,True,,935.0,4.0,9.5
2026-09-25 14:48:40,MLLB_000_y1.0.3,RED,v4_red_MLLB_000_y103_0925,3.2,3.209,100,80,26,ince,False,iki-OK-arasi-monotonluk,,,,,,,,,,,,True,,935.0,4.0,9.5
2026-09-25 14:48:40,MLLB_000_y1.0.3,RED,v4_red_MLLB_000_y103_0925,3.2,3.209,100,80,27,ince,False,iki-OK-arasi-monotonluk,,,,,,,,,,,,True,,935.0,4.0,9.5
2026-09-25 14:48:40,MLLB_000_y1.0.3,RED,v4_red_MLLB_000_y103_0925,3.2,3.209,100,80,29,ince,False,iki-OK-arasi-monotonluk,,,,,,,,,,,,True,,935.0,4.0,9.5
2026-09-25 14:48:40,MLLB_000_y1.0.3,RED,v4_red_MLLB_000_y103_0925,3.2,3.209,100,80,30,ince,False,iki-OK-arasi-monotonluk,,,,,,,,,,,,True,,935.0,4.0,9.5
2026-09-25 14:48:40,MLLB_000_y1.0.3,RED,v4_red_MLLB_000_y103_0925,3.2,3.209,100,80,31,ince,False,iki-OK-arasi-monotonluk,,,,,,,,,,,,True,,935.0,4.0,9.5
2026-09-25 14:48:40,MLLB_000_y1.0.3,RED,v4_red_MLLB_000_y103_0925,3.2,3.209,100,80,33,ince,False,iki-OK-arasi-monotonluk,,,,,,,,,,,,True,,935.0,4.0,9.5
2026-09-25 14:48:40,MLLB_000_y1.0.3,RED,v4_red_MLLB_000_y103_0925,3.2,3.209,100,80,34,ince,False,iki-OK-arasi-monotonluk,,,,,,,,,,,,True,,935.0,4.0,9.5
2026-09-25 14:48:40,MLLB_000_y1.0.3,RED,v4_red_MLLB_000_y103_0925,3.2,3.209,100,80,35,ince,False,iki-OK-arasi-monotonluk,,,,,,,,,,,,True,,935.0,4.0,9.5
2026-09-25 14:48:40,MLLB_000_y1.0.3,RED,v4_red_MLLB_000_y103_0925,3.2,3.209,100,80,37,ince,False,iki-OK-arasi-monotonluk,,,,,,,,,,,,True,,935.0,4.0,9.5
2026-09-25 14:48:40,MLLB_000_y1.0.3,RED,v4_red_MLLB_000_y103_0925,3.2,3.209,100,80,38,ince,False,iki-OK-arasi-monotonluk,,,,,,,,,,,,True,,935.0,4.0,9.5
2026-09-25 14:48:40,MLLB_000_y1.0.3,RED,v4_red_MLLB_000_y103_0925,3.2,3.209,100,80,39,ince,False,iki-OK-arasi-monotonluk,,,,,,,,,,,,True,,935.0,4.0,9.5
2026-09-25 14:48:40,MLLB_000_y1.0.3,RED,v4_red_MLLB_000_y103_0925,3.2,3.209,100,80,41,ince,False,iki-OK-arasi-monotonluk,,,,,,,,,,,,True,,935.0,4.0,9.5
2026-09-25 14:48:40,MLLB_000_y1.0.3,RED,v4_red_MLLB_000_y103_0925,3.2,3.209,100,80,42,ince,False,iki-OK-arasi-monotonluk,,,,,,,,,,,,True,,935.0,4.0,9.5
2026-09-25 14:48:40,MLLB_000_y1.0.3,RED,v4_red_MLLB_000_y103_0925,3.2,3.209,100,80,43,ince,False,iki-OK-arasi-monotonluk,,,,,,,,,,,,True,,935.0,4.0,9.5
2026-09-25 14:48:40,MLLB_000_y1.0.3,RED,v4_red_MLLB_000_y103_0925,3.2,3.209,100,80,45,ince,False,iki-OK-arasi-monotonluk,,,,,,,,,,,,True,,935.0,4.0,9.5
2026-09-25 14:48:40,MLLB_000_y1.0.3,RED,v4_red_MLLB_000_y103_0925,3.2,3.209,100,80,46,ince,False,iki-OK-arasi-monotonluk,,,,,,,,,,,,True,,935.0,4.0,9.5
2026-09-25 14:48:40,MLLB_000_y1.0.3,RED,v4_red_MLLB_000_y103_0925,3.2,3.209,100,80,47,ince,False,iki-OK-arasi-monotonluk,,,,,,,,,,,,True,,935.0,4.0,9.5
2026-09-25 14:48:40,MLLB_000_y1.0.3,RED,v4_red_MLLB_000_y103_0925,3.2,3.209,100,80,49,ince,False,iki-OK-arasi-monotonluk,,,,,,,,,,,,True,,935.0,4.0,9.5
2026-09-25 14:48:40,MLLB_000_y1.0.3,RED,v4_red_MLLB_000_y103_0925,3.2,3.209,100,80,50,ince,False,iki-OK-arasi-monotonluk,,,,,,,,,,,,True,,935.0,4.0,9.5
2026-09-25 14:48:40,MLLB_000_y1.0.3,RED,v4_red_MLLB_000_y103_0925,3.2,3.209,100,80,51,ince,False,iki-OK-arasi-monotonluk,,,,,,,,,,,,True,,935.0,4.0,9.5
2026-09-25 14:48:40,MLLB_000_y1.0.3,RED,v4_red_MLLB_000_y103_0925,3.2,3.209,100,80,53,ince,False,iki-OK-arasi-monotonluk,,,,,,,,,,,,True,,935.0,4.0,9.5
2026-09-25 14:48:40,MLLB_000_y1.0.3,RED,v4_red_MLLB_000_y103_0925,3.2,3.209,100,80,54,ince,False,iki-OK-arasi-monotonluk,,,,,,,,,,,,True,,935.0,4.0,9.5
2026-09-25 14:48:40,MLLB_000_y1.0.3,RED,v4_red_MLLB_000_y103_0925,3.2,3.209,100,80,55,ince,False,iki-OK-arasi-monotonluk,,,,,,,,,,,,True,,935.0,4.0,9.5
2026-09-25 14:48:40,MLLB_000_y1.0.3,RED,v4_red_MLLB_000_y103_0925,3.2,3.209,100,80,57,ince,False,iki-OK-arasi-monotonluk,,,,,,,,,,,,True,,935.0,4.0,9.5
2026-09-25 14:48:40,MLLB_000_y1.0.3,RED,v4_red_MLLB_000_y103_0925,3.2,3.209,100,80,,bitti,False,,,,,,,,,,,,,,,935.0,4.0,9.5
2026-09-25 14:48:56,MLLB_000_y1.0.3,RED,v4_red_MLLB_000_y103_0925,3.2,3.209,100,60,12,kaba,True,,26.0,28.0,6.0,976.0,1002.0,1.051,243.864,231.949,0.7771,True,,True,,935.0,4.0,9.5
2026-09-25 14:49:12,MLLB_000_y1.0.3,RED,v4_red_MLLB_000_y103_0925,3.2,3.209,100,60,16,kaba,True,,26.0,28.0,6.0,976.0,1002.0,1.051,243.864,232.022,0.7768,True,,True,,935.0,4.0,9.5
2026-09-25 14:49:28,MLLB_000_y1.0.3,RED,v4_red_MLLB_000_y103_0925,3.2,3.209,100,60,20,kaba,True,,26.0,28.0,6.0,976.0,1002.0,1.051,243.864,232.02,0.7767,True,,True,,935.0,4.0,9.5
2026-09-25 14:49:44,MLLB_000_y1.0.3,RED,v4_red_MLLB_000_y103_0925,3.2,3.209,100,60,24,kaba,True,,26.0,28.0,6.0,976.0,1002.0,1.051,243.864,232.11,0.7772,True,,True,,935.0,4.0,9.5
2026-09-25 14:50:00,MLLB_000_y1.0.3,RED,v4_red_MLLB_000_y103_0925,3.2,3.209,100,60,28,kaba,True,,26.0,28.0,6.0,976.0,1002.0,1.05,243.864,232.244,0.7764,True,,True,,935.0,4.0,9.5
2026-09-25 14:50:16,MLLB_000_y1.0.3,RED,v4_red_MLLB_000_y103_0925,3.2,3.209,100,60,32,kaba,True,,26.0,28.0,6.0,976.0,1002.0,1.053,244.635,232.252,0.7768,True,,True,,935.0,4.0,9.5
2026-09-25 14:50:32,MLLB_000_y1.0.3,RED,v4_red_MLLB_000_y103_0925,3.2,3.209,100,60,36,kaba,True,,26.0,28.0,6.0,976.0,1002.0,1.051,243.864,232.003,0.7768,True,,True,,935.0,4.0,9.5
2026-09-25 14:50:48,MLLB_000_y1.0.3,RED,v4_red_MLLB_000_y103_0925,3.2,3.209,100,60,40,kaba,True,,26.0,28.0,6.0,976.0,1002.0,1.052,243.864,231.791,0.777,True,,True,,935.0,4.0,9.5
2026-09-25 14:51:04,MLLB_000_y1.0.3,RED,v4_red_MLLB_000_y103_0925,3.2,3.209,100,60,44,kaba,True,,26.0,28.0,6.0,976.0,1002.0,1.052,243.864,231.861,0.7767,True,,True,,935.0,4.0,9.5
2026-09-25 14:51:20,MLLB_000_y1.0.3,RED,v4_red_MLLB_000_y103_0925,3.2,3.209,100,60,48,kaba,True,,26.0,28.0,6.0,976.0,1002.0,1.052,243.864,231.762,0.7768,True,,True,,935.0,4.0,9.5
2026-09-25 14:51:36,MLLB_000_y1.0.3,RED,v4_red_MLLB_000_y103_0925,3.2,3.209,100,60,52,kaba,True,,26.0,28.0,6.0,976.0,1002.0,1.051,243.864,231.963,0.7765,True,,True,,935.0,4.0,9.5
2026-09-25 14:51:52,MLLB_000_y1.0.3,RED,v4_red_MLLB_000_y103_0925,3.2,3.209,100,60,56,kaba,True,,26.0,28.0,6.0,976.0,1002.0,1.051,243.864,232.021,0.7764,True,,True,,935.0,4.0,9.5
2026-09-25 14:52:08,MLLB_000_y1.0.3,RED,v4_red_MLLB_000_y103_0925,3.2,3.209,100,60,58,kaba,True,,26.0,28.0,6.0,976.0,1002.0,1.05,243.864,232.314,0.7767,True,,True,,935.0,4.0,9.5
2026-09-25 14:52:08,MLLB_000_y1.0.3,RED,v4_red_MLLB_000_y103_0925,3.2,3.209,100,60,13,ince,False,iki-OK-arasi-monotonluk,,,,,,,,,,,,True,,935.0,4.0,9.5
2026-09-25 14:52:08,MLLB_000_y1.0.3,RED,v4_red_MLLB_000_y103_0925,3.2,3.209,100,60,14,ince,False,iki-OK-arasi-monotonluk,,,,,,,,,,,,True,,935.0,4.0,9.5
2026-09-25 14:52:08,MLLB_000_y1.0.3,RED,v4_red_MLLB_000_y103_0925,3.2,3.209,100,60,15,ince,False,iki-OK-arasi-monotonluk,,,,,,,,,,,,True,,935.0,4.0,9.5
2026-09-25 14:52:08,MLLB_000_y1.0.3,RED,v4_red_MLLB_000_y103_0925,3.2,3.209,100,60,17,ince,False,iki-OK-arasi-monotonluk,,,,,,,,,,,,True,,935.0,4.0,9.5
2026-09-25 14:52:08,MLLB_000_y1.0.3,RED,v4_red_MLLB_000_y103_0925,3.2,3.209,100,60,18,ince,False,iki-OK-arasi-monotonluk,,,,,,,,,,,,True,,935.0,4.0,9.5
2026-09-25 14:52:08,MLLB_000_y1.0.3,RED,v4_red_MLLB_000_y103_0925,3.2,3.209,100,60,19,ince,False,iki-OK-arasi-monotonluk,,,,,,,,,,,,True,,935.0,4.0,9.5
2026-09-25 14:52:08,MLLB_000_y1.0.3,RED,v4_red_MLLB_000_y103_0925,3.2,3.209,100,60,21,ince,False,iki-OK-arasi-monotonluk,,,,,,,,,,,,True,,935.0,4.0,9.5
2026-09-25 14:52:08,MLLB_000_y1.0.3,RED,v4_red_MLLB_000_y103_0925,3.2,3.209,100,60,22,ince,False,iki-OK-arasi-monotonluk,,,,,,,,,,,,True,,935.0,4.0,9.5
2026-09-25 14:52:08,MLLB_000_y1.0.3,RED,v4_red_MLLB_000_y103_0925,3.2,3.209,100,60,23,ince,False,iki-OK-arasi-monotonluk,,,,,,,,,,,,True,,935.0,4.0,9.5
2026-09-25 14:52:08,MLLB_000_y1.0.3,RED,v4_red_MLLB_000_y103_0925,3.2,3.209,100,60,25,ince,False,iki-OK-arasi-monotonluk,,,,,,,,,,,,True,,935.0,4.0,9.5
2026-09-25 14:52:08,MLLB_000_y1.0.3,RED,v4_red_MLLB_000_y103_0925,3.2,3.209,100,60,26,ince,False,iki-OK-arasi-monotonluk,,,,,,,,,,,,True,,935.0,4.0,9.5
2026-09-25 14:52:08,MLLB_000_y1.0.3,RED,v4_red_MLLB_000_y103_0925,3.2,3.209,100,60,27,ince,False,iki-OK-arasi-monotonluk,,,,,,,,,,,,True,,935.0,4.0,9.5
2026-09-25 14:52:08,MLLB_000_y1.0.3,RED,v4_red_MLLB_000_y103_0925,3.2,3.209,100,60,29,ince,False,iki-OK-arasi-monotonluk,,,,,,,,,,,,True,,935.0,4.0,9.5
2026-09-25 14:52:08,MLLB_000_y1.0.3,RED,v4_red_MLLB_000_y103_0925,3.2,3.209,100,60,30,ince,False,iki-OK-arasi-monotonluk,,,,,,,,,,,,True,,935.0,4.0,9.5
2026-09-25 14:52:08,MLLB_000_y1.0.3,RED,v4_red_MLLB_000_y103_0925,3.2,3.209,100,60,31,ince,False,iki-OK-arasi-monotonluk,,,,,,,,,,,,True,,935.0,4.0,9.5
2026-09-25 14:52:08,MLLB_000_y1.0.3,RED,v4_red_MLLB_000_y103_0925,3.2,3.209,100,60,33,ince,False,iki-OK-arasi-monotonluk,,,,,,,,,,,,True,,935.0,4.0,9.5
2026-09-25 14:52:08,MLLB_000_y1.0.3,RED,v4_red_MLLB_000_y103_0925,3.2,3.209,100,60,34,ince,False,iki-OK-arasi-monotonluk,,,,,,,,,,,,True,,935.0,4.0,9.5
2026-09-25 14:52:08,MLLB_000_y1.0.3,RED,v4_red_MLLB_000_y103_0925,3.2,3.209,100,60,35,ince,False,iki-OK-arasi-monotonluk,,,,,,,,,,,,True,,935.0,4.0,9.5
2026-09-25 14:52:08,MLLB_000_y1.0.3,RED,v4_red_MLLB_000_y103_0925,3.2,3.209,100,60,37,ince,False,iki-OK-arasi-monotonluk,,,,,,,,,,,,True,,935.0,4.0,9.5
2026-09-25 14:52:08,MLLB_000_y1.0.3,RED,v4_red_MLLB_000_y103_0925,3.2,3.209,100,60,38,ince,False,iki-OK-arasi-monotonluk,,,,,,,,,,,,True,,935.0,4.0,9.5
2026-09-25 14:52:08,MLLB_000_y1.0.3,RED,v4_red_MLLB_000_y103_0925,3.2,3.209,100,60,39,ince,False,iki-OK-arasi-monotonluk,,,,,,,,,,,,True,,935.0,4.0,9.5
2026-09-25 14:52:08,MLLB_000_y1.0.3,RED,v4_red_MLLB_000_y103_0925,3.2,3.209,100,60,41,ince,False,iki-OK-arasi-monotonluk,,,,,,,,,,,,True,,935.0,4.0,9.5
2026-09-25 14:52:08,MLLB_000_y1.0.3,RED,v4_red_MLLB_000_y103_0925,3.2,3.209,100,60,42,ince,False,iki-OK-arasi-monotonluk,,,,,,,,,,,,True,,935.0,4.0,9.5
2026-09-25 14:52:08,MLLB_000_y1.0.3,RED,v4_red_MLLB_000_y103_0925,3.2,3.209,100,60,43,ince,False,iki-OK-arasi-monotonluk,,,,,,,,,,,,True,,935.0,4.0,9.5
2026-09-25 14:52:08,MLLB_000_y1.0.3,RED,v4_red_MLLB_000_y103_0925,3.2,3.209,100,60,45,ince,False,iki-OK-arasi-monotonluk,,,,,,,,,,,,True,,935.0,4.0,9.5
2026-09-25 14:52:08,MLLB_000_y1.0.3,RED,v4_red_MLLB_000_y103_0925,3.2,3.209,100,60,46,ince,False,iki-OK-arasi-monotonluk,,,,,,,,,,,,True,,935.0,4.0,9.5
2026-09-25 14:52:08,MLLB_000_y1.0.3,RED,v4_red_MLLB_000_y103_0925,3.2,3.209,100,60,47,ince,False,iki-OK-arasi-monotonluk,,,,,,,,,,,,True,,935.0,4.0,9.5
2026-09-25 14:52:08,MLLB_000_y1.0.3,RED,v4_red_MLLB_000_y103_0925,3.2,3.209,100,60,49,ince,False,iki-OK-arasi-monotonluk,,,,,,,,,,,,True,,935.0,4.0,9.5
2026-09-25 14:52:08,MLLB_000_y1.0.3,RED,v4_red_MLLB_000_y103_0925,3.2,3.209,100,60,50,ince,False,iki-OK-arasi-monotonluk,,,,,,,,,,,,True,,935.0,4.0,9.5
2026-09-25 14:52:08,MLLB_000_y1.0.3,RED,v4_red_MLLB_000_y103_0925,3.2,3.209,100,60,51,ince,False,iki-OK-arasi-monotonluk,,,,,,,,,,,,True,,935.0,4.0,9.5
2026-09-25 14:52:08,MLLB_000_y1.0.3,RED,v4_red_MLLB_000_y103_0925,3.2,3.209,100,60,53,ince,False,iki-OK-arasi-monotonluk,,,,,,,,,,,,True,,935.0,4.0,9.5
2026-09-25 14:52:08,MLLB_000_y1.0.3,RED,v4_red_MLLB_000_y103_0925,3.2,3.209,100,60,54,ince,False,iki-OK-arasi-monotonluk,,,,,,,,,,,,True,,935.0,4.0,9.5
2026-09-25 14:52:08,MLLB_000_y1.0.3,RED,v4_red_MLLB_000_y103_0925,3.2,3.209,100,60,55,ince,False,iki-OK-arasi-monotonluk,,,,,,,,,,,,True,,935.0,4.0,9.5
2026-09-25 14:52:08,MLLB_000_y1.0.3,RED,v4_red_MLLB_000_y103_0925,3.2,3.209,100,60,57,ince,False,iki-OK-arasi-monotonluk,,,,,,,,,,,,True,,935.0,4.0,9.5
2026-09-25 14:52:08,MLLB_000_y1.0.3,RED,v4_red_MLLB_000_y103_0925,3.2,3.209,100,60,,bitti,False,,,,,,,,,,,,,,,935.0,4.0,9.5
2026-09-25 14:52:38,MLLB_000_y1.0.3,RED,v4_red_MLLB_000_y103_0925,3.0,3.009,6,100,12,kaba,True,,194.0,94.0,158.0,808.0,1002.0,1.07,10.508,9.819,0.7307,True,,False,ON,935.0,4.0,9.5
2026-09-25 14:52:54,MLLB_000_y1.0.3,RED,v4_red_MLLB_000_y103_0925,3.0,3.009,6,100,16,kaba,True,,110.0,78.0,70.0,892.0,1002.0,1.078,10.6,9.833,0.7314,True,,False,ON,935.0,4.0,9.5
2026-09-25 14:53:10,MLLB_000_y1.0.3,RED,v4_red_MLLB_000_y103_0925,3.0,3.009,6,100,20,kaba,True,,24.0,28.0,6.0,978.0,1002.0,1.84,18.068,9.82,0.7313,True,,True,,935.0,4.0,9.5
2026-09-25 14:53:26,MLLB_000_y1.0.3,RED,v4_red_MLLB_000_y103_0925,3.0,3.009,6,100,24,kaba,True,,24.0,28.0,6.0,978.0,1002.0,7.493,73.757,9.843,0.7331,True,,False,FLAS,935.0,4.0,9.5
2026-09-25 14:53:42,MLLB_000_y1.0.3,RED,v4_red_MLLB_000_y103_0925,3.0,3.009,6,100,28,kaba,True,,24.0,26.0,6.0,978.0,1002.0,12.002,118.018,9.833,0.7305,True,,False,FLAS,935.0,4.0,9.5
2026-09-25 14:53:58,MLLB_000_y1.0.3,RED,v4_red_MLLB_000_y103_0925,3.0,3.009,6,100,17,ince,True,,90.0,104.0,48.0,912.0,1002.0,1.069,10.508,9.825,0.7303,True,,False,ON,935.0,4.0,9.5
2026-09-25 14:54:14,MLLB_000_y1.0.3,RED,v4_red_MLLB_000_y103_0925,3.0,3.009,6,100,18,ince,True,,66.0,82.0,26.0,936.0,1002.0,1.068,10.508,9.837,0.7288,True,,True,,935.0,4.0,9.5
2026-09-25 14:54:30,MLLB_000_y1.0.3,RED,v4_red_MLLB_000_y103_0925,3.0,3.009,6,100,19,ince,True,,42.0,142.0,10.0,960.0,1002.0,1.067,10.511,9.846,0.7302,True,,True,,935.0,4.0,9.5
2026-09-25 14:54:46,MLLB_000_y1.0.3,RED,v4_red_MLLB_000_y103_0925,3.0,3.009,6,100,21,ince,True,,24.0,26.0,6.0,978.0,1002.0,3.174,31.224,9.838,0.7301,True,,True,,935.0,4.0,9.5
2026-09-25 14:55:02,MLLB_000_y1.0.3,RED,v4_red_MLLB_000_y103_0925,3.0,3.009,6,100,22,ince,True,,24.0,26.0,6.0,978.0,1002.0,4.548,44.749,9.838,0.7307,True,,False,FLAS,935.0,4.0,9.5
2026-09-25 14:55:18,MLLB_000_y1.0.3,RED,v4_red_MLLB_000_y103_0925,3.0,3.009,6,100,23,ince,True,,24.0,26.0,6.0,978.0,1002.0,5.658,55.727,9.85,0.7304,True,,False,FLAS,935.0,4.0,9.5
2026-09-25 14:55:18,MLLB_000_y1.0.3,RED,v4_red_MLLB_000_y103_0925,3.0,3.009,6,100,,bitti,False,,,,,,,,,,,,,,,935.0,4.0,9.5
2026-09-25 14:55:34,MLLB_000_y1.0.3,RED,v4_red_MLLB_000_y103_0925,3.0,3.009,6,80,12,kaba,True,,238.0,98.0,198.0,764.0,1002.0,1.074,10.508,9.788,0.7297,True,,False,ON,935.0,4.0,9.5
2026-09-25 14:55:50,MLLB_000_y1.0.3,RED,v4_red_MLLB_000_y103_0925,3.0,3.009,6,80,16,kaba,True,,168.0,74.0,130.0,834.0,1002.0,1.07,10.508,9.824,0.7288,True,,False,ON,935.0,4.0,9.5
2026-09-25 14:56:06,MLLB_000_y1.0.3,RED,v4_red_MLLB_000_y103_0925,3.0,3.009,6,80,20,kaba,True,,98.0,110.0,58.0,904.0,1002.0,1.07,10.508,9.823,0.7307,True,,False,ON,935.0,4.0,9.5
2026-09-25 14:56:22,MLLB_000_y1.0.3,RED,v4_red_MLLB_000_y103_0925,3.0,3.009,6,80,24,kaba,True,,28.0,28.0,10.0,974.0,1002.0,1.704,16.776,9.844,0.7285,True,,True,,935.0,4.0,9.5
2026-09-25 14:56:38,MLLB_000_y1.0.3,RED,v4_red_MLLB_000_y103_0925,3.0,3.009,6,80,28,kaba,True,,28.0,26.0,10.0,974.0,1002.0,5.72,56.341,9.85,0.729,True,,False,FLAS,935.0,4.0,9.5
2026-09-25 14:56:54,MLLB_000_y1.0.3,RED,v4_red_MLLB_000_y103_0925,3.0,3.009,6,80,32,kaba,True,,28.0,26.0,10.0,974.0,1002.0,9.324,91.661,9.831,0.7308,True,,False,FLAS,935.0,4.0,9.5
2026-09-25 14:57:10,MLLB_000_y1.0.3,RED,v4_red_MLLB_000_y103_0925,3.0,3.009,6,80,21,ince,True,,82.0,86.0,42.0,920.0,1002.0,1.068,10.508,9.842,0.728,True,,False,ON,935.0,4.0,9.5
2026-09-25 14:57:26,MLLB_000_y1.0.3,RED,v4_red_MLLB_000_y103_0925,3.0,3.009,6,80,22,ince,True,,64.0,100.0,20.0,938.0,1002.0,1.067,10.508,9.849,0.7298,True,,True,,935.0,4.0,9.5
2026-09-25 14:57:42,MLLB_000_y1.0.3,RED,v4_red_MLLB_000_y103_0925,3.0,3.009,6,80,23,ince,True,,38.0,102.0,14.0,964.0,1002.0,1.077,10.6,9.838,0.729,True,,True,,935.0,4.0,9.5
2026-09-25 14:57:54,MLLB_000_y1.0.3,RED,v4_red_MLLB_000_y103_0925,3.0,3.009,6,80,25,ince,True,,28.0,26.0,10.0,974.0,1002.0,2.772,27.237,9.825,0.7297,True,,True,,935.0,4.0,9.5
2026-09-25 14:58:10,MLLB_000_y1.0.3,RED,v4_red_MLLB_000_y103_0925,3.0,3.009,6,80,26,ince,True,,28.0,26.0,10.0,974.0,1002.0,3.896,38.358,9.844,0.7296,True,,True,,935.0,4.0,9.5
2026-09-25 14:58:26,MLLB_000_y1.0.3,RED,v4_red_MLLB_000_y103_0925,3.0,3.009,6,80,27,ince,True,,28.0,26.0,10.0,974.0,1002.0,4.931,48.455,9.827,0.7301,True,,False,FLAS,935.0,4.0,9.5
2026-09-25 14:58:26,MLLB_000_y1.0.3,RED,v4_red_MLLB_000_y103_0925,3.0,3.009,6,80,,bitti,False,,,,,,,,,,,,,,,935.0,4.0,9.5
2026-09-25 14:58:42,MLLB_000_y1.0.3,RED,v4_red_MLLB_000_y103_0925,3.0,3.009,6,60,12,kaba,True,,282.0,92.0,244.0,720.0,1002.0,1.075,10.509,9.775,0.7271,True,,False,ON,935.0,4.0,9.5
2026-09-25 14:58:58,MLLB_000_y1.0.3,RED,v4_red_MLLB_000_y103_0925,3.0,3.009,6,60,16,kaba,True,,234.0,82.0,194.0,768.0,1002.0,1.072,10.521,9.816,0.7302,True,,False,ON,935.0,4.0,9.5
2026-09-25 14:59:14,MLLB_000_y1.0.3,RED,v4_red_MLLB_000_y103_0925,3.0,3.009,6,60,20,kaba,True,,182.0,72.0,144.0,820.0,1002.0,1.073,10.519,9.799,0.7299,True,,False,ON,935.0,4.0,9.5
2026-09-25 14:59:30,MLLB_000_y1.0.3,RED,v4_red_MLLB_000_y103_0925,3.0,3.009,6,60,24,kaba,True,,134.0,106.0,90.0,868.0,1002.0,1.069,10.516,9.835,0.7315,True,,False,ON,935.0,4.0,9.5
2026-09-25 14:59:46,MLLB_000_y1.0.3,RED,v4_red_MLLB_000_y103_0925,3.0,3.009,6,60,28,kaba,True,,80.0,100.0,40.0,922.0,1002.0,1.069,10.516,9.838,0.7302,True,,False,ON,935.0,4.0,9.5
2026-09-25 15:00:02,MLLB_000_y1.0.3,RED,v4_red_MLLB_000_y103_0925,3.0,3.009,6,60,32,kaba,True,,36.0,26.0,18.0,966.0,1002.0,2.068,20.422,9.875,0.7299,True,,True,,935.0,4.0,9.5
2026-09-25 15:00:18,MLLB_000_y1.0.3,RED,v4_red_MLLB_000_y103_0925,3.0,3.009,6,60,36,kaba,True,,36.0,26.0,18.0,966.0,1002.0,5.029,49.5,9.843,0.7307,True,,False,FLAS,935.0,4.0,9.5
2026-09-25 15:00:34,MLLB_000_y1.0.3,RED,v4_red_MLLB_000_y103_0925,3.0,3.009,6,60,40,kaba,True,,36.0,26.0,18.0,966.0,1002.0,7.488,73.656,9.836,0.7293,True,,False,FLAS,935.0,4.0,9.5
2026-09-25 15:00:50,MLLB_000_y1.0.3,RED,v4_red_MLLB_000_y103_0925,3.0,3.009,6,60,29,ince,True,,66.0,90.0,26.0,936.0,1002.0,1.071,10.508,9.812,0.7307,True,,True,,935.0,4.0,9.5
2026-09-25 15:01:06,MLLB_000_y1.0.3,RED,v4_red_MLLB_000_y103_0925,3.0,3.009,6,60,30,ince,True,,48.0,126.0,22.0,954.0,1002.0,1.066,10.508,9.861,0.7313,True,,True,,935.0,4.0,9.5
2026-09-25 15:01:18,MLLB_000_y1.0.3,RED,v4_red_MLLB_000_y103_0925,3.0,3.009,6,60,31,ince,True,,38.0,28.0,18.0,964.0,1002.0,1.301,12.764,9.813,0.7306,True,,True,,935.0,4.0,9.5
2026-09-25 15:01:34,MLLB_000_y1.0.3,RED,v4_red_MLLB_000_y103_0925,3.0,3.009,6,60,33,ince,True,,36.0,26.0,18.0,966.0,1002.0,2.857,28.091,9.832,0.731,True,,True,,935.0,4.0,9.5
2026-09-25 15:01:50,MLLB_000_y1.0.3,RED,v4_red_MLLB_000_y103_0925,3.0,3.009,6,60,34,ince,True,,36.0,26.0,18.0,966.0,1002.0,3.631,35.766,9.849,0.7298,True,,True,,935.0,4.0,9.5
2026-09-25 15:02:06,MLLB_000_y1.0.3,RED,v4_red_MLLB_000_y103_0925,3.0,3.009,6,60,35,ince,True,,36.0,26.0,18.0,966.0,1002.0,4.364,42.937,9.838,0.7286,True,,False,FLAS,935.0,4.0,9.5
2026-09-25 15:02:06,MLLB_000_y1.0.3,RED,v4_red_MLLB_000_y103_0925,3.0,3.009,6,60,,bitti,False,,,,,,,,,,,,,,,935.0,4.0,9.5
2026-09-25 15:02:28,MLLB_000_y1.0.3,RED,v4_red_MLLB_000_y103_0925,3.0,3.009,7,100,12,kaba,True,,160.0,54.0,130.0,842.0,1002.0,1.067,12.949,12.13,0.7763,True,,False,ON,935.0,4.0,9.5
2026-09-25 15:02:44,MLLB_000_y1.0.3,RED,v4_red_MLLB_000_y103_0925,3.0,3.009,7,100,16,kaba,True,,92.0,58.0,58.0,910.0,1002.0,1.069,12.995,12.16,0.7766,True,,False,ON,935.0,4.0,9.5
2026-09-25 15:03:00,MLLB_000_y1.0.3,RED,v4_red_MLLB_000_y103_0925,3.0,3.009,7,100,20,kaba,True,,26.0,28.0,6.0,976.0,1002.0,1.455,17.702,12.163,0.7765,True,,True,,935.0,4.0,9.5
2026-09-25 15:03:16,MLLB_000_y1.0.3,RED,v4_red_MLLB_000_y103_0925,3.0,3.009,7,100,24,kaba,True,,26.0,28.0,6.0,976.0,1002.0,5.934,72.205,12.169,0.7772,True,,False,FLAS,935.0,4.0,9.5
2026-09-25 15:03:28,MLLB_000_y1.0.3,RED,v4_red_MLLB_000_y103_0925,3.0,3.009,7,100,28,kaba,True,,26.0,28.0,6.0,976.0,1002.0,9.78,118.772,12.144,0.7769,True,,False,FLAS,935.0,4.0,9.5
2026-09-25 15:03:41,MLLB_000_y1.0.3,RED,v4_red_MLLB_000_y103_0925,3.0,3.009,7,100,17,ince,True,,74.0,54.0,42.0,928.0,1002.0,1.062,12.903,12.148,0.7768,True,,False,ON,935.0,4.0,9.5
2026-09-25 15:03:56,MLLB_000_y1.0.3,RED,v4_red_MLLB_000_y103_0925,3.0,3.009,7,100,18,ince,True,,58.0,56.0,24.0,944.0,1002.0,1.062,12.91,12.158,0.7771,True,,True,,935.0,4.0,9.5
2026-09-25 15:04:12,MLLB_000_y1.0.3,RED,v4_red_MLLB_000_y103_0925,3.0,3.009,7,100,19,ince,True,,38.0,54.0,10.0,964.0,1002.0,1.062,12.913,12.159,0.7765,True,,True,,935.0,4.0,9.5
2026-09-25 15:04:24,MLLB_000_y1.0.3,RED,v4_red_MLLB_000_y103_0925,3.0,3.009,7,100,21,ince,True,,26.0,28.0,6.0,976.0,1002.0,2.601,31.557,12.135,0.7768,True,,True,,935.0,4.0,9.5
2026-09-25 15:04:40,MLLB_000_y1.0.3,RED,v4_red_MLLB_000_y103_0925,3.0,3.009,7,100,22,ince,True,,26.0,28.0,6.0,976.0,1002.0,3.767,45.821,12.163,0.7774,True,,True,,935.0,4.0,9.5
2026-09-25 15:04:56,MLLB_000_y1.0.3,RED,v4_red_MLLB_000_y103_0925,3.0,3.009,7,100,23,ince,True,,26.0,28.0,6.0,976.0,1002.0,4.656,56.606,12.157,0.7764,True,,False,FLAS,935.0,4.0,9.5
2026-09-25 15:04:56,MLLB_000_y1.0.3,RED,v4_red_MLLB_000_y103_0925,3.0,3.009,7,100,,bitti,False,,,,,,,,,,,,,,,935.0,4.0,9.5
2026-09-25 15:05:12,MLLB_000_y1.0.3,RED,v4_red_MLLB_000_y103_0925,3.0,3.009,7,80,12,kaba,True,,194.0,54.0,162.0,808.0,1002.0,1.072,12.995,12.125,0.7771,True,,False,ON,935.0,4.0,9.5
2026-09-25 15:05:28,MLLB_000_y1.0.3,RED,v4_red_MLLB_000_y103_0925,3.0,3.009,7,80,16,kaba,True,,138.0,54.0,106.0,864.0,1002.0,1.064,12.903,12.129,0.7768,True,,False,ON,935.0,4.0,9.5
2026-09-25 15:05:44,MLLB_000_y1.0.3,RED,v4_red_MLLB_000_y103_0925,3.0,3.009,7,80,20,kaba,True,,84.0,56.0,52.0,918.0,1002.0,1.061,12.917,12.178,0.7769,True,,False,ON,935.0,4.0,9.5
2026-09-25 15:06:00,MLLB_000_y1.0.3,RED,v4_red_MLLB_000_y103_0925,3.0,3.009,7,80,24,kaba,True,,30.0,28.0,10.0,972.0,1002.0,1.385,16.835,12.151,0.7769,True,,True,,935.0,4.0,9.5
2026-09-25 15:06:16,MLLB_000_y1.0.3,RED,v4_red_MLLB_000_y103_0925,3.0,3.009,7,80,28,kaba,True,,30.0,28.0,10.0,972.0,1002.0,4.735,57.629,12.172,0.7768,True,,False,FLAS,935.0,4.0,9.5
2026-09-25 15:06:32,MLLB_000_y1.0.3,RED,v4_red_MLLB_000_y103_0925,3.0,3.009,7,80,32,kaba,True,,30.0,28.0,10.0,972.0,1002.0,7.783,94.667,12.163,0.7768,True,,False,FLAS,935.0,4.0,9.5
2026-09-25 15:06:48,MLLB_000_y1.0.3,RED,v4_red_MLLB_000_y103_0925,3.0,3.009,7,80,21,ince,True,,70.0,54.0,38.0,932.0,1002.0,1.063,12.944,12.179,0.7769,True,,False,ON,935.0,4.0,9.5
2026-09-25 15:07:04,MLLB_000_y1.0.3,RED,v4_red_MLLB_000_y103_0925,3.0,3.009,7,80,22,ince,True,,54.0,58.0,22.0,948.0,1002.0,1.061,12.939,12.192,0.7767,True,,True,,935.0,4.0,9.5
2026-09-25 15:07:20,MLLB_000_y1.0.3,RED,v4_red_MLLB_000_y103_0925,3.0,3.009,7,80,23,ince,True,,38.0,50.0,14.0,964.0,1002.0,1.062,12.921,12.17,0.7765,True,,True,,935.0,4.0,9.5
2026-09-25 15:07:36,MLLB_000_y1.0.3,RED,v4_red_MLLB_000_y103_0925,3.0,3.009,7,80,25,ince,True,,30.0,28.0,10.0,972.0,1002.0,2.281,27.732,12.156,0.777,True,,True,,935.0,4.0,9.5
2026-09-25 15:07:52,MLLB_000_y1.0.3,RED,v4_red_MLLB_000_y103_0925,3.0,3.009,7,80,26,ince,True,,30.0,28.0,10.0,972.0,1002.0,3.215,39.089,12.157,0.7767,True,,True,,935.0,4.0,9.5
2026-09-25 15:08:08,MLLB_000_y1.0.3,RED,v4_red_MLLB_000_y103_0925,3.0,3.009,7,80,27,ince,True,,30.0,28.0,10.0,972.0,1002.0,4.056,49.228,12.137,0.777,True,,False,FLAS,935.0,4.0,9.5
2026-09-25 15:08:08,MLLB_000_y1.0.3,RED,v4_red_MLLB_000_y103_0925,3.0,3.009,7,80,,bitti,False,,,,,,,,,,,,,,,935.0,4.0,9.5
2026-09-25 15:08:24,MLLB_000_y1.0.3,RED,v4_red_MLLB_000_y103_0925,3.0,3.009,7,60,12,kaba,True,,230.0,54.0,198.0,772.0,1002.0,1.067,12.903,12.091,0.7768,True,,False,ON,935.0,4.0,9.5
2026-09-25 15:08:40,MLLB_000_y1.0.3,RED,v4_red_MLLB_000_y103_0925,3.0,3.009,7,60,16,kaba,True,,192.0,56.0,160.0,810.0,1002.0,1.065,12.903,12.111,0.7764,True,,False,ON,935.0,4.0,9.5
2026-09-25 15:08:56,MLLB_000_y1.0.3,RED,v4_red_MLLB_000_y103_0925,3.0,3.009,7,60,20,kaba,True,,150.0,52.0,120.0,852.0,1002.0,1.063,12.903,12.139,0.7769,True,,False,ON,935.0,4.0,9.5
2026-09-25 15:09:12,MLLB_000_y1.0.3,RED,v4_red_MLLB_000_y103_0925,3.0,3.009,7,60,24,kaba,True,,110.0,54.0,78.0,892.0,1002.0,1.07,12.995,12.149,0.7768,True,,False,ON,935.0,4.0,9.5
2026-09-25 15:09:28,MLLB_000_y1.0.3,RED,v4_red_MLLB_000_y103_0925,3.0,3.009,7,60,28,kaba,True,,70.0,52.0,38.0,932.0,1002.0,1.062,12.915,12.159,0.7771,True,,False,ON,935.0,4.0,9.5
2026-09-25 15:09:44,MLLB_000_y1.0.3,RED,v4_red_MLLB_000_y103_0925,3.0,3.009,7,60,32,kaba,True,,38.0,28.0,18.0,964.0,1002.0,1.678,20.364,12.139,0.7766,True,,True,,935.0,4.0,9.5
2026-09-25 15:10:00,MLLB_000_y1.0.3,RED,v4_red_MLLB_000_y103_0925,3.0,3.009,7,60,36,kaba,True,,38.0,28.0,18.0,964.0,1002.0,4.123,50.068,12.143,0.7768,True,,False,FLAS,935.0,4.0,9.5
2026-09-25 15:10:16,MLLB_000_y1.0.3,RED,v4_red_MLLB_000_y103_0925,3.0,3.009,7,60,40,kaba,True,,38.0,28.0,18.0,964.0,1002.0,6.131,74.564,12.161,0.777,True,,False,FLAS,935.0,4.0,9.5
2026-09-25 15:10:32,MLLB_000_y1.0.3,RED,v4_red_MLLB_000_y103_0925,3.0,3.009,7,60,29,ince,True,,58.0,56.0,28.0,944.0,1002.0,1.069,12.995,12.154,0.7761,True,,True,,935.0,4.0,9.5
2026-09-25 15:10:48,MLLB_000_y1.0.3,RED,v4_red_MLLB_000_y103_0925,3.0,3.009,7,60,30,ince,True,,46.0,50.0,22.0,956.0,1002.0,1.058,12.856,12.153,0.7763,True,,True,,935.0,4.0,9.5
2026-09-25 15:11:04,MLLB_000_y1.0.3,RED,v4_red_MLLB_000_y103_0925,3.0,3.009,7,60,31,ince,True,,38.0,28.0,18.0,964.0,1002.0,1.065,12.949,12.153,0.777,True,,True,,935.0,4.0,9.5
2026-09-25 15:11:20,MLLB_000_y1.0.3,RED,v4_red_MLLB_000_y103_0925,3.0,3.009,7,60,33,ince,True,,38.0,28.0,18.0,964.0,1002.0,2.32,28.161,12.138,0.7769,True,,True,,935.0,4.0,9.5
2026-09-25 15:11:36,MLLB_000_y1.0.3,RED,v4_red_MLLB_000_y103_0925,3.0,3.009,7,60,34,ince,True,,38.0,28.0,18.0,964.0,1002.0,2.984,36.249,12.149,0.7766,True,,True,,935.0,4.0,9.5
2026-09-25 15:11:52,MLLB_000_y1.0.3,RED,v4_red_MLLB_000_y103_0925,3.0,3.009,7,60,35,ince,True,,38.0,28.0,18.0,964.0,1002.0,3.6,43.764,12.156,0.7772,True,,True,,935.0,4.0,9.5
2026-09-25 15:11:52,MLLB_000_y1.0.3,RED,v4_red_MLLB_000_y103_0925,3.0,3.009,7,60,,bitti,False,,,,,,,,,,,,,,,935.0,4.0,9.5
2026-09-25 15:12:14,MLLB_000_y1.0.3,RED,v4_red_MLLB_000_y103_0925,3.0,3.009,8,100,12,kaba,True,,136.0,40.0,110.0,866.0,1002.0,1.062,15.421,14.519,0.7766,True,,False,ON,935.0,4.0,9.5
2026-09-25 15:12:30,MLLB_000_y1.0.3,RED,v4_red_MLLB_000_y103_0925,3.0,3.009,8,100,16,kaba,True,,80.0,44.0,52.0,922.0,1002.0,1.062,15.421,14.527,0.777,True,,False,ON,935.0,4.0,9.5
2026-09-25 15:12:46,MLLB_000_y1.0.3,RED,v4_red_MLLB_000_y103_0925,3.0,3.009,8,100,20,kaba,True,,26.0,28.0,6.0,976.0,1002.0,1.211,17.593,14.527,0.7765,True,,True,,935.0,4.0,9.5
2026-09-25 15:13:02,MLLB_000_y1.0.3,RED,v4_red_MLLB_000_y103_0925,3.0,3.009,8,100,24,kaba,True,,26.0,28.0,6.0,976.0,1002.0,5.068,73.656,14.533,0.7764,True,,False,FLAS,935.0,4.0,9.5
2026-09-25 15:13:18,MLLB_000_y1.0.3,RED,v4_red_MLLB_000_y103_0925,3.0,3.009,8,100,28,kaba,True,,26.0,28.0,6.0,976.0,1002.0,8.178,118.844,14.532,0.7767,True,,False,FLAS,935.0,4.0,9.5
2026-09-25 15:13:34,MLLB_000_y1.0.3,RED,v4_red_MLLB_000_y103_0925,3.0,3.009,8,100,17,ince,True,,66.0,40.0,38.0,936.0,1002.0,1.057,15.376,14.541,0.7767,True,,True,,935.0,4.0,9.5
2026-09-25 15:13:50,MLLB_000_y1.0.3,RED,v4_red_MLLB_000_y103_0925,3.0,3.009,8,100,18,ince,True,,50.0,46.0,22.0,952.0,1002.0,1.06,15.421,14.547,0.7767,True,,True,,935.0,4.0,9.5
2026-09-25 15:14:06,MLLB_000_y1.0.3,RED,v4_red_MLLB_000_y103_0925,3.0,3.009,8,100,19,ince,True,,34.0,42.0,10.0,968.0,1002.0,1.057,15.397,14.568,0.7767,True,,True,,935.0,4.0,9.5
2026-09-25 15:14:22,MLLB_000_y1.0.3,RED,v4_red_MLLB_000_y103_0925,3.0,3.009,8,100,21,ince,True,,26.0,28.0,6.0,976.0,1002.0,2.152,31.372,14.577,0.7765,True,,True,,935.0,4.0,9.5
2026-09-25 15:14:38,MLLB_000_y1.0.3,RED,v4_red_MLLB_000_y103_0925,3.0,3.009,8,100,22,ince,True,,26.0,28.0,6.0,976.0,1002.0,3.107,45.231,14.559,0.7773,True,,True,,935.0,4.0,9.5
2026-09-25 15:14:54,MLLB_000_y1.0.3,RED,v4_red_MLLB_000_y103_0925,3.0,3.009,8,100,23,ince,True,,26.0,28.0,6.0,976.0,1002.0,3.869,56.349,14.563,0.7771,True,,True,,935.0,4.0,9.5
2026-09-25 15:14:54,MLLB_000_y1.0.3,RED,v4_red_MLLB_000_y103_0925,3.0,3.009,8,100,,bitti,False,,,,,,,,,,,,,,,935.0,4.0,9.5
2026-09-25 15:15:10,MLLB_000_y1.0.3,RED,v4_red_MLLB_000_y103_0925,3.0,3.009,8,80,12,kaba,True,,164.0,40.0,138.0,838.0,1002.0,1.063,15.421,14.51,0.7775,True,,False,ON,935.0,4.0,9.5
2026-09-25 15:15:26,MLLB_000_y1.0.3,RED,v4_red_MLLB_000_y103_0925,3.0,3.009,8,80,16,kaba,True,,118.0,46.0,90.0,884.0,1002.0,1.056,15.374,14.553,0.7762,True,,False,ON,935.0,4.0,9.5
2026-09-25 15:15:38,MLLB_000_y1.0.3,RED,v4_red_MLLB_000_y103_0925,3.0,3.009,8,80,20,kaba,True,,74.0,40.0,46.0,928.0,1002.0,1.046,15.353,14.675,0.7763,True,,False,ON,935.0,4.0,9.5
2026-09-25 15:15:54,MLLB_000_y1.0.3,RED,v4_red_MLLB_000_y103_0925,3.0,3.009,8,80,24,kaba,True,,30.0,28.0,10.0,972.0,1002.0,1.125,16.374,14.559,0.7766,True,,True,,935.0,4.0,9.5
2026-09-25 15:16:10,MLLB_000_y1.0.3,RED,v4_red_MLLB_000_y103_0925,3.0,3.009,8,80,28,kaba,True,,30.0,28.0,10.0,972.0,1002.0,3.921,57.013,14.539,0.7766,True,,True,,935.0,4.0,9.5
2026-09-25 15:16:26,MLLB_000_y1.0.3,RED,v4_red_MLLB_000_y103_0925,3.0,3.009,8,80,32,kaba,True,,30.0,28.0,10.0,972.0,1002.0,6.519,94.788,14.541,0.7769,True,,False,FLAS,935.0,4.0,9.5
2026-09-25 15:16:42,MLLB_000_y1.0.3,RED,v4_red_MLLB_000_y103_0925,3.0,3.009,8,80,36,kaba,True,,30.0,28.0,10.0,972.0,1002.0,8.791,127.837,14.542,0.7761,True,,False,FLAS,935.0,4.0,9.5
2026-09-25 15:16:58,MLLB_000_y1.0.3,RED,v4_red_MLLB_000_y103_0925,3.0,3.009,8,80,21,ince,True,,62.0,40.0,34.0,940.0,1002.0,1.057,15.374,14.544,0.777,True,,True,,935.0,4.0,9.5
2026-09-25 15:17:14,MLLB_000_y1.0.3,RED,v4_red_MLLB_000_y103_0925,3.0,3.009,8,80,22,ince,True,,50.0,40.0,22.0,952.0,1002.0,1.059,15.421,14.562,0.7767,True,,True,,935.0,4.0,9.5
2026-09-25 15:17:30,MLLB_000_y1.0.3,RED,v4_red_MLLB_000_y103_0925,3.0,3.009,8,80,23,ince,True,,36.0,36.0,14.0,966.0,1002.0,1.056,15.361,14.553,0.7771,True,,True,,935.0,4.0,9.5
2026-09-25 15:17:30,MLLB_000_y1.0.3,RED,v4_red_MLLB_000_y103_0925,3.0,3.009,8,80,25,ince,False,iki-OK-arasi-monotonluk,,,,,,,,,,,,True,,935.0,4.0,9.5
2026-09-25 15:17:30,MLLB_000_y1.0.3,RED,v4_red_MLLB_000_y103_0925,3.0,3.009,8,80,26,ince,False,iki-OK-arasi-monotonluk,,,,,,,,,,,,True,,935.0,4.0,9.5
2026-09-25 15:17:30,MLLB_000_y1.0.3,RED,v4_red_MLLB_000_y103_0925,3.0,3.009,8,80,27,ince,False,iki-OK-arasi-monotonluk,,,,,,,,,,,,True,,935.0,4.0,9.5
2026-09-25 15:17:46,MLLB_000_y1.0.3,RED,v4_red_MLLB_000_y103_0925,3.0,3.009,8,80,29,ince,True,,30.0,28.0,10.0,972.0,1002.0,4.858,70.725,14.558,0.7772,True,,False,FLAS,935.0,4.0,9.5
2026-09-25 15:18:02,MLLB_000_y1.0.3,RED,v4_red_MLLB_000_y103_0925,3.0,3.009,8,80,30,ince,True,,30.0,28.0,10.0,972.0,1002.0,5.266,76.653,14.557,0.777,True,,False,FLAS,935.0,4.0,9.5
2026-09-25 15:18:18,MLLB_000_y1.0.3,RED,v4_red_MLLB_000_y103_0925,3.0,3.009,8,80,31,ince,True,,30.0,28.0,10.0,972.0,1002.0,5.732,83.409,14.552,0.7763,True,,False,FLAS,935.0,4.0,9.5
2026-09-25 15:18:18,MLLB_000_y1.0.3,RED,v4_red_MLLB_000_y103_0925,3.0,3.009,8,80,,bitti,False,,,,,,,,,,,,,,,935.0,4.0,9.5
2026-09-25 15:18:30,MLLB_000_y1.0.3,RED,v4_red_MLLB_000_y103_0925,3.0,3.009,8,60,12,kaba,True,,194.0,44.0,168.0,808.0,1002.0,1.064,15.421,14.493,0.7766,True,,False,ON,935.0,4.0,9.5
2026-09-25 15:18:46,MLLB_000_y1.0.3,RED,v4_red_MLLB_000_y103_0925,3.0,3.009,8,60,16,kaba,True,,162.0,44.0,136.0,840.0,1002.0,1.061,15.421,14.535,0.777,True,,False,ON,935.0,4.0,9.5
2026-09-25 15:19:02,MLLB_000_y1.0.3,RED,v4_red_MLLB_000_y103_0925,3.0,3.009,8,60,20,kaba,True,,130.0,40.0,102.0,872.0,1002.0,1.059,15.421,14.555,0.777,True,,False,ON,935.0,4.0,9.5
2026-09-25 15:19:18,MLLB_000_y1.0.3,RED,v4_red_MLLB_000_y103_0925,3.0,3.009,8,60,24,kaba,True,,96.0,40.0,70.0,906.0,1002.0,1.059,15.421,14.559,0.7772,True,,False,ON,935.0,4.0,9.5
2026-09-25 15:19:34,MLLB_000_y1.0.3,RED,v4_red_MLLB_000_y103_0925,3.0,3.009,8,60,28,kaba,True,,62.0,40.0,34.0,940.0,1002.0,1.06,15.421,14.546,0.777,True,,True,,935.0,4.0,9.5
2026-09-25 15:19:50,MLLB_000_y1.0.3,RED,v4_red_MLLB_000_y103_0925,3.0,3.009,8,60,32,kaba,True,,38.0,28.0,18.0,964.0,1002.0,1.406,20.46,14.55,0.777,True,,True,,935.0,4.0,9.5
2026-09-25 15:20:06,MLLB_000_y1.0.3,RED,v4_red_MLLB_000_y103_0925,3.0,3.009,8,60,36,kaba,True,,38.0,28.0,18.0,964.0,1002.0,3.442,50.1,14.557,0.7774,True,,True,,935.0,4.0,9.5
2026-09-25 15:20:22,MLLB_000_y1.0.3,RED,v4_red_MLLB_000_y103_0925,3.0,3.009,8,60,40,kaba,True,,38.0,28.0,18.0,964.0,1002.0,5.113,74.405,14.552,0.7772,True,,False,FLAS,935.0,4.0,9.5
2026-09-25 15:20:38,MLLB_000_y1.0.3,RED,v4_red_MLLB_000_y103_0925,3.0,3.009,8,60,44,kaba,True,,38.0,28.0,18.0,964.0,1002.0,6.363,92.412,14.524,0.777,True,,False,FLAS,935.0,4.0,9.5
2026-09-25 15:20:54,MLLB_000_y1.0.3,RED,v4_red_MLLB_000_y103_0925,3.0,3.009,8,60,25,ince,True,,88.0,40.0,62.0,914.0,1002.0,1.061,15.421,14.531,0.7776,True,,False,ON,935.0,4.0,9.5
2026-09-25 15:21:10,MLLB_000_y1.0.3,RED,v4_red_MLLB_000_y103_0925,3.0,3.009,8,60,26,ince,True,,78.0,44.0,52.0,924.0,1002.0,1.054,15.327,14.546,0.7768,True,,False,ON,935.0,4.0,9.5
2026-09-25 15:21:26,MLLB_000_y1.0.3,RED,v4_red_MLLB_000_y103_0925,3.0,3.009,8,60,27,ince,True,,70.0,44.0,44.0,932.0,1002.0,1.056,15.327,14.517,0.7769,True,,False,ON,935.0,4.0,9.5
2026-09-25 15:21:26,MLLB_000_y1.0.3,RED,v4_red_MLLB_000_y103_0925,3.0,3.009,8,60,29,ince,False,iki-OK-arasi-monotonluk,,,,,,,,,,,,True,,935.0,4.0,9.5
2026-09-25 15:21:26,MLLB_000_y1.0.3,RED,v4_red_MLLB_000_y103_0925,3.0,3.009,8,60,30,ince,False,iki-OK-arasi-monotonluk,,,,,,,,,,,,True,,935.0,4.0,9.5
2026-09-25 15:21:26,MLLB_000_y1.0.3,RED,v4_red_MLLB_000_y103_0925,3.0,3.009,8,60,31,ince,False,iki-OK-arasi-monotonluk,,,,,,,,,,,,True,,935.0,4.0,9.5
2026-09-25 15:21:26,MLLB_000_y1.0.3,RED,v4_red_MLLB_000_y103_0925,3.0,3.009,8,60,33,ince,False,iki-OK-arasi-monotonluk,,,,,,,,,,,,True,,935.0,4.0,9.5
2026-09-25 15:21:26,MLLB_000_y1.0.3,RED,v4_red_MLLB_000_y103_0925,3.0,3.009,8,60,34,ince,False,iki-OK-arasi-monotonluk,,,,,,,,,,,,True,,935.0,4.0,9.5
2026-09-25 15:21:26,MLLB_000_y1.0.3,RED,v4_red_MLLB_000_y103_0925,3.0,3.009,8,60,35,ince,False,iki-OK-arasi-monotonluk,,,,,,,,,,,,True,,935.0,4.0,9.5
2026-09-25 15:21:42,MLLB_000_y1.0.3,RED,v4_red_MLLB_000_y103_0925,3.0,3.009,8,60,37,ince,True,,38.0,28.0,18.0,964.0,1002.0,3.799,55.258,14.546,0.7767,True,,True,,935.0,4.0,9.5
2026-09-25 15:21:58,MLLB_000_y1.0.3,RED,v4_red_MLLB_000_y103_0925,3.0,3.009,8,60,38,ince,True,,38.0,28.0,18.0,964.0,1002.0,4.115,59.827,14.54,0.7762,True,,False,FLAS,935.0,4.0,9.5
2026-09-25 15:22:14,MLLB_000_y1.0.3,RED,v4_red_MLLB_000_y103_0925,3.0,3.009,8,60,39,ince,True,,38.0,28.0,18.0,964.0,1002.0,4.915,71.465,14.542,0.7765,True,,False,FLAS,935.0,4.0,9.5
2026-09-25 15:22:14,MLLB_000_y1.0.3,RED,v4_red_MLLB_000_y103_0925,3.0,3.009,8,60,,bitti,False,,,,,,,,,,,,,,,935.0,4.0,9.5
2026-09-25 15:22:36,MLLB_000_y1.0.3,RED,v4_red_MLLB_000_y103_0925,3.0,3.009,10,100,12,kaba,True,,106.0,34.0,84.0,896.0,1002.0,1.052,20.308,19.301,0.7771,True,,False,ON,935.0,4.0,9.5
2026-09-25 15:22:52,MLLB_000_y1.0.3,RED,v4_red_MLLB_000_y103_0925,3.0,3.009,10,100,16,kaba,True,,64.0,32.0,42.0,938.0,1002.0,1.052,20.306,19.302,0.7774,True,,True,,935.0,4.0,9.5
2026-09-25 15:23:08,MLLB_000_y1.0.3,RED,v4_red_MLLB_000_y103_0925,3.0,3.009,10,100,20,kaba,True,,26.0,28.0,6.0,976.0,1002.0,1.052,20.316,19.313,0.7769,True,,True,,935.0,4.0,9.5
2026-09-25 15:23:24,MLLB_000_y1.0.3,RED,v4_red_MLLB_000_y103_0925,3.0,3.009,10,100,24,kaba,True,,26.0,28.0,6.0,976.0,1002.0,3.777,72.907,19.303,0.7765,True,,True,,935.0,4.0,9.5
2026-09-25 15:23:40,MLLB_000_y1.0.3,RED,v4_red_MLLB_000_y103_0925,3.0,3.009,10,100,28,kaba,True,,26.0,28.0,6.0,976.0,1002.0,6.226,120.282,19.318,0.7765,True,,False,FLAS,935.0,4.0,9.5
2026-09-25 15:23:56,MLLB_000_y1.0.3,RED,v4_red_MLLB_000_y103_0925,3.0,3.009,10,100,32,kaba,True,,26.0,28.0,6.0,976.0,1002.0,8.071,155.875,19.314,0.7771,True,,False,FLAS,935.0,4.0,9.5
2026-09-25 15:24:12,MLLB_000_y1.0.3,RED,v4_red_MLLB_000_y103_0925,3.0,3.009,10,100,13,ince,True,,96.0,32.0,74.0,906.0,1002.0,1.051,20.268,19.288,0.7771,True,,False,ON,935.0,4.0,9.5
2026-09-25 15:24:28,MLLB_000_y1.0.3,RED,v4_red_MLLB_000_y103_0925,3.0,3.009,10,100,14,ince,True,,86.0,36.0,62.0,916.0,1002.0,1.051,20.268,19.276,0.7765,True,,False,ON,935.0,4.0,9.5
2026-09-25 15:24:44,MLLB_000_y1.0.3,RED,v4_red_MLLB_000_y103_0925,3.0,3.009,10,100,15,ince,True,,76.0,34.0,52.0,926.0,1002.0,1.05,20.262,19.3,0.7767,True,,False,ON,935.0,4.0,9.5
2026-09-25 15:24:44,MLLB_000_y1.0.3,RED,v4_red_MLLB_000_y103_0925,3.0,3.009,10,100,17,ince,False,iki-OK-arasi-monotonluk,,,,,,,,,,,,True,,935.0,4.0,9.5
2026-09-25 15:24:44,MLLB_000_y1.0.3,RED,v4_red_MLLB_000_y103_0925,3.0,3.009,10,100,18,ince,False,iki-OK-arasi-monotonluk,,,,,,,,,,,,True,,935.0,4.0,9.5
2026-09-25 15:24:44,MLLB_000_y1.0.3,RED,v4_red_MLLB_000_y103_0925,3.0,3.009,10,100,19,ince,False,iki-OK-arasi-monotonluk,,,,,,,,,,,,True,,935.0,4.0,9.5
2026-09-25 15:24:44,MLLB_000_y1.0.3,RED,v4_red_MLLB_000_y103_0925,3.0,3.009,10,100,21,ince,False,iki-OK-arasi-monotonluk,,,,,,,,,,,,True,,935.0,4.0,9.5
2026-09-25 15:24:44,MLLB_000_y1.0.3,RED,v4_red_MLLB_000_y103_0925,3.0,3.009,10,100,22,ince,False,iki-OK-arasi-monotonluk,,,,,,,,,,,,True,,935.0,4.0,9.5
2026-09-25 15:24:44,MLLB_000_y1.0.3,RED,v4_red_MLLB_000_y103_0925,3.0,3.009,10,100,23,ince,False,iki-OK-arasi-monotonluk,,,,,,,,,,,,True,,935.0,4.0,9.5
2026-09-25 15:25:00,MLLB_000_y1.0.3,RED,v4_red_MLLB_000_y103_0925,3.0,3.009,10,100,25,ince,True,,26.0,28.0,6.0,976.0,1002.0,4.201,81.152,19.316,0.777,True,,False,FLAS,935.0,4.0,9.5
2026-09-25 15:25:16,MLLB_000_y1.0.3,RED,v4_red_MLLB_000_y103_0925,3.0,3.009,10,100,26,ince,True,,26.0,28.0,6.0,976.0,1002.0,4.897,94.667,19.33,0.7768,True,,False,FLAS,935.0,4.0,9.5
2026-09-25 15:25:32,MLLB_000_y1.0.3,RED,v4_red_MLLB_000_y103_0925,3.0,3.009,10,100,27,ince,True,,26.0,28.0,6.0,976.0,1002.0,5.607,108.214,19.301,0.7773,True,,False,FLAS,935.0,4.0,9.5
2026-09-25 15:25:32,MLLB_000_y1.0.3,RED,v4_red_MLLB_000_y103_0925,3.0,3.009,10,100,,bitti,False,,,,,,,,,,,,,,,935.0,4.0,9.5
2026-09-25 15:25:48,MLLB_000_y1.0.3,RED,v4_red_MLLB_000_y103_0925,3.0,3.009,10,80,12,kaba,True,,128.0,32.0,106.0,874.0,1002.0,1.053,20.288,19.275,0.7767,True,,False,ON,935.0,4.0,9.5
2026-09-25 15:26:04,MLLB_000_y1.0.3,RED,v4_red_MLLB_000_y103_0925,3.0,3.009,10,80,16,kaba,True,,94.0,36.0,70.0,908.0,1002.0,1.052,20.268,19.275,0.7773,True,,False,ON,935.0,4.0,9.5
2026-09-25 15:26:20,MLLB_000_y1.0.3,RED,v4_red_MLLB_000_y103_0925,3.0,3.009,10,80,20,kaba,True,,60.0,32.0,38.0,942.0,1002.0,1.054,20.331,19.291,0.7768,True,,True,,935.0,4.0,9.5
2026-09-25 15:26:36,MLLB_000_y1.0.3,RED,v4_red_MLLB_000_y103_0925,3.0,3.009,10,80,24,kaba,True,,30.0,28.0,10.0,972.0,1002.0,1.051,20.273,19.295,0.7771,True,,True,,935.0,4.0,9.5
2026-09-25 15:26:52,MLLB_000_y1.0.3,RED,v4_red_MLLB_000_y103_0925,3.0,3.009,10,80,28,kaba,True,,30.0,28.0,10.0,972.0,1002.0,2.984,57.555,19.291,0.7775,True,,True,,935.0,4.0,9.5
2026-09-25 15:27:04,MLLB_000_y1.0.3,RED,v4_red_MLLB_000_y103_0925,3.0,3.009,10,80,32,kaba,True,,30.0,28.0,10.0,972.0,1002.0,4.945,95.375,19.288,0.777,True,,False,FLAS,935.0,4.0,9.5
2026-09-25 15:27:20,MLLB_000_y1.0.3,RED,v4_red_MLLB_000_y103_0925,3.0,3.009,10,80,36,kaba,True,,30.0,28.0,10.0,972.0,1002.0,6.699,129.349,19.308,0.777,True,,False,FLAS,935.0,4.0,9.5
2026-09-25 15:27:36,MLLB_000_y1.0.3,RED,v4_red_MLLB_000_y103_0925,3.0,3.009,10,80,17,ince,True,,86.0,36.0,62.0,916.0,1002.0,1.056,20.364,19.289,0.7769,True,,False,ON,935.0,4.0,9.5
2026-09-25 15:27:48,MLLB_000_y1.0.3,RED,v4_red_MLLB_000_y103_0925,3.0,3.009,10,80,18,ince,True,,78.0,36.0,54.0,924.0,1002.0,1.053,20.316,19.299,0.7766,True,,False,ON,935.0,4.0,9.5
2026-09-25 15:28:04,MLLB_000_y1.0.3,RED,v4_red_MLLB_000_y103_0925,3.0,3.009,10,80,19,ince,True,,68.0,36.0,46.0,934.0,1002.0,1.054,20.32,19.285,0.7769,True,,False,ON,935.0,4.0,9.5
2026-09-25 15:28:04,MLLB_000_y1.0.3,RED,v4_red_MLLB_000_y103_0925,3.0,3.009,10,80,21,ince,False,iki-OK-arasi-monotonluk,,,,,,,,,,,,True,,935.0,4.0,9.5
2026-09-25 15:28:04,MLLB_000_y1.0.3,RED,v4_red_MLLB_000_y103_0925,3.0,3.009,10,80,22,ince,False,iki-OK-arasi-monotonluk,,,,,,,,,,,,True,,935.0,4.0,9.5
2026-09-25 15:28:04,MLLB_000_y1.0.3,RED,v4_red_MLLB_000_y103_0925,3.0,3.009,10,80,23,ince,False,iki-OK-arasi-monotonluk,,,,,,,,,,,,True,,935.0,4.0,9.5
2026-09-25 15:28:04,MLLB_000_y1.0.3,RED,v4_red_MLLB_000_y103_0925,3.0,3.009,10,80,25,ince,False,iki-OK-arasi-monotonluk,,,,,,,,,,,,True,,935.0,4.0,9.5
2026-09-25 15:28:04,MLLB_000_y1.0.3,RED,v4_red_MLLB_000_y103_0925,3.0,3.009,10,80,26,ince,False,iki-OK-arasi-monotonluk,,,,,,,,,,,,True,,935.0,4.0,9.5
2026-09-25 15:28:04,MLLB_000_y1.0.3,RED,v4_red_MLLB_000_y103_0925,3.0,3.009,10,80,27,ince,False,iki-OK-arasi-monotonluk,,,,,,,,,,,,True,,935.0,4.0,9.5
2026-09-25 15:28:20,MLLB_000_y1.0.3,RED,v4_red_MLLB_000_y103_0925,3.0,3.009,10,80,29,ince,True,,30.0,28.0,10.0,972.0,1002.0,3.785,73.135,19.323,0.7765,True,,True,,935.0,4.0,9.5
2026-09-25 15:28:36,MLLB_000_y1.0.3,RED,v4_red_MLLB_000_y103_0925,3.0,3.009,10,80,30,ince,True,,30.0,28.0,10.0,972.0,1002.0,3.976,76.653,19.28,0.7773,True,,True,,935.0,4.0,9.5
2026-09-25 15:28:48,MLLB_000_y1.0.3,RED,v4_red_MLLB_000_y103_0925,3.0,3.009,10,80,31,ince,True,,30.0,28.0,10.0,972.0,1002.0,4.4,84.768,19.266,0.7771,True,,False,FLAS,935.0,4.0,9.5
2026-09-25 15:28:49,MLLB_000_y1.0.3,RED,v4_red_MLLB_000_y103_0925,3.0,3.009,10,80,,bitti,False,,,,,,,,,,,,,,,935.0,4.0,9.5
2026-09-25 15:29:04,MLLB_000_y1.0.3,RED,v4_red_MLLB_000_y103_0925,3.0,3.009,10,60,12,kaba,True,,152.0,34.0,128.0,850.0,1002.0,1.054,20.298,19.261,0.7776,True,,False,ON,935.0,4.0,9.5
2026-09-25 15:29:20,MLLB_000_y1.0.3,RED,v4_red_MLLB_000_y103_0925,3.0,3.009,10,60,16,kaba,True,,128.0,32.0,106.0,874.0,1002.0,1.053,20.268,19.255,0.7768,True,,False,ON,935.0,4.0,9.5
2026-09-25 15:29:32,MLLB_000_y1.0.3,RED,v4_red_MLLB_000_y103_0925,3.0,3.009,10,60,20,kaba,True,,104.0,32.0,82.0,898.0,1002.0,1.054,20.268,19.225,0.7767,True,,False,ON,935.0,4.0,9.5
2026-09-25 15:29:45,MLLB_000_y1.0.3,RED,v4_red_MLLB_000_y103_0925,3.0,3.009,10,60,24,kaba,True,,80.0,34.0,56.0,922.0,1002.0,1.051,20.268,19.289,0.7766,True,,False,ON,935.0,4.0,9.5
2026-09-25 15:30:00,MLLB_000_y1.0.3,RED,v4_red_MLLB_000_y103_0925,3.0,3.009,10,60,28,kaba,True,,54.0,36.0,30.0,948.0,1002.0,1.049,20.268,19.315,0.7766,True,,True,,935.0,4.0,9.5
2026-09-25 15:30:16,MLLB_000_y1.0.3,RED,v4_red_MLLB_000_y103_0925,3.0,3.009,10,60,32,kaba,True,,38.0,28.0,18.0,964.0,1002.0,1.055,20.377,19.322,0.7769,True,,True,,935.0,4.0,9.5
2026-09-25 15:30:32,MLLB_000_y1.0.3,RED,v4_red_MLLB_000_y103_0925,3.0,3.009,10,60,36,kaba,True,,38.0,28.0,18.0,964.0,1002.0,2.605,50.303,19.31,0.7765,True,,True,,935.0,4.0,9.5
2026-09-25 15:30:48,MLLB_000_y1.0.3,RED,v4_red_MLLB_000_y103_0925,3.0,3.009,10,60,40,kaba,True,,38.0,28.0,18.0,964.0,1002.0,3.894,75.155,19.3,0.7759,True,,True,,935.0,4.0,9.5
2026-09-25 15:31:04,MLLB_000_y1.0.3,RED,v4_red_MLLB_000_y103_0925,3.0,3.009,10,60,44,kaba,True,,38.0,28.0,18.0,964.0,1002.0,4.828,93.164,19.296,0.7763,True,,False,FLAS,935.0,4.0,9.5
2026-09-25 15:31:20,MLLB_000_y1.0.3,RED,v4_red_MLLB_000_y103_0925,3.0,3.009,10,60,48,kaba,True,,38.0,28.0,18.0,964.0,1002.0,5.683,109.895,19.336,0.7769,True,,False,FLAS,935.0,4.0,9.5
2026-09-25 15:31:36,MLLB_000_y1.0.3,RED,v4_red_MLLB_000_y103_0925,3.0,3.009,10,60,25,ince,True,,74.0,36.0,50.0,928.0,1002.0,1.052,20.301,19.307,0.7763,True,,False,ON,935.0,4.0,9.5
2026-09-25 15:31:52,MLLB_000_y1.0.3,RED,v4_red_MLLB_000_y103_0925,3.0,3.009,10,60,26,ince,True,,68.0,34.0,44.0,934.0,1002.0,1.05,20.289,19.314,0.7761,True,,False,ON,935.0,4.0,9.5
2026-09-25 15:32:08,MLLB_000_y1.0.3,RED,v4_red_MLLB_000_y103_0925,3.0,3.009,10,60,27,ince,True,,60.0,36.0,38.0,942.0,1002.0,1.047,20.22,19.308,0.776,True,,True,,935.0,4.0,9.5
2026-09-25 15:32:08,MLLB_000_y1.0.3,RED,v4_red_MLLB_000_y103_0925,3.0,3.009,10,60,29,ince,False,iki-OK-arasi-monotonluk,,,,,,,,,,,,True,,935.0,4.0,9.5
2026-09-25 15:32:08,MLLB_000_y1.0.3,RED,v4_red_MLLB_000_y103_0925,3.0,3.009,10,60,30,ince,False,iki-OK-arasi-monotonluk,,,,,,,,,,,,True,,935.0,4.0,9.5
2026-09-25 15:32:08,MLLB_000_y1.0.3,RED,v4_red_MLLB_000_y103_0925,3.0,3.009,10,60,31,ince,False,iki-OK-arasi-monotonluk,,,,,,,,,,,,True,,935.0,4.0,9.5
2026-09-25 15:32:08,MLLB_000_y1.0.3,RED,v4_red_MLLB_000_y103_0925,3.0,3.009,10,60,33,ince,False,iki-OK-arasi-monotonluk,,,,,,,,,,,,True,,935.0,4.0,9.5
2026-09-25 15:32:08,MLLB_000_y1.0.3,RED,v4_red_MLLB_000_y103_0925,3.0,3.009,10,60,34,ince,False,iki-OK-arasi-monotonluk,,,,,,,,,,,,True,,935.0,4.0,9.5
2026-09-25 15:32:08,MLLB_000_y1.0.3,RED,v4_red_MLLB_000_y103_0925,3.0,3.009,10,60,35,ince,False,iki-OK-arasi-monotonluk,,,,,,,,,,,,True,,935.0,4.0,9.5
2026-09-25 15:32:08,MLLB_000_y1.0.3,RED,v4_red_MLLB_000_y103_0925,3.0,3.009,10,60,37,ince,False,iki-OK-arasi-monotonluk,,,,,,,,,,,,True,,935.0,4.0,9.5
2026-09-25 15:32:08,MLLB_000_y1.0.3,RED,v4_red_MLLB_000_y103_0925,3.0,3.009,10,60,38,ince,False,iki-OK-arasi-monotonluk,,,,,,,,,,,,True,,935.0,4.0,9.5
2026-09-25 15:32:08,MLLB_000_y1.0.3,RED,v4_red_MLLB_000_y103_0925,3.0,3.009,10,60,39,ince,False,iki-OK-arasi-monotonluk,,,,,,,,,,,,True,,935.0,4.0,9.5
2026-09-25 15:32:24,MLLB_000_y1.0.3,RED,v4_red_MLLB_000_y103_0925,3.0,3.009,10,60,41,ince,True,,38.0,28.0,18.0,964.0,1002.0,4.049,78.152,19.3,0.7763,True,,False,FLAS,935.0,4.0,9.5
2026-09-25 15:32:40,MLLB_000_y1.0.3,RED,v4_red_MLLB_000_y103_0925,3.0,3.009,10,60,42,ince,True,,38.0,28.0,18.0,964.0,1002.0,4.36,84.152,19.303,0.7761,True,,False,FLAS,935.0,4.0,9.5
2026-09-25 15:32:56,MLLB_000_y1.0.3,RED,v4_red_MLLB_000_y103_0925,3.0,3.009,10,60,43,ince,True,,38.0,28.0,18.0,964.0,1002.0,4.596,88.656,19.291,0.776,True,,False,FLAS,935.0,4.0,9.5
2026-09-25 15:32:56,MLLB_000_y1.0.3,RED,v4_red_MLLB_000_y103_0925,3.0,3.009,10,60,,bitti,False,,,,,,,,,,,,,,,935.0,4.0,9.5
2026-09-25 15:33:18,MLLB_000_y1.0.3,RED,v4_red_MLLB_000_y103_0925,3.0,3.009,15,100,12,kaba,True,,72.0,30.0,52.0,930.0,1002.0,1.042,33.099,31.75,0.7765,True,,False,ON,935.0,4.0,9.5
2026-09-25 15:33:34,MLLB_000_y1.0.3,RED,v4_red_MLLB_000_y103_0925,3.0,3.009,15,100,16,kaba,True,,48.0,30.0,28.0,954.0,1002.0,1.042,33.101,31.756,0.7765,True,,True,,935.0,4.0,9.5
2026-09-25 15:33:50,MLLB_000_y1.0.3,RED,v4_red_MLLB_000_y103_0925,3.0,3.009,15,100,20,kaba,True,,26.0,28.0,6.0,976.0,1002.0,1.043,33.111,31.759,0.7761,True,,True,,935.0,4.0,9.5
2026-09-25 15:34:06,MLLB_000_y1.0.3,RED,v4_red_MLLB_000_y103_0925,3.0,3.009,15,100,24,kaba,True,,26.0,28.0,6.0,976.0,1002.0,2.319,73.656,31.767,0.7758,True,,True,,935.0,4.0,9.5
2026-09-25 15:34:22,MLLB_000_y1.0.3,RED,v4_red_MLLB_000_y103_0925,3.0,3.009,15,100,28,kaba,True,,26.0,28.0,6.0,976.0,1002.0,3.838,121.807,31.741,0.7761,True,,True,,935.0,4.0,9.5
2026-09-25 15:34:38,MLLB_000_y1.0.3,RED,v4_red_MLLB_000_y103_0925,3.0,3.009,15,100,32,kaba,True,,26.0,28.0,6.0,976.0,1002.0,4.959,157.394,31.742,0.7757,True,,False,FLAS,935.0,4.0,9.5
2026-09-25 15:34:54,MLLB_000_y1.0.3,RED,v4_red_MLLB_000_y103_0925,3.0,3.009,15,100,36,kaba,True,,26.0,28.0,6.0,976.0,1002.0,6.037,191.681,31.75,0.7759,True,,False,FLAS,935.0,4.0,9.5
2026-09-25 15:35:10,MLLB_000_y1.0.3,RED,v4_red_MLLB_000_y103_0925,3.0,3.009,15,100,13,ince,True,,68.0,32.0,46.0,934.0,1002.0,1.042,33.099,31.766,0.7763,True,,False,ON,935.0,4.0,9.5
2026-09-25 15:35:26,MLLB_000_y1.0.3,RED,v4_red_MLLB_000_y103_0925,3.0,3.009,15,100,14,ince,True,,60.0,30.0,40.0,942.0,1002.0,1.042,33.099,31.753,0.7769,True,,True,,935.0,4.0,9.5
2026-09-25 15:35:42,MLLB_000_y1.0.3,RED,v4_red_MLLB_000_y103_0925,3.0,3.009,15,100,15,ince,True,,56.0,32.0,34.0,946.0,1002.0,1.042,33.106,31.767,0.7765,True,,True,,935.0,4.0,9.5
2026-09-25 15:35:42,MLLB_000_y1.0.3,RED,v4_red_MLLB_000_y103_0925,3.0,3.009,15,100,17,ince,False,iki-OK-arasi-monotonluk,,,,,,,,,,,,True,,935.0,4.0,9.5
2026-09-25 15:35:42,MLLB_000_y1.0.3,RED,v4_red_MLLB_000_y103_0925,3.0,3.009,15,100,18,ince,False,iki-OK-arasi-monotonluk,,,,,,,,,,,,True,,935.0,4.0,9.5
2026-09-25 15:35:42,MLLB_000_y1.0.3,RED,v4_red_MLLB_000_y103_0925,3.0,3.009,15,100,19,ince,False,iki-OK-arasi-monotonluk,,,,,,,,,,,,True,,935.0,4.0,9.5
2026-09-25 15:35:42,MLLB_000_y1.0.3,RED,v4_red_MLLB_000_y103_0925,3.0,3.009,15,100,21,ince,False,iki-OK-arasi-monotonluk,,,,,,,,,,,,True,,935.0,4.0,9.5
2026-09-25 15:35:42,MLLB_000_y1.0.3,RED,v4_red_MLLB_000_y103_0925,3.0,3.009,15,100,22,ince,False,iki-OK-arasi-monotonluk,,,,,,,,,,,,True,,935.0,4.0,9.5
2026-09-25 15:35:42,MLLB_000_y1.0.3,RED,v4_red_MLLB_000_y103_0925,3.0,3.009,15,100,23,ince,False,iki-OK-arasi-monotonluk,,,,,,,,,,,,True,,935.0,4.0,9.5
2026-09-25 15:35:42,MLLB_000_y1.0.3,RED,v4_red_MLLB_000_y103_0925,3.0,3.009,15,100,25,ince,False,iki-OK-arasi-monotonluk,,,,,,,,,,,,True,,935.0,4.0,9.5
2026-09-25 15:35:42,MLLB_000_y1.0.3,RED,v4_red_MLLB_000_y103_0925,3.0,3.009,15,100,26,ince,False,iki-OK-arasi-monotonluk,,,,,,,,,,,,True,,935.0,4.0,9.5
2026-09-25 15:35:42,MLLB_000_y1.0.3,RED,v4_red_MLLB_000_y103_0925,3.0,3.009,15,100,27,ince,False,iki-OK-arasi-monotonluk,,,,,,,,,,,,True,,935.0,4.0,9.5
2026-09-25 15:35:58,MLLB_000_y1.0.3,RED,v4_red_MLLB_000_y103_0925,3.0,3.009,15,100,29,ince,True,,26.0,28.0,6.0,976.0,1002.0,4.288,136.186,31.761,0.7766,True,,False,FLAS,935.0,4.0,9.5
2026-09-25 15:36:14,MLLB_000_y1.0.3,RED,v4_red_MLLB_000_y103_0925,3.0,3.009,15,100,30,ince,True,,26.0,28.0,6.0,976.0,1002.0,4.553,144.492,31.732,0.7763,True,,False,FLAS,935.0,4.0,9.5
2026-09-25 15:36:30,MLLB_000_y1.0.3,RED,v4_red_MLLB_000_y103_0925,3.0,3.009,15,100,31,ince,True,,26.0,28.0,6.0,976.0,1002.0,4.765,151.387,31.769,0.7762,True,,False,FLAS,935.0,4.0,9.5
2026-09-25 15:36:30,MLLB_000_y1.0.3,RED,v4_red_MLLB_000_y103_0925,3.0,3.009,15,100,,bitti,False,,,,,,,,,,,,,,,935.0,4.0,9.5
2026-09-25 15:36:46,MLLB_000_y1.0.3,RED,v4_red_MLLB_000_y103_0925,3.0,3.009,15,80,12,kaba,True,,88.0,32.0,66.0,914.0,1002.0,1.044,33.164,31.752,0.7762,True,,False,ON,935.0,4.0,9.5
2026-09-25 15:36:58,MLLB_000_y1.0.3,RED,v4_red_MLLB_000_y103_0925,3.0,3.009,15,80,16,kaba,True,,68.0,32.0,46.0,934.0,1002.0,1.044,33.124,31.743,0.7764,True,,False,ON,935.0,4.0,9.5
2026-09-25 15:37:14,MLLB_000_y1.0.3,RED,v4_red_MLLB_000_y103_0925,3.0,3.009,15,80,20,kaba,True,,48.0,30.0,28.0,954.0,1002.0,1.044,33.15,31.76,0.7764,True,,True,,935.0,4.0,9.5
2026-09-25 15:37:27,MLLB_000_y1.0.3,RED,v4_red_MLLB_000_y103_0925,3.0,3.009,15,80,24,kaba,True,,30.0,28.0,10.0,972.0,1002.0,1.042,33.099,31.757,0.7761,True,,True,,935.0,4.0,9.5
2026-09-25 15:37:42,MLLB_000_y1.0.3,RED,v4_red_MLLB_000_y103_0925,3.0,3.009,15,80,28,kaba,True,,30.0,28.0,10.0,972.0,1002.0,1.817,57.73,31.768,0.7759,True,,True,,935.0,4.0,9.5
2026-09-25 15:37:58,MLLB_000_y1.0.3,RED,v4_red_MLLB_000_y103_0925,3.0,3.009,15,80,32,kaba,True,,30.0,28.0,10.0,972.0,1002.0,2.982,94.667,31.745,0.7764,True,,True,,935.0,4.0,9.5
2026-09-25 15:38:14,MLLB_000_y1.0.3,RED,v4_red_MLLB_000_y103_0925,3.0,3.009,15,80,36,kaba,True,,30.0,28.0,10.0,972.0,1002.0,4.123,130.921,31.755,0.7763,True,,False,FLAS,935.0,4.0,9.5
2026-09-25 15:38:30,MLLB_000_y1.0.3,RED,v4_red_MLLB_000_y103_0925,3.0,3.009,15,80,40,kaba,True,,30.0,28.0,10.0,972.0,1002.0,4.695,149.043,31.748,0.777,True,,False,FLAS,935.0,4.0,9.5
2026-09-25 15:38:46,MLLB_000_y1.0.3,RED,v4_red_MLLB_000_y103_0925,3.0,3.009,15,80,17,ince,True,,62.0,32.0,42.0,940.0,1002.0,1.044,33.15,31.751,0.7757,True,,True,,935.0,4.0,9.5
2026-09-25 15:39:02,MLLB_000_y1.0.3,RED,v4_red_MLLB_000_y103_0925,3.0,3.009,15,80,18,ince,True,,56.0,28.0,38.0,946.0,1002.0,1.041,33.048,31.752,0.7764,True,,True,,935.0,4.0,9.5
2026-09-25 15:39:18,MLLB_000_y1.0.3,RED,v4_red_MLLB_000_y103_0925,3.0,3.009,15,80,19,ince,True,,52.0,30.0,32.0,950.0,1002.0,1.044,33.17,31.76,0.7765,True,,True,,935.0,4.0,9.5
2026-09-25 15:39:18,MLLB_000_y1.0.3,RED,v4_red_MLLB_000_y103_0925,3.0,3.009,15,80,21,ince,False,iki-OK-arasi-monotonluk,,,,,,,,,,,,True,,935.0,4.0,9.5
2026-09-25 15:39:18,MLLB_000_y1.0.3,RED,v4_red_MLLB_000_y103_0925,3.0,3.009,15,80,22,ince,False,iki-OK-arasi-monotonluk,,,,,,,,,,,,True,,935.0,4.0,9.5
2026-09-25 15:39:18,MLLB_000_y1.0.3,RED,v4_red_MLLB_000_y103_0925,3.0,3.009,15,80,23,ince,False,iki-OK-arasi-monotonluk,,,,,,,,,,,,True,,935.0,4.0,9.5
2026-09-25 15:39:18,MLLB_000_y1.0.3,RED,v4_red_MLLB_000_y103_0925,3.0,3.009,15,80,25,ince,False,iki-OK-arasi-monotonluk,,,,,,,,,,,,True,,935.0,4.0,9.5
2026-09-25 15:39:18,MLLB_000_y1.0.3,RED,v4_red_MLLB_000_y103_0925,3.0,3.009,15,80,26,ince,False,iki-OK-arasi-monotonluk,,,,,,,,,,,,True,,935.0,4.0,9.5
2026-09-25 15:39:18,MLLB_000_y1.0.3,RED,v4_red_MLLB_000_y103_0925,3.0,3.009,15,80,27,ince,False,iki-OK-arasi-monotonluk,,,,,,,,,,,,True,,935.0,4.0,9.5
2026-09-25 15:39:18,MLLB_000_y1.0.3,RED,v4_red_MLLB_000_y103_0925,3.0,3.009,15,80,29,ince,False,iki-OK-arasi-monotonluk,,,,,,,,,,,,True,,935.0,4.0,9.5
2026-09-25 15:39:18,MLLB_000_y1.0.3,RED,v4_red_MLLB_000_y103_0925,3.0,3.009,15,80,30,ince,False,iki-OK-arasi-monotonluk,,,,,,,,,,,,True,,935.0,4.0,9.5
2026-09-25 15:39:18,MLLB_000_y1.0.3,RED,v4_red_MLLB_000_y103_0925,3.0,3.009,15,80,31,ince,False,iki-OK-arasi-monotonluk,,,,,,,,,,,,True,,935.0,4.0,9.5
2026-09-25 15:39:34,MLLB_000_y1.0.3,RED,v4_red_MLLB_000_y103_0925,3.0,3.009,15,80,33,ince,True,,30.0,28.0,10.0,972.0,1002.0,3.29,104.448,31.747,0.7763,True,,True,,935.0,4.0,9.5
2026-09-25 15:39:50,MLLB_000_y1.0.3,RED,v4_red_MLLB_000_y103_0925,3.0,3.009,15,80,34,ince,True,,30.0,28.0,10.0,972.0,1002.0,3.549,112.737,31.77,0.7765,True,,True,,935.0,4.0,9.5
2026-09-25 15:40:06,MLLB_000_y1.0.3,RED,v4_red_MLLB_000_y103_0925,3.0,3.009,15,80,35,ince,True,,30.0,28.0,10.0,972.0,1002.0,3.832,121.792,31.784,0.7769,True,,True,,935.0,4.0,9.5
2026-09-25 15:40:06,MLLB_000_y1.0.3,RED,v4_red_MLLB_000_y103_0925,3.0,3.009,15,80,,bitti,False,,,,,,,,,,,,,,,935.0,4.0,9.5
2026-09-25 15:40:22,MLLB_000_y1.0.3,RED,v4_red_MLLB_000_y103_0925,3.0,3.009,15,60,12,kaba,True,,100.0,28.0,82.0,902.0,1002.0,1.045,33.15,31.714,0.7769,True,,False,ON,935.0,4.0,9.5
2026-09-25 15:40:38,MLLB_000_y1.0.3,RED,v4_red_MLLB_000_y103_0925,3.0,3.009,15,60,16,kaba,True,,88.0,30.0,68.0,914.0,1002.0,1.043,33.103,31.737,0.7767,True,,False,ON,935.0,4.0,9.5
2026-09-25 15:40:54,MLLB_000_y1.0.3,RED,v4_red_MLLB_000_y103_0925,3.0,3.009,15,60,20,kaba,True,,74.0,32.0,54.0,928.0,1002.0,1.044,33.15,31.751,0.7768,True,,False,ON,935.0,4.0,9.5
2026-09-25 15:41:10,MLLB_000_y1.0.3,RED,v4_red_MLLB_000_y103_0925,3.0,3.009,15,60,24,kaba,True,,60.0,30.0,40.0,942.0,1002.0,1.043,33.125,31.748,0.7764,True,,True,,935.0,4.0,9.5
2026-09-25 15:41:26,MLLB_000_y1.0.3,RED,v4_red_MLLB_000_y103_0925,3.0,3.009,15,60,28,kaba,True,,48.0,32.0,26.0,954.0,1002.0,1.043,33.122,31.764,0.776,True,,True,,935.0,4.0,9.5
2026-09-25 15:41:42,MLLB_000_y1.0.3,RED,v4_red_MLLB_000_y103_0925,3.0,3.009,15,60,32,kaba,True,,38.0,28.0,18.0,964.0,1002.0,1.047,33.252,31.769,0.7766,True,,True,,935.0,4.0,9.5
2026-09-25 15:41:58,MLLB_000_y1.0.3,RED,v4_red_MLLB_000_y103_0925,3.0,3.009,15,60,36,kaba,True,,38.0,28.0,18.0,964.0,1002.0,1.594,50.616,31.747,0.7764,True,,True,,935.0,4.0,9.5
2026-09-25 15:42:14,MLLB_000_y1.0.3,RED,v4_red_MLLB_000_y103_0925,3.0,3.009,15,60,40,kaba,True,,38.0,28.0,18.0,964.0,1002.0,2.364,75.155,31.796,0.7766,True,,True,,935.0,4.0,9.5
2026-09-25 15:42:30,MLLB_000_y1.0.3,RED,v4_red_MLLB_000_y103_0925,3.0,3.009,15,60,44,kaba,True,,38.0,28.0,18.0,964.0,1002.0,2.984,94.707,31.744,0.7763,True,,True,,935.0,4.0,9.5
2026-09-25 15:42:46,MLLB_000_y1.0.3,RED,v4_red_MLLB_000_y103_0925,3.0,3.009,15,60,48,kaba,True,,38.0,28.0,18.0,964.0,1002.0,3.502,111.29,31.775,0.7763,True,,True,,935.0,4.0,9.5
2026-09-25 15:43:02,MLLB_000_y1.0.3,RED,v4_red_MLLB_000_y103_0925,3.0,3.009,15,60,52,kaba,True,,38.0,28.0,18.0,964.0,1002.0,3.929,124.814,31.766,0.7768,True,,True,,935.0,4.0,9.5
2026-09-25 15:43:18,MLLB_000_y1.0.3,RED,v4_red_MLLB_000_y103_0925,3.0,3.009,15,60,56,kaba,True,,38.0,28.0,18.0,964.0,1002.0,4.218,134.014,31.771,0.7761,True,,False,FLAS,935.0,4.0,9.5
2026-09-25 15:43:34,MLLB_000_y1.0.3,RED,v4_red_MLLB_000_y103_0925,3.0,3.009,15,60,58,kaba,True,,38.0,28.0,18.0,964.0,1002.0,4.358,138.431,31.762,0.7767,True,,False,FLAS,935.0,4.0,9.5
2026-09-25 15:43:50,MLLB_000_y1.0.3,RED,v4_red_MLLB_000_y103_0925,3.0,3.009,15,60,21,ince,True,,72.0,32.0,50.0,930.0,1002.0,1.044,33.18,31.788,0.7767,True,,False,ON,935.0,4.0,9.5
2026-09-25 15:44:06,MLLB_000_y1.0.3,RED,v4_red_MLLB_000_y103_0925,3.0,3.009,15,60,22,ince,True,,68.0,30.0,48.0,934.0,1002.0,1.044,33.15,31.762,0.7765,True,,False,ON,935.0,4.0,9.5
2026-09-25 15:44:22,MLLB_000_y1.0.3,RED,v4_red_MLLB_000_y103_0925,3.0,3.009,15,60,23,ince,True,,64.0,30.0,44.0,938.0,1002.0,1.043,33.099,31.745,0.7769,True,,True,,935.0,4.0,9.5
2026-09-25 15:44:22,MLLB_000_y1.0.3,RED,v4_red_MLLB_000_y103_0925,3.0,3.009,15,60,25,ince,False,iki-OK-arasi-monotonluk,,,,,,,,,,,,True,,935.0,4.0,9.5
2026-09-25 15:44:22,MLLB_000_y1.0.3,RED,v4_red_MLLB_000_y103_0925,3.0,3.009,15,60,26,ince,False,iki-OK-arasi-monotonluk,,,,,,,,,,,,True,,935.0,4.0,9.5
2026-09-25 15:44:22,MLLB_000_y1.0.3,RED,v4_red_MLLB_000_y103_0925,3.0,3.009,15,60,27,ince,False,iki-OK-arasi-monotonluk,,,,,,,,,,,,True,,935.0,4.0,9.5
2026-09-25 15:44:22,MLLB_000_y1.0.3,RED,v4_red_MLLB_000_y103_0925,3.0,3.009,15,60,29,ince,False,iki-OK-arasi-monotonluk,,,,,,,,,,,,True,,935.0,4.0,9.5
2026-09-25 15:44:22,MLLB_000_y1.0.3,RED,v4_red_MLLB_000_y103_0925,3.0,3.009,15,60,30,ince,False,iki-OK-arasi-monotonluk,,,,,,,,,,,,True,,935.0,4.0,9.5
2026-09-25 15:44:22,MLLB_000_y1.0.3,RED,v4_red_MLLB_000_y103_0925,3.0,3.009,15,60,31,ince,False,iki-OK-arasi-monotonluk,,,,,,,,,,,,True,,935.0,4.0,9.5
2026-09-25 15:44:22,MLLB_000_y1.0.3,RED,v4_red_MLLB_000_y103_0925,3.0,3.009,15,60,33,ince,False,iki-OK-arasi-monotonluk,,,,,,,,,,,,True,,935.0,4.0,9.5
2026-09-25 15:44:22,MLLB_000_y1.0.3,RED,v4_red_MLLB_000_y103_0925,3.0,3.009,15,60,34,ince,False,iki-OK-arasi-monotonluk,,,,,,,,,,,,True,,935.0,4.0,9.5
2026-09-25 15:44:22,MLLB_000_y1.0.3,RED,v4_red_MLLB_000_y103_0925,3.0,3.009,15,60,35,ince,False,iki-OK-arasi-monotonluk,,,,,,,,,,,,True,,935.0,4.0,9.5
2026-09-25 15:44:22,MLLB_000_y1.0.3,RED,v4_red_MLLB_000_y103_0925,3.0,3.009,15,60,37,ince,False,iki-OK-arasi-monotonluk,,,,,,,,,,,,True,,935.0,4.0,9.5
2026-09-25 15:44:22,MLLB_000_y1.0.3,RED,v4_red_MLLB_000_y103_0925,3.0,3.009,15,60,38,ince,False,iki-OK-arasi-monotonluk,,,,,,,,,,,,True,,935.0,4.0,9.5
2026-09-25 15:44:22,MLLB_000_y1.0.3,RED,v4_red_MLLB_000_y103_0925,3.0,3.009,15,60,39,ince,False,iki-OK-arasi-monotonluk,,,,,,,,,,,,True,,935.0,4.0,9.5
2026-09-25 15:44:22,MLLB_000_y1.0.3,RED,v4_red_MLLB_000_y103_0925,3.0,3.009,15,60,41,ince,False,iki-OK-arasi-monotonluk,,,,,,,,,,,,True,,935.0,4.0,9.5
2026-09-25 15:44:22,MLLB_000_y1.0.3,RED,v4_red_MLLB_000_y103_0925,3.0,3.009,15,60,42,ince,False,iki-OK-arasi-monotonluk,,,,,,,,,,,,True,,935.0,4.0,9.5
2026-09-25 15:44:22,MLLB_000_y1.0.3,RED,v4_red_MLLB_000_y103_0925,3.0,3.009,15,60,43,ince,False,iki-OK-arasi-monotonluk,,,,,,,,,,,,True,,935.0,4.0,9.5
2026-09-25 15:44:22,MLLB_000_y1.0.3,RED,v4_red_MLLB_000_y103_0925,3.0,3.009,15,60,45,ince,False,iki-OK-arasi-monotonluk,,,,,,,,,,,,True,,935.0,4.0,9.5
2026-09-25 15:44:22,MLLB_000_y1.0.3,RED,v4_red_MLLB_000_y103_0925,3.0,3.009,15,60,46,ince,False,iki-OK-arasi-monotonluk,,,,,,,,,,,,True,,935.0,4.0,9.5
2026-09-25 15:44:23,MLLB_000_y1.0.3,RED,v4_red_MLLB_000_y103_0925,3.0,3.009,15,60,47,ince,False,iki-OK-arasi-monotonluk,,,,,,,,,,,,True,,935.0,4.0,9.5
2026-09-25 15:44:23,MLLB_000_y1.0.3,RED,v4_red_MLLB_000_y103_0925,3.0,3.009,15,60,49,ince,False,iki-OK-arasi-monotonluk,,,,,,,,,,,,True,,935.0,4.0,9.5
2026-09-25 15:44:23,MLLB_000_y1.0.3,RED,v4_red_MLLB_000_y103_0925,3.0,3.009,15,60,50,ince,False,iki-OK-arasi-monotonluk,,,,,,,,,,,,True,,935.0,4.0,9.5
2026-09-25 15:44:23,MLLB_000_y1.0.3,RED,v4_red_MLLB_000_y103_0925,3.0,3.009,15,60,51,ince,False,iki-OK-arasi-monotonluk,,,,,,,,,,,,True,,935.0,4.0,9.5
2026-09-25 15:44:38,MLLB_000_y1.0.3,RED,v4_red_MLLB_000_y103_0925,3.0,3.009,15,60,53,ince,True,,38.0,28.0,18.0,964.0,1002.0,3.978,126.325,31.753,0.7764,True,,True,,935.0,4.0,9.5
2026-09-25 15:44:54,MLLB_000_y1.0.3,RED,v4_red_MLLB_000_y103_0925,3.0,3.009,15,60,54,ince,True,,38.0,28.0,18.0,964.0,1002.0,4.05,128.707,31.78,0.7764,True,,False,FLAS,935.0,4.0,9.5
2026-09-25 15:45:10,MLLB_000_y1.0.3,RED,v4_red_MLLB_000_y103_0925,3.0,3.009,15,60,55,ince,True,,38.0,28.0,18.0,964.0,1002.0,4.121,130.862,31.754,0.7765,True,,False,FLAS,935.0,4.0,9.5
2026-09-25 15:45:10,MLLB_000_y1.0.3,RED,v4_red_MLLB_000_y103_0925,3.0,3.009,15,60,,bitti,False,,,,,,,,,,,,,,,935.0,4.0,9.5
2026-09-25 15:45:32,MLLB_000_y1.0.3,RED,v4_red_MLLB_000_y103_0925,3.0,3.009,100,100,12,kaba,True,,26.0,28.0,6.0,976.0,1002.0,1.05,243.864,232.324,0.7765,True,,True,,935.0,4.0,9.5
2026-09-25 15:45:44,MLLB_000_y1.0.3,RED,v4_red_MLLB_000_y103_0925,3.0,3.009,100,100,16,kaba,True,,26.0,28.0,6.0,976.0,1002.0,1.049,243.864,232.369,0.7764,True,,True,,935.0,4.0,9.5
2026-09-25 15:46:00,MLLB_000_y1.0.3,RED,v4_red_MLLB_000_y103_0925,3.0,3.009,100,100,20,kaba,True,,26.0,28.0,6.0,976.0,1002.0,1.066,247.719,232.488,0.7765,True,,True,,935.0,4.0,9.5
2026-09-25 15:46:16,MLLB_000_y1.0.3,RED,v4_red_MLLB_000_y103_0925,3.0,3.009,100,100,24,kaba,True,,26.0,28.0,6.0,976.0,1002.0,1.062,246.947,232.537,0.7766,True,,True,,935.0,4.0,9.5
2026-09-25 15:46:32,MLLB_000_y1.0.3,RED,v4_red_MLLB_000_y103_0925,3.0,3.009,100,100,28,kaba,True,,26.0,28.0,6.0,976.0,1002.0,1.051,244.635,232.682,0.7769,True,,True,,935.0,4.0,9.5
2026-09-25 15:46:48,MLLB_000_y1.0.3,RED,v4_red_MLLB_000_y103_0925,3.0,3.009,100,100,32,kaba,True,,26.0,28.0,6.0,976.0,1002.0,1.048,243.864,232.624,0.7765,True,,True,,935.0,4.0,9.5
2026-09-25 15:47:04,MLLB_000_y1.0.3,RED,v4_red_MLLB_000_y103_0925,3.0,3.009,100,100,36,kaba,True,,26.0,28.0,6.0,976.0,1002.0,1.054,245.405,232.89,0.7759,True,,True,,935.0,4.0,9.5
2026-09-25 15:47:20,MLLB_000_y1.0.3,RED,v4_red_MLLB_000_y103_0925,3.0,3.009,100,100,40,kaba,True,,26.0,28.0,6.0,976.0,1002.0,1.049,243.864,232.444,0.776,True,,True,,935.0,4.0,9.5
2026-09-25 15:47:36,MLLB_000_y1.0.3,RED,v4_red_MLLB_000_y103_0925,3.0,3.009,100,100,44,kaba,True,,26.0,28.0,6.0,976.0,1002.0,1.049,243.864,232.428,0.776,True,,True,,935.0,4.0,9.5
2026-09-25 15:47:52,MLLB_000_y1.0.3,RED,v4_red_MLLB_000_y103_0925,3.0,3.009,100,100,48,kaba,True,,26.0,28.0,6.0,976.0,1002.0,1.049,243.864,232.398,0.7758,True,,True,,935.0,4.0,9.5
2026-09-25 15:48:08,MLLB_000_y1.0.3,RED,v4_red_MLLB_000_y103_0925,3.0,3.009,100,100,52,kaba,True,,26.0,28.0,6.0,976.0,1002.0,1.06,246.534,232.647,0.7761,True,,True,,935.0,4.0,9.5
2026-09-25 15:48:20,MLLB_000_y1.0.3,RED,v4_red_MLLB_000_y103_0925,3.0,3.009,100,100,56,kaba,True,,26.0,28.0,6.0,976.0,1002.0,1.052,244.635,232.458,0.7765,True,,True,,935.0,4.0,9.5
2026-09-25 15:48:36,MLLB_000_y1.0.3,RED,v4_red_MLLB_000_y103_0925,3.0,3.009,100,100,58,kaba,True,,26.0,28.0,6.0,976.0,1002.0,1.049,243.864,232.402,0.7764,True,,True,,935.0,4.0,9.5
2026-09-25 15:48:36,MLLB_000_y1.0.3,RED,v4_red_MLLB_000_y103_0925,3.0,3.009,100,100,13,ince,False,iki-OK-arasi-monotonluk,,,,,,,,,,,,True,,935.0,4.0,9.5
2026-09-25 15:48:36,MLLB_000_y1.0.3,RED,v4_red_MLLB_000_y103_0925,3.0,3.009,100,100,14,ince,False,iki-OK-arasi-monotonluk,,,,,,,,,,,,True,,935.0,4.0,9.5
2026-09-25 15:48:36,MLLB_000_y1.0.3,RED,v4_red_MLLB_000_y103_0925,3.0,3.009,100,100,15,ince,False,iki-OK-arasi-monotonluk,,,,,,,,,,,,True,,935.0,4.0,9.5
2026-09-25 15:48:36,MLLB_000_y1.0.3,RED,v4_red_MLLB_000_y103_0925,3.0,3.009,100,100,17,ince,False,iki-OK-arasi-monotonluk,,,,,,,,,,,,True,,935.0,4.0,9.5
2026-09-25 15:48:36,MLLB_000_y1.0.3,RED,v4_red_MLLB_000_y103_0925,3.0,3.009,100,100,18,ince,False,iki-OK-arasi-monotonluk,,,,,,,,,,,,True,,935.0,4.0,9.5
2026-09-25 15:48:36,MLLB_000_y1.0.3,RED,v4_red_MLLB_000_y103_0925,3.0,3.009,100,100,19,ince,False,iki-OK-arasi-monotonluk,,,,,,,,,,,,True,,935.0,4.0,9.5
2026-09-25 15:48:36,MLLB_000_y1.0.3,RED,v4_red_MLLB_000_y103_0925,3.0,3.009,100,100,21,ince,False,iki-OK-arasi-monotonluk,,,,,,,,,,,,True,,935.0,4.0,9.5
2026-09-25 15:48:36,MLLB_000_y1.0.3,RED,v4_red_MLLB_000_y103_0925,3.0,3.009,100,100,22,ince,False,iki-OK-arasi-monotonluk,,,,,,,,,,,,True,,935.0,4.0,9.5
2026-09-25 15:48:36,MLLB_000_y1.0.3,RED,v4_red_MLLB_000_y103_0925,3.0,3.009,100,100,23,ince,False,iki-OK-arasi-monotonluk,,,,,,,,,,,,True,,935.0,4.0,9.5
2026-09-25 15:48:37,MLLB_000_y1.0.3,RED,v4_red_MLLB_000_y103_0925,3.0,3.009,100,100,25,ince,False,iki-OK-arasi-monotonluk,,,,,,,,,,,,True,,935.0,4.0,9.5
2026-09-25 15:48:37,MLLB_000_y1.0.3,RED,v4_red_MLLB_000_y103_0925,3.0,3.009,100,100,26,ince,False,iki-OK-arasi-monotonluk,,,,,,,,,,,,True,,935.0,4.0,9.5
2026-09-25 15:48:37,MLLB_000_y1.0.3,RED,v4_red_MLLB_000_y103_0925,3.0,3.009,100,100,27,ince,False,iki-OK-arasi-monotonluk,,,,,,,,,,,,True,,935.0,4.0,9.5
2026-09-25 15:48:37,MLLB_000_y1.0.3,RED,v4_red_MLLB_000_y103_0925,3.0,3.009,100,100,29,ince,False,iki-OK-arasi-monotonluk,,,,,,,,,,,,True,,935.0,4.0,9.5
2026-09-25 15:48:37,MLLB_000_y1.0.3,RED,v4_red_MLLB_000_y103_0925,3.0,3.009,100,100,30,ince,False,iki-OK-arasi-monotonluk,,,,,,,,,,,,True,,935.0,4.0,9.5
2026-09-25 15:48:37,MLLB_000_y1.0.3,RED,v4_red_MLLB_000_y103_0925,3.0,3.009,100,100,31,ince,False,iki-OK-arasi-monotonluk,,,,,,,,,,,,True,,935.0,4.0,9.5
2026-09-25 15:48:37,MLLB_000_y1.0.3,RED,v4_red_MLLB_000_y103_0925,3.0,3.009,100,100,33,ince,False,iki-OK-arasi-monotonluk,,,,,,,,,,,,True,,935.0,4.0,9.5
2026-09-25 15:48:37,MLLB_000_y1.0.3,RED,v4_red_MLLB_000_y103_0925,3.0,3.009,100,100,34,ince,False,iki-OK-arasi-monotonluk,,,,,,,,,,,,True,,935.0,4.0,9.5
2026-09-25 15:48:37,MLLB_000_y1.0.3,RED,v4_red_MLLB_000_y103_0925,3.0,3.009,100,100,35,ince,False,iki-OK-arasi-monotonluk,,,,,,,,,,,,True,,935.0,4.0,9.5
2026-09-25 15:48:37,MLLB_000_y1.0.3,RED,v4_red_MLLB_000_y103_0925,3.0,3.009,100,100,37,ince,False,iki-OK-arasi-monotonluk,,,,,,,,,,,,True,,935.0,4.0,9.5
2026-09-25 15:48:37,MLLB_000_y1.0.3,RED,v4_red_MLLB_000_y103_0925,3.0,3.009,100,100,38,ince,False,iki-OK-arasi-monotonluk,,,,,,,,,,,,True,,935.0,4.0,9.5
2026-09-25 15:48:37,MLLB_000_y1.0.3,RED,v4_red_MLLB_000_y103_0925,3.0,3.009,100,100,39,ince,False,iki-OK-arasi-monotonluk,,,,,,,,,,,,True,,935.0,4.0,9.5
2026-09-25 15:48:37,MLLB_000_y1.0.3,RED,v4_red_MLLB_000_y103_0925,3.0,3.009,100,100,41,ince,False,iki-OK-arasi-monotonluk,,,,,,,,,,,,True,,935.0,4.0,9.5
2026-09-25 15:48:37,MLLB_000_y1.0.3,RED,v4_red_MLLB_000_y103_0925,3.0,3.009,100,100,42,ince,False,iki-OK-arasi-monotonluk,,,,,,,,,,,,True,,935.0,4.0,9.5
2026-09-25 15:48:37,MLLB_000_y1.0.3,RED,v4_red_MLLB_000_y103_0925,3.0,3.009,100,100,43,ince,False,iki-OK-arasi-monotonluk,,,,,,,,,,,,True,,935.0,4.0,9.5
2026-09-25 15:48:37,MLLB_000_y1.0.3,RED,v4_red_MLLB_000_y103_0925,3.0,3.009,100,100,45,ince,False,iki-OK-arasi-monotonluk,,,,,,,,,,,,True,,935.0,4.0,9.5
2026-09-25 15:48:37,MLLB_000_y1.0.3,RED,v4_red_MLLB_000_y103_0925,3.0,3.009,100,100,46,ince,False,iki-OK-arasi-monotonluk,,,,,,,,,,,,True,,935.0,4.0,9.5
2026-09-25 15:48:37,MLLB_000_y1.0.3,RED,v4_red_MLLB_000_y103_0925,3.0,3.009,100,100,47,ince,False,iki-OK-arasi-monotonluk,,,,,,,,,,,,True,,935.0,4.0,9.5
2026-09-25 15:48:37,MLLB_000_y1.0.3,RED,v4_red_MLLB_000_y103_0925,3.0,3.009,100,100,49,ince,False,iki-OK-arasi-monotonluk,,,,,,,,,,,,True,,935.0,4.0,9.5
2026-09-25 15:48:37,MLLB_000_y1.0.3,RED,v4_red_MLLB_000_y103_0925,3.0,3.009,100,100,50,ince,False,iki-OK-arasi-monotonluk,,,,,,,,,,,,True,,935.0,4.0,9.5
2026-09-25 15:48:37,MLLB_000_y1.0.3,RED,v4_red_MLLB_000_y103_0925,3.0,3.009,100,100,51,ince,False,iki-OK-arasi-monotonluk,,,,,,,,,,,,True,,935.0,4.0,9.5
2026-09-25 15:48:37,MLLB_000_y1.0.3,RED,v4_red_MLLB_000_y103_0925,3.0,3.009,100,100,53,ince,False,iki-OK-arasi-monotonluk,,,,,,,,,,,,True,,935.0,4.0,9.5
2026-09-25 15:48:37,MLLB_000_y1.0.3,RED,v4_red_MLLB_000_y103_0925,3.0,3.009,100,100,54,ince,False,iki-OK-arasi-monotonluk,,,,,,,,,,,,True,,935.0,4.0,9.5
2026-09-25 15:48:37,MLLB_000_y1.0.3,RED,v4_red_MLLB_000_y103_0925,3.0,3.009,100,100,55,ince,False,iki-OK-arasi-monotonluk,,,,,,,,,,,,True,,935.0,4.0,9.5
2026-09-25 15:48:37,MLLB_000_y1.0.3,RED,v4_red_MLLB_000_y103_0925,3.0,3.009,100,100,57,ince,False,iki-OK-arasi-monotonluk,,,,,,,,,,,,True,,935.0,4.0,9.5
2026-09-25 15:48:37,MLLB_000_y1.0.3,RED,v4_red_MLLB_000_y103_0925,3.0,3.009,100,100,,bitti,False,,,,,,,,,,,,,,,935.0,4.0,9.5
2026-09-25 15:48:52,MLLB_000_y1.0.3,RED,v4_red_MLLB_000_y103_0925,3.0,3.009,100,80,12,kaba,True,,26.0,28.0,6.0,976.0,1002.0,1.059,246.28,232.522,0.7766,True,,True,,935.0,4.0,9.5
2026-09-25 15:49:08,MLLB_000_y1.0.3,RED,v4_red_MLLB_000_y103_0925,3.0,3.009,100,80,16,kaba,True,,26.0,28.0,6.0,976.0,1002.0,1.06,246.396,232.489,0.7761,True,,True,,935.0,4.0,9.5
2026-09-25 15:49:24,MLLB_000_y1.0.3,RED,v4_red_MLLB_000_y103_0925,3.0,3.009,100,80,20,kaba,True,,26.0,28.0,6.0,976.0,1002.0,1.049,244.022,232.649,0.7763,True,,True,,935.0,4.0,9.5
2026-09-25 15:49:40,MLLB_000_y1.0.3,RED,v4_red_MLLB_000_y103_0925,3.0,3.009,100,80,24,kaba,True,,26.0,28.0,6.0,976.0,1002.0,1.05,244.056,232.412,0.7765,True,,True,,935.0,4.0,9.5
2026-09-25 15:49:56,MLLB_000_y1.0.3,RED,v4_red_MLLB_000_y103_0925,3.0,3.009,100,80,28,kaba,True,,26.0,28.0,6.0,976.0,1002.0,1.05,243.864,232.237,0.7765,True,,True,,935.0,4.0,9.5
2026-09-25 15:50:12,MLLB_000_y1.0.3,RED,v4_red_MLLB_000_y103_0925,3.0,3.009,100,80,32,kaba,True,,26.0,28.0,6.0,976.0,1002.0,1.049,243.864,232.366,0.7769,True,,True,,935.0,4.0,9.5
2026-09-25 15:50:28,MLLB_000_y1.0.3,RED,v4_red_MLLB_000_y103_0925,3.0,3.009,100,80,36,kaba,True,,26.0,28.0,6.0,976.0,1002.0,1.053,244.635,232.248,0.7768,True,,True,,935.0,4.0,9.5
2026-09-25 15:50:44,MLLB_000_y1.0.3,RED,v4_red_MLLB_000_y103_0925,3.0,3.009,100,80,40,kaba,True,,26.0,28.0,6.0,976.0,1002.0,1.05,243.9,232.322,0.7765,True,,True,,935.0,4.0,9.5
2026-09-25 15:51:00,MLLB_000_y1.0.3,RED,v4_red_MLLB_000_y103_0925,3.0,3.009,100,80,44,kaba,True,,26.0,28.0,6.0,976.0,1002.0,1.05,243.864,232.322,0.7762,True,,True,,935.0,4.0,9.5
2026-09-25 15:51:16,MLLB_000_y1.0.3,RED,v4_red_MLLB_000_y103_0925,3.0,3.009,100,80,48,kaba,True,,26.0,28.0,6.0,976.0,1002.0,1.049,243.864,232.422,0.7762,True,,True,,935.0,4.0,9.5
2026-09-25 15:51:32,MLLB_000_y1.0.3,RED,v4_red_MLLB_000_y103_0925,3.0,3.009,100,80,52,kaba,True,,26.0,28.0,6.0,976.0,1002.0,1.05,244.096,232.402,0.7763,True,,True,,935.0,4.0,9.5
2026-09-25 15:51:48,MLLB_000_y1.0.3,RED,v4_red_MLLB_000_y103_0925,3.0,3.009,100,80,56,kaba,True,,26.0,28.0,6.0,976.0,1002.0,1.054,244.822,232.359,0.7763,True,,True,,935.0,4.0,9.5
2026-09-25 15:52:04,MLLB_000_y1.0.3,RED,v4_red_MLLB_000_y103_0925,3.0,3.009,100,80,58,kaba,True,,26.0,28.0,6.0,976.0,1002.0,1.05,243.864,232.333,0.7764,True,,True,,935.0,4.0,9.5
2026-09-25 15:52:04,MLLB_000_y1.0.3,RED,v4_red_MLLB_000_y103_0925,3.0,3.009,100,80,13,ince,False,iki-OK-arasi-monotonluk,,,,,,,,,,,,True,,935.0,4.0,9.5
2026-09-25 15:52:04,MLLB_000_y1.0.3,RED,v4_red_MLLB_000_y103_0925,3.0,3.009,100,80,14,ince,False,iki-OK-arasi-monotonluk,,,,,,,,,,,,True,,935.0,4.0,9.5
2026-09-25 15:52:04,MLLB_000_y1.0.3,RED,v4_red_MLLB_000_y103_0925,3.0,3.009,100,80,15,ince,False,iki-OK-arasi-monotonluk,,,,,,,,,,,,True,,935.0,4.0,9.5
2026-09-25 15:52:04,MLLB_000_y1.0.3,RED,v4_red_MLLB_000_y103_0925,3.0,3.009,100,80,17,ince,False,iki-OK-arasi-monotonluk,,,,,,,,,,,,True,,935.0,4.0,9.5
2026-09-25 15:52:04,MLLB_000_y1.0.3,RED,v4_red_MLLB_000_y103_0925,3.0,3.009,100,80,18,ince,False,iki-OK-arasi-monotonluk,,,,,,,,,,,,True,,935.0,4.0,9.5
2026-09-25 15:52:04,MLLB_000_y1.0.3,RED,v4_red_MLLB_000_y103_0925,3.0,3.009,100,80,19,ince,False,iki-OK-arasi-monotonluk,,,,,,,,,,,,True,,935.0,4.0,9.5
2026-09-25 15:52:04,MLLB_000_y1.0.3,RED,v4_red_MLLB_000_y103_0925,3.0,3.009,100,80,21,ince,False,iki-OK-arasi-monotonluk,,,,,,,,,,,,True,,935.0,4.0,9.5
2026-09-25 15:52:04,MLLB_000_y1.0.3,RED,v4_red_MLLB_000_y103_0925,3.0,3.009,100,80,22,ince,False,iki-OK-arasi-monotonluk,,,,,,,,,,,,True,,935.0,4.0,9.5
2026-09-25 15:52:04,MLLB_000_y1.0.3,RED,v4_red_MLLB_000_y103_0925,3.0,3.009,100,80,23,ince,False,iki-OK-arasi-monotonluk,,,,,,,,,,,,True,,935.0,4.0,9.5
2026-09-25 15:52:04,MLLB_000_y1.0.3,RED,v4_red_MLLB_000_y103_0925,3.0,3.009,100,80,25,ince,False,iki-OK-arasi-monotonluk,,,,,,,,,,,,True,,935.0,4.0,9.5
2026-09-25 15:52:04,MLLB_000_y1.0.3,RED,v4_red_MLLB_000_y103_0925,3.0,3.009,100,80,26,ince,False,iki-OK-arasi-monotonluk,,,,,,,,,,,,True,,935.0,4.0,9.5
2026-09-25 15:52:04,MLLB_000_y1.0.3,RED,v4_red_MLLB_000_y103_0925,3.0,3.009,100,80,27,ince,False,iki-OK-arasi-monotonluk,,,,,,,,,,,,True,,935.0,4.0,9.5
2026-09-25 15:52:04,MLLB_000_y1.0.3,RED,v4_red_MLLB_000_y103_0925,3.0,3.009,100,80,29,ince,False,iki-OK-arasi-monotonluk,,,,,,,,,,,,True,,935.0,4.0,9.5
2026-09-25 15:52:04,MLLB_000_y1.0.3,RED,v4_red_MLLB_000_y103_0925,3.0,3.009,100,80,30,ince,False,iki-OK-arasi-monotonluk,,,,,,,,,,,,True,,935.0,4.0,9.5
2026-09-25 15:52:04,MLLB_000_y1.0.3,RED,v4_red_MLLB_000_y103_0925,3.0,3.009,100,80,31,ince,False,iki-OK-arasi-monotonluk,,,,,,,,,,,,True,,935.0,4.0,9.5
2026-09-25 15:52:04,MLLB_000_y1.0.3,RED,v4_red_MLLB_000_y103_0925,3.0,3.009,100,80,33,ince,False,iki-OK-arasi-monotonluk,,,,,,,,,,,,True,,935.0,4.0,9.5
2026-09-25 15:52:04,MLLB_000_y1.0.3,RED,v4_red_MLLB_000_y103_0925,3.0,3.009,100,80,34,ince,False,iki-OK-arasi-monotonluk,,,,,,,,,,,,True,,935.0,4.0,9.5
2026-09-25 15:52:04,MLLB_000_y1.0.3,RED,v4_red_MLLB_000_y103_0925,3.0,3.009,100,80,35,ince,False,iki-OK-arasi-monotonluk,,,,,,,,,,,,True,,935.0,4.0,9.5
2026-09-25 15:52:04,MLLB_000_y1.0.3,RED,v4_red_MLLB_000_y103_0925,3.0,3.009,100,80,37,ince,False,iki-OK-arasi-monotonluk,,,,,,,,,,,,True,,935.0,4.0,9.5
2026-09-25 15:52:04,MLLB_000_y1.0.3,RED,v4_red_MLLB_000_y103_0925,3.0,3.009,100,80,38,ince,False,iki-OK-arasi-monotonluk,,,,,,,,,,,,True,,935.0,4.0,9.5
2026-09-25 15:52:04,MLLB_000_y1.0.3,RED,v4_red_MLLB_000_y103_0925,3.0,3.009,100,80,39,ince,False,iki-OK-arasi-monotonluk,,,,,,,,,,,,True,,935.0,4.0,9.5
2026-09-25 15:52:04,MLLB_000_y1.0.3,RED,v4_red_MLLB_000_y103_0925,3.0,3.009,100,80,41,ince,False,iki-OK-arasi-monotonluk,,,,,,,,,,,,True,,935.0,4.0,9.5
2026-09-25 15:52:04,MLLB_000_y1.0.3,RED,v4_red_MLLB_000_y103_0925,3.0,3.009,100,80,42,ince,False,iki-OK-arasi-monotonluk,,,,,,,,,,,,True,,935.0,4.0,9.5
2026-09-25 15:52:04,MLLB_000_y1.0.3,RED,v4_red_MLLB_000_y103_0925,3.0,3.009,100,80,43,ince,False,iki-OK-arasi-monotonluk,,,,,,,,,,,,True,,935.0,4.0,9.5
2026-09-25 15:52:04,MLLB_000_y1.0.3,RED,v4_red_MLLB_000_y103_0925,3.0,3.009,100,80,45,ince,False,iki-OK-arasi-monotonluk,,,,,,,,,,,,True,,935.0,4.0,9.5
2026-09-25 15:52:04,MLLB_000_y1.0.3,RED,v4_red_MLLB_000_y103_0925,3.0,3.009,100,80,46,ince,False,iki-OK-arasi-monotonluk,,,,,,,,,,,,True,,935.0,4.0,9.5
2026-09-25 15:52:04,MLLB_000_y1.0.3,RED,v4_red_MLLB_000_y103_0925,3.0,3.009,100,80,47,ince,False,iki-OK-arasi-monotonluk,,,,,,,,,,,,True,,935.0,4.0,9.5
2026-09-25 15:52:04,MLLB_000_y1.0.3,RED,v4_red_MLLB_000_y103_0925,3.0,3.009,100,80,49,ince,False,iki-OK-arasi-monotonluk,,,,,,,,,,,,True,,935.0,4.0,9.5
2026-09-25 15:52:04,MLLB_000_y1.0.3,RED,v4_red_MLLB_000_y103_0925,3.0,3.009,100,80,50,ince,False,iki-OK-arasi-monotonluk,,,,,,,,,,,,True,,935.0,4.0,9.5
2026-09-25 15:52:04,MLLB_000_y1.0.3,RED,v4_red_MLLB_000_y103_0925,3.0,3.009,100,80,51,ince,False,iki-OK-arasi-monotonluk,,,,,,,,,,,,True,,935.0,4.0,9.5
2026-09-25 15:52:05,MLLB_000_y1.0.3,RED,v4_red_MLLB_000_y103_0925,3.0,3.009,100,80,53,ince,False,iki-OK-arasi-monotonluk,,,,,,,,,,,,True,,935.0,4.0,9.5
2026-09-25 15:52:05,MLLB_000_y1.0.3,RED,v4_red_MLLB_000_y103_0925,3.0,3.009,100,80,54,ince,False,iki-OK-arasi-monotonluk,,,,,,,,,,,,True,,935.0,4.0,9.5
2026-09-25 15:52:05,MLLB_000_y1.0.3,RED,v4_red_MLLB_000_y103_0925,3.0,3.009,100,80,55,ince,False,iki-OK-arasi-monotonluk,,,,,,,,,,,,True,,935.0,4.0,9.5
2026-09-25 15:52:05,MLLB_000_y1.0.3,RED,v4_red_MLLB_000_y103_0925,3.0,3.009,100,80,57,ince,False,iki-OK-arasi-monotonluk,,,,,,,,,,,,True,,935.0,4.0,9.5
2026-09-25 15:52:05,MLLB_000_y1.0.3,RED,v4_red_MLLB_000_y103_0925,3.0,3.009,100,80,,bitti,False,,,,,,,,,,,,,,,935.0,4.0,9.5
2026-09-25 15:52:20,MLLB_000_y1.0.3,RED,v4_red_MLLB_000_y103_0925,3.0,3.009,100,60,12,kaba,True,,26.0,28.0,6.0,976.0,1002.0,1.05,243.864,232.233,0.776,True,,True,,935.0,4.0,9.5
2026-09-25 15:52:36,MLLB_000_y1.0.3,RED,v4_red_MLLB_000_y103_0925,3.0,3.009,100,60,16,kaba,True,,26.0,28.0,6.0,976.0,1002.0,1.057,245.405,232.224,0.7759,True,,True,,935.0,4.0,9.5
2026-09-25 15:52:52,MLLB_000_y1.0.3,RED,v4_red_MLLB_000_y103_0925,3.0,3.009,100,60,20,kaba,True,,26.0,28.0,6.0,976.0,1002.0,1.063,246.961,232.233,0.776,True,,True,,935.0,4.0,9.5
2026-09-25 15:53:08,MLLB_000_y1.0.3,RED,v4_red_MLLB_000_y103_0925,3.0,3.009,100,60,24,kaba,True,,26.0,28.0,6.0,976.0,1002.0,1.063,246.947,232.416,0.7766,True,,True,,935.0,4.0,9.5
2026-09-25 15:53:24,MLLB_000_y1.0.3,RED,v4_red_MLLB_000_y103_0925,3.0,3.009,100,60,28,kaba,True,,26.0,28.0,6.0,976.0,1002.0,1.05,243.864,232.328,0.7766,True,,True,,935.0,4.0,9.5
2026-09-25 15:53:40,MLLB_000_y1.0.3,RED,v4_red_MLLB_000_y103_0925,3.0,3.009,100,60,32,kaba,True,,26.0,28.0,6.0,976.0,1002.0,1.066,247.719,232.374,0.7767,True,,True,,935.0,4.0,9.5
2026-09-25 15:53:56,MLLB_000_y1.0.3,RED,v4_red_MLLB_000_y103_0925,3.0,3.009,100,60,36,kaba,True,,26.0,28.0,6.0,976.0,1002.0,1.063,246.947,232.275,0.7761,True,,True,,935.0,4.0,9.5
2026-09-25 15:54:12,MLLB_000_y1.0.3,RED,v4_red_MLLB_000_y103_0925,3.0,3.009,100,60,40,kaba,True,,26.0,28.0,6.0,976.0,1002.0,1.05,243.864,232.343,0.7767,True,,True,,935.0,4.0,9.5
2026-09-25 15:54:28,MLLB_000_y1.0.3,RED,v4_red_MLLB_000_y103_0925,3.0,3.009,100,60,44,kaba,True,,26.0,28.0,6.0,976.0,1002.0,1.05,244.056,232.54,0.7761,True,,True,,935.0,4.0,9.5
2026-09-25 15:54:44,MLLB_000_y1.0.3,RED,v4_red_MLLB_000_y103_0925,3.0,3.009,100,60,48,kaba,True,,26.0,28.0,6.0,976.0,1002.0,1.05,243.967,232.37,0.776,True,,True,,935.0,4.0,9.5
2026-09-25 15:55:00,MLLB_000_y1.0.3,RED,v4_red_MLLB_000_y103_0925,3.0,3.009,100,60,52,kaba,True,,26.0,28.0,6.0,976.0,1002.0,1.049,243.864,232.437,0.7769,True,,True,,935.0,4.0,9.5
2026-09-25 15:55:16,MLLB_000_y1.0.3,RED,v4_red_MLLB_000_y103_0925,3.0,3.009,100,60,56,kaba,True,,26.0,28.0,6.0,976.0,1002.0,1.05,243.92,232.3,0.7767,True,,True,,935.0,4.0,9.5
2026-09-25 15:55:32,MLLB_000_y1.0.3,RED,v4_red_MLLB_000_y103_0925,3.0,3.009,100,60,58,kaba,True,,26.0,28.0,6.0,976.0,1002.0,1.05,243.864,232.259,0.777,True,,True,,935.0,4.0,9.5
2026-09-25 15:55:32,MLLB_000_y1.0.3,RED,v4_red_MLLB_000_y103_0925,3.0,3.009,100,60,13,ince,False,iki-OK-arasi-monotonluk,,,,,,,,,,,,True,,935.0,4.0,9.5
2026-09-25 15:55:32,MLLB_000_y1.0.3,RED,v4_red_MLLB_000_y103_0925,3.0,3.009,100,60,14,ince,False,iki-OK-arasi-monotonluk,,,,,,,,,,,,True,,935.0,4.0,9.5
2026-09-25 15:55:32,MLLB_000_y1.0.3,RED,v4_red_MLLB_000_y103_0925,3.0,3.009,100,60,15,ince,False,iki-OK-arasi-monotonluk,,,,,,,,,,,,True,,935.0,4.0,9.5
2026-09-25 15:55:32,MLLB_000_y1.0.3,RED,v4_red_MLLB_000_y103_0925,3.0,3.009,100,60,17,ince,False,iki-OK-arasi-monotonluk,,,,,,,,,,,,True,,935.0,4.0,9.5
2026-09-25 15:55:32,MLLB_000_y1.0.3,RED,v4_red_MLLB_000_y103_0925,3.0,3.009,100,60,18,ince,False,iki-OK-arasi-monotonluk,,,,,,,,,,,,True,,935.0,4.0,9.5
2026-09-25 15:55:32,MLLB_000_y1.0.3,RED,v4_red_MLLB_000_y103_0925,3.0,3.009,100,60,19,ince,False,iki-OK-arasi-monotonluk,,,,,,,,,,,,True,,935.0,4.0,9.5
2026-09-25 15:55:32,MLLB_000_y1.0.3,RED,v4_red_MLLB_000_y103_0925,3.0,3.009,100,60,21,ince,False,iki-OK-arasi-monotonluk,,,,,,,,,,,,True,,935.0,4.0,9.5
2026-09-25 15:55:32,MLLB_000_y1.0.3,RED,v4_red_MLLB_000_y103_0925,3.0,3.009,100,60,22,ince,False,iki-OK-arasi-monotonluk,,,,,,,,,,,,True,,935.0,4.0,9.5
2026-09-25 15:55:32,MLLB_000_y1.0.3,RED,v4_red_MLLB_000_y103_0925,3.0,3.009,100,60,23,ince,False,iki-OK-arasi-monotonluk,,,,,,,,,,,,True,,935.0,4.0,9.5
2026-09-25 15:55:32,MLLB_000_y1.0.3,RED,v4_red_MLLB_000_y103_0925,3.0,3.009,100,60,25,ince,False,iki-OK-arasi-monotonluk,,,,,,,,,,,,True,,935.0,4.0,9.5
2026-09-25 15:55:32,MLLB_000_y1.0.3,RED,v4_red_MLLB_000_y103_0925,3.0,3.009,100,60,26,ince,False,iki-OK-arasi-monotonluk,,,,,,,,,,,,True,,935.0,4.0,9.5
2026-09-25 15:55:32,MLLB_000_y1.0.3,RED,v4_red_MLLB_000_y103_0925,3.0,3.009,100,60,27,ince,False,iki-OK-arasi-monotonluk,,,,,,,,,,,,True,,935.0,4.0,9.5
2026-09-25 15:55:32,MLLB_000_y1.0.3,RED,v4_red_MLLB_000_y103_0925,3.0,3.009,100,60,29,ince,False,iki-OK-arasi-monotonluk,,,,,,,,,,,,True,,935.0,4.0,9.5
2026-09-25 15:55:32,MLLB_000_y1.0.3,RED,v4_red_MLLB_000_y103_0925,3.0,3.009,100,60,30,ince,False,iki-OK-arasi-monotonluk,,,,,,,,,,,,True,,935.0,4.0,9.5
2026-09-25 15:55:32,MLLB_000_y1.0.3,RED,v4_red_MLLB_000_y103_0925,3.0,3.009,100,60,31,ince,False,iki-OK-arasi-monotonluk,,,,,,,,,,,,True,,935.0,4.0,9.5
2026-09-25 15:55:32,MLLB_000_y1.0.3,RED,v4_red_MLLB_000_y103_0925,3.0,3.009,100,60,33,ince,False,iki-OK-arasi-monotonluk,,,,,,,,,,,,True,,935.0,4.0,9.5
2026-09-25 15:55:32,MLLB_000_y1.0.3,RED,v4_red_MLLB_000_y103_0925,3.0,3.009,100,60,34,ince,False,iki-OK-arasi-monotonluk,,,,,,,,,,,,True,,935.0,4.0,9.5
2026-09-25 15:55:32,MLLB_000_y1.0.3,RED,v4_red_MLLB_000_y103_0925,3.0,3.009,100,60,35,ince,False,iki-OK-arasi-monotonluk,,,,,,,,,,,,True,,935.0,4.0,9.5
2026-09-25 15:55:32,MLLB_000_y1.0.3,RED,v4_red_MLLB_000_y103_0925,3.0,3.009,100,60,37,ince,False,iki-OK-arasi-monotonluk,,,,,,,,,,,,True,,935.0,4.0,9.5
2026-09-25 15:55:32,MLLB_000_y1.0.3,RED,v4_red_MLLB_000_y103_0925,3.0,3.009,100,60,38,ince,False,iki-OK-arasi-monotonluk,,,,,,,,,,,,True,,935.0,4.0,9.5
2026-09-25 15:55:32,MLLB_000_y1.0.3,RED,v4_red_MLLB_000_y103_0925,3.0,3.009,100,60,39,ince,False,iki-OK-arasi-monotonluk,,,,,,,,,,,,True,,935.0,4.0,9.5
2026-09-25 15:55:32,MLLB_000_y1.0.3,RED,v4_red_MLLB_000_y103_0925,3.0,3.009,100,60,41,ince,False,iki-OK-arasi-monotonluk,,,,,,,,,,,,True,,935.0,4.0,9.5
2026-09-25 15:55:32,MLLB_000_y1.0.3,RED,v4_red_MLLB_000_y103_0925,3.0,3.009,100,60,42,ince,False,iki-OK-arasi-monotonluk,,,,,,,,,,,,True,,935.0,4.0,9.5
2026-09-25 15:55:32,MLLB_000_y1.0.3,RED,v4_red_MLLB_000_y103_0925,3.0,3.009,100,60,43,ince,False,iki-OK-arasi-monotonluk,,,,,,,,,,,,True,,935.0,4.0,9.5
2026-09-25 15:55:32,MLLB_000_y1.0.3,RED,v4_red_MLLB_000_y103_0925,3.0,3.009,100,60,45,ince,False,iki-OK-arasi-monotonluk,,,,,,,,,,,,True,,935.0,4.0,9.5
2026-09-25 15:55:32,MLLB_000_y1.0.3,RED,v4_red_MLLB_000_y103_0925,3.0,3.009,100,60,46,ince,False,iki-OK-arasi-monotonluk,,,,,,,,,,,,True,,935.0,4.0,9.5
2026-09-25 15:55:32,MLLB_000_y1.0.3,RED,v4_red_MLLB_000_y103_0925,3.0,3.009,100,60,47,ince,False,iki-OK-arasi-monotonluk,,,,,,,,,,,,True,,935.0,4.0,9.5
2026-09-25 15:55:32,MLLB_000_y1.0.3,RED,v4_red_MLLB_000_y103_0925,3.0,3.009,100,60,49,ince,False,iki-OK-arasi-monotonluk,,,,,,,,,,,,True,,935.0,4.0,9.5
2026-09-25 15:55:32,MLLB_000_y1.0.3,RED,v4_red_MLLB_000_y103_0925,3.0,3.009,100,60,50,ince,False,iki-OK-arasi-monotonluk,,,,,,,,,,,,True,,935.0,4.0,9.5
2026-09-25 15:55:32,MLLB_000_y1.0.3,RED,v4_red_MLLB_000_y103_0925,3.0,3.009,100,60,51,ince,False,iki-OK-arasi-monotonluk,,,,,,,,,,,,True,,935.0,4.0,9.5
2026-09-25 15:55:32,MLLB_000_y1.0.3,RED,v4_red_MLLB_000_y103_0925,3.0,3.009,100,60,53,ince,False,iki-OK-arasi-monotonluk,,,,,,,,,,,,True,,935.0,4.0,9.5
2026-09-25 15:55:32,MLLB_000_y1.0.3,RED,v4_red_MLLB_000_y103_0925,3.0,3.009,100,60,54,ince,False,iki-OK-arasi-monotonluk,,,,,,,,,,,,True,,935.0,4.0,9.5
2026-09-25 15:55:32,MLLB_000_y1.0.3,RED,v4_red_MLLB_000_y103_0925,3.0,3.009,100,60,55,ince,False,iki-OK-arasi-monotonluk,,,,,,,,,,,,True,,935.0,4.0,9.5
2026-09-25 15:55:32,MLLB_000_y1.0.3,RED,v4_red_MLLB_000_y103_0925,3.0,3.009,100,60,57,ince,False,iki-OK-arasi-monotonluk,,,,,,,,,,,,True,,935.0,4.0,9.5
2026-09-25 15:55:32,MLLB_000_y1.0.3,RED,v4_red_MLLB_000_y103_0925,3.0,3.009,100,60,,bitti,False,,,,,,,,,,,,,,,935.0,4.0,9.5
2026-09-25 15:56:02,MLLB_000_y1.0.3,RED,v4_red_MLLB_000_y103_0925,2.8,2.809,6,100,12,kaba,True,,230.0,86.0,190.0,772.0,1002.0,1.077,10.417,9.67,0.7255,True,,False,ON,935.0,4.0,9.5
2026-09-25 15:56:14,MLLB_000_y1.0.3,RED,v4_red_MLLB_000_y103_0925,2.8,2.809,6,100,16,kaba,True,,144.0,96.0,104.0,858.0,1002.0,1.076,10.417,9.677,0.7254,True,,False,ON,935.0,4.0,9.5
2026-09-25 15:56:30,MLLB_000_y1.0.3,RED,v4_red_MLLB_000_y103_0925,2.8,2.809,6,100,20,kaba,True,,56.0,90.0,18.0,946.0,1002.0,1.074,10.417,9.703,0.7242,True,,True,,935.0,4.0,9.5
2026-09-25 15:56:46,MLLB_000_y1.0.3,RED,v4_red_MLLB_000_y103_0925,2.8,2.809,6,100,24,kaba,True,,28.0,26.0,10.0,974.0,1002.0,4.782,46.423,9.708,0.7244,True,,False,FLAS,935.0,4.0,9.5
2026-09-25 15:57:02,MLLB_000_y1.0.3,RED,v4_red_MLLB_000_y103_0925,2.8,2.809,6,100,28,kaba,True,,28.0,26.0,10.0,974.0,1002.0,10.164,98.427,9.684,0.7252,True,,False,FLAS,935.0,4.0,9.5
2026-09-25 15:57:18,MLLB_000_y1.0.3,RED,v4_red_MLLB_000_y103_0925,2.8,2.809,6,100,17,ince,True,,124.0,78.0,82.0,878.0,1002.0,1.077,10.417,9.67,0.7257,True,,False,ON,935.0,4.0,9.5
2026-09-25 15:57:34,MLLB_000_y1.0.3,RED,v4_red_MLLB_000_y103_0925,2.8,2.809,6,100,18,ince,True,,102.0,108.0,60.0,900.0,1002.0,1.075,10.417,9.694,0.7245,True,,False,ON,935.0,4.0,9.5
2026-09-25 15:57:50,MLLB_000_y1.0.3,RED,v4_red_MLLB_000_y103_0925,2.8,2.809,6,100,19,ince,True,,80.0,110.0,38.0,922.0,1002.0,1.076,10.417,9.685,0.7244,True,,False,ON,935.0,4.0,9.5
2026-09-25 15:58:06,MLLB_000_y1.0.3,RED,v4_red_MLLB_000_y103_0925,2.8,2.809,6,100,21,ince,True,,30.0,94.0,10.0,972.0,1002.0,1.207,11.702,9.691,0.7239,True,,True,,935.0,4.0,9.5
2026-09-25 15:58:22,MLLB_000_y1.0.3,RED,v4_red_MLLB_000_y103_0925,2.8,2.809,6,100,22,ince,True,,28.0,26.0,10.0,974.0,1002.0,2.412,23.417,9.71,0.7234,True,,True,,935.0,4.0,9.5
2026-09-25 15:58:38,MLLB_000_y1.0.3,RED,v4_red_MLLB_000_y103_0925,2.8,2.809,6,100,23,ince,True,,28.0,26.0,10.0,974.0,1002.0,3.789,36.803,9.713,0.7243,True,,True,,935.0,4.0,9.5
2026-09-25 15:58:38,MLLB_000_y1.0.3,RED,v4_red_MLLB_000_y103_0925,2.8,2.809,6,100,,bitti,False,,,,,,,,,,,,,,,935.0,4.0,9.5
2026-09-25 15:58:54,MLLB_000_y1.0.3,RED,v4_red_MLLB_000_y103_0925,2.8,2.809,6,80,12,kaba,True,,272.0,74.0,230.0,730.0,1002.0,1.078,10.417,9.659,0.7227,True,,False,ON,935.0,4.0,9.5
2026-09-25 15:59:10,MLLB_000_y1.0.3,RED,v4_red_MLLB_000_y103_0925,2.8,2.809,6,80,16,kaba,True,,204.0,90.0,162.0,798.0,1002.0,1.075,10.417,9.691,0.7219,True,,False,ON,935.0,4.0,9.5
2026-09-25 15:59:26,MLLB_000_y1.0.3,RED,v4_red_MLLB_000_y103_0925,2.8,2.809,6,80,20,kaba,True,,132.0,70.0,90.0,870.0,1002.0,1.067,10.325,9.674,0.7208,True,,False,ON,935.0,4.0,9.5
2026-09-25 15:59:42,MLLB_000_y1.0.3,RED,v4_red_MLLB_000_y103_0925,2.8,2.809,6,80,24,kaba,True,,62.0,102.0,22.0,940.0,1002.0,1.074,10.431,9.712,0.7227,True,,True,,935.0,4.0,9.5
2026-09-25 15:59:58,MLLB_000_y1.0.3,RED,v4_red_MLLB_000_y103_0925,2.8,2.809,6,80,28,kaba,True,,32.0,26.0,14.0,970.0,1002.0,3.921,38.091,9.714,0.7238,True,,True,,935.0,4.0,9.5
2026-09-25 16:00:14,MLLB_000_y1.0.3,RED,v4_red_MLLB_000_y103_0925,2.8,2.809,6,80,32,kaba,True,,32.0,26.0,14.0,970.0,1002.0,6.37,61.712,9.688,0.7239,True,,False,FLAS,935.0,4.0,9.5
2026-09-25 16:00:30,MLLB_000_y1.0.3,RED,v4_red_MLLB_000_y103_0925,2.8,2.809,6,80,36,kaba,True,,32.0,26.0,14.0,970.0,1002.0,11.472,111.229,9.696,0.7219,True,,False,FLAS,935.0,4.0,9.5
2026-09-25 16:00:46,MLLB_000_y1.0.3,RED,v4_red_MLLB_000_y103_0925,2.8,2.809,6,80,21,ince,True,,116.0,78.0,74.0,886.0,1002.0,1.074,10.417,9.698,0.723,True,,False,ON,935.0,4.0,9.5
2026-09-25 16:01:02,MLLB_000_y1.0.3,RED,v4_red_MLLB_000_y103_0925,2.8,2.809,6,80,22,ince,True,,98.0,78.0,58.0,904.0,1002.0,1.075,10.417,9.687,0.7217,True,,False,ON,935.0,4.0,9.5
2026-09-25 16:01:18,MLLB_000_y1.0.3,RED,v4_red_MLLB_000_y103_0925,2.8,2.809,6,80,23,ince,True,,80.0,110.0,38.0,922.0,1002.0,1.068,10.351,9.69,0.7223,True,,False,ON,935.0,4.0,9.5
2026-09-25 16:01:18,MLLB_000_y1.0.3,RED,v4_red_MLLB_000_y103_0925,2.8,2.809,6,80,25,ince,False,iki-OK-arasi-monotonluk,,,,,,,,,,,,True,,935.0,4.0,9.5
2026-09-25 16:01:18,MLLB_000_y1.0.3,RED,v4_red_MLLB_000_y103_0925,2.8,2.809,6,80,26,ince,False,iki-OK-arasi-monotonluk,,,,,,,,,,,,True,,935.0,4.0,9.5
2026-09-25 16:01:18,MLLB_000_y1.0.3,RED,v4_red_MLLB_000_y103_0925,2.8,2.809,6,80,27,ince,False,iki-OK-arasi-monotonluk,,,,,,,,,,,,True,,935.0,4.0,9.5
2026-09-25 16:01:34,MLLB_000_y1.0.3,RED,v4_red_MLLB_000_y103_0925,2.8,2.809,6,80,29,ince,True,,32.0,26.0,14.0,970.0,1002.0,4.791,46.466,9.7,0.7251,True,,False,FLAS,935.0,4.0,9.5
2026-09-25 16:01:50,MLLB_000_y1.0.3,RED,v4_red_MLLB_000_y103_0925,2.8,2.809,6,80,30,ince,True,,32.0,26.0,14.0,970.0,1002.0,5.367,52.161,9.718,0.7235,True,,False,FLAS,935.0,4.0,9.5
2026-09-25 16:02:06,MLLB_000_y1.0.3,RED,v4_red_MLLB_000_y103_0925,2.8,2.809,6,80,31,ince,True,,32.0,26.0,14.0,970.0,1002.0,5.808,56.405,9.711,0.722,True,,False,FLAS,935.0,4.0,9.5
2026-09-25 16:02:06,MLLB_000_y1.0.3,RED,v4_red_MLLB_000_y103_0925,2.8,2.809,6,80,,bitti,False,,,,,,,,,,,,,,,935.0,4.0,9.5
2026-09-25 16:02:22,MLLB_000_y1.0.3,RED,v4_red_MLLB_000_y103_0925,2.8,2.809,6,60,12,kaba,True,,318.0,70.0,278.0,684.0,1002.0,1.084,10.417,9.612,0.7217,True,,False,ON,935.0,4.0,9.5
2026-09-25 16:02:38,MLLB_000_y1.0.3,RED,v4_red_MLLB_000_y103_0925,2.8,2.809,6,60,16,kaba,True,,268.0,86.0,226.0,734.0,1002.0,1.079,10.417,9.65,0.7219,True,,False,ON,935.0,4.0,9.5
2026-09-25 16:02:54,MLLB_000_y1.0.3,RED,v4_red_MLLB_000_y103_0925,2.8,2.809,6,60,20,kaba,True,,218.0,70.0,178.0,784.0,1002.0,1.077,10.417,9.67,0.72,True,,False,ON,935.0,4.0,9.5
2026-09-25 16:03:10,MLLB_000_y1.0.3,RED,v4_red_MLLB_000_y103_0925,2.8,2.809,6,60,24,kaba,True,,166.0,78.0,126.0,836.0,1002.0,1.075,10.417,9.687,0.7223,True,,False,ON,935.0,4.0,9.5
2026-09-25 16:03:26,MLLB_000_y1.0.3,RED,v4_red_MLLB_000_y103_0925,2.8,2.809,6,60,28,kaba,True,,116.0,86.0,74.0,886.0,1002.0,1.074,10.417,9.699,0.7226,True,,False,ON,935.0,4.0,9.5
2026-09-25 16:03:42,MLLB_000_y1.0.3,RED,v4_red_MLLB_000_y103_0925,2.8,2.809,6,60,32,kaba,True,,60.0,98.0,26.0,942.0,1002.0,1.075,10.417,9.688,0.7221,True,,True,,935.0,4.0,9.5
2026-09-25 16:03:58,MLLB_000_y1.0.3,RED,v4_red_MLLB_000_y103_0925,2.8,2.809,6,60,36,kaba,True,,40.0,26.0,22.0,962.0,1002.0,3.197,30.967,9.688,0.7217,True,,True,,935.0,4.0,9.5
2026-09-25 16:04:14,MLLB_000_y1.0.3,RED,v4_red_MLLB_000_y103_0925,2.8,2.809,6,60,40,kaba,True,,40.0,26.0,22.0,962.0,1002.0,5.372,52.018,9.684,0.724,True,,False,FLAS,935.0,4.0,9.5
2026-09-25 16:04:30,MLLB_000_y1.0.3,RED,v4_red_MLLB_000_y103_0925,2.8,2.809,6,60,44,kaba,True,,40.0,26.0,22.0,962.0,1002.0,7.98,77.403,9.7,0.7239,True,,False,FLAS,935.0,4.0,9.5
2026-09-25 16:04:46,MLLB_000_y1.0.3,RED,v4_red_MLLB_000_y103_0925,2.8,2.809,6,60,29,ince,True,,102.0,94.0,62.0,900.0,1002.0,1.075,10.417,9.688,0.7228,True,,False,ON,935.0,4.0,9.5
2026-09-25 16:04:59,MLLB_000_y1.0.3,RED,v4_red_MLLB_000_y103_0925,2.8,2.809,6,60,30,ince,True,,88.0,78.0,46.0,914.0,1002.0,1.077,10.417,9.675,0.7213,True,,False,ON,935.0,4.0,9.5
2026-09-25 16:05:14,MLLB_000_y1.0.3,RED,v4_red_MLLB_000_y103_0925,2.8,2.809,6,60,31,ince,True,,76.0,122.0,34.0,926.0,1002.0,1.066,10.344,9.702,0.7223,True,,False,ON,935.0,4.0,9.5
2026-09-25 16:05:15,MLLB_000_y1.0.3,RED,v4_red_MLLB_000_y103_0925,2.8,2.809,6,60,33,ince,False,iki-OK-arasi-monotonluk,,,,,,,,,,,,True,,935.0,4.0,9.5
2026-09-25 16:05:15,MLLB_000_y1.0.3,RED,v4_red_MLLB_000_y103_0925,2.8,2.809,6,60,34,ince,False,iki-OK-arasi-monotonluk,,,,,,,,,,,,True,,935.0,4.0,9.5
2026-09-25 16:05:15,MLLB_000_y1.0.3,RED,v4_red_MLLB_000_y103_0925,2.8,2.809,6,60,35,ince,False,iki-OK-arasi-monotonluk,,,,,,,,,,,,True,,935.0,4.0,9.5
2026-09-25 16:05:30,MLLB_000_y1.0.3,RED,v4_red_MLLB_000_y103_0925,2.8,2.809,6,60,37,ince,True,,40.0,26.0,22.0,962.0,1002.0,3.937,38.202,9.704,0.7198,True,,True,,935.0,4.0,9.5
2026-09-25 16:05:46,MLLB_000_y1.0.3,RED,v4_red_MLLB_000_y103_0925,2.8,2.809,6,60,38,ince,True,,40.0,26.0,22.0,962.0,1002.0,4.529,44.001,9.715,0.7222,True,,False,FLAS,935.0,4.0,9.5
2026-09-25 16:06:02,MLLB_000_y1.0.3,RED,v4_red_MLLB_000_y103_0925,2.8,2.809,6,60,39,ince,True,,40.0,26.0,22.0,962.0,1002.0,5.005,48.546,9.699,0.724,True,,False,FLAS,935.0,4.0,9.5
2026-09-25 16:06:03,MLLB_000_y1.0.3,RED,v4_red_MLLB_000_y103_0925,2.8,2.809,6,60,,bitti,False,,,,,,,,,,,,,,,935.0,4.0,9.5
2026-09-25 16:06:24,MLLB_000_y1.0.3,RED,v4_red_MLLB_000_y103_0925,2.8,2.809,7,100,12,kaba,True,,190.0,62.0,154.0,812.0,1002.0,1.066,12.765,11.976,0.7772,True,,False,ON,935.0,4.0,9.5
2026-09-25 16:06:40,MLLB_000_y1.0.3,RED,v4_red_MLLB_000_y103_0925,2.8,2.809,7,100,16,kaba,True,,120.0,66.0,86.0,882.0,1002.0,1.06,12.717,12.0,0.777,True,,False,ON,935.0,4.0,9.5
2026-09-25 16:06:56,MLLB_000_y1.0.3,RED,v4_red_MLLB_000_y103_0925,2.8,2.809,7,100,20,kaba,True,,50.0,58.0,18.0,952.0,1002.0,1.06,12.722,12.008,0.777,True,,True,,935.0,4.0,9.5
2026-09-25 16:07:12,MLLB_000_y1.0.3,RED,v4_red_MLLB_000_y103_0925,2.8,2.809,7,100,24,kaba,True,,30.0,28.0,10.0,972.0,1002.0,3.905,46.883,12.007,0.7742,True,,True,,935.0,4.0,9.5
2026-09-25 16:07:28,MLLB_000_y1.0.3,RED,v4_red_MLLB_000_y103_0925,2.8,2.809,7,100,28,kaba,True,,30.0,28.0,10.0,972.0,1002.0,8.373,100.684,12.025,0.7766,True,,False,FLAS,935.0,4.0,9.5
2026-09-25 16:07:44,MLLB_000_y1.0.3,RED,v4_red_MLLB_000_y103_0925,2.8,2.809,7,100,17,ince,True,,102.0,58.0,70.0,900.0,1002.0,1.061,12.717,11.986,0.7766,True,,False,ON,935.0,4.0,9.5
2026-09-25 16:08:00,MLLB_000_y1.0.3,RED,v4_red_MLLB_000_y103_0925,2.8,2.809,7,100,18,ince,True,,86.0,56.0,52.0,916.0,1002.0,1.06,12.717,12.002,0.7765,True,,False,ON,935.0,4.0,9.5
2026-09-25 16:08:16,MLLB_000_y1.0.3,RED,v4_red_MLLB_000_y103_0925,2.8,2.809,7,100,19,ince,True,,68.0,62.0,34.0,934.0,1002.0,1.066,12.81,12.016,0.7769,True,,False,ON,935.0,4.0,9.5
2026-09-25 16:08:16,MLLB_000_y1.0.3,RED,v4_red_MLLB_000_y103_0925,2.8,2.809,7,100,21,ince,False,iki-OK-arasi-monotonluk,,,,,,,,,,,,True,,935.0,4.0,9.5
2026-09-25 16:08:16,MLLB_000_y1.0.3,RED,v4_red_MLLB_000_y103_0925,2.8,2.809,7,100,22,ince,False,iki-OK-arasi-monotonluk,,,,,,,,,,,,True,,935.0,4.0,9.5
2026-09-25 16:08:16,MLLB_000_y1.0.3,RED,v4_red_MLLB_000_y103_0925,2.8,2.809,7,100,23,ince,False,iki-OK-arasi-monotonluk,,,,,,,,,,,,True,,935.0,4.0,9.5
2026-09-25 16:08:32,MLLB_000_y1.0.3,RED,v4_red_MLLB_000_y103_0925,2.8,2.809,7,100,25,ince,True,,30.0,28.0,10.0,972.0,1002.0,4.48,53.703,11.988,0.7769,True,,False,FLAS,935.0,4.0,9.5
2026-09-25 16:08:48,MLLB_000_y1.0.3,RED,v4_red_MLLB_000_y103_0925,2.8,2.809,7,100,26,ince,True,,30.0,28.0,10.0,972.0,1002.0,4.988,59.838,11.995,0.7769,True,,False,FLAS,935.0,4.0,9.5
2026-09-25 16:09:04,MLLB_000_y1.0.3,RED,v4_red_MLLB_000_y103_0925,2.8,2.809,7,100,27,ince,True,,30.0,28.0,10.0,972.0,1002.0,6.896,82.759,12.001,0.7764,True,,False,FLAS,935.0,4.0,9.5
2026-09-25 16:09:05,MLLB_000_y1.0.3,RED,v4_red_MLLB_000_y103_0925,2.8,2.809,7,100,,bitti,False,,,,,,,,,,,,,,,935.0,4.0,9.5
2026-09-25 16:09:20,MLLB_000_y1.0.3,RED,v4_red_MLLB_000_y103_0925,2.8,2.809,7,80,12,kaba,True,,222.0,58.0,190.0,780.0,1002.0,1.065,12.717,11.946,0.7767,True,,False,ON,935.0,4.0,9.5
2026-09-25 16:09:36,MLLB_000_y1.0.3,RED,v4_red_MLLB_000_y103_0925,2.8,2.809,7,80,16,kaba,True,,166.0,58.0,134.0,836.0,1002.0,1.064,12.74,11.978,0.7766,True,,False,ON,935.0,4.0,9.5
2026-09-25 16:09:52,MLLB_000_y1.0.3,RED,v4_red_MLLB_000_y103_0925,2.8,2.809,7,80,20,kaba,True,,112.0,58.0,78.0,890.0,1002.0,1.068,12.81,11.998,0.7766,True,,False,ON,935.0,4.0,9.5
2026-09-25 16:10:08,MLLB_000_y1.0.3,RED,v4_red_MLLB_000_y103_0925,2.8,2.809,7,80,24,kaba,True,,54.0,58.0,22.0,948.0,1002.0,1.059,12.717,12.008,0.7763,True,,True,,935.0,4.0,9.5
2026-09-25 16:10:24,MLLB_000_y1.0.3,RED,v4_red_MLLB_000_y103_0925,2.8,2.809,7,80,28,kaba,True,,34.0,28.0,14.0,968.0,1002.0,3.187,38.202,11.988,0.7771,True,,True,,935.0,4.0,9.5
2026-09-25 16:10:40,MLLB_000_y1.0.3,RED,v4_red_MLLB_000_y103_0925,2.8,2.809,7,80,32,kaba,True,,34.0,28.0,14.0,968.0,1002.0,5.148,61.927,12.03,0.7771,True,,False,FLAS,935.0,4.0,9.5
2026-09-25 16:10:56,MLLB_000_y1.0.3,RED,v4_red_MLLB_000_y103_0925,2.8,2.809,7,80,36,kaba,True,,34.0,28.0,14.0,968.0,1002.0,9.276,111.278,11.997,0.7767,True,,False,FLAS,935.0,4.0,9.5
2026-09-25 16:11:12,MLLB_000_y1.0.3,RED,v4_red_MLLB_000_y103_0925,2.8,2.809,7,80,21,ince,True,,98.0,60.0,64.0,904.0,1002.0,1.061,12.717,11.987,0.7777,True,,False,ON,935.0,4.0,9.5
2026-09-25 16:11:28,MLLB_000_y1.0.3,RED,v4_red_MLLB_000_y103_0925,2.8,2.809,7,80,22,ince,True,,84.0,58.0,50.0,918.0,1002.0,1.059,12.717,12.005,0.7769,True,,False,ON,935.0,4.0,9.5
2026-09-25 16:11:44,MLLB_000_y1.0.3,RED,v4_red_MLLB_000_y103_0925,2.8,2.809,7,80,23,ince,True,,70.0,62.0,34.0,932.0,1002.0,1.066,12.81,12.02,0.7774,True,,False,ON,935.0,4.0,9.5
2026-09-25 16:11:45,MLLB_000_y1.0.3,RED,v4_red_MLLB_000_y103_0925,2.8,2.809,7,80,25,ince,False,iki-OK-arasi-monotonluk,,,,,,,,,,,,True,,935.0,4.0,9.5
2026-09-25 16:11:45,MLLB_000_y1.0.3,RED,v4_red_MLLB_000_y103_0925,2.8,2.809,7,80,26,ince,False,iki-OK-arasi-monotonluk,,,,,,,,,,,,True,,935.0,4.0,9.5
2026-09-25 16:11:45,MLLB_000_y1.0.3,RED,v4_red_MLLB_000_y103_0925,2.8,2.809,7,80,27,ince,False,iki-OK-arasi-monotonluk,,,,,,,,,,,,True,,935.0,4.0,9.5
2026-09-25 16:12:00,MLLB_000_y1.0.3,RED,v4_red_MLLB_000_y103_0925,2.8,2.809,7,80,29,ince,True,,34.0,28.0,14.0,968.0,1002.0,3.86,46.305,11.996,0.777,True,,True,,935.0,4.0,9.5
2026-09-25 16:12:16,MLLB_000_y1.0.3,RED,v4_red_MLLB_000_y103_0925,2.8,2.809,7,80,30,ince,True,,34.0,28.0,14.0,968.0,1002.0,4.342,52.128,12.004,0.7775,True,,False,FLAS,935.0,4.0,9.5
2026-09-25 16:12:32,MLLB_000_y1.0.3,RED,v4_red_MLLB_000_y103_0925,2.8,2.809,7,80,31,ince,True,,34.0,28.0,14.0,968.0,1002.0,4.684,56.174,11.993,0.7774,True,,False,FLAS,935.0,4.0,9.5
2026-09-25 16:12:33,MLLB_000_y1.0.3,RED,v4_red_MLLB_000_y103_0925,2.8,2.809,7,80,,bitti,False,,,,,,,,,,,,,,,935.0,4.0,9.5
2026-09-25 16:12:48,MLLB_000_y1.0.3,RED,v4_red_MLLB_000_y103_0925,2.8,2.809,7,60,12,kaba,True,,258.0,54.0,226.0,744.0,1002.0,1.071,12.81,11.955,0.7769,True,,False,ON,935.0,4.0,9.5
2026-09-25 16:13:04,MLLB_000_y1.0.3,RED,v4_red_MLLB_000_y103_0925,2.8,2.809,7,60,16,kaba,True,,218.0,58.0,186.0,784.0,1002.0,1.064,12.718,11.958,0.7773,True,,False,ON,935.0,4.0,9.5
2026-09-25 16:13:20,MLLB_000_y1.0.3,RED,v4_red_MLLB_000_y103_0925,2.8,2.809,7,60,20,kaba,True,,178.0,58.0,146.0,824.0,1002.0,1.066,12.764,11.974,0.777,True,,False,ON,935.0,4.0,9.5
2026-09-25 16:13:36,MLLB_000_y1.0.3,RED,v4_red_MLLB_000_y103_0925,2.8,2.809,7,60,24,kaba,True,,138.0,54.0,106.0,864.0,1002.0,1.063,12.746,11.993,0.7772,True,,False,ON,935.0,4.0,9.5
2026-09-25 16:13:52,MLLB_000_y1.0.3,RED,v4_red_MLLB_000_y103_0925,2.8,2.809,7,60,28,kaba,True,,98.0,58.0,66.0,904.0,1002.0,1.066,12.81,12.014,0.7766,True,,False,ON,935.0,4.0,9.5
2026-09-25 16:14:08,MLLB_000_y1.0.3,RED,v4_red_MLLB_000_y103_0925,2.8,2.809,7,60,32,kaba,True,,54.0,54.0,26.0,948.0,1002.0,1.06,12.728,12.008,0.7771,True,,True,,935.0,4.0,9.5
2026-09-25 16:14:24,MLLB_000_y1.0.3,RED,v4_red_MLLB_000_y103_0925,2.8,2.809,7,60,36,kaba,True,,42.0,28.0,22.0,960.0,1002.0,2.59,31.068,11.996,0.7767,True,,True,,935.0,4.0,9.5
2026-09-25 16:14:40,MLLB_000_y1.0.3,RED,v4_red_MLLB_000_y103_0925,2.8,2.809,7,60,40,kaba,True,,42.0,28.0,22.0,960.0,1002.0,4.332,52.018,12.008,0.7773,True,,False,FLAS,935.0,4.0,9.5
2026-09-25 16:14:56,MLLB_000_y1.0.3,RED,v4_red_MLLB_000_y103_0925,2.8,2.809,7,60,44,kaba,True,,42.0,28.0,22.0,960.0,1002.0,6.437,77.403,12.024,0.7771,True,,False,FLAS,935.0,4.0,9.5
2026-09-25 16:15:12,MLLB_000_y1.0.3,RED,v4_red_MLLB_000_y103_0925,2.8,2.809,7,60,29,ince,True,,88.0,58.0,54.0,914.0,1002.0,1.062,12.751,12.006,0.7765,True,,False,ON,935.0,4.0,9.5
2026-09-25 16:15:28,MLLB_000_y1.0.3,RED,v4_red_MLLB_000_y103_0925,2.8,2.809,7,60,30,ince,True,,78.0,62.0,42.0,924.0,1002.0,1.061,12.736,12.008,0.7769,True,,False,ON,935.0,4.0,9.5
2026-09-25 16:15:44,MLLB_000_y1.0.3,RED,v4_red_MLLB_000_y103_0925,2.8,2.809,7,60,31,ince,True,,66.0,64.0,32.0,936.0,1002.0,1.065,12.81,12.03,0.7768,True,,True,,935.0,4.0,9.5
2026-09-25 16:15:44,MLLB_000_y1.0.3,RED,v4_red_MLLB_000_y103_0925,2.8,2.809,7,60,33,ince,False,iki-OK-arasi-monotonluk,,,,,,,,,,,,True,,935.0,4.0,9.5
2026-09-25 16:15:44,MLLB_000_y1.0.3,RED,v4_red_MLLB_000_y103_0925,2.8,2.809,7,60,34,ince,False,iki-OK-arasi-monotonluk,,,,,,,,,,,,True,,935.0,4.0,9.5
2026-09-25 16:15:44,MLLB_000_y1.0.3,RED,v4_red_MLLB_000_y103_0925,2.8,2.809,7,60,35,ince,False,iki-OK-arasi-monotonluk,,,,,,,,,,,,True,,935.0,4.0,9.5
2026-09-25 16:16:00,MLLB_000_y1.0.3,RED,v4_red_MLLB_000_y103_0925,2.8,2.809,7,60,37,ince,True,,42.0,28.0,22.0,960.0,1002.0,3.155,37.786,11.975,0.7773,True,,True,,935.0,4.0,9.5
2026-09-25 16:16:16,MLLB_000_y1.0.3,RED,v4_red_MLLB_000_y103_0925,2.8,2.809,7,60,38,ince,True,,42.0,28.0,22.0,960.0,1002.0,3.664,44.001,12.009,0.7771,True,,True,,935.0,4.0,9.5
2026-09-25 16:16:29,MLLB_000_y1.0.3,RED,v4_red_MLLB_000_y103_0925,2.8,2.809,7,60,39,ince,True,,42.0,28.0,22.0,960.0,1002.0,4.042,48.391,11.971,0.7767,True,,False,FLAS,935.0,4.0,9.5
2026-09-25 16:16:29,MLLB_000_y1.0.3,RED,v4_red_MLLB_000_y103_0925,2.8,2.809,7,60,,bitti,False,,,,,,,,,,,,,,,935.0,4.0,9.5
2026-09-25 16:16:52,MLLB_000_y1.0.3,RED,v4_red_MLLB_000_y103_0925,2.8,2.809,8,100,12,kaba,True,,160.0,46.0,130.0,842.0,1002.0,1.05,15.212,14.488,0.7771,True,,False,ON,935.0,4.0,9.5
2026-09-25 16:17:08,MLLB_000_y1.0.3,RED,v4_red_MLLB_000_y103_0925,2.8,2.809,8,100,16,kaba,True,,102.0,46.0,74.0,900.0,1002.0,1.06,15.234,14.371,0.7771,True,,False,ON,935.0,4.0,9.5
2026-09-25 16:17:24,MLLB_000_y1.0.3,RED,v4_red_MLLB_000_y103_0925,2.8,2.809,8,100,20,kaba,True,,46.0,42.0,16.0,956.0,1002.0,1.059,15.234,14.384,0.777,True,,True,,935.0,4.0,9.5
2026-09-25 16:17:40,MLLB_000_y1.0.3,RED,v4_red_MLLB_000_y103_0925,2.8,2.809,8,100,24,kaba,True,,30.0,28.0,10.0,972.0,1002.0,3.243,46.686,14.394,0.7767,True,,True,,935.0,4.0,9.5
2026-09-25 16:17:56,MLLB_000_y1.0.3,RED,v4_red_MLLB_000_y103_0925,2.8,2.809,8,100,28,kaba,True,,30.0,28.0,10.0,972.0,1002.0,7.002,100.684,14.38,0.7769,True,,False,FLAS,935.0,4.0,9.5
2026-09-25 16:18:12,MLLB_000_y1.0.3,RED,v4_red_MLLB_000_y103_0925,2.8,2.809,8,100,32,kaba,True,,30.0,28.0,10.0,972.0,1002.0,9.734,139.945,14.378,0.777,True,,False,FLAS,935.0,4.0,9.5
2026-09-25 16:18:28,MLLB_000_y1.0.3,RED,v4_red_MLLB_000_y103_0925,2.8,2.809,8,100,17,ince,True,,88.0,42.0,60.0,914.0,1002.0,1.06,15.234,14.374,0.7766,True,,False,ON,935.0,4.0,9.5
2026-09-25 16:18:44,MLLB_000_y1.0.3,RED,v4_red_MLLB_000_y103_0925,2.8,2.809,8,100,18,ince,True,,74.0,46.0,46.0,928.0,1002.0,1.058,15.234,14.397,0.7769,True,,False,ON,935.0,4.0,9.5
2026-09-25 16:19:00,MLLB_000_y1.0.3,RED,v4_red_MLLB_000_y103_0925,2.8,2.809,8,100,19,ince,True,,60.0,44.0,30.0,942.0,1002.0,1.058,15.234,14.394,0.7771,True,,True,,935.0,4.0,9.5
2026-09-25 16:19:00,MLLB_000_y1.0.3,RED,v4_red_MLLB_000_y103_0925,2.8,2.809,8,100,21,ince,False,iki-OK-arasi-monotonluk,,,,,,,,,,,,True,,935.0,4.0,9.5
2026-09-25 16:19:00,MLLB_000_y1.0.3,RED,v4_red_MLLB_000_y103_0925,2.8,2.809,8,100,22,ince,False,iki-OK-arasi-monotonluk,,,,,,,,,,,,True,,935.0,4.0,9.5
2026-09-25 16:19:00,MLLB_000_y1.0.3,RED,v4_red_MLLB_000_y103_0925,2.8,2.809,8,100,23,ince,False,iki-OK-arasi-monotonluk,,,,,,,,,,,,True,,935.0,4.0,9.5
2026-09-25 16:19:16,MLLB_000_y1.0.3,RED,v4_red_MLLB_000_y103_0925,2.8,2.809,8,100,25,ince,True,,30.0,28.0,10.0,972.0,1002.0,3.737,53.783,14.392,0.7772,True,,True,,935.0,4.0,9.5
2026-09-25 16:19:29,MLLB_000_y1.0.3,RED,v4_red_MLLB_000_y103_0925,2.8,2.809,8,100,26,ince,True,,30.0,28.0,10.0,972.0,1002.0,4.144,59.601,14.384,0.7771,True,,False,FLAS,935.0,4.0,9.5
2026-09-25 16:19:44,MLLB_000_y1.0.3,RED,v4_red_MLLB_000_y103_0925,2.8,2.809,8,100,27,ince,True,,30.0,28.0,10.0,972.0,1002.0,5.737,82.652,14.406,0.7769,True,,False,FLAS,935.0,4.0,9.5
2026-09-25 16:19:45,MLLB_000_y1.0.3,RED,v4_red_MLLB_000_y103_0925,2.8,2.809,8,100,,bitti,False,,,,,,,,,,,,,,,935.0,4.0,9.5
2026-09-25 16:20:00,MLLB_000_y1.0.3,RED,v4_red_MLLB_000_y103_0925,2.8,2.809,8,80,12,kaba,True,,188.0,44.0,158.0,814.0,1002.0,1.062,15.234,14.345,0.7769,True,,False,ON,935.0,4.0,9.5
2026-09-25 16:20:16,MLLB_000_y1.0.3,RED,v4_red_MLLB_000_y103_0925,2.8,2.809,8,80,16,kaba,True,,142.0,40.0,114.0,860.0,1002.0,1.062,15.246,14.358,0.7771,True,,False,ON,935.0,4.0,9.5
2026-09-25 16:20:32,MLLB_000_y1.0.3,RED,v4_red_MLLB_000_y103_0925,2.8,2.809,8,80,20,kaba,True,,96.0,42.0,68.0,906.0,1002.0,1.06,15.234,14.37,0.7771,True,,False,ON,935.0,4.0,9.5
2026-09-25 16:20:48,MLLB_000_y1.0.3,RED,v4_red_MLLB_000_y103_0925,2.8,2.809,8,80,24,kaba,True,,50.0,40.0,22.0,952.0,1002.0,1.06,15.247,14.379,0.7768,True,,True,,935.0,4.0,9.5
2026-09-25 16:21:04,MLLB_000_y1.0.3,RED,v4_red_MLLB_000_y103_0925,2.8,2.809,8,80,28,kaba,True,,34.0,28.0,14.0,968.0,1002.0,2.644,38.017,14.377,0.7768,True,,True,,935.0,4.0,9.5
2026-09-25 16:21:17,MLLB_000_y1.0.3,RED,v4_red_MLLB_000_y103_0925,2.8,2.809,8,80,32,kaba,True,,34.0,28.0,14.0,968.0,1002.0,4.281,61.479,14.36,0.7768,True,,False,FLAS,935.0,4.0,9.5
2026-09-25 16:21:32,MLLB_000_y1.0.3,RED,v4_red_MLLB_000_y103_0925,2.8,2.809,8,80,36,kaba,True,,34.0,28.0,14.0,968.0,1002.0,7.727,111.292,14.403,0.7768,True,,False,FLAS,935.0,4.0,9.5
2026-09-25 16:21:48,MLLB_000_y1.0.3,RED,v4_red_MLLB_000_y103_0925,2.8,2.809,8,80,21,ince,True,,84.0,42.0,56.0,918.0,1002.0,1.059,15.234,14.379,0.7768,True,,False,ON,935.0,4.0,9.5
2026-09-25 16:22:04,MLLB_000_y1.0.3,RED,v4_red_MLLB_000_y103_0925,2.8,2.809,8,80,22,ince,True,,74.0,46.0,46.0,928.0,1002.0,1.061,15.265,14.392,0.7769,True,,False,ON,935.0,4.0,9.5
2026-09-25 16:22:17,MLLB_000_y1.0.3,RED,v4_red_MLLB_000_y103_0925,2.8,2.809,8,80,23,ince,True,,62.0,42.0,32.0,940.0,1002.0,1.059,15.234,14.392,0.7768,True,,True,,935.0,4.0,9.5
2026-09-25 16:22:17,MLLB_000_y1.0.3,RED,v4_red_MLLB_000_y103_0925,2.8,2.809,8,80,25,ince,False,iki-OK-arasi-monotonluk,,,,,,,,,,,,True,,935.0,4.0,9.5
2026-09-25 16:22:17,MLLB_000_y1.0.3,RED,v4_red_MLLB_000_y103_0925,2.8,2.809,8,80,26,ince,False,iki-OK-arasi-monotonluk,,,,,,,,,,,,True,,935.0,4.0,9.5
2026-09-25 16:22:17,MLLB_000_y1.0.3,RED,v4_red_MLLB_000_y103_0925,2.8,2.809,8,80,27,ince,False,iki-OK-arasi-monotonluk,,,,,,,,,,,,True,,935.0,4.0,9.5
2026-09-25 16:22:32,MLLB_000_y1.0.3,RED,v4_red_MLLB_000_y103_0925,2.8,2.809,8,80,29,ince,True,,34.0,28.0,14.0,968.0,1002.0,3.221,46.413,14.407,0.7769,True,,True,,935.0,4.0,9.5
2026-09-25 16:22:48,MLLB_000_y1.0.3,RED,v4_red_MLLB_000_y103_0925,2.8,2.809,8,80,30,ince,True,,34.0,28.0,14.0,968.0,1002.0,3.604,51.908,14.401,0.7774,True,,True,,935.0,4.0,9.5
2026-09-25 16:23:04,MLLB_000_y1.0.3,RED,v4_red_MLLB_000_y103_0925,2.8,2.809,8,80,31,ince,True,,34.0,28.0,14.0,968.0,1002.0,3.91,56.341,14.408,0.777,True,,True,,935.0,4.0,9.5
2026-09-25 16:23:05,MLLB_000_y1.0.3,RED,v4_red_MLLB_000_y103_0925,2.8,2.809,8,80,,bitti,False,,,,,,,,,,,,,,,935.0,4.0,9.5
2026-09-25 16:23:20,MLLB_000_y1.0.3,RED,v4_red_MLLB_000_y103_0925,2.8,2.809,8,60,12,kaba,True,,218.0,40.0,190.0,784.0,1002.0,1.063,15.234,14.327,0.7769,True,,False,ON,935.0,4.0,9.5
2026-09-25 16:23:36,MLLB_000_y1.0.3,RED,v4_red_MLLB_000_y103_0925,2.8,2.809,8,60,16,kaba,True,,186.0,40.0,158.0,816.0,1002.0,1.061,15.234,14.361,0.7767,True,,False,ON,935.0,4.0,9.5
2026-09-25 16:23:52,MLLB_000_y1.0.3,RED,v4_red_MLLB_000_y103_0925,2.8,2.809,8,60,20,kaba,True,,154.0,40.0,126.0,848.0,1002.0,1.063,15.234,14.336,0.7765,True,,False,ON,935.0,4.0,9.5
2026-09-25 16:24:08,MLLB_000_y1.0.3,RED,v4_red_MLLB_000_y103_0925,2.8,2.809,8,60,24,kaba,True,,120.0,44.0,90.0,882.0,1002.0,1.06,15.234,14.375,0.7764,True,,False,ON,935.0,4.0,9.5
2026-09-25 16:24:24,MLLB_000_y1.0.3,RED,v4_red_MLLB_000_y103_0925,2.8,2.809,8,60,28,kaba,True,,86.0,46.0,58.0,916.0,1002.0,1.06,15.236,14.377,0.7766,True,,False,ON,935.0,4.0,9.5
2026-09-25 16:24:40,MLLB_000_y1.0.3,RED,v4_red_MLLB_000_y103_0925,2.8,2.809,8,60,32,kaba,True,,50.0,42.0,26.0,952.0,1002.0,1.058,15.234,14.403,0.7768,True,,True,,935.0,4.0,9.5
2026-09-25 16:24:56,MLLB_000_y1.0.3,RED,v4_red_MLLB_000_y103_0925,2.8,2.809,8,60,36,kaba,True,,42.0,28.0,22.0,960.0,1002.0,2.139,30.776,14.389,0.7767,True,,True,,935.0,4.0,9.5
2026-09-25 16:25:12,MLLB_000_y1.0.3,RED,v4_red_MLLB_000_y103_0925,2.8,2.809,8,60,40,kaba,True,,42.0,28.0,22.0,960.0,1002.0,3.611,52.018,14.405,0.7763,True,,True,,935.0,4.0,9.5
2026-09-25 16:25:28,MLLB_000_y1.0.3,RED,v4_red_MLLB_000_y103_0925,2.8,2.809,8,60,44,kaba,True,,42.0,28.0,22.0,960.0,1002.0,5.43,78.152,14.392,0.7765,True,,False,FLAS,935.0,4.0,9.5
2026-09-25 16:25:44,MLLB_000_y1.0.3,RED,v4_red_MLLB_000_y103_0925,2.8,2.809,8,60,48,kaba,True,,42.0,28.0,22.0,960.0,1002.0,7.066,101.623,14.382,0.7762,True,,False,FLAS,935.0,4.0,9.5
2026-09-25 16:26:00,MLLB_000_y1.0.3,RED,v4_red_MLLB_000_y103_0925,2.8,2.809,8,60,29,ince,True,,78.0,46.0,50.0,924.0,1002.0,1.06,15.234,14.371,0.7764,True,,False,ON,935.0,4.0,9.5
2026-09-25 16:26:16,MLLB_000_y1.0.3,RED,v4_red_MLLB_000_y103_0925,2.8,2.809,8,60,30,ince,True,,70.0,42.0,40.0,932.0,1002.0,1.059,15.234,14.388,0.777,True,,False,ON,935.0,4.0,9.5
2026-09-25 16:26:32,MLLB_000_y1.0.3,RED,v4_red_MLLB_000_y103_0925,2.8,2.809,8,60,31,ince,True,,62.0,42.0,32.0,940.0,1002.0,1.059,15.234,14.38,0.7767,True,,True,,935.0,4.0,9.5
2026-09-25 16:26:33,MLLB_000_y1.0.3,RED,v4_red_MLLB_000_y103_0925,2.8,2.809,8,60,33,ince,False,iki-OK-arasi-monotonluk,,,,,,,,,,,,True,,935.0,4.0,9.5
2026-09-25 16:26:33,MLLB_000_y1.0.3,RED,v4_red_MLLB_000_y103_0925,2.8,2.809,8,60,34,ince,False,iki-OK-arasi-monotonluk,,,,,,,,,,,,True,,935.0,4.0,9.5
2026-09-25 16:26:33,MLLB_000_y1.0.3,RED,v4_red_MLLB_000_y103_0925,2.8,2.809,8,60,35,ince,False,iki-OK-arasi-monotonluk,,,,,,,,,,,,True,,935.0,4.0,9.5
2026-09-25 16:26:33,MLLB_000_y1.0.3,RED,v4_red_MLLB_000_y103_0925,2.8,2.809,8,60,37,ince,False,iki-OK-arasi-monotonluk,,,,,,,,,,,,True,,935.0,4.0,9.5
2026-09-25 16:26:33,MLLB_000_y1.0.3,RED,v4_red_MLLB_000_y103_0925,2.8,2.809,8,60,38,ince,False,iki-OK-arasi-monotonluk,,,,,,,,,,,,True,,935.0,4.0,9.5
2026-09-25 16:26:33,MLLB_000_y1.0.3,RED,v4_red_MLLB_000_y103_0925,2.8,2.809,8,60,39,ince,False,iki-OK-arasi-monotonluk,,,,,,,,,,,,True,,935.0,4.0,9.5
2026-09-25 16:26:48,MLLB_000_y1.0.3,RED,v4_red_MLLB_000_y103_0925,2.8,2.809,8,60,41,ince,True,,42.0,28.0,22.0,960.0,1002.0,3.818,54.894,14.377,0.7768,True,,True,,935.0,4.0,9.5
2026-09-25 16:27:04,MLLB_000_y1.0.3,RED,v4_red_MLLB_000_y103_0925,2.8,2.809,8,60,42,ince,True,,42.0,28.0,22.0,960.0,1002.0,4.02,57.8,14.378,0.7769,True,,False,FLAS,935.0,4.0,9.5
2026-09-25 16:27:20,MLLB_000_y1.0.3,RED,v4_red_MLLB_000_y103_0925,2.8,2.809,8,60,43,ince,True,,42.0,28.0,22.0,960.0,1002.0,4.255,61.131,14.367,0.7769,True,,False,FLAS,935.0,4.0,9.5
2026-09-25 16:27:21,MLLB_000_y1.0.3,RED,v4_red_MLLB_000_y103_0925,2.8,2.809,8,60,,bitti,False,,,,,,,,,,,,,,,935.0,4.0,9.5
2026-09-25 16:27:42,MLLB_000_y1.0.3,RED,v4_red_MLLB_000_y103_0925,2.8,2.809,10,100,12,kaba,True,,124.0,34.0,100.0,878.0,1002.0,1.053,20.091,19.081,0.7767,True,,False,ON,935.0,4.0,9.5
2026-09-25 16:27:58,MLLB_000_y1.0.3,RED,v4_red_MLLB_000_y103_0925,2.8,2.809,10,100,16,kaba,True,,82.0,36.0,58.0,920.0,1002.0,1.05,20.083,19.119,0.7768,True,,False,ON,935.0,4.0,9.5
2026-09-25 16:28:14,MLLB_000_y1.0.3,RED,v4_red_MLLB_000_y103_0925,2.8,2.809,10,100,20,kaba,True,,38.0,34.0,16.0,964.0,1002.0,1.054,20.172,19.137,0.7767,True,,True,,935.0,4.0,9.5
2026-09-25 16:28:30,MLLB_000_y1.0.3,RED,v4_red_MLLB_000_y103_0925,2.8,2.809,10,100,24,kaba,True,,30.0,28.0,10.0,972.0,1002.0,2.441,46.682,19.121,0.7772,True,,True,,935.0,4.0,9.5
2026-09-25 16:28:46,MLLB_000_y1.0.3,RED,v4_red_MLLB_000_y103_0925,2.8,2.809,10,100,28,kaba,True,,30.0,28.0,10.0,972.0,1002.0,5.231,100.124,19.142,0.7769,True,,False,FLAS,935.0,4.0,9.5
2026-09-25 16:29:02,MLLB_000_y1.0.3,RED,v4_red_MLLB_000_y103_0925,2.8,2.809,10,100,32,kaba,True,,30.0,28.0,10.0,972.0,1002.0,7.403,141.499,19.113,0.7769,True,,False,FLAS,935.0,4.0,9.5
2026-09-25 16:29:18,MLLB_000_y1.0.3,RED,v4_red_MLLB_000_y103_0925,2.8,2.809,10,100,17,ince,True,,72.0,36.0,46.0,930.0,1002.0,1.055,20.172,19.127,0.7768,True,,False,ON,935.0,4.0,9.5
2026-09-25 16:29:34,MLLB_000_y1.0.3,RED,v4_red_MLLB_000_y103_0925,2.8,2.809,10,100,18,ince,True,,62.0,36.0,38.0,940.0,1002.0,1.051,20.097,19.123,0.777,True,,True,,935.0,4.0,9.5
2026-09-25 16:29:50,MLLB_000_y1.0.3,RED,v4_red_MLLB_000_y103_0925,2.8,2.809,10,100,19,ince,True,,50.0,36.0,26.0,952.0,1002.0,1.054,20.172,19.133,0.7764,True,,True,,935.0,4.0,9.5
2026-09-25 16:29:51,MLLB_000_y1.0.3,RED,v4_red_MLLB_000_y103_0925,2.8,2.809,10,100,21,ince,False,iki-OK-arasi-monotonluk,,,,,,,,,,,,True,,935.0,4.0,9.5
2026-09-25 16:29:51,MLLB_000_y1.0.3,RED,v4_red_MLLB_000_y103_0925,2.8,2.809,10,100,22,ince,False,iki-OK-arasi-monotonluk,,,,,,,,,,,,True,,935.0,4.0,9.5
2026-09-25 16:29:51,MLLB_000_y1.0.3,RED,v4_red_MLLB_000_y103_0925,2.8,2.809,10,100,23,ince,False,iki-OK-arasi-monotonluk,,,,,,,,,,,,True,,935.0,4.0,9.5
2026-09-25 16:30:06,MLLB_000_y1.0.3,RED,v4_red_MLLB_000_y103_0925,2.8,2.809,10,100,25,ince,True,,30.0,28.0,10.0,972.0,1002.0,2.821,53.951,19.123,0.7768,True,,True,,935.0,4.0,9.5
2026-09-25 16:30:22,MLLB_000_y1.0.3,RED,v4_red_MLLB_000_y103_0925,2.8,2.809,10,100,26,ince,True,,30.0,28.0,10.0,972.0,1002.0,3.144,60.166,19.139,0.777,True,,True,,935.0,4.0,9.5
2026-09-25 16:30:38,MLLB_000_y1.0.3,RED,v4_red_MLLB_000_y103_0925,2.8,2.809,10,100,27,ince,True,,30.0,28.0,10.0,972.0,1002.0,4.353,83.229,19.122,0.7772,True,,False,FLAS,935.0,4.0,9.5
2026-09-25 16:30:39,MLLB_000_y1.0.3,RED,v4_red_MLLB_000_y103_0925,2.8,2.809,10,100,,bitti,False,,,,,,,,,,,,,,,935.0,4.0,9.5
2026-09-25 16:30:54,MLLB_000_y1.0.3,RED,v4_red_MLLB_000_y103_0925,2.8,2.809,10,80,12,kaba,True,,146.0,36.0,122.0,856.0,1002.0,1.058,20.172,19.069,0.7771,True,,False,ON,935.0,4.0,9.5
2026-09-25 16:31:10,MLLB_000_y1.0.3,RED,v4_red_MLLB_000_y103_0925,2.8,2.809,10,80,16,kaba,True,,112.0,34.0,88.0,890.0,1002.0,1.052,20.097,19.109,0.7767,True,,False,ON,935.0,4.0,9.5
2026-09-25 16:31:26,MLLB_000_y1.0.3,RED,v4_red_MLLB_000_y103_0925,2.8,2.809,10,80,20,kaba,True,,78.0,36.0,54.0,924.0,1002.0,1.051,20.076,19.108,0.7773,True,,False,ON,935.0,4.0,9.5
2026-09-25 16:31:39,MLLB_000_y1.0.3,RED,v4_red_MLLB_000_y103_0925,2.8,2.809,10,80,24,kaba,True,,44.0,34.0,20.0,958.0,1002.0,1.055,20.172,19.121,0.7766,True,,True,,935.0,4.0,9.5
2026-09-25 16:31:54,MLLB_000_y1.0.3,RED,v4_red_MLLB_000_y103_0925,2.8,2.809,10,80,28,kaba,True,,34.0,28.0,14.0,968.0,1002.0,1.996,38.15,19.11,0.776,True,,True,,935.0,4.0,9.5
2026-09-25 16:32:10,MLLB_000_y1.0.3,RED,v4_red_MLLB_000_y103_0925,2.8,2.809,10,80,32,kaba,True,,34.0,28.0,14.0,968.0,1002.0,3.237,61.872,19.116,0.7762,True,,True,,935.0,4.0,9.5
2026-09-25 16:32:26,MLLB_000_y1.0.3,RED,v4_red_MLLB_000_y103_0925,2.8,2.809,10,80,36,kaba,True,,34.0,28.0,14.0,968.0,1002.0,5.897,112.815,19.13,0.7771,True,,False,FLAS,935.0,4.0,9.5
2026-09-25 16:32:42,MLLB_000_y1.0.3,RED,v4_red_MLLB_000_y103_0925,2.8,2.809,10,80,40,kaba,True,,34.0,28.0,14.0,968.0,1002.0,6.848,130.862,19.11,0.7768,True,,False,FLAS,935.0,4.0,9.5
2026-09-25 16:32:54,MLLB_000_y1.0.3,RED,v4_red_MLLB_000_y103_0925,2.8,2.809,10,80,21,ince,True,,70.0,36.0,46.0,932.0,1002.0,1.056,20.172,19.104,0.7772,True,,False,ON,935.0,4.0,9.5
2026-09-25 16:33:10,MLLB_000_y1.0.3,RED,v4_red_MLLB_000_y103_0925,2.8,2.809,10,80,22,ince,True,,62.0,36.0,38.0,940.0,1002.0,1.055,20.172,19.119,0.7775,True,,True,,935.0,4.0,9.5
2026-09-25 16:33:26,MLLB_000_y1.0.3,RED,v4_red_MLLB_000_y103_0925,2.8,2.809,10,80,23,ince,True,,52.0,38.0,30.0,950.0,1002.0,1.053,20.172,19.15,0.7774,True,,True,,935.0,4.0,9.5
2026-09-25 16:33:27,MLLB_000_y1.0.3,RED,v4_red_MLLB_000_y103_0925,2.8,2.809,10,80,25,ince,False,iki-OK-arasi-monotonluk,,,,,,,,,,,,True,,935.0,4.0,9.5
2026-09-25 16:33:27,MLLB_000_y1.0.3,RED,v4_red_MLLB_000_y103_0925,2.8,2.809,10,80,26,ince,False,iki-OK-arasi-monotonluk,,,,,,,,,,,,True,,935.0,4.0,9.5
2026-09-25 16:33:27,MLLB_000_y1.0.3,RED,v4_red_MLLB_000_y103_0925,2.8,2.809,10,80,27,ince,False,iki-OK-arasi-monotonluk,,,,,,,,,,,,True,,935.0,4.0,9.5
2026-09-25 16:33:27,MLLB_000_y1.0.3,RED,v4_red_MLLB_000_y103_0925,2.8,2.809,10,80,29,ince,False,iki-OK-arasi-monotonluk,,,,,,,,,,,,True,,935.0,4.0,9.5
2026-09-25 16:33:27,MLLB_000_y1.0.3,RED,v4_red_MLLB_000_y103_0925,2.8,2.809,10,80,30,ince,False,iki-OK-arasi-monotonluk,,,,,,,,,,,,True,,935.0,4.0,9.5
2026-09-25 16:33:27,MLLB_000_y1.0.3,RED,v4_red_MLLB_000_y103_0925,2.8,2.809,10,80,31,ince,False,iki-OK-arasi-monotonluk,,,,,,,,,,,,True,,935.0,4.0,9.5
2026-09-25 16:33:42,MLLB_000_y1.0.3,RED,v4_red_MLLB_000_y103_0925,2.8,2.809,10,80,33,ince,True,,34.0,28.0,14.0,968.0,1002.0,4.319,82.652,19.137,0.7776,True,,False,FLAS,935.0,4.0,9.5
2026-09-25 16:33:58,MLLB_000_y1.0.3,RED,v4_red_MLLB_000_y103_0925,2.8,2.809,10,80,34,ince,True,,34.0,28.0,14.0,968.0,1002.0,4.946,94.667,19.14,0.7769,True,,False,FLAS,935.0,4.0,9.5
2026-09-25 16:34:14,MLLB_000_y1.0.3,RED,v4_red_MLLB_000_y103_0925,2.8,2.809,10,80,35,ince,True,,34.0,28.0,14.0,968.0,1002.0,5.498,105.201,19.133,0.7768,True,,False,FLAS,935.0,4.0,9.5
2026-09-25 16:34:15,MLLB_000_y1.0.3,RED,v4_red_MLLB_000_y103_0925,2.8,2.809,10,80,,bitti,False,,,,,,,,,,,,,,,935.0,4.0,9.5
2026-09-25 16:34:30,MLLB_000_y1.0.3,RED,v4_red_MLLB_000_y103_0925,2.8,2.809,10,60,12,kaba,True,,170.0,36.0,146.0,832.0,1002.0,1.052,20.076,19.079,0.777,True,,False,ON,935.0,4.0,9.5
2026-09-25 16:34:46,MLLB_000_y1.0.3,RED,v4_red_MLLB_000_y103_0925,2.8,2.809,10,60,16,kaba,True,,146.0,36.0,122.0,856.0,1002.0,1.052,20.076,19.087,0.7771,True,,False,ON,935.0,4.0,9.5
2026-09-25 16:35:02,MLLB_000_y1.0.3,RED,v4_red_MLLB_000_y103_0925,2.8,2.809,10,60,20,kaba,True,,122.0,36.0,98.0,880.0,1002.0,1.051,20.076,19.098,0.7774,True,,False,ON,935.0,4.0,9.5
2026-09-25 16:35:15,MLLB_000_y1.0.3,RED,v4_red_MLLB_000_y103_0925,2.8,2.809,10,60,24,kaba,True,,98.0,36.0,74.0,904.0,1002.0,1.055,20.172,19.112,0.7771,True,,False,ON,935.0,4.0,9.5
2026-09-25 16:35:30,MLLB_000_y1.0.3,RED,v4_red_MLLB_000_y103_0925,2.8,2.809,10,60,28,kaba,True,,72.0,36.0,50.0,930.0,1002.0,1.056,20.172,19.101,0.7771,True,,False,ON,935.0,4.0,9.5
2026-09-25 16:35:46,MLLB_000_y1.0.3,RED,v4_red_MLLB_000_y103_0925,2.8,2.809,10,60,32,kaba,True,,48.0,32.0,26.0,954.0,1002.0,1.054,20.172,19.134,0.7771,True,,True,,935.0,4.0,9.5
2026-09-25 16:36:02,MLLB_000_y1.0.3,RED,v4_red_MLLB_000_y103_0925,2.8,2.809,10,60,36,kaba,True,,42.0,28.0,22.0,960.0,1002.0,1.595,30.513,19.129,0.7771,True,,True,,935.0,4.0,9.5
2026-09-25 16:36:18,MLLB_000_y1.0.3,RED,v4_red_MLLB_000_y103_0925,2.8,2.809,10,60,40,kaba,True,,42.0,28.0,22.0,960.0,1002.0,2.705,51.743,19.13,0.7769,True,,True,,935.0,4.0,9.5
2026-09-25 16:36:34,MLLB_000_y1.0.3,RED,v4_red_MLLB_000_y103_0925,2.8,2.809,10,60,44,kaba,True,,42.0,28.0,22.0,960.0,1002.0,4.007,76.653,19.13,0.7772,True,,False,FLAS,935.0,4.0,9.5
2026-09-25 16:36:50,MLLB_000_y1.0.3,RED,v4_red_MLLB_000_y103_0925,2.8,2.809,10,60,48,kaba,True,,42.0,28.0,22.0,960.0,1002.0,5.311,101.621,19.133,0.7771,True,,False,FLAS,935.0,4.0,9.5
2026-09-25 16:37:06,MLLB_000_y1.0.3,RED,v4_red_MLLB_000_y103_0925,2.8,2.809,10,60,29,ince,True,,66.0,36.0,42.0,936.0,1002.0,1.055,20.172,19.128,0.7769,True,,True,,935.0,4.0,9.5
2026-09-25 16:37:22,MLLB_000_y1.0.3,RED,v4_red_MLLB_000_y103_0925,2.8,2.809,10,60,30,ince,True,,60.0,34.0,36.0,942.0,1002.0,1.054,20.172,19.147,0.777,True,,True,,935.0,4.0,9.5
2026-09-25 16:37:38,MLLB_000_y1.0.3,RED,v4_red_MLLB_000_y103_0925,2.8,2.809,10,60,31,ince,True,,54.0,36.0,30.0,948.0,1002.0,1.051,20.087,19.114,0.7775,True,,True,,935.0,4.0,9.5
2026-09-25 16:37:39,MLLB_000_y1.0.3,RED,v4_red_MLLB_000_y103_0925,2.8,2.809,10,60,33,ince,False,iki-OK-arasi-monotonluk,,,,,,,,,,,,True,,935.0,4.0,9.5
2026-09-25 16:37:39,MLLB_000_y1.0.3,RED,v4_red_MLLB_000_y103_0925,2.8,2.809,10,60,34,ince,False,iki-OK-arasi-monotonluk,,,,,,,,,,,,True,,935.0,4.0,9.5
2026-09-25 16:37:39,MLLB_000_y1.0.3,RED,v4_red_MLLB_000_y103_0925,2.8,2.809,10,60,35,ince,False,iki-OK-arasi-monotonluk,,,,,,,,,,,,True,,935.0,4.0,9.5
2026-09-25 16:37:39,MLLB_000_y1.0.3,RED,v4_red_MLLB_000_y103_0925,2.8,2.809,10,60,37,ince,False,iki-OK-arasi-monotonluk,,,,,,,,,,,,True,,935.0,4.0,9.5
2026-09-25 16:37:39,MLLB_000_y1.0.3,RED,v4_red_MLLB_000_y103_0925,2.8,2.809,10,60,38,ince,False,iki-OK-arasi-monotonluk,,,,,,,,,,,,True,,935.0,4.0,9.5
2026-09-25 16:37:39,MLLB_000_y1.0.3,RED,v4_red_MLLB_000_y103_0925,2.8,2.809,10,60,39,ince,False,iki-OK-arasi-monotonluk,,,,,,,,,,,,True,,935.0,4.0,9.5
2026-09-25 16:37:54,MLLB_000_y1.0.3,RED,v4_red_MLLB_000_y103_0925,2.8,2.809,10,60,41,ince,True,,42.0,28.0,22.0,960.0,1002.0,2.856,54.67,19.141,0.777,True,,True,,935.0,4.0,9.5
2026-09-25 16:38:07,MLLB_000_y1.0.3,RED,v4_red_MLLB_000_y103_0925,2.8,2.809,10,60,42,ince,True,,42.0,28.0,22.0,960.0,1002.0,3.008,57.5,19.115,0.7771,True,,True,,935.0,4.0,9.5
2026-09-25 16:38:22,MLLB_000_y1.0.3,RED,v4_red_MLLB_000_y103_0925,2.8,2.809,10,60,43,ince,True,,42.0,28.0,22.0,960.0,1002.0,3.182,60.903,19.141,0.7776,True,,True,,935.0,4.0,9.5
2026-09-25 16:38:24,MLLB_000_y1.0.3,RED,v4_red_MLLB_000_y103_0925,2.8,2.809,10,60,,bitti,False,,,,,,,,,,,,,,,935.0,4.0,9.5
2026-09-25 16:38:46,MLLB_000_y1.0.3,RED,v4_red_MLLB_000_y103_0925,2.8,2.809,15,100,12,kaba,True,,84.0,32.0,62.0,918.0,1002.0,1.044,32.912,31.52,0.7765,True,,False,ON,935.0,4.0,9.5
2026-09-25 16:39:02,MLLB_000_y1.0.3,RED,v4_red_MLLB_000_y103_0925,2.8,2.809,15,100,16,kaba,True,,60.0,32.0,38.0,942.0,1002.0,1.043,32.852,31.507,0.7772,True,,True,,935.0,4.0,9.5
2026-09-25 16:39:18,MLLB_000_y1.0.3,RED,v4_red_MLLB_000_y103_0925,2.8,2.809,15,100,20,kaba,True,,36.0,32.0,14.0,966.0,1002.0,1.042,32.895,31.556,0.7772,True,,True,,935.0,4.0,9.5
2026-09-25 16:39:34,MLLB_000_y1.0.3,RED,v4_red_MLLB_000_y103_0925,2.8,2.809,15,100,24,kaba,True,,30.0,28.0,10.0,972.0,1002.0,1.469,46.359,31.547,0.7766,True,,True,,935.0,4.0,9.5
2026-09-25 16:39:50,MLLB_000_y1.0.3,RED,v4_red_MLLB_000_y103_0925,2.8,2.809,15,100,28,kaba,True,,30.0,28.0,10.0,972.0,1002.0,3.169,99.932,31.538,0.7773,True,,True,,935.0,4.0,9.5
2026-09-25 16:40:06,MLLB_000_y1.0.3,RED,v4_red_MLLB_000_y103_0925,2.8,2.809,15,100,32,kaba,True,,30.0,28.0,10.0,972.0,1002.0,4.439,140.059,31.554,0.7771,True,,False,FLAS,935.0,4.0,9.5
2026-09-25 16:40:22,MLLB_000_y1.0.3,RED,v4_red_MLLB_000_y103_0925,2.8,2.809,15,100,36,kaba,True,,30.0,28.0,10.0,972.0,1002.0,6.515,205.451,31.537,0.777,True,,False,FLAS,935.0,4.0,9.5
2026-09-25 16:40:38,MLLB_000_y1.0.3,RED,v4_red_MLLB_000_y103_0925,2.8,2.809,15,100,13,ince,True,,78.0,32.0,58.0,924.0,1002.0,1.042,32.844,31.528,0.7772,True,,False,ON,935.0,4.0,9.5
2026-09-25 16:40:54,MLLB_000_y1.0.3,RED,v4_red_MLLB_000_y103_0925,2.8,2.809,15,100,14,ince,True,,72.0,32.0,50.0,930.0,1002.0,1.042,32.844,31.523,0.777,True,,False,ON,935.0,4.0,9.5
2026-09-25 16:41:10,MLLB_000_y1.0.3,RED,v4_red_MLLB_000_y103_0925,2.8,2.809,15,100,15,ince,True,,66.0,34.0,46.0,936.0,1002.0,1.042,32.844,31.527,0.7779,True,,True,,935.0,4.0,9.5
2026-09-25 16:41:10,MLLB_000_y1.0.3,RED,v4_red_MLLB_000_y103_0925,2.8,2.809,15,100,17,ince,False,iki-OK-arasi-monotonluk,,,,,,,,,,,,True,,935.0,4.0,9.5
2026-09-25 16:41:10,MLLB_000_y1.0.3,RED,v4_red_MLLB_000_y103_0925,2.8,2.809,15,100,18,ince,False,iki-OK-arasi-monotonluk,,,,,,,,,,,,True,,935.0,4.0,9.5
2026-09-25 16:41:10,MLLB_000_y1.0.3,RED,v4_red_MLLB_000_y103_0925,2.8,2.809,15,100,19,ince,False,iki-OK-arasi-monotonluk,,,,,,,,,,,,True,,935.0,4.0,9.5
2026-09-25 16:41:10,MLLB_000_y1.0.3,RED,v4_red_MLLB_000_y103_0925,2.8,2.809,15,100,21,ince,False,iki-OK-arasi-monotonluk,,,,,,,,,,,,True,,935.0,4.0,9.5
2026-09-25 16:41:10,MLLB_000_y1.0.3,RED,v4_red_MLLB_000_y103_0925,2.8,2.809,15,100,22,ince,False,iki-OK-arasi-monotonluk,,,,,,,,,,,,True,,935.0,4.0,9.5
2026-09-25 16:41:10,MLLB_000_y1.0.3,RED,v4_red_MLLB_000_y103_0925,2.8,2.809,15,100,23,ince,False,iki-OK-arasi-monotonluk,,,,,,,,,,,,True,,935.0,4.0,9.5
2026-09-25 16:41:10,MLLB_000_y1.0.3,RED,v4_red_MLLB_000_y103_0925,2.8,2.809,15,100,25,ince,False,iki-OK-arasi-monotonluk,,,,,,,,,,,,True,,935.0,4.0,9.5
2026-09-25 16:41:10,MLLB_000_y1.0.3,RED,v4_red_MLLB_000_y103_0925,2.8,2.809,15,100,26,ince,False,iki-OK-arasi-monotonluk,,,,,,,,,,,,True,,935.0,4.0,9.5
2026-09-25 16:41:10,MLLB_000_y1.0.3,RED,v4_red_MLLB_000_y103_0925,2.8,2.809,15,100,27,ince,False,iki-OK-arasi-monotonluk,,,,,,,,,,,,True,,935.0,4.0,9.5
2026-09-25 16:41:26,MLLB_000_y1.0.3,RED,v4_red_MLLB_000_y103_0925,2.8,2.809,15,100,29,ince,True,,30.0,28.0,10.0,972.0,1002.0,3.382,106.707,31.548,0.7772,True,,True,,935.0,4.0,9.5
2026-09-25 16:41:38,MLLB_000_y1.0.3,RED,v4_red_MLLB_000_y103_0925,2.8,2.809,15,100,30,ince,True,,30.0,28.0,10.0,972.0,1002.0,3.554,112.74,31.724,0.7769,True,,True,,935.0,4.0,9.5
2026-09-25 16:41:51,MLLB_000_y1.0.3,RED,v4_red_MLLB_000_y103_0925,2.8,2.809,15,100,31,ince,True,,30.0,28.0,10.0,972.0,1002.0,3.745,118.018,31.509,0.7767,True,,True,,935.0,4.0,9.5
2026-09-25 16:41:52,MLLB_000_y1.0.3,RED,v4_red_MLLB_000_y103_0925,2.8,2.809,15,100,,bitti,False,,,,,,,,,,,,,,,935.0,4.0,9.5
2026-09-25 16:42:04,MLLB_000_y1.0.3,RED,v4_red_MLLB_000_y103_0925,2.8,2.809,15,80,12,kaba,True,,96.0,28.0,78.0,906.0,1002.0,1.043,32.844,31.49,0.7774,True,,False,ON,935.0,4.0,9.5
2026-09-25 16:42:20,MLLB_000_y1.0.3,RED,v4_red_MLLB_000_y103_0925,2.8,2.809,15,80,16,kaba,True,,78.0,32.0,58.0,924.0,1002.0,1.042,32.844,31.511,0.7774,True,,False,ON,935.0,4.0,9.5
2026-09-25 16:42:36,MLLB_000_y1.0.3,RED,v4_red_MLLB_000_y103_0925,2.8,2.809,15,80,20,kaba,True,,60.0,32.0,38.0,942.0,1002.0,1.042,32.844,31.525,0.7773,True,,True,,935.0,4.0,9.5
2026-09-25 16:42:52,MLLB_000_y1.0.3,RED,v4_red_MLLB_000_y103_0925,2.8,2.809,15,80,24,kaba,True,,40.0,32.0,18.0,962.0,1002.0,1.041,32.844,31.548,0.7768,True,,True,,935.0,4.0,9.5
2026-09-25 16:43:09,MLLB_000_y1.0.3,RED,v4_red_MLLB_000_y103_0925,2.8,2.809,15,80,28,kaba,True,,34.0,28.0,14.0,968.0,1002.0,1.139,35.942,31.561,0.7775,True,,True,,935.0,4.0,9.5
2026-09-25 16:43:24,MLLB_000_y1.0.3,RED,v4_red_MLLB_000_y103_0925,2.8,2.809,15,80,32,kaba,True,,34.0,28.0,14.0,968.0,1002.0,1.886,59.544,31.576,0.7765,True,,True,,935.0,4.0,9.5
2026-09-25 16:43:40,MLLB_000_y1.0.3,RED,v4_red_MLLB_000_y103_0925,2.8,2.809,15,80,36,kaba,True,,34.0,28.0,14.0,968.0,1002.0,3.335,105.201,31.547,0.7773,True,,True,,935.0,4.0,9.5
2026-09-25 16:43:56,MLLB_000_y1.0.3,RED,v4_red_MLLB_000_y103_0925,2.8,2.809,15,80,40,kaba,True,,34.0,28.0,14.0,968.0,1002.0,4.172,131.618,31.546,0.7772,True,,False,FLAS,935.0,4.0,9.5
2026-09-25 16:44:12,MLLB_000_y1.0.3,RED,v4_red_MLLB_000_y103_0925,2.8,2.809,15,80,44,kaba,True,,34.0,28.0,14.0,968.0,1002.0,5.452,171.847,31.523,0.7775,True,,False,FLAS,935.0,4.0,9.5
2026-09-25 16:44:28,MLLB_000_y1.0.3,RED,v4_red_MLLB_000_y103_0925,2.8,2.809,15,80,17,ince,True,,72.0,28.0,54.0,930.0,1002.0,1.042,32.844,31.522,0.7773,True,,False,ON,935.0,4.0,9.5
2026-09-25 16:44:44,MLLB_000_y1.0.3,RED,v4_red_MLLB_000_y103_0925,2.8,2.809,15,80,18,ince,True,,68.0,30.0,48.0,934.0,1002.0,1.042,32.844,31.518,0.777,True,,False,ON,935.0,4.0,9.5
2026-09-25 16:45:00,MLLB_000_y1.0.3,RED,v4_red_MLLB_000_y103_0925,2.8,2.809,15,80,19,ince,True,,64.0,32.0,42.0,938.0,1002.0,1.042,32.844,31.535,0.7771,True,,True,,935.0,4.0,9.5
2026-09-25 16:45:01,MLLB_000_y1.0.3,RED,v4_red_MLLB_000_y103_0925,2.8,2.809,15,80,21,ince,False,iki-OK-arasi-monotonluk,,,,,,,,,,,,True,,935.0,4.0,9.5
2026-09-25 16:45:01,MLLB_000_y1.0.3,RED,v4_red_MLLB_000_y103_0925,2.8,2.809,15,80,22,ince,False,iki-OK-arasi-monotonluk,,,,,,,,,,,,True,,935.0,4.0,9.5
2026-09-25 16:45:01,MLLB_000_y1.0.3,RED,v4_red_MLLB_000_y103_0925,2.8,2.809,15,80,23,ince,False,iki-OK-arasi-monotonluk,,,,,,,,,,,,True,,935.0,4.0,9.5
2026-09-25 16:45:01,MLLB_000_y1.0.3,RED,v4_red_MLLB_000_y103_0925,2.8,2.809,15,80,25,ince,False,iki-OK-arasi-monotonluk,,,,,,,,,,,,True,,935.0,4.0,9.5
2026-09-25 16:45:01,MLLB_000_y1.0.3,RED,v4_red_MLLB_000_y103_0925,2.8,2.809,15,80,26,ince,False,iki-OK-arasi-monotonluk,,,,,,,,,,,,True,,935.0,4.0,9.5
2026-09-25 16:45:01,MLLB_000_y1.0.3,RED,v4_red_MLLB_000_y103_0925,2.8,2.809,15,80,27,ince,False,iki-OK-arasi-monotonluk,,,,,,,,,,,,True,,935.0,4.0,9.5
2026-09-25 16:45:01,MLLB_000_y1.0.3,RED,v4_red_MLLB_000_y103_0925,2.8,2.809,15,80,29,ince,False,iki-OK-arasi-monotonluk,,,,,,,,,,,,True,,935.0,4.0,9.5
2026-09-25 16:45:01,MLLB_000_y1.0.3,RED,v4_red_MLLB_000_y103_0925,2.8,2.809,15,80,30,ince,False,iki-OK-arasi-monotonluk,,,,,,,,,,,,True,,935.0,4.0,9.5
2026-09-25 16:45:01,MLLB_000_y1.0.3,RED,v4_red_MLLB_000_y103_0925,2.8,2.809,15,80,31,ince,False,iki-OK-arasi-monotonluk,,,,,,,,,,,,True,,935.0,4.0,9.5
2026-09-25 16:45:01,MLLB_000_y1.0.3,RED,v4_red_MLLB_000_y103_0925,2.8,2.809,15,80,33,ince,False,iki-OK-arasi-monotonluk,,,,,,,,,,,,True,,935.0,4.0,9.5
2026-09-25 16:45:01,MLLB_000_y1.0.3,RED,v4_red_MLLB_000_y103_0925,2.8,2.809,15,80,34,ince,False,iki-OK-arasi-monotonluk,,,,,,,,,,,,True,,935.0,4.0,9.5
2026-09-25 16:45:01,MLLB_000_y1.0.3,RED,v4_red_MLLB_000_y103_0925,2.8,2.809,15,80,35,ince,False,iki-OK-arasi-monotonluk,,,,,,,,,,,,True,,935.0,4.0,9.5
2026-09-25 16:45:16,MLLB_000_y1.0.3,RED,v4_red_MLLB_000_y103_0925,2.8,2.809,15,80,37,ince,True,,34.0,28.0,14.0,968.0,1002.0,3.575,112.737,31.532,0.7771,True,,True,,935.0,4.0,9.5
2026-09-25 16:45:32,MLLB_000_y1.0.3,RED,v4_red_MLLB_000_y103_0925,2.8,2.809,15,80,38,ince,True,,36.0,28.0,16.0,968.0,1004.0,3.718,117.263,31.543,0.7767,True,,True,,935.0,4.0,9.5
2026-09-25 16:45:48,MLLB_000_y1.0.3,RED,v4_red_MLLB_000_y103_0925,2.8,2.809,15,80,39,ince,True,,34.0,28.0,14.0,968.0,1002.0,3.864,121.792,31.518,0.7769,True,,True,,935.0,4.0,9.5
2026-09-25 16:45:49,MLLB_000_y1.0.3,RED,v4_red_MLLB_000_y103_0925,2.8,2.809,15,80,,bitti,False,,,,,,,,,,,,,,,935.0,4.0,9.5
2026-09-25 16:46:04,MLLB_000_y1.0.3,RED,v4_red_MLLB_000_y103_0925,2.8,2.809,15,60,12,kaba,True,,114.0,30.0,94.0,890.0,1004.0,1.045,32.895,31.489,0.7777,True,,False,ON,935.0,4.0,9.5
2026-09-25 16:46:20,MLLB_000_y1.0.3,RED,v4_red_MLLB_000_y103_0925,2.8,2.809,15,60,16,kaba,True,,100.0,32.0,78.0,902.0,1002.0,1.043,32.844,31.487,0.7772,True,,False,ON,935.0,4.0,9.5
2026-09-25 16:46:36,MLLB_000_y1.0.3,RED,v4_red_MLLB_000_y103_0925,2.8,2.809,15,60,20,kaba,True,,84.0,30.0,64.0,918.0,1002.0,1.042,32.844,31.509,0.7773,True,,False,ON,935.0,4.0,9.5
2026-09-25 16:46:52,MLLB_000_y1.0.3,RED,v4_red_MLLB_000_y103_0925,2.8,2.809,15,60,24,kaba,True,,72.0,30.0,52.0,930.0,1002.0,1.042,32.844,31.509,0.7768,True,,False,ON,935.0,4.0,9.5
2026-09-25 16:47:08,MLLB_000_y1.0.3,RED,v4_red_MLLB_000_y103_0925,2.8,2.809,15,60,28,kaba,True,,58.0,32.0,38.0,944.0,1002.0,1.042,32.844,31.528,0.7773,True,,True,,935.0,4.0,9.5
2026-09-25 16:47:24,MLLB_000_y1.0.3,RED,v4_red_MLLB_000_y103_0925,2.8,2.809,15,60,32,kaba,True,,44.0,28.0,26.0,958.0,1002.0,1.041,32.844,31.562,0.7771,True,,True,,935.0,4.0,9.5
2026-09-25 16:47:36,MLLB_000_y1.0.3,RED,v4_red_MLLB_000_y103_0925,2.8,2.809,15,60,36,kaba,True,,42.0,28.0,22.0,960.0,1002.0,1.042,32.844,31.527,0.7776,True,,True,,935.0,4.0,9.5
2026-09-25 16:47:52,MLLB_000_y1.0.3,RED,v4_red_MLLB_000_y103_0925,2.8,2.809,15,60,40,kaba,True,,42.0,28.0,22.0,960.0,1002.0,1.621,51.084,31.514,0.7771,True,,True,,935.0,4.0,9.5
2026-09-25 16:48:08,MLLB_000_y1.0.3,RED,v4_red_MLLB_000_y103_0925,2.8,2.809,15,60,44,kaba,True,,42.0,28.0,22.0,960.0,1002.0,2.406,75.904,31.545,0.7774,True,,True,,935.0,4.0,9.5
2026-09-25 16:48:24,MLLB_000_y1.0.3,RED,v4_red_MLLB_000_y103_0925,2.8,2.809,15,60,48,kaba,True,,42.0,28.0,22.0,960.0,1002.0,3.169,99.932,31.538,0.7771,True,,True,,935.0,4.0,9.5
2026-09-25 16:48:40,MLLB_000_y1.0.3,RED,v4_red_MLLB_000_y103_0925,2.8,2.809,15,60,52,kaba,True,,42.0,28.0,22.0,960.0,1002.0,3.551,111.983,31.532,0.7773,True,,True,,935.0,4.0,9.5
2026-09-25 16:48:53,MLLB_000_y1.0.3,RED,v4_red_MLLB_000_y103_0925,2.8,2.809,15,60,56,kaba,True,,42.0,28.0,22.0,960.0,1002.0,3.792,119.459,31.505,0.7773,True,,True,,935.0,4.0,9.5
2026-09-25 16:49:05,MLLB_000_y1.0.3,RED,v4_red_MLLB_000_y103_0925,2.8,2.809,15,60,58,kaba,True,,42.0,28.0,22.0,960.0,1002.0,3.863,121.632,31.49,0.7775,True,,True,,935.0,4.0,9.5
2026-09-25 16:49:20,MLLB_000_y1.0.3,RED,v4_red_MLLB_000_y103_0925,2.8,2.809,15,60,25,ince,True,,68.0,30.0,48.0,934.0,1002.0,1.043,32.844,31.49,0.7771,True,,False,ON,935.0,4.0,9.5
2026-09-25 16:49:36,MLLB_000_y1.0.3,RED,v4_red_MLLB_000_y103_0925,2.8,2.809,15,60,26,ince,True,,64.0,30.0,44.0,938.0,1002.0,1.041,32.844,31.539,0.7773,True,,True,,935.0,4.0,9.5
2026-09-25 16:49:52,MLLB_000_y1.0.3,RED,v4_red_MLLB_000_y103_0925,2.8,2.809,15,60,27,ince,True,,60.0,28.0,42.0,942.0,1002.0,1.042,32.844,31.526,0.7769,True,,True,,935.0,4.0,9.5
2026-09-25 16:49:53,MLLB_000_y1.0.3,RED,v4_red_MLLB_000_y103_0925,2.8,2.809,15,60,29,ince,False,iki-OK-arasi-monotonluk,,,,,,,,,,,,True,,935.0,4.0,9.5
2026-09-25 16:49:53,MLLB_000_y1.0.3,RED,v4_red_MLLB_000_y103_0925,2.8,2.809,15,60,30,ince,False,iki-OK-arasi-monotonluk,,,,,,,,,,,,True,,935.0,4.0,9.5
2026-09-25 16:49:53,MLLB_000_y1.0.3,RED,v4_red_MLLB_000_y103_0925,2.8,2.809,15,60,31,ince,False,iki-OK-arasi-monotonluk,,,,,,,,,,,,True,,935.0,4.0,9.5
2026-09-25 16:49:53,MLLB_000_y1.0.3,RED,v4_red_MLLB_000_y103_0925,2.8,2.809,15,60,33,ince,False,iki-OK-arasi-monotonluk,,,,,,,,,,,,True,,935.0,4.0,9.5
2026-09-25 16:49:53,MLLB_000_y1.0.3,RED,v4_red_MLLB_000_y103_0925,2.8,2.809,15,60,34,ince,False,iki-OK-arasi-monotonluk,,,,,,,,,,,,True,,935.0,4.0,9.5
2026-09-25 16:49:53,MLLB_000_y1.0.3,RED,v4_red_MLLB_000_y103_0925,2.8,2.809,15,60,35,ince,False,iki-OK-arasi-monotonluk,,,,,,,,,,,,True,,935.0,4.0,9.5
2026-09-25 16:49:53,MLLB_000_y1.0.3,RED,v4_red_MLLB_000_y103_0925,2.8,2.809,15,60,37,ince,False,iki-OK-arasi-monotonluk,,,,,,,,,,,,True,,935.0,4.0,9.5
2026-09-25 16:49:53,MLLB_000_y1.0.3,RED,v4_red_MLLB_000_y103_0925,2.8,2.809,15,60,38,ince,False,iki-OK-arasi-monotonluk,,,,,,,,,,,,True,,935.0,4.0,9.5
2026-09-25 16:49:53,MLLB_000_y1.0.3,RED,v4_red_MLLB_000_y103_0925,2.8,2.809,15,60,39,ince,False,iki-OK-arasi-monotonluk,,,,,,,,,,,,True,,935.0,4.0,9.5
2026-09-25 16:49:53,MLLB_000_y1.0.3,RED,v4_red_MLLB_000_y103_0925,2.8,2.809,15,60,41,ince,False,iki-OK-arasi-monotonluk,,,,,,,,,,,,True,,935.0,4.0,9.5
2026-09-25 16:49:53,MLLB_000_y1.0.3,RED,v4_red_MLLB_000_y103_0925,2.8,2.809,15,60,42,ince,False,iki-OK-arasi-monotonluk,,,,,,,,,,,,True,,935.0,4.0,9.5
2026-09-25 16:49:53,MLLB_000_y1.0.3,RED,v4_red_MLLB_000_y103_0925,2.8,2.809,15,60,43,ince,False,iki-OK-arasi-monotonluk,,,,,,,,,,,,True,,935.0,4.0,9.5
2026-09-25 16:49:53,MLLB_000_y1.0.3,RED,v4_red_MLLB_000_y103_0925,2.8,2.809,15,60,45,ince,False,iki-OK-arasi-monotonluk,,,,,,,,,,,,True,,935.0,4.0,9.5
2026-09-25 16:49:53,MLLB_000_y1.0.3,RED,v4_red_MLLB_000_y103_0925,2.8,2.809,15,60,46,ince,False,iki-OK-arasi-monotonluk,,,,,,,,,,,,True,,935.0,4.0,9.5
2026-09-25 16:49:53,MLLB_000_y1.0.3,RED,v4_red_MLLB_000_y103_0925,2.8,2.809,15,60,47,ince,False,iki-OK-arasi-monotonluk,,,,,,,,,,,,True,,935.0,4.0,9.5
2026-09-25 16:49:53,MLLB_000_y1.0.3,RED,v4_red_MLLB_000_y103_0925,2.8,2.809,15,60,49,ince,False,iki-OK-arasi-monotonluk,,,,,,,,,,,,True,,935.0,4.0,9.5
2026-09-25 16:49:53,MLLB_000_y1.0.3,RED,v4_red_MLLB_000_y103_0925,2.8,2.809,15,60,50,ince,False,iki-OK-arasi-monotonluk,,,,,,,,,,,,True,,935.0,4.0,9.5
2026-09-25 16:49:53,MLLB_000_y1.0.3,RED,v4_red_MLLB_000_y103_0925,2.8,2.809,15,60,51,ince,False,iki-OK-arasi-monotonluk,,,,,,,,,,,,True,,935.0,4.0,9.5
2026-09-25 16:49:53,MLLB_000_y1.0.3,RED,v4_red_MLLB_000_y103_0925,2.8,2.809,15,60,53,ince,False,iki-OK-arasi-monotonluk,,,,,,,,,,,,True,,935.0,4.0,9.5
2026-09-25 16:49:53,MLLB_000_y1.0.3,RED,v4_red_MLLB_000_y103_0925,2.8,2.809,15,60,54,ince,False,iki-OK-arasi-monotonluk,,,,,,,,,,,,True,,935.0,4.0,9.5
2026-09-25 16:49:53,MLLB_000_y1.0.3,RED,v4_red_MLLB_000_y103_0925,2.8,2.809,15,60,55,ince,False,iki-OK-arasi-monotonluk,,,,,,,,,,,,True,,935.0,4.0,9.5
2026-09-25 16:49:53,MLLB_000_y1.0.3,RED,v4_red_MLLB_000_y103_0925,2.8,2.809,15,60,57,ince,False,iki-OK-arasi-monotonluk,,,,,,,,,,,,True,,935.0,4.0,9.5
2026-09-25 16:49:53,MLLB_000_y1.0.3,RED,v4_red_MLLB_000_y103_0925,2.8,2.809,15,60,,bitti,False,,,,,,,,,,,,,,,935.0,4.0,9.5
2026-09-25 16:50:14,MLLB_000_y1.0.3,RED,v4_red_MLLB_000_y103_0925,2.8,2.809,100,100,12,kaba,True,,30.0,28.0,10.0,972.0,1002.0,1.048,243.864,232.751,0.7773,True,,True,,935.0,4.0,9.5
2026-09-25 16:50:30,MLLB_000_y1.0.3,RED,v4_red_MLLB_000_y103_0925,2.8,2.809,100,100,16,kaba,True,,30.0,28.0,10.0,972.0,1002.0,1.052,244.718,232.72,0.7767,True,,True,,935.0,4.0,9.5
2026-09-25 16:50:46,MLLB_000_y1.0.3,RED,v4_red_MLLB_000_y103_0925,2.8,2.809,100,100,20,kaba,True,,30.0,28.0,10.0,972.0,1002.0,1.049,243.864,232.424,0.7771,True,,True,,935.0,4.0,9.5
2026-09-25 16:51:02,MLLB_000_y1.0.3,RED,v4_red_MLLB_000_y103_0925,2.8,2.809,100,100,24,kaba,True,,30.0,28.0,10.0,972.0,1002.0,1.049,243.864,232.452,0.7772,True,,True,,935.0,4.0,9.5
2026-09-25 16:51:18,MLLB_000_y1.0.3,RED,v4_red_MLLB_000_y103_0925,2.8,2.809,100,100,28,kaba,True,,30.0,28.0,10.0,972.0,1002.0,1.049,243.864,232.472,0.7771,True,,True,,935.0,4.0,9.5
2026-09-25 16:51:34,MLLB_000_y1.0.3,RED,v4_red_MLLB_000_y103_0925,2.8,2.809,100,100,32,kaba,True,,30.0,28.0,10.0,972.0,1002.0,1.048,243.864,232.741,0.7772,True,,True,,935.0,4.0,9.5
2026-09-25 16:51:50,MLLB_000_y1.0.3,RED,v4_red_MLLB_000_y103_0925,2.8,2.809,100,100,36,kaba,True,,30.0,28.0,10.0,972.0,1002.0,1.048,243.864,232.596,0.7768,True,,True,,935.0,4.0,9.5
2026-09-25 16:52:03,MLLB_000_y1.0.3,RED,v4_red_MLLB_000_y103_0925,2.8,2.809,100,100,40,kaba,True,,30.0,28.0,10.0,972.0,1002.0,1.049,243.864,232.41,0.7773,True,,True,,935.0,4.0,9.5
2026-09-25 16:52:18,MLLB_000_y1.0.3,RED,v4_red_MLLB_000_y103_0925,2.8,2.809,100,100,44,kaba,True,,30.0,28.0,10.0,972.0,1002.0,1.05,244.048,232.454,0.7767,True,,True,,935.0,4.0,9.5
2026-09-25 16:52:34,MLLB_000_y1.0.3,RED,v4_red_MLLB_000_y103_0925,2.8,2.809,100,100,48,kaba,True,,30.0,28.0,10.0,972.0,1002.0,1.049,243.864,232.48,0.778,True,,True,,935.0,4.0,9.5
2026-09-25 16:52:50,MLLB_000_y1.0.3,RED,v4_red_MLLB_000_y103_0925,2.8,2.809,100,100,52,kaba,True,,30.0,28.0,10.0,972.0,1002.0,1.049,243.864,232.392,0.7776,True,,True,,935.0,4.0,9.5
2026-09-25 16:53:06,MLLB_000_y1.0.3,RED,v4_red_MLLB_000_y103_0925,2.8,2.809,100,100,56,kaba,True,,30.0,28.0,10.0,972.0,1002.0,1.049,243.864,232.39,0.7774,True,,True,,935.0,4.0,9.5
2026-09-25 16:53:22,MLLB_000_y1.0.3,RED,v4_red_MLLB_000_y103_0925,2.8,2.809,100,100,58,kaba,True,,30.0,28.0,10.0,972.0,1002.0,1.05,243.864,232.251,0.778,True,,True,,935.0,4.0,9.5
2026-09-25 16:53:23,MLLB_000_y1.0.3,RED,v4_red_MLLB_000_y103_0925,2.8,2.809,100,100,13,ince,False,iki-OK-arasi-monotonluk,,,,,,,,,,,,True,,935.0,4.0,9.5
2026-09-25 16:53:23,MLLB_000_y1.0.3,RED,v4_red_MLLB_000_y103_0925,2.8,2.809,100,100,14,ince,False,iki-OK-arasi-monotonluk,,,,,,,,,,,,True,,935.0,4.0,9.5
2026-09-25 16:53:23,MLLB_000_y1.0.3,RED,v4_red_MLLB_000_y103_0925,2.8,2.809,100,100,15,ince,False,iki-OK-arasi-monotonluk,,,,,,,,,,,,True,,935.0,4.0,9.5
2026-09-25 16:53:23,MLLB_000_y1.0.3,RED,v4_red_MLLB_000_y103_0925,2.8,2.809,100,100,17,ince,False,iki-OK-arasi-monotonluk,,,,,,,,,,,,True,,935.0,4.0,9.5
2026-09-25 16:53:23,MLLB_000_y1.0.3,RED,v4_red_MLLB_000_y103_0925,2.8,2.809,100,100,18,ince,False,iki-OK-arasi-monotonluk,,,,,,,,,,,,True,,935.0,4.0,9.5
2026-09-25 16:53:23,MLLB_000_y1.0.3,RED,v4_red_MLLB_000_y103_0925,2.8,2.809,100,100,19,ince,False,iki-OK-arasi-monotonluk,,,,,,,,,,,,True,,935.0,4.0,9.5
2026-09-25 16:53:23,MLLB_000_y1.0.3,RED,v4_red_MLLB_000_y103_0925,2.8,2.809,100,100,21,ince,False,iki-OK-arasi-monotonluk,,,,,,,,,,,,True,,935.0,4.0,9.5
2026-09-25 16:53:23,MLLB_000_y1.0.3,RED,v4_red_MLLB_000_y103_0925,2.8,2.809,100,100,22,ince,False,iki-OK-arasi-monotonluk,,,,,,,,,,,,True,,935.0,4.0,9.5
2026-09-25 16:53:23,MLLB_000_y1.0.3,RED,v4_red_MLLB_000_y103_0925,2.8,2.809,100,100,23,ince,False,iki-OK-arasi-monotonluk,,,,,,,,,,,,True,,935.0,4.0,9.5
2026-09-25 16:53:23,MLLB_000_y1.0.3,RED,v4_red_MLLB_000_y103_0925,2.8,2.809,100,100,25,ince,False,iki-OK-arasi-monotonluk,,,,,,,,,,,,True,,935.0,4.0,9.5
2026-09-25 16:53:23,MLLB_000_y1.0.3,RED,v4_red_MLLB_000_y103_0925,2.8,2.809,100,100,26,ince,False,iki-OK-arasi-monotonluk,,,,,,,,,,,,True,,935.0,4.0,9.5
2026-09-25 16:53:23,MLLB_000_y1.0.3,RED,v4_red_MLLB_000_y103_0925,2.8,2.809,100,100,27,ince,False,iki-OK-arasi-monotonluk,,,,,,,,,,,,True,,935.0,4.0,9.5
2026-09-25 16:53:23,MLLB_000_y1.0.3,RED,v4_red_MLLB_000_y103_0925,2.8,2.809,100,100,29,ince,False,iki-OK-arasi-monotonluk,,,,,,,,,,,,True,,935.0,4.0,9.5
2026-09-25 16:53:23,MLLB_000_y1.0.3,RED,v4_red_MLLB_000_y103_0925,2.8,2.809,100,100,30,ince,False,iki-OK-arasi-monotonluk,,,,,,,,,,,,True,,935.0,4.0,9.5
2026-09-25 16:53:23,MLLB_000_y1.0.3,RED,v4_red_MLLB_000_y103_0925,2.8,2.809,100,100,31,ince,False,iki-OK-arasi-monotonluk,,,,,,,,,,,,True,,935.0,4.0,9.5
2026-09-25 16:53:23,MLLB_000_y1.0.3,RED,v4_red_MLLB_000_y103_0925,2.8,2.809,100,100,33,ince,False,iki-OK-arasi-monotonluk,,,,,,,,,,,,True,,935.0,4.0,9.5
2026-09-25 16:53:23,MLLB_000_y1.0.3,RED,v4_red_MLLB_000_y103_0925,2.8,2.809,100,100,34,ince,False,iki-OK-arasi-monotonluk,,,,,,,,,,,,True,,935.0,4.0,9.5
2026-09-25 16:53:23,MLLB_000_y1.0.3,RED,v4_red_MLLB_000_y103_0925,2.8,2.809,100,100,35,ince,False,iki-OK-arasi-monotonluk,,,,,,,,,,,,True,,935.0,4.0,9.5
2026-09-25 16:53:23,MLLB_000_y1.0.3,RED,v4_red_MLLB_000_y103_0925,2.8,2.809,100,100,37,ince,False,iki-OK-arasi-monotonluk,,,,,,,,,,,,True,,935.0,4.0,9.5
2026-09-25 16:53:23,MLLB_000_y1.0.3,RED,v4_red_MLLB_000_y103_0925,2.8,2.809,100,100,38,ince,False,iki-OK-arasi-monotonluk,,,,,,,,,,,,True,,935.0,4.0,9.5
2026-09-25 16:53:23,MLLB_000_y1.0.3,RED,v4_red_MLLB_000_y103_0925,2.8,2.809,100,100,39,ince,False,iki-OK-arasi-monotonluk,,,,,,,,,,,,True,,935.0,4.0,9.5
2026-09-25 16:53:23,MLLB_000_y1.0.3,RED,v4_red_MLLB_000_y103_0925,2.8,2.809,100,100,41,ince,False,iki-OK-arasi-monotonluk,,,,,,,,,,,,True,,935.0,4.0,9.5
2026-09-25 16:53:23,MLLB_000_y1.0.3,RED,v4_red_MLLB_000_y103_0925,2.8,2.809,100,100,42,ince,False,iki-OK-arasi-monotonluk,,,,,,,,,,,,True,,935.0,4.0,9.5
2026-09-25 16:53:23,MLLB_000_y1.0.3,RED,v4_red_MLLB_000_y103_0925,2.8,2.809,100,100,43,ince,False,iki-OK-arasi-monotonluk,,,,,,,,,,,,True,,935.0,4.0,9.5
2026-09-25 16:53:23,MLLB_000_y1.0.3,RED,v4_red_MLLB_000_y103_0925,2.8,2.809,100,100,45,ince,False,iki-OK-arasi-monotonluk,,,,,,,,,,,,True,,935.0,4.0,9.5
2026-09-25 16:53:23,MLLB_000_y1.0.3,RED,v4_red_MLLB_000_y103_0925,2.8,2.809,100,100,46,ince,False,iki-OK-arasi-monotonluk,,,,,,,,,,,,True,,935.0,4.0,9.5
2026-09-25 16:53:23,MLLB_000_y1.0.3,RED,v4_red_MLLB_000_y103_0925,2.8,2.809,100,100,47,ince,False,iki-OK-arasi-monotonluk,,,,,,,,,,,,True,,935.0,4.0,9.5
2026-09-25 16:53:23,MLLB_000_y1.0.3,RED,v4_red_MLLB_000_y103_0925,2.8,2.809,100,100,49,ince,False,iki-OK-arasi-monotonluk,,,,,,,,,,,,True,,935.0,4.0,9.5
2026-09-25 16:53:23,MLLB_000_y1.0.3,RED,v4_red_MLLB_000_y103_0925,2.8,2.809,100,100,50,ince,False,iki-OK-arasi-monotonluk,,,,,,,,,,,,True,,935.0,4.0,9.5
2026-09-25 16:53:23,MLLB_000_y1.0.3,RED,v4_red_MLLB_000_y103_0925,2.8,2.809,100,100,51,ince,False,iki-OK-arasi-monotonluk,,,,,,,,,,,,True,,935.0,4.0,9.5
2026-09-25 16:53:23,MLLB_000_y1.0.3,RED,v4_red_MLLB_000_y103_0925,2.8,2.809,100,100,53,ince,False,iki-OK-arasi-monotonluk,,,,,,,,,,,,True,,935.0,4.0,9.5
2026-09-25 16:53:23,MLLB_000_y1.0.3,RED,v4_red_MLLB_000_y103_0925,2.8,2.809,100,100,54,ince,False,iki-OK-arasi-monotonluk,,,,,,,,,,,,True,,935.0,4.0,9.5
2026-09-25 16:53:23,MLLB_000_y1.0.3,RED,v4_red_MLLB_000_y103_0925,2.8,2.809,100,100,55,ince,False,iki-OK-arasi-monotonluk,,,,,,,,,,,,True,,935.0,4.0,9.5
2026-09-25 16:53:23,MLLB_000_y1.0.3,RED,v4_red_MLLB_000_y103_0925,2.8,2.809,100,100,57,ince,False,iki-OK-arasi-monotonluk,,,,,,,,,,,,True,,935.0,4.0,9.5
2026-09-25 16:53:23,MLLB_000_y1.0.3,RED,v4_red_MLLB_000_y103_0925,2.8,2.809,100,100,,bitti,False,,,,,,,,,,,,,,,935.0,4.0,9.5
2026-09-25 16:53:38,MLLB_000_y1.0.3,RED,v4_red_MLLB_000_y103_0925,2.8,2.809,100,80,12,kaba,True,,30.0,28.0,10.0,972.0,1002.0,1.05,243.864,232.319,0.7774,True,,True,,935.0,4.0,9.5
2026-09-25 16:53:54,MLLB_000_y1.0.3,RED,v4_red_MLLB_000_y103_0925,2.8,2.809,100,80,16,kaba,True,,30.0,28.0,10.0,972.0,1002.0,1.049,243.864,232.436,0.777,True,,True,,935.0,4.0,9.5
2026-09-25 16:54:10,MLLB_000_y1.0.3,RED,v4_red_MLLB_000_y103_0925,2.8,2.809,100,80,20,kaba,True,,30.0,28.0,10.0,972.0,1002.0,1.053,244.819,232.428,0.7774,True,,True,,935.0,4.0,9.5
2026-09-25 16:54:26,MLLB_000_y1.0.3,RED,v4_red_MLLB_000_y103_0925,2.8,2.809,100,80,24,kaba,True,,30.0,28.0,10.0,972.0,1002.0,1.05,243.864,232.355,0.7764,True,,True,,935.0,4.0,9.5
2026-09-25 16:54:42,MLLB_000_y1.0.3,RED,v4_red_MLLB_000_y103_0925,2.8,2.809,100,80,28,kaba,True,,30.0,28.0,10.0,972.0,1002.0,1.05,243.949,232.355,0.7774,True,,True,,935.0,4.0,9.5
2026-09-25 16:54:54,MLLB_000_y1.0.3,RED,v4_red_MLLB_000_y103_0925,2.8,2.809,100,80,32,kaba,True,,30.0,28.0,10.0,972.0,1002.0,1.05,243.864,232.262,0.7773,True,,True,,935.0,4.0,9.5
2026-09-25 16:55:10,MLLB_000_y1.0.3,RED,v4_red_MLLB_000_y103_0925,2.8,2.809,100,80,36,kaba,True,,30.0,28.0,10.0,972.0,1002.0,1.049,243.864,232.367,0.7776,True,,True,,935.0,4.0,9.5
2026-09-25 16:55:26,MLLB_000_y1.0.3,RED,v4_red_MLLB_000_y103_0925,2.8,2.809,100,80,40,kaba,True,,30.0,28.0,10.0,972.0,1002.0,1.049,243.949,232.525,0.7769,True,,True,,935.0,4.0,9.5
2026-09-25 16:55:42,MLLB_000_y1.0.3,RED,v4_red_MLLB_000_y103_0925,2.8,2.809,100,80,44,kaba,True,,30.0,28.0,10.0,972.0,1002.0,1.049,243.864,232.556,0.777,True,,True,,935.0,4.0,9.5
2026-09-25 16:55:58,MLLB_000_y1.0.3,RED,v4_red_MLLB_000_y103_0925,2.8,2.809,100,80,48,kaba,True,,30.0,28.0,10.0,972.0,1002.0,1.049,243.864,232.521,0.7772,True,,True,,935.0,4.0,9.5
2026-09-25 16:56:14,MLLB_000_y1.0.3,RED,v4_red_MLLB_000_y103_0925,2.8,2.809,100,80,52,kaba,True,,30.0,28.0,10.0,972.0,1002.0,1.049,243.864,232.399,0.777,True,,True,,935.0,4.0,9.5
2026-09-25 16:56:30,MLLB_000_y1.0.3,RED,v4_red_MLLB_000_y103_0925,2.8,2.809,100,80,56,kaba,True,,30.0,28.0,10.0,972.0,1002.0,1.052,244.635,232.612,0.7774,True,,True,,935.0,4.0,9.5
2026-09-25 16:56:46,MLLB_000_y1.0.3,RED,v4_red_MLLB_000_y103_0925,2.8,2.809,100,80,58,kaba,True,,30.0,28.0,10.0,972.0,1002.0,1.05,243.864,232.322,0.7774,True,,True,,935.0,4.0,9.5
2026-09-25 16:56:47,MLLB_000_y1.0.3,RED,v4_red_MLLB_000_y103_0925,2.8,2.809,100,80,13,ince,False,iki-OK-arasi-monotonluk,,,,,,,,,,,,True,,935.0,4.0,9.5
2026-09-25 16:56:47,MLLB_000_y1.0.3,RED,v4_red_MLLB_000_y103_0925,2.8,2.809,100,80,14,ince,False,iki-OK-arasi-monotonluk,,,,,,,,,,,,True,,935.0,4.0,9.5
2026-09-25 16:56:47,MLLB_000_y1.0.3,RED,v4_red_MLLB_000_y103_0925,2.8,2.809,100,80,15,ince,False,iki-OK-arasi-monotonluk,,,,,,,,,,,,True,,935.0,4.0,9.5
2026-09-25 16:56:47,MLLB_000_y1.0.3,RED,v4_red_MLLB_000_y103_0925,2.8,2.809,100,80,17,ince,False,iki-OK-arasi-monotonluk,,,,,,,,,,,,True,,935.0,4.0,9.5
2026-09-25 16:56:47,MLLB_000_y1.0.3,RED,v4_red_MLLB_000_y103_0925,2.8,2.809,100,80,18,ince,False,iki-OK-arasi-monotonluk,,,,,,,,,,,,True,,935.0,4.0,9.5
2026-09-25 16:56:47,MLLB_000_y1.0.3,RED,v4_red_MLLB_000_y103_0925,2.8,2.809,100,80,19,ince,False,iki-OK-arasi-monotonluk,,,,,,,,,,,,True,,935.0,4.0,9.5
2026-09-25 16:56:47,MLLB_000_y1.0.3,RED,v4_red_MLLB_000_y103_0925,2.8,2.809,100,80,21,ince,False,iki-OK-arasi-monotonluk,,,,,,,,,,,,True,,935.0,4.0,9.5
2026-09-25 16:56:47,MLLB_000_y1.0.3,RED,v4_red_MLLB_000_y103_0925,2.8,2.809,100,80,22,ince,False,iki-OK-arasi-monotonluk,,,,,,,,,,,,True,,935.0,4.0,9.5
2026-09-25 16:56:47,MLLB_000_y1.0.3,RED,v4_red_MLLB_000_y103_0925,2.8,2.809,100,80,23,ince,False,iki-OK-arasi-monotonluk,,,,,,,,,,,,True,,935.0,4.0,9.5
2026-09-25 16:56:47,MLLB_000_y1.0.3,RED,v4_red_MLLB_000_y103_0925,2.8,2.809,100,80,25,ince,False,iki-OK-arasi-monotonluk,,,,,,,,,,,,True,,935.0,4.0,9.5
2026-09-25 16:56:47,MLLB_000_y1.0.3,RED,v4_red_MLLB_000_y103_0925,2.8,2.809,100,80,26,ince,False,iki-OK-arasi-monotonluk,,,,,,,,,,,,True,,935.0,4.0,9.5
2026-09-25 16:56:47,MLLB_000_y1.0.3,RED,v4_red_MLLB_000_y103_0925,2.8,2.809,100,80,27,ince,False,iki-OK-arasi-monotonluk,,,,,,,,,,,,True,,935.0,4.0,9.5
2026-09-25 16:56:47,MLLB_000_y1.0.3,RED,v4_red_MLLB_000_y103_0925,2.8,2.809,100,80,29,ince,False,iki-OK-arasi-monotonluk,,,,,,,,,,,,True,,935.0,4.0,9.5
2026-09-25 16:56:47,MLLB_000_y1.0.3,RED,v4_red_MLLB_000_y103_0925,2.8,2.809,100,80,30,ince,False,iki-OK-arasi-monotonluk,,,,,,,,,,,,True,,935.0,4.0,9.5
2026-09-25 16:56:47,MLLB_000_y1.0.3,RED,v4_red_MLLB_000_y103_0925,2.8,2.809,100,80,31,ince,False,iki-OK-arasi-monotonluk,,,,,,,,,,,,True,,935.0,4.0,9.5
2026-09-25 16:56:47,MLLB_000_y1.0.3,RED,v4_red_MLLB_000_y103_0925,2.8,2.809,100,80,33,ince,False,iki-OK-arasi-monotonluk,,,,,,,,,,,,True,,935.0,4.0,9.5
2026-09-25 16:56:47,MLLB_000_y1.0.3,RED,v4_red_MLLB_000_y103_0925,2.8,2.809,100,80,34,ince,False,iki-OK-arasi-monotonluk,,,,,,,,,,,,True,,935.0,4.0,9.5
2026-09-25 16:56:47,MLLB_000_y1.0.3,RED,v4_red_MLLB_000_y103_0925,2.8,2.809,100,80,35,ince,False,iki-OK-arasi-monotonluk,,,,,,,,,,,,True,,935.0,4.0,9.5
2026-09-25 16:56:47,MLLB_000_y1.0.3,RED,v4_red_MLLB_000_y103_0925,2.8,2.809,100,80,37,ince,False,iki-OK-arasi-monotonluk,,,,,,,,,,,,True,,935.0,4.0,9.5
2026-09-25 16:56:47,MLLB_000_y1.0.3,RED,v4_red_MLLB_000_y103_0925,2.8,2.809,100,80,38,ince,False,iki-OK-arasi-monotonluk,,,,,,,,,,,,True,,935.0,4.0,9.5
2026-09-25 16:56:47,MLLB_000_y1.0.3,RED,v4_red_MLLB_000_y103_0925,2.8,2.809,100,80,39,ince,False,iki-OK-arasi-monotonluk,,,,,,,,,,,,True,,935.0,4.0,9.5
2026-09-25 16:56:47,MLLB_000_y1.0.3,RED,v4_red_MLLB_000_y103_0925,2.8,2.809,100,80,41,ince,False,iki-OK-arasi-monotonluk,,,,,,,,,,,,True,,935.0,4.0,9.5
2026-09-25 16:56:47,MLLB_000_y1.0.3,RED,v4_red_MLLB_000_y103_0925,2.8,2.809,100,80,42,ince,False,iki-OK-arasi-monotonluk,,,,,,,,,,,,True,,935.0,4.0,9.5
2026-09-25 16:56:47,MLLB_000_y1.0.3,RED,v4_red_MLLB_000_y103_0925,2.8,2.809,100,80,43,ince,False,iki-OK-arasi-monotonluk,,,,,,,,,,,,True,,935.0,4.0,9.5
2026-09-25 16:56:47,MLLB_000_y1.0.3,RED,v4_red_MLLB_000_y103_0925,2.8,2.809,100,80,45,ince,False,iki-OK-arasi-monotonluk,,,,,,,,,,,,True,,935.0,4.0,9.5
2026-09-25 16:56:47,MLLB_000_y1.0.3,RED,v4_red_MLLB_000_y103_0925,2.8,2.809,100,80,46,ince,False,iki-OK-arasi-monotonluk,,,,,,,,,,,,True,,935.0,4.0,9.5
2026-09-25 16:56:47,MLLB_000_y1.0.3,RED,v4_red_MLLB_000_y103_0925,2.8,2.809,100,80,47,ince,False,iki-OK-arasi-monotonluk,,,,,,,,,,,,True,,935.0,4.0,9.5
2026-09-25 16:56:47,MLLB_000_y1.0.3,RED,v4_red_MLLB_000_y103_0925,2.8,2.809,100,80,49,ince,False,iki-OK-arasi-monotonluk,,,,,,,,,,,,True,,935.0,4.0,9.5
2026-09-25 16:56:47,MLLB_000_y1.0.3,RED,v4_red_MLLB_000_y103_0925,2.8,2.809,100,80,50,ince,False,iki-OK-arasi-monotonluk,,,,,,,,,,,,True,,935.0,4.0,9.5
2026-09-25 16:56:47,MLLB_000_y1.0.3,RED,v4_red_MLLB_000_y103_0925,2.8,2.809,100,80,51,ince,False,iki-OK-arasi-monotonluk,,,,,,,,,,,,True,,935.0,4.0,9.5
2026-09-25 16:56:47,MLLB_000_y1.0.3,RED,v4_red_MLLB_000_y103_0925,2.8,2.809,100,80,53,ince,False,iki-OK-arasi-monotonluk,,,,,,,,,,,,True,,935.0,4.0,9.5
2026-09-25 16:56:47,MLLB_000_y1.0.3,RED,v4_red_MLLB_000_y103_0925,2.8,2.809,100,80,54,ince,False,iki-OK-arasi-monotonluk,,,,,,,,,,,,True,,935.0,4.0,9.5
2026-09-25 16:56:47,MLLB_000_y1.0.3,RED,v4_red_MLLB_000_y103_0925,2.8,2.809,100,80,55,ince,False,iki-OK-arasi-monotonluk,,,,,,,,,,,,True,,935.0,4.0,9.5
2026-09-25 16:56:47,MLLB_000_y1.0.3,RED,v4_red_MLLB_000_y103_0925,2.8,2.809,100,80,57,ince,False,iki-OK-arasi-monotonluk,,,,,,,,,,,,True,,935.0,4.0,9.5
2026-09-25 16:56:47,MLLB_000_y1.0.3,RED,v4_red_MLLB_000_y103_0925,2.8,2.809,100,80,,bitti,False,,,,,,,,,,,,,,,935.0,4.0,9.5
2026-09-25 16:57:02,MLLB_000_y1.0.3,RED,v4_red_MLLB_000_y103_0925,2.8,2.809,100,60,12,kaba,True,,30.0,28.0,10.0,972.0,1002.0,1.049,243.953,232.468,0.7776,True,,True,,935.0,4.0,9.5
2026-09-25 16:57:18,MLLB_000_y1.0.3,RED,v4_red_MLLB_000_y103_0925,2.8,2.809,100,60,16,kaba,True,,30.0,28.0,10.0,972.0,1002.0,1.049,243.864,232.375,0.7775,True,,True,,935.0,4.0,9.5
2026-09-25 16:57:34,MLLB_000_y1.0.3,RED,v4_red_MLLB_000_y103_0925,2.8,2.809,100,60,20,kaba,True,,30.0,28.0,10.0,972.0,1002.0,1.053,244.684,232.462,0.7771,True,,True,,935.0,4.0,9.5
2026-09-25 16:57:50,MLLB_000_y1.0.3,RED,v4_red_MLLB_000_y103_0925,2.8,2.809,100,60,24,kaba,True,,30.0,28.0,10.0,972.0,1002.0,1.05,243.864,232.26,0.7772,True,,True,,935.0,4.0,9.5
2026-09-25 16:58:06,MLLB_000_y1.0.3,RED,v4_red_MLLB_000_y103_0925,2.8,2.809,100,60,28,kaba,True,,30.0,28.0,10.0,972.0,1002.0,1.049,243.864,232.559,0.7773,True,,True,,935.0,4.0,9.5
2026-09-25 16:58:22,MLLB_000_y1.0.3,RED,v4_red_MLLB_000_y103_0925,2.8,2.809,100,60,32,kaba,True,,30.0,28.0,10.0,972.0,1002.0,1.049,243.864,232.518,0.7777,True,,True,,935.0,4.0,9.5
2026-09-25 16:58:38,MLLB_000_y1.0.3,RED,v4_red_MLLB_000_y103_0925,2.8,2.809,100,60,36,kaba,True,,30.0,28.0,10.0,972.0,1002.0,1.049,243.864,232.547,0.7765,True,,True,,935.0,4.0,9.5
2026-09-25 16:58:54,MLLB_000_y1.0.3,RED,v4_red_MLLB_000_y103_0925,2.8,2.809,100,60,40,kaba,True,,30.0,28.0,10.0,972.0,1002.0,1.049,243.991,232.67,0.7772,True,,True,,935.0,4.0,9.5
2026-09-25 16:59:10,MLLB_000_y1.0.3,RED,v4_red_MLLB_000_y103_0925,2.8,2.809,100,60,44,kaba,True,,30.0,28.0,10.0,972.0,1002.0,1.048,243.864,232.658,0.7778,True,,True,,935.0,4.0,9.5
2026-09-25 16:59:26,MLLB_000_y1.0.3,RED,v4_red_MLLB_000_y103_0925,2.8,2.809,100,60,48,kaba,True,,30.0,28.0,10.0,972.0,1002.0,1.049,243.985,232.563,0.7779,True,,True,,935.0,4.0,9.5
2026-09-25 16:59:42,MLLB_000_y1.0.3,RED,v4_red_MLLB_000_y103_0925,2.8,2.809,100,60,52,kaba,True,,30.0,28.0,10.0,972.0,1002.0,1.049,243.864,232.519,0.778,True,,True,,935.0,4.0,9.5
2026-09-25 16:59:58,MLLB_000_y1.0.3,RED,v4_red_MLLB_000_y103_0925,2.8,2.809,100,60,56,kaba,True,,30.0,28.0,10.0,972.0,1002.0,1.048,243.891,232.615,0.7777,True,,True,,935.0,4.0,9.5
2026-09-25 17:00:14,MLLB_000_y1.0.3,RED,v4_red_MLLB_000_y103_0925,2.8,2.809,100,60,58,kaba,True,,30.0,28.0,10.0,972.0,1002.0,1.052,244.635,232.648,0.7771,True,,True,,935.0,4.0,9.5
2026-09-25 17:00:15,MLLB_000_y1.0.3,RED,v4_red_MLLB_000_y103_0925,2.8,2.809,100,60,13,ince,False,iki-OK-arasi-monotonluk,,,,,,,,,,,,True,,935.0,4.0,9.5
2026-09-25 17:00:15,MLLB_000_y1.0.3,RED,v4_red_MLLB_000_y103_0925,2.8,2.809,100,60,14,ince,False,iki-OK-arasi-monotonluk,,,,,,,,,,,,True,,935.0,4.0,9.5
2026-09-25 17:00:15,MLLB_000_y1.0.3,RED,v4_red_MLLB_000_y103_0925,2.8,2.809,100,60,15,ince,False,iki-OK-arasi-monotonluk,,,,,,,,,,,,True,,935.0,4.0,9.5
2026-09-25 17:00:15,MLLB_000_y1.0.3,RED,v4_red_MLLB_000_y103_0925,2.8,2.809,100,60,17,ince,False,iki-OK-arasi-monotonluk,,,,,,,,,,,,True,,935.0,4.0,9.5
2026-09-25 17:00:15,MLLB_000_y1.0.3,RED,v4_red_MLLB_000_y103_0925,2.8,2.809,100,60,18,ince,False,iki-OK-arasi-monotonluk,,,,,,,,,,,,True,,935.0,4.0,9.5
2026-09-25 17:00:15,MLLB_000_y1.0.3,RED,v4_red_MLLB_000_y103_0925,2.8,2.809,100,60,19,ince,False,iki-OK-arasi-monotonluk,,,,,,,,,,,,True,,935.0,4.0,9.5
2026-09-25 17:00:15,MLLB_000_y1.0.3,RED,v4_red_MLLB_000_y103_0925,2.8,2.809,100,60,21,ince,False,iki-OK-arasi-monotonluk,,,,,,,,,,,,True,,935.0,4.0,9.5
2026-09-25 17:00:15,MLLB_000_y1.0.3,RED,v4_red_MLLB_000_y103_0925,2.8,2.809,100,60,22,ince,False,iki-OK-arasi-monotonluk,,,,,,,,,,,,True,,935.0,4.0,9.5
2026-09-25 17:00:15,MLLB_000_y1.0.3,RED,v4_red_MLLB_000_y103_0925,2.8,2.809,100,60,23,ince,False,iki-OK-arasi-monotonluk,,,,,,,,,,,,True,,935.0,4.0,9.5
2026-09-25 17:00:15,MLLB_000_y1.0.3,RED,v4_red_MLLB_000_y103_0925,2.8,2.809,100,60,25,ince,False,iki-OK-arasi-monotonluk,,,,,,,,,,,,True,,935.0,4.0,9.5
2026-09-25 17:00:15,MLLB_000_y1.0.3,RED,v4_red_MLLB_000_y103_0925,2.8,2.809,100,60,26,ince,False,iki-OK-arasi-monotonluk,,,,,,,,,,,,True,,935.0,4.0,9.5
2026-09-25 17:00:15,MLLB_000_y1.0.3,RED,v4_red_MLLB_000_y103_0925,2.8,2.809,100,60,27,ince,False,iki-OK-arasi-monotonluk,,,,,,,,,,,,True,,935.0,4.0,9.5
2026-09-25 17:00:15,MLLB_000_y1.0.3,RED,v4_red_MLLB_000_y103_0925,2.8,2.809,100,60,29,ince,False,iki-OK-arasi-monotonluk,,,,,,,,,,,,True,,935.0,4.0,9.5
2026-09-25 17:00:15,MLLB_000_y1.0.3,RED,v4_red_MLLB_000_y103_0925,2.8,2.809,100,60,30,ince,False,iki-OK-arasi-monotonluk,,,,,,,,,,,,True,,935.0,4.0,9.5
2026-09-25 17:00:15,MLLB_000_y1.0.3,RED,v4_red_MLLB_000_y103_0925,2.8,2.809,100,60,31,ince,False,iki-OK-arasi-monotonluk,,,,,,,,,,,,True,,935.0,4.0,9.5
2026-09-25 17:00:15,MLLB_000_y1.0.3,RED,v4_red_MLLB_000_y103_0925,2.8,2.809,100,60,33,ince,False,iki-OK-arasi-monotonluk,,,,,,,,,,,,True,,935.0,4.0,9.5
2026-09-25 17:00:15,MLLB_000_y1.0.3,RED,v4_red_MLLB_000_y103_0925,2.8,2.809,100,60,34,ince,False,iki-OK-arasi-monotonluk,,,,,,,,,,,,True,,935.0,4.0,9.5
2026-09-25 17:00:15,MLLB_000_y1.0.3,RED,v4_red_MLLB_000_y103_0925,2.8,2.809,100,60,35,ince,False,iki-OK-arasi-monotonluk,,,,,,,,,,,,True,,935.0,4.0,9.5
2026-09-25 17:00:15,MLLB_000_y1.0.3,RED,v4_red_MLLB_000_y103_0925,2.8,2.809,100,60,37,ince,False,iki-OK-arasi-monotonluk,,,,,,,,,,,,True,,935.0,4.0,9.5
2026-09-25 17:00:15,MLLB_000_y1.0.3,RED,v4_red_MLLB_000_y103_0925,2.8,2.809,100,60,38,ince,False,iki-OK-arasi-monotonluk,,,,,,,,,,,,True,,935.0,4.0,9.5
2026-09-25 17:00:15,MLLB_000_y1.0.3,RED,v4_red_MLLB_000_y103_0925,2.8,2.809,100,60,39,ince,False,iki-OK-arasi-monotonluk,,,,,,,,,,,,True,,935.0,4.0,9.5
2026-09-25 17:00:15,MLLB_000_y1.0.3,RED,v4_red_MLLB_000_y103_0925,2.8,2.809,100,60,41,ince,False,iki-OK-arasi-monotonluk,,,,,,,,,,,,True,,935.0,4.0,9.5
2026-09-25 17:00:15,MLLB_000_y1.0.3,RED,v4_red_MLLB_000_y103_0925,2.8,2.809,100,60,42,ince,False,iki-OK-arasi-monotonluk,,,,,,,,,,,,True,,935.0,4.0,9.5
2026-09-25 17:00:15,MLLB_000_y1.0.3,RED,v4_red_MLLB_000_y103_0925,2.8,2.809,100,60,43,ince,False,iki-OK-arasi-monotonluk,,,,,,,,,,,,True,,935.0,4.0,9.5
2026-09-25 17:00:15,MLLB_000_y1.0.3,RED,v4_red_MLLB_000_y103_0925,2.8,2.809,100,60,45,ince,False,iki-OK-arasi-monotonluk,,,,,,,,,,,,True,,935.0,4.0,9.5
2026-09-25 17:00:15,MLLB_000_y1.0.3,RED,v4_red_MLLB_000_y103_0925,2.8,2.809,100,60,46,ince,False,iki-OK-arasi-monotonluk,,,,,,,,,,,,True,,935.0,4.0,9.5
2026-09-25 17:00:15,MLLB_000_y1.0.3,RED,v4_red_MLLB_000_y103_0925,2.8,2.809,100,60,47,ince,False,iki-OK-arasi-monotonluk,,,,,,,,,,,,True,,935.0,4.0,9.5
2026-09-25 17:00:15,MLLB_000_y1.0.3,RED,v4_red_MLLB_000_y103_0925,2.8,2.809,100,60,49,ince,False,iki-OK-arasi-monotonluk,,,,,,,,,,,,True,,935.0,4.0,9.5
2026-09-25 17:00:15,MLLB_000_y1.0.3,RED,v4_red_MLLB_000_y103_0925,2.8,2.809,100,60,50,ince,False,iki-OK-arasi-monotonluk,,,,,,,,,,,,True,,935.0,4.0,9.5
2026-09-25 17:00:15,MLLB_000_y1.0.3,RED,v4_red_MLLB_000_y103_0925,2.8,2.809,100,60,51,ince,False,iki-OK-arasi-monotonluk,,,,,,,,,,,,True,,935.0,4.0,9.5
2026-09-25 17:00:15,MLLB_000_y1.0.3,RED,v4_red_MLLB_000_y103_0925,2.8,2.809,100,60,53,ince,False,iki-OK-arasi-monotonluk,,,,,,,,,,,,True,,935.0,4.0,9.5
2026-09-25 17:00:15,MLLB_000_y1.0.3,RED,v4_red_MLLB_000_y103_0925,2.8,2.809,100,60,54,ince,False,iki-OK-arasi-monotonluk,,,,,,,,,,,,True,,935.0,4.0,9.5
2026-09-25 17:00:15,MLLB_000_y1.0.3,RED,v4_red_MLLB_000_y103_0925,2.8,2.809,100,60,55,ince,False,iki-OK-arasi-monotonluk,,,,,,,,,,,,True,,935.0,4.0,9.5
2026-09-25 17:00:15,MLLB_000_y1.0.3,RED,v4_red_MLLB_000_y103_0925,2.8,2.809,100,60,57,ince,False,iki-OK-arasi-monotonluk,,,,,,,,,,,,True,,935.0,4.0,9.5
2026-09-25 17:00:15,MLLB_000_y1.0.3,RED,v4_red_MLLB_000_y103_0925,2.8,2.809,100,60,,bitti,False,,,,,,,,,,,,,,,935.0,4.0,9.5
2026-09-25 17:00:44,MLLB_000_y1.0.3,RED,v4_red_MLLB_000_y103_0925,2.6,2.608,6,100,12,kaba,True,,276.0,98.0,230.0,726.0,1002.0,1.076,10.275,9.545,0.7129,True,,False,ON,935.0,4.0,9.5
2026-09-25 17:01:00,MLLB_000_y1.0.3,RED,v4_red_MLLB_000_y103_0925,2.6,2.608,6,100,16,kaba,True,,192.0,94.0,146.0,810.0,1002.0,1.071,10.234,9.558,0.7132,True,,False,ON,935.0,4.0,9.5
2026-09-25 17:01:16,MLLB_000_y1.0.3,RED,v4_red_MLLB_000_y103_0925,2.6,2.608,6,100,20,kaba,True,,104.0,118.0,58.0,898.0,1002.0,1.067,10.234,9.587,0.7126,True,,False,ON,935.0,4.0,9.5
2026-09-25 17:01:32,MLLB_000_y1.0.3,RED,v4_red_MLLB_000_y103_0925,2.6,2.608,6,100,24,kaba,True,,28.0,26.0,10.0,974.0,1002.0,2.292,21.999,9.597,0.7096,True,,True,,935.0,4.0,9.5
2026-09-25 17:01:48,MLLB_000_y1.0.3,RED,v4_red_MLLB_000_y103_0925,2.6,2.608,6,100,28,kaba,True,,28.0,26.0,10.0,974.0,1002.0,5.356,51.4,9.597,0.713,True,,False,FLAS,935.0,4.0,9.5
2026-09-25 17:02:04,MLLB_000_y1.0.3,RED,v4_red_MLLB_000_y103_0925,2.6,2.608,6,100,32,kaba,True,,28.0,26.0,10.0,974.0,1002.0,13.839,132.92,9.605,0.7121,True,,False,FLAS,935.0,4.0,9.5
2026-09-25 17:02:20,MLLB_000_y1.0.3,RED,v4_red_MLLB_000_y103_0925,2.6,2.608,6,100,21,ince,True,,80.0,90.0,34.0,922.0,1002.0,1.066,10.234,9.599,0.7121,True,,False,ON,935.0,4.0,9.5
2026-09-25 17:02:36,MLLB_000_y1.0.3,RED,v4_red_MLLB_000_y103_0925,2.6,2.608,6,100,22,ince,True,,58.0,110.0,14.0,944.0,1002.0,1.068,10.234,9.578,0.7105,True,,True,,935.0,4.0,9.5
2026-09-25 17:02:52,MLLB_000_y1.0.3,RED,v4_red_MLLB_000_y103_0925,2.6,2.608,6,100,23,ince,True,,30.0,28.0,10.0,972.0,1002.0,1.278,12.255,9.586,0.7127,True,,True,,935.0,4.0,9.5
2026-09-25 17:03:08,MLLB_000_y1.0.3,RED,v4_red_MLLB_000_y103_0925,2.6,2.608,6,100,25,ince,True,,28.0,26.0,10.0,974.0,1002.0,3.384,32.37,9.564,0.7112,True,,True,,935.0,4.0,9.5
2026-09-25 17:03:20,MLLB_000_y1.0.3,RED,v4_red_MLLB_000_y103_0925,2.6,2.608,6,100,26,ince,True,,28.0,26.0,10.0,974.0,1002.0,4.06,39.277,9.674,0.7101,True,,False,FLAS,935.0,4.0,9.5
2026-09-25 17:03:33,MLLB_000_y1.0.3,RED,v4_red_MLLB_000_y103_0925,2.6,2.608,6,100,27,ince,True,,28.0,26.0,10.0,974.0,1002.0,4.532,43.387,9.573,0.7109,True,,False,FLAS,935.0,4.0,9.5
2026-09-25 17:03:33,MLLB_000_y1.0.3,RED,v4_red_MLLB_000_y103_0925,2.6,2.608,6,100,,bitti,False,,,,,,,,,,,,,,,935.0,4.0,9.5
2026-09-25 17:03:48,MLLB_000_y1.0.3,RED,v4_red_MLLB_000_y103_0925,2.6,2.608,6,80,12,kaba,True,,320.0,98.0,274.0,682.0,1002.0,1.074,10.234,9.525,0.7093,True,,False,ON,935.0,4.0,9.5
2026-09-25 17:04:01,MLLB_000_y1.0.3,RED,v4_red_MLLB_000_y103_0925,2.6,2.608,6,80,16,kaba,True,,252.0,86.0,206.0,750.0,1002.0,1.074,10.234,9.524,0.7097,True,,False,ON,935.0,4.0,9.5
2026-09-25 17:04:16,MLLB_000_y1.0.3,RED,v4_red_MLLB_000_y103_0925,2.6,2.608,6,80,20,kaba,True,,180.0,90.0,134.0,822.0,1002.0,1.07,10.234,9.565,0.7083,True,,False,ON,935.0,4.0,9.5
2026-09-25 17:04:32,MLLB_000_y1.0.3,RED,v4_red_MLLB_000_y103_0925,2.6,2.608,6,80,24,kaba,True,,108.0,122.0,62.0,894.0,1002.0,1.068,10.234,9.583,0.711,True,,False,ON,935.0,4.0,9.5
2026-09-25 17:04:48,MLLB_000_y1.0.3,RED,v4_red_MLLB_000_y103_0925,2.6,2.608,6,80,28,kaba,True,,32.0,26.0,14.0,970.0,1002.0,1.484,14.205,9.574,0.7098,True,,True,,935.0,4.0,9.5
2026-09-25 17:05:04,MLLB_000_y1.0.3,RED,v4_red_MLLB_000_y103_0925,2.6,2.608,6,80,32,kaba,True,,32.0,26.0,14.0,970.0,1002.0,4.262,40.927,9.603,0.709,True,,False,FLAS,935.0,4.0,9.5
2026-09-25 17:05:20,MLLB_000_y1.0.3,RED,v4_red_MLLB_000_y103_0925,2.6,2.608,6,80,36,kaba,True,,32.0,26.0,14.0,970.0,1002.0,7.999,76.653,9.583,0.7091,True,,False,FLAS,935.0,4.0,9.5
2026-09-25 17:05:36,MLLB_000_y1.0.3,RED,v4_red_MLLB_000_y103_0925,2.6,2.608,6,80,25,ince,True,,92.0,102.0,42.0,910.0,1002.0,1.068,10.244,9.592,0.7081,True,,False,ON,935.0,4.0,9.5
2026-09-25 17:05:52,MLLB_000_y1.0.3,RED,v4_red_MLLB_000_y103_0925,2.6,2.608,6,80,26,ince,True,,72.0,94.0,26.0,930.0,1002.0,1.069,10.234,9.573,0.7094,True,,False,ON,935.0,4.0,9.5
2026-09-25 17:06:08,MLLB_000_y1.0.3,RED,v4_red_MLLB_000_y103_0925,2.6,2.608,6,80,27,ince,True,,48.0,82.0,18.0,954.0,1002.0,1.069,10.234,9.574,0.7089,True,,True,,935.0,4.0,9.5
2026-09-25 17:06:24,MLLB_000_y1.0.3,RED,v4_red_MLLB_000_y103_0925,2.6,2.608,6,80,29,ince,True,,32.0,26.0,14.0,970.0,1002.0,2.36,22.638,9.591,0.7067,True,,True,,935.0,4.0,9.5
2026-09-25 17:06:40,MLLB_000_y1.0.3,RED,v4_red_MLLB_000_y103_0925,2.6,2.608,6,80,30,ince,True,,32.0,26.0,14.0,970.0,1002.0,3.203,30.715,9.588,0.7098,True,,True,,935.0,4.0,9.5
2026-09-25 17:06:56,MLLB_000_y1.0.3,RED,v4_red_MLLB_000_y103_0925,2.6,2.608,6,80,31,ince,True,,32.0,26.0,14.0,970.0,1002.0,3.876,37.059,9.561,0.7071,True,,True,,935.0,4.0,9.5
2026-09-25 17:06:56,MLLB_000_y1.0.3,RED,v4_red_MLLB_000_y103_0925,2.6,2.608,6,80,,bitti,False,,,,,,,,,,,,,,,935.0,4.0,9.5
2026-09-25 17:07:12,MLLB_000_y1.0.3,RED,v4_red_MLLB_000_y103_0925,2.6,2.608,6,60,12,kaba,True,,368.0,102.0,322.0,634.0,1002.0,1.074,10.234,9.527,0.7085,True,,False,ON,935.0,4.0,9.5
2026-09-25 17:07:28,MLLB_000_y1.0.3,RED,v4_red_MLLB_000_y103_0925,2.6,2.608,6,60,16,kaba,True,,316.0,110.0,270.0,686.0,1002.0,1.077,10.234,9.499,0.7096,True,,False,AKIM,935.0,4.0,9.5
2026-09-25 17:07:44,MLLB_000_y1.0.3,RED,v4_red_MLLB_000_y103_0925,2.6,2.608,6,60,20,kaba,True,,268.0,82.0,222.0,734.0,1002.0,1.07,10.199,9.531,0.7079,True,,False,ON,935.0,4.0,9.5
2026-09-25 17:08:00,MLLB_000_y1.0.3,RED,v4_red_MLLB_000_y103_0925,2.6,2.608,6,60,24,kaba,True,,216.0,86.0,170.0,786.0,1002.0,1.073,10.234,9.54,0.7083,True,,False,ON,935.0,4.0,9.5
2026-09-25 17:08:16,MLLB_000_y1.0.3,RED,v4_red_MLLB_000_y103_0925,2.6,2.608,6,60,28,kaba,True,,162.0,80.0,116.0,840.0,1002.0,1.069,10.234,9.574,0.7086,True,,False,ON,935.0,4.0,9.5
2026-09-25 17:08:32,MLLB_000_y1.0.3,RED,v4_red_MLLB_000_y103_0925,2.6,2.608,6,60,32,kaba,True,,108.0,126.0,62.0,894.0,1002.0,1.069,10.234,9.576,0.7087,True,,False,ON,935.0,4.0,9.5
2026-09-25 17:08:48,MLLB_000_y1.0.3,RED,v4_red_MLLB_000_y103_0925,2.6,2.608,6,60,36,kaba,True,,46.0,106.0,26.0,956.0,1002.0,1.069,10.264,9.604,0.709,True,,True,,935.0,4.0,9.5
2026-09-25 17:09:04,MLLB_000_y1.0.3,RED,v4_red_MLLB_000_y103_0925,2.6,2.608,6,60,40,kaba,True,,42.0,24.0,26.0,960.0,1002.0,3.38,32.386,9.583,0.7088,True,,True,,935.0,4.0,9.5
2026-09-25 17:09:20,MLLB_000_y1.0.3,RED,v4_red_MLLB_000_y103_0925,2.6,2.608,6,60,44,kaba,True,,42.0,24.0,26.0,960.0,1002.0,4.631,44.428,9.594,0.709,True,,False,FLAS,935.0,4.0,9.5
2026-09-25 17:09:36,MLLB_000_y1.0.3,RED,v4_red_MLLB_000_y103_0925,2.6,2.608,6,60,48,kaba,True,,42.0,24.0,26.0,960.0,1002.0,6.475,62.041,9.582,0.7094,True,,False,FLAS,935.0,4.0,9.5
2026-09-25 17:09:52,MLLB_000_y1.0.3,RED,v4_red_MLLB_000_y103_0925,2.6,2.608,6,60,33,ince,True,,96.0,94.0,46.0,906.0,1002.0,1.068,10.234,9.58,0.7084,True,,False,ON,935.0,4.0,9.5
2026-09-25 17:10:08,MLLB_000_y1.0.3,RED,v4_red_MLLB_000_y103_0925,2.6,2.608,6,60,34,ince,True,,80.0,106.0,34.0,922.0,1002.0,1.071,10.236,9.557,0.7083,True,,False,ON,935.0,4.0,9.5
2026-09-25 17:10:24,MLLB_000_y1.0.3,RED,v4_red_MLLB_000_y103_0925,2.6,2.608,6,60,35,ince,True,,64.0,94.0,26.0,938.0,1002.0,1.07,10.234,9.56,0.7081,True,,True,,935.0,4.0,9.5
2026-09-25 17:10:25,MLLB_000_y1.0.3,RED,v4_red_MLLB_000_y103_0925,2.6,2.608,6,60,37,ince,False,iki-OK-arasi-monotonluk,,,,,,,,,,,,True,,935.0,4.0,9.5
2026-09-25 17:10:25,MLLB_000_y1.0.3,RED,v4_red_MLLB_000_y103_0925,2.6,2.608,6,60,38,ince,False,iki-OK-arasi-monotonluk,,,,,,,,,,,,True,,935.0,4.0,9.5
2026-09-25 17:10:25,MLLB_000_y1.0.3,RED,v4_red_MLLB_000_y103_0925,2.6,2.608,6,60,39,ince,False,iki-OK-arasi-monotonluk,,,,,,,,,,,,True,,935.0,4.0,9.5
2026-09-25 17:10:40,MLLB_000_y1.0.3,RED,v4_red_MLLB_000_y103_0925,2.6,2.608,6,60,41,ince,True,,42.0,24.0,26.0,960.0,1002.0,3.825,36.592,9.565,0.7089,True,,True,,935.0,4.0,9.5
2026-09-25 17:10:56,MLLB_000_y1.0.3,RED,v4_red_MLLB_000_y103_0925,2.6,2.608,6,60,42,ince,True,,42.0,24.0,26.0,960.0,1002.0,4.146,39.665,9.566,0.7087,True,,False,FLAS,935.0,4.0,9.5
2026-09-25 17:11:12,MLLB_000_y1.0.3,RED,v4_red_MLLB_000_y103_0925,2.6,2.608,6,60,43,ince,True,,42.0,24.0,26.0,960.0,1002.0,4.357,41.771,9.588,0.7072,True,,False,FLAS,935.0,4.0,9.5
2026-09-25 17:11:13,MLLB_000_y1.0.3,RED,v4_red_MLLB_000_y103_0925,2.6,2.608,6,60,,bitti,False,,,,,,,,,,,,,,,935.0,4.0,9.5
2026-09-25 17:11:34,MLLB_000_y1.0.3,RED,v4_red_MLLB_000_y103_0925,2.6,2.608,7,100,12,kaba,True,,228.0,74.0,190.0,774.0,1002.0,1.068,12.625,11.82,0.7771,True,,False,ON,935.0,4.0,9.5
2026-09-25 17:11:50,MLLB_000_y1.0.3,RED,v4_red_MLLB_000_y103_0925,2.6,2.608,7,100,16,kaba,True,,160.0,74.0,122.0,842.0,1002.0,1.066,12.628,11.842,0.7772,True,,False,ON,935.0,4.0,9.5
2026-09-25 17:12:06,MLLB_000_y1.0.3,RED,v4_red_MLLB_000_y103_0925,2.6,2.608,7,100,20,kaba,True,,88.0,82.0,50.0,914.0,1002.0,1.064,12.625,11.868,0.7777,True,,False,ON,935.0,4.0,9.5
2026-09-25 17:12:22,MLLB_000_y1.0.3,RED,v4_red_MLLB_000_y103_0925,2.6,2.608,7,100,24,kaba,True,,30.0,28.0,10.0,972.0,1002.0,1.844,21.909,11.879,0.7777,True,,True,,935.0,4.0,9.5
2026-09-25 17:12:38,MLLB_000_y1.0.3,RED,v4_red_MLLB_000_y103_0925,2.6,2.608,7,100,28,kaba,True,,30.0,28.0,10.0,972.0,1002.0,4.364,51.87,11.886,0.7773,True,,False,FLAS,935.0,4.0,9.5
2026-09-25 17:12:54,MLLB_000_y1.0.3,RED,v4_red_MLLB_000_y103_0925,2.6,2.608,7,100,32,kaba,True,,30.0,28.0,10.0,972.0,1002.0,11.127,132.375,11.896,0.7767,True,,False,FLAS,935.0,4.0,9.5
2026-09-25 17:13:10,MLLB_000_y1.0.3,RED,v4_red_MLLB_000_y103_0925,2.6,2.608,7,100,21,ince,True,,72.0,76.0,32.0,930.0,1002.0,1.063,12.625,11.881,0.7772,True,,False,ON,935.0,4.0,9.5
2026-09-25 17:13:23,MLLB_000_y1.0.3,RED,v4_red_MLLB_000_y103_0925,2.6,2.608,7,100,22,ince,True,,52.0,72.0,16.0,950.0,1002.0,1.064,12.625,11.861,0.7779,True,,True,,935.0,4.0,9.5
2026-09-25 17:13:38,MLLB_000_y1.0.3,RED,v4_red_MLLB_000_y103_0925,2.6,2.608,7,100,23,ince,True,,30.0,58.0,10.0,972.0,1002.0,1.064,12.625,11.863,0.7772,True,,True,,935.0,4.0,9.5
2026-09-25 17:13:54,MLLB_000_y1.0.3,RED,v4_red_MLLB_000_y103_0925,2.6,2.608,7,100,25,ince,True,,30.0,28.0,10.0,972.0,1002.0,2.711,32.217,11.884,0.7775,True,,True,,935.0,4.0,9.5
2026-09-25 17:14:10,MLLB_000_y1.0.3,RED,v4_red_MLLB_000_y103_0925,2.6,2.608,7,100,26,ince,True,,30.0,28.0,10.0,972.0,1002.0,3.306,39.304,11.89,0.7776,True,,True,,935.0,4.0,9.5
2026-09-25 17:14:26,MLLB_000_y1.0.3,RED,v4_red_MLLB_000_y103_0925,2.6,2.608,7,100,27,ince,True,,30.0,28.0,10.0,972.0,1002.0,3.653,43.468,11.901,0.777,True,,True,,935.0,4.0,9.5
2026-09-25 17:14:27,MLLB_000_y1.0.3,RED,v4_red_MLLB_000_y103_0925,2.6,2.608,7,100,,bitti,False,,,,,,,,,,,,,,,935.0,4.0,9.5
2026-09-25 17:14:42,MLLB_000_y1.0.3,RED,v4_red_MLLB_000_y103_0925,2.6,2.608,7,80,12,kaba,True,,262.0,68.0,224.0,740.0,1002.0,1.067,12.625,11.833,0.7774,True,,False,ON,935.0,4.0,9.5
2026-09-25 17:14:55,MLLB_000_y1.0.3,RED,v4_red_MLLB_000_y103_0925,2.6,2.608,7,80,16,kaba,True,,208.0,70.0,170.0,794.0,1002.0,1.067,12.625,11.833,0.7776,True,,False,ON,935.0,4.0,9.5
2026-09-25 17:15:10,MLLB_000_y1.0.3,RED,v4_red_MLLB_000_y103_0925,2.6,2.608,7,80,20,kaba,True,,152.0,74.0,114.0,850.0,1002.0,1.064,12.625,11.865,0.7774,True,,False,ON,935.0,4.0,9.5
2026-09-25 17:15:26,MLLB_000_y1.0.3,RED,v4_red_MLLB_000_y103_0925,2.6,2.608,7,80,24,kaba,True,,92.0,80.0,56.0,910.0,1002.0,1.062,12.625,11.888,0.7776,True,,False,ON,935.0,4.0,9.5
2026-09-25 17:15:42,MLLB_000_y1.0.3,RED,v4_red_MLLB_000_y103_0925,2.6,2.608,7,80,28,kaba,True,,34.0,28.0,14.0,968.0,1002.0,1.169,13.925,11.908,0.7773,True,,True,,935.0,4.0,9.5
2026-09-25 17:15:58,MLLB_000_y1.0.3,RED,v4_red_MLLB_000_y103_0925,2.6,2.608,7,80,32,kaba,True,,34.0,28.0,14.0,968.0,1002.0,3.451,40.979,11.874,0.7775,True,,True,,935.0,4.0,9.5
2026-09-25 17:16:14,MLLB_000_y1.0.3,RED,v4_red_MLLB_000_y103_0925,2.6,2.608,7,80,36,kaba,True,,34.0,28.0,14.0,968.0,1002.0,6.468,76.755,11.866,0.7769,True,,False,FLAS,935.0,4.0,9.5
2026-09-25 17:16:30,MLLB_000_y1.0.3,RED,v4_red_MLLB_000_y103_0925,2.6,2.608,7,80,40,kaba,True,,34.0,28.0,14.0,968.0,1002.0,11.402,135.492,11.883,0.7769,True,,False,FLAS,935.0,4.0,9.5
2026-09-25 17:16:46,MLLB_000_y1.0.3,RED,v4_red_MLLB_000_y103_0925,2.6,2.608,7,80,25,ince,True,,78.0,82.0,38.0,924.0,1002.0,1.062,12.625,11.883,0.7775,True,,False,ON,935.0,4.0,9.5
2026-09-25 17:17:02,MLLB_000_y1.0.3,RED,v4_red_MLLB_000_y103_0925,2.6,2.608,7,80,26,ince,True,,64.0,80.0,24.0,938.0,1002.0,1.062,12.625,11.883,0.7778,True,,True,,935.0,4.0,9.5
2026-09-25 17:17:18,MLLB_000_y1.0.3,RED,v4_red_MLLB_000_y103_0925,2.6,2.608,7,80,27,ince,True,,44.0,70.0,18.0,958.0,1002.0,1.063,12.625,11.872,0.7771,True,,True,,935.0,4.0,9.5
2026-09-25 17:17:18,MLLB_000_y1.0.3,RED,v4_red_MLLB_000_y103_0925,2.6,2.608,7,80,29,ince,False,iki-OK-arasi-monotonluk,,,,,,,,,,,,True,,935.0,4.0,9.5
2026-09-25 17:17:18,MLLB_000_y1.0.3,RED,v4_red_MLLB_000_y103_0925,2.6,2.608,7,80,30,ince,False,iki-OK-arasi-monotonluk,,,,,,,,,,,,True,,935.0,4.0,9.5
2026-09-25 17:17:18,MLLB_000_y1.0.3,RED,v4_red_MLLB_000_y103_0925,2.6,2.608,7,80,31,ince,False,iki-OK-arasi-monotonluk,,,,,,,,,,,,True,,935.0,4.0,9.5
2026-09-25 17:17:34,MLLB_000_y1.0.3,RED,v4_red_MLLB_000_y103_0925,2.6,2.608,7,80,33,ince,True,,34.0,28.0,14.0,968.0,1002.0,3.757,44.589,11.87,0.7772,True,,True,,935.0,4.0,9.5
2026-09-25 17:17:50,MLLB_000_y1.0.3,RED,v4_red_MLLB_000_y103_0925,2.6,2.608,7,80,34,ince,True,,34.0,28.0,14.0,968.0,1002.0,4.312,51.249,11.885,0.7772,True,,False,FLAS,935.0,4.0,9.5
2026-09-25 17:18:06,MLLB_000_y1.0.3,RED,v4_red_MLLB_000_y103_0925,2.6,2.608,7,80,35,ince,True,,34.0,28.0,14.0,968.0,1002.0,4.946,58.81,11.89,0.7768,True,,False,FLAS,935.0,4.0,9.5
2026-09-25 17:18:07,MLLB_000_y1.0.3,RED,v4_red_MLLB_000_y103_0925,2.6,2.608,7,80,,bitti,False,,,,,,,,,,,,,,,935.0,4.0,9.5
2026-09-25 17:18:22,MLLB_000_y1.0.3,RED,v4_red_MLLB_000_y103_0925,2.6,2.608,7,60,12,kaba,True,,300.0,78.0,262.0,702.0,1002.0,1.066,12.625,11.841,0.7767,True,,False,ON,935.0,4.0,9.5
2026-09-25 17:18:38,MLLB_000_y1.0.3,RED,v4_red_MLLB_000_y103_0925,2.6,2.608,7,60,16,kaba,True,,258.0,78.0,222.0,744.0,1002.0,1.067,12.625,11.829,0.7775,True,,False,ON,935.0,4.0,9.5
2026-09-25 17:18:54,MLLB_000_y1.0.3,RED,v4_red_MLLB_000_y103_0925,2.6,2.608,7,60,20,kaba,True,,220.0,74.0,182.0,782.0,1002.0,1.067,12.625,11.832,0.7775,True,,False,ON,935.0,4.0,9.5
2026-09-25 17:19:10,MLLB_000_y1.0.3,RED,v4_red_MLLB_000_y103_0925,2.6,2.608,7,60,24,kaba,True,,178.0,76.0,140.0,824.0,1002.0,1.064,12.625,11.862,0.7776,True,,False,ON,935.0,4.0,9.5
2026-09-25 17:19:26,MLLB_000_y1.0.3,RED,v4_red_MLLB_000_y103_0925,2.6,2.608,7,60,28,kaba,True,,136.0,74.0,98.0,866.0,1002.0,1.065,12.625,11.85,0.7777,True,,False,ON,935.0,4.0,9.5
2026-09-25 17:19:42,MLLB_000_y1.0.3,RED,v4_red_MLLB_000_y103_0925,2.6,2.608,7,60,32,kaba,True,,96.0,78.0,54.0,906.0,1002.0,1.064,12.625,11.868,0.7772,True,,False,ON,935.0,4.0,9.5
2026-09-25 17:19:55,MLLB_000_y1.0.3,RED,v4_red_MLLB_000_y103_0925,2.6,2.608,7,60,36,kaba,True,,48.0,78.0,26.0,954.0,1002.0,1.063,12.625,11.871,0.7777,True,,True,,935.0,4.0,9.5
2026-09-25 17:20:10,MLLB_000_y1.0.3,RED,v4_red_MLLB_000_y103_0925,2.6,2.608,7,60,40,kaba,True,,44.0,28.0,26.0,958.0,1002.0,2.72,32.335,11.889,0.7771,True,,True,,935.0,4.0,9.5
2026-09-25 17:20:26,MLLB_000_y1.0.3,RED,v4_red_MLLB_000_y103_0925,2.6,2.608,7,60,44,kaba,True,,44.0,28.0,26.0,958.0,1002.0,3.739,44.428,11.882,0.7768,True,,True,,935.0,4.0,9.5
2026-09-25 17:20:42,MLLB_000_y1.0.3,RED,v4_red_MLLB_000_y103_0925,2.6,2.608,7,60,48,kaba,True,,44.0,28.0,26.0,958.0,1002.0,5.243,62.274,11.878,0.7772,True,,False,FLAS,935.0,4.0,9.5
2026-09-25 17:20:58,MLLB_000_y1.0.3,RED,v4_red_MLLB_000_y103_0925,2.6,2.608,7,60,52,kaba,True,,44.0,28.0,26.0,958.0,1002.0,8.299,98.583,11.878,0.7767,True,,False,FLAS,935.0,4.0,9.5
2026-09-25 17:21:14,MLLB_000_y1.0.3,RED,v4_red_MLLB_000_y103_0925,2.6,2.608,7,60,33,ince,True,,84.0,74.0,46.0,918.0,1002.0,1.064,12.625,11.87,0.7773,True,,False,ON,935.0,4.0,9.5
2026-09-25 17:21:27,MLLB_000_y1.0.3,RED,v4_red_MLLB_000_y103_0925,2.6,2.608,7,60,34,ince,True,,72.0,74.0,34.0,930.0,1002.0,1.063,12.625,11.88,0.7767,True,,False,ON,935.0,4.0,9.5
2026-09-25 17:21:42,MLLB_000_y1.0.3,RED,v4_red_MLLB_000_y103_0925,2.6,2.608,7,60,35,ince,True,,60.0,76.0,28.0,942.0,1002.0,1.062,12.625,11.89,0.7773,True,,True,,935.0,4.0,9.5
2026-09-25 17:21:43,MLLB_000_y1.0.3,RED,v4_red_MLLB_000_y103_0925,2.6,2.608,7,60,37,ince,False,iki-OK-arasi-monotonluk,,,,,,,,,,,,True,,935.0,4.0,9.5
2026-09-25 17:21:43,MLLB_000_y1.0.3,RED,v4_red_MLLB_000_y103_0925,2.6,2.608,7,60,38,ince,False,iki-OK-arasi-monotonluk,,,,,,,,,,,,True,,935.0,4.0,9.5
2026-09-25 17:21:43,MLLB_000_y1.0.3,RED,v4_red_MLLB_000_y103_0925,2.6,2.608,7,60,39,ince,False,iki-OK-arasi-monotonluk,,,,,,,,,,,,True,,935.0,4.0,9.5
2026-09-25 17:21:43,MLLB_000_y1.0.3,RED,v4_red_MLLB_000_y103_0925,2.6,2.608,7,60,41,ince,False,iki-OK-arasi-monotonluk,,,,,,,,,,,,True,,935.0,4.0,9.5
2026-09-25 17:21:43,MLLB_000_y1.0.3,RED,v4_red_MLLB_000_y103_0925,2.6,2.608,7,60,42,ince,False,iki-OK-arasi-monotonluk,,,,,,,,,,,,True,,935.0,4.0,9.5
2026-09-25 17:21:43,MLLB_000_y1.0.3,RED,v4_red_MLLB_000_y103_0925,2.6,2.608,7,60,43,ince,False,iki-OK-arasi-monotonluk,,,,,,,,,,,,True,,935.0,4.0,9.5
2026-09-25 17:21:55,MLLB_000_y1.0.3,RED,v4_red_MLLB_000_y103_0925,2.6,2.608,7,60,45,ince,True,,44.0,28.0,26.0,958.0,1002.0,4.131,48.987,11.857,0.7776,True,,False,FLAS,935.0,4.0,9.5
2026-09-25 17:22:10,MLLB_000_y1.0.3,RED,v4_red_MLLB_000_y103_0925,2.6,2.608,7,60,46,ince,True,,44.0,28.0,26.0,958.0,1002.0,4.526,53.672,11.859,0.7768,True,,False,FLAS,935.0,4.0,9.5
2026-09-25 17:22:26,MLLB_000_y1.0.3,RED,v4_red_MLLB_000_y103_0925,2.6,2.608,7,60,47,ince,True,,44.0,28.0,26.0,958.0,1002.0,4.889,58.022,11.868,0.7769,True,,False,FLAS,935.0,4.0,9.5
2026-09-25 17:22:27,MLLB_000_y1.0.3,RED,v4_red_MLLB_000_y103_0925,2.6,2.608,7,60,,bitti,False,,,,,,,,,,,,,,,935.0,4.0,9.5
2026-09-25 17:22:48,MLLB_000_y1.0.3,RED,v4_red_MLLB_000_y103_0925,2.6,2.608,8,100,12,kaba,True,,190.0,46.0,162.0,812.0,1002.0,1.059,15.055,14.216,0.7768,True,,False,ON,935.0,4.0,9.5
2026-09-25 17:23:04,MLLB_000_y1.0.3,RED,v4_red_MLLB_000_y103_0925,2.6,2.608,8,100,16,kaba,True,,134.0,50.0,102.0,868.0,1002.0,1.059,15.093,14.256,0.7772,True,,False,ON,935.0,4.0,9.5
2026-09-25 17:23:20,MLLB_000_y1.0.3,RED,v4_red_MLLB_000_y103_0925,2.6,2.608,8,100,20,kaba,True,,74.0,46.0,46.0,928.0,1002.0,1.055,15.059,14.269,0.7769,True,,False,ON,935.0,4.0,9.5
2026-09-25 17:23:36,MLLB_000_y1.0.3,RED,v4_red_MLLB_000_y103_0925,2.6,2.608,8,100,24,kaba,True,,30.0,28.0,10.0,972.0,1002.0,1.6,22.852,14.286,0.7773,True,,True,,935.0,4.0,9.5
2026-09-25 17:23:52,MLLB_000_y1.0.3,RED,v4_red_MLLB_000_y103_0925,2.6,2.608,8,100,28,kaba,True,,30.0,28.0,10.0,972.0,1002.0,3.766,53.783,14.281,0.7774,True,,True,,935.0,4.0,9.5
2026-09-25 17:24:08,MLLB_000_y1.0.3,RED,v4_red_MLLB_000_y103_0925,2.6,2.608,8,100,32,kaba,True,,30.0,28.0,10.0,972.0,1002.0,9.717,138.431,14.247,0.7779,True,,False,FLAS,935.0,4.0,9.5
2026-09-25 17:24:24,MLLB_000_y1.0.3,RED,v4_red_MLLB_000_y103_0925,2.6,2.608,8,100,21,ince,True,,60.0,50.0,30.0,942.0,1002.0,1.054,15.046,14.274,0.7771,True,,True,,935.0,4.0,9.5
2026-09-25 17:24:40,MLLB_000_y1.0.3,RED,v4_red_MLLB_000_y103_0925,2.6,2.608,8,100,22,ince,True,,46.0,48.0,16.0,956.0,1002.0,1.06,15.14,14.277,0.7773,True,,True,,935.0,4.0,9.5
2026-09-25 17:24:56,MLLB_000_y1.0.3,RED,v4_red_MLLB_000_y103_0925,2.6,2.608,8,100,23,ince,True,,30.0,28.0,10.0,972.0,1002.0,1.059,15.093,14.258,0.7774,True,,True,,935.0,4.0,9.5
2026-09-25 17:24:57,MLLB_000_y1.0.3,RED,v4_red_MLLB_000_y103_0925,2.6,2.608,8,100,25,ince,False,iki-OK-arasi-monotonluk,,,,,,,,,,,,True,,935.0,4.0,9.5
2026-09-25 17:24:57,MLLB_000_y1.0.3,RED,v4_red_MLLB_000_y103_0925,2.6,2.608,8,100,26,ince,False,iki-OK-arasi-monotonluk,,,,,,,,,,,,True,,935.0,4.0,9.5
2026-09-25 17:24:57,MLLB_000_y1.0.3,RED,v4_red_MLLB_000_y103_0925,2.6,2.608,8,100,27,ince,False,iki-OK-arasi-monotonluk,,,,,,,,,,,,True,,935.0,4.0,9.5
2026-09-25 17:25:12,MLLB_000_y1.0.3,RED,v4_red_MLLB_000_y103_0925,2.6,2.608,8,100,29,ince,True,,30.0,28.0,10.0,972.0,1002.0,5.373,76.653,14.266,0.7772,True,,False,FLAS,935.0,4.0,9.5
2026-09-25 17:25:28,MLLB_000_y1.0.3,RED,v4_red_MLLB_000_y103_0925,2.6,2.608,8,100,30,ince,True,,30.0,28.0,10.0,972.0,1002.0,6.421,91.661,14.276,0.7777,True,,False,FLAS,935.0,4.0,9.5
2026-09-25 17:25:44,MLLB_000_y1.0.3,RED,v4_red_MLLB_000_y103_0925,2.6,2.608,8,100,31,ince,True,,30.0,28.0,10.0,972.0,1002.0,7.482,106.963,14.296,0.7779,True,,False,FLAS,935.0,4.0,9.5
2026-09-25 17:25:44,MLLB_000_y1.0.3,RED,v4_red_MLLB_000_y103_0925,2.6,2.608,8,100,,bitti,False,,,,,,,,,,,,,,,935.0,4.0,9.5
2026-09-25 17:26:00,MLLB_000_y1.0.3,RED,v4_red_MLLB_000_y103_0925,2.6,2.608,8,80,12,kaba,True,,220.0,50.0,190.0,782.0,1002.0,1.065,15.14,14.211,0.7775,True,,False,ON,935.0,4.0,9.5
2026-09-25 17:26:16,MLLB_000_y1.0.3,RED,v4_red_MLLB_000_y103_0925,2.6,2.608,8,80,16,kaba,True,,174.0,50.0,142.0,828.0,1002.0,1.06,15.093,14.237,0.7778,True,,False,ON,935.0,4.0,9.5
2026-09-25 17:26:32,MLLB_000_y1.0.3,RED,v4_red_MLLB_000_y103_0925,2.6,2.608,8,80,20,kaba,True,,128.0,50.0,98.0,874.0,1002.0,1.067,15.234,14.283,0.7775,True,,False,ON,935.0,4.0,9.5
2026-09-25 17:26:48,MLLB_000_y1.0.3,RED,v4_red_MLLB_000_y103_0925,2.6,2.608,8,80,24,kaba,True,,80.0,50.0,50.0,922.0,1002.0,1.055,15.046,14.263,0.7775,True,,False,ON,935.0,4.0,9.5
2026-09-25 17:27:04,MLLB_000_y1.0.3,RED,v4_red_MLLB_000_y103_0925,2.6,2.608,8,80,28,kaba,True,,34.0,28.0,14.0,968.0,1002.0,1.058,15.14,14.308,0.7778,True,,True,,935.0,4.0,9.5
2026-09-25 17:27:20,MLLB_000_y1.0.3,RED,v4_red_MLLB_000_y103_0925,2.6,2.608,8,80,32,kaba,True,,34.0,28.0,14.0,968.0,1002.0,2.932,41.877,14.282,0.7773,True,,True,,935.0,4.0,9.5
2026-09-25 17:27:36,MLLB_000_y1.0.3,RED,v4_red_MLLB_000_y103_0925,2.6,2.608,8,80,36,kaba,True,,34.0,28.0,14.0,968.0,1002.0,5.638,80.421,14.264,0.7777,True,,False,FLAS,935.0,4.0,9.5
2026-09-25 17:27:49,MLLB_000_y1.0.3,RED,v4_red_MLLB_000_y103_0925,2.6,2.608,8,80,40,kaba,True,,34.0,28.0,14.0,968.0,1002.0,9.725,138.431,14.234,0.7781,True,,False,FLAS,935.0,4.0,9.5
2026-09-25 17:28:04,MLLB_000_y1.0.3,RED,v4_red_MLLB_000_y103_0925,2.6,2.608,8,80,25,ince,True,,68.0,52.0,36.0,934.0,1002.0,1.056,15.05,14.258,0.7778,True,,False,ON,935.0,4.0,9.5
2026-09-25 17:28:20,MLLB_000_y1.0.3,RED,v4_red_MLLB_000_y103_0925,2.6,2.608,8,80,26,ince,True,,56.0,52.0,24.0,946.0,1002.0,1.053,15.046,14.286,0.7782,True,,True,,935.0,4.0,9.5
2026-09-25 17:28:36,MLLB_000_y1.0.3,RED,v4_red_MLLB_000_y103_0925,2.6,2.608,8,80,27,ince,True,,42.0,46.0,18.0,960.0,1002.0,1.06,15.14,14.284,0.7777,True,,True,,935.0,4.0,9.5
2026-09-25 17:28:37,MLLB_000_y1.0.3,RED,v4_red_MLLB_000_y103_0925,2.6,2.608,8,80,29,ince,False,iki-OK-arasi-monotonluk,,,,,,,,,,,,True,,935.0,4.0,9.5
2026-09-25 17:28:37,MLLB_000_y1.0.3,RED,v4_red_MLLB_000_y103_0925,2.6,2.608,8,80,30,ince,False,iki-OK-arasi-monotonluk,,,,,,,,,,,,True,,935.0,4.0,9.5
2026-09-25 17:28:37,MLLB_000_y1.0.3,RED,v4_red_MLLB_000_y103_0925,2.6,2.608,8,80,31,ince,False,iki-OK-arasi-monotonluk,,,,,,,,,,,,True,,935.0,4.0,9.5
2026-09-25 17:28:52,MLLB_000_y1.0.3,RED,v4_red_MLLB_000_y103_0925,2.6,2.608,8,80,33,ince,True,,34.0,28.0,14.0,968.0,1002.0,3.198,45.66,14.276,0.7772,True,,True,,935.0,4.0,9.5
2026-09-25 17:29:08,MLLB_000_y1.0.3,RED,v4_red_MLLB_000_y103_0925,2.6,2.608,8,80,34,ince,True,,34.0,28.0,14.0,968.0,1002.0,3.741,53.436,14.282,0.778,True,,True,,935.0,4.0,9.5
2026-09-25 17:29:24,MLLB_000_y1.0.3,RED,v4_red_MLLB_000_y103_0925,2.6,2.608,8,80,35,ince,True,,34.0,28.0,14.0,968.0,1002.0,4.304,61.415,14.269,0.7779,True,,False,FLAS,935.0,4.0,9.5
2026-09-25 17:29:25,MLLB_000_y1.0.3,RED,v4_red_MLLB_000_y103_0925,2.6,2.608,8,80,,bitti,False,,,,,,,,,,,,,,,935.0,4.0,9.5
2026-09-25 17:29:40,MLLB_000_y1.0.3,RED,v4_red_MLLB_000_y103_0925,2.6,2.608,8,60,12,kaba,True,,250.0,54.0,218.0,752.0,1002.0,1.06,15.055,14.202,0.778,True,,False,ON,935.0,4.0,9.5
2026-09-25 17:29:56,MLLB_000_y1.0.3,RED,v4_red_MLLB_000_y103_0925,2.6,2.608,8,60,16,kaba,True,,218.0,50.0,186.0,784.0,1002.0,1.065,15.149,14.231,0.7777,True,,False,ON,935.0,4.0,9.5
2026-09-25 17:30:12,MLLB_000_y1.0.3,RED,v4_red_MLLB_000_y103_0925,2.6,2.608,8,60,20,kaba,True,,184.0,50.0,154.0,818.0,1002.0,1.06,15.093,14.233,0.7778,True,,False,ON,935.0,4.0,9.5
2026-09-25 17:30:28,MLLB_000_y1.0.3,RED,v4_red_MLLB_000_y103_0925,2.6,2.608,8,60,24,kaba,True,,150.0,48.0,120.0,852.0,1002.0,1.061,15.11,14.24,0.7774,True,,False,ON,935.0,4.0,9.5
2026-09-25 17:30:44,MLLB_000_y1.0.3,RED,v4_red_MLLB_000_y103_0925,2.6,2.608,8,60,28,kaba,True,,116.0,50.0,86.0,886.0,1002.0,1.057,15.053,14.246,0.778,True,,False,ON,935.0,4.0,9.5
2026-09-25 17:31:00,MLLB_000_y1.0.3,RED,v4_red_MLLB_000_y103_0925,2.6,2.608,8,60,32,kaba,True,,82.0,50.0,50.0,920.0,1002.0,1.055,15.046,14.261,0.7783,True,,False,ON,935.0,4.0,9.5
2026-09-25 17:31:16,MLLB_000_y1.0.3,RED,v4_red_MLLB_000_y103_0925,2.6,2.608,8,60,36,kaba,True,,46.0,38.0,26.0,956.0,1002.0,1.054,15.046,14.269,0.7779,True,,True,,935.0,4.0,9.5
2026-09-25 17:31:32,MLLB_000_y1.0.3,RED,v4_red_MLLB_000_y103_0925,2.6,2.608,8,60,40,kaba,True,,44.0,28.0,26.0,958.0,1002.0,2.342,33.456,14.286,0.7779,True,,True,,935.0,4.0,9.5
2026-09-25 17:31:48,MLLB_000_y1.0.3,RED,v4_red_MLLB_000_y103_0925,2.6,2.608,8,60,44,kaba,True,,44.0,28.0,26.0,958.0,1002.0,3.175,45.284,14.261,0.7776,True,,True,,935.0,4.0,9.5
2026-09-25 17:32:01,MLLB_000_y1.0.3,RED,v4_red_MLLB_000_y103_0925,2.6,2.608,8,60,48,kaba,True,,44.0,28.0,26.0,958.0,1002.0,5.423,77.403,14.274,0.7784,True,,False,FLAS,935.0,4.0,9.5
2026-09-25 17:32:16,MLLB_000_y1.0.3,RED,v4_red_MLLB_000_y103_0925,2.6,2.608,8,60,52,kaba,True,,44.0,28.0,26.0,958.0,1002.0,7.255,103.695,14.293,0.7779,True,,False,FLAS,935.0,4.0,9.5
2026-09-25 17:32:32,MLLB_000_y1.0.3,RED,v4_red_MLLB_000_y103_0925,2.6,2.608,8,60,33,ince,True,,74.0,50.0,42.0,928.0,1002.0,1.058,15.104,14.273,0.7778,True,,False,ON,935.0,4.0,9.5
2026-09-25 17:32:48,MLLB_000_y1.0.3,RED,v4_red_MLLB_000_y103_0925,2.6,2.608,8,60,34,ince,True,,66.0,50.0,34.0,936.0,1002.0,1.054,15.046,14.271,0.7774,True,,True,,935.0,4.0,9.5
2026-09-25 17:33:04,MLLB_000_y1.0.3,RED,v4_red_MLLB_000_y103_0925,2.6,2.608,8,60,35,ince,True,,54.0,50.0,26.0,948.0,1002.0,1.057,15.094,14.282,0.7777,True,,True,,935.0,4.0,9.5
2026-09-25 17:33:05,MLLB_000_y1.0.3,RED,v4_red_MLLB_000_y103_0925,2.6,2.608,8,60,37,ince,False,iki-OK-arasi-monotonluk,,,,,,,,,,,,True,,935.0,4.0,9.5
2026-09-25 17:33:05,MLLB_000_y1.0.3,RED,v4_red_MLLB_000_y103_0925,2.6,2.608,8,60,38,ince,False,iki-OK-arasi-monotonluk,,,,,,,,,,,,True,,935.0,4.0,9.5
2026-09-25 17:33:05,MLLB_000_y1.0.3,RED,v4_red_MLLB_000_y103_0925,2.6,2.608,8,60,39,ince,False,iki-OK-arasi-monotonluk,,,,,,,,,,,,True,,935.0,4.0,9.5
2026-09-25 17:33:05,MLLB_000_y1.0.3,RED,v4_red_MLLB_000_y103_0925,2.6,2.608,8,60,41,ince,False,iki-OK-arasi-monotonluk,,,,,,,,,,,,True,,935.0,4.0,9.5
2026-09-25 17:33:05,MLLB_000_y1.0.3,RED,v4_red_MLLB_000_y103_0925,2.6,2.608,8,60,42,ince,False,iki-OK-arasi-monotonluk,,,,,,,,,,,,True,,935.0,4.0,9.5
2026-09-25 17:33:05,MLLB_000_y1.0.3,RED,v4_red_MLLB_000_y103_0925,2.6,2.608,8,60,43,ince,False,iki-OK-arasi-monotonluk,,,,,,,,,,,,True,,935.0,4.0,9.5
2026-09-25 17:33:20,MLLB_000_y1.0.3,RED,v4_red_MLLB_000_y103_0925,2.6,2.608,8,60,45,ince,True,,44.0,28.0,26.0,958.0,1002.0,3.536,50.434,14.264,0.7775,True,,True,,935.0,4.0,9.5
2026-09-25 17:33:36,MLLB_000_y1.0.3,RED,v4_red_MLLB_000_y103_0925,2.6,2.608,8,60,46,ince,True,,44.0,28.0,26.0,958.0,1002.0,3.884,55.517,14.295,0.7774,True,,True,,935.0,4.0,9.5
2026-09-25 17:33:52,MLLB_000_y1.0.3,RED,v4_red_MLLB_000_y103_0925,2.6,2.608,8,60,47,ince,True,,44.0,28.0,26.0,958.0,1002.0,4.243,60.676,14.299,0.7773,True,,False,FLAS,935.0,4.0,9.5
2026-09-25 17:33:53,MLLB_000_y1.0.3,RED,v4_red_MLLB_000_y103_0925,2.6,2.608,8,60,,bitti,False,,,,,,,,,,,,,,,935.0,4.0,9.5
2026-09-25 17:34:14,MLLB_000_y1.0.3,RED,v4_red_MLLB_000_y103_0925,2.6,2.608,10,100,12,kaba,True,,148.0,36.0,122.0,854.0,1002.0,1.049,19.896,18.959,0.7775,True,,False,ON,935.0,4.0,9.5
2026-09-25 17:34:30,MLLB_000_y1.0.3,RED,v4_red_MLLB_000_y103_0925,2.6,2.608,10,100,16,kaba,True,,106.0,40.0,78.0,896.0,1002.0,1.052,19.98,18.986,0.7774,True,,False,ON,935.0,4.0,9.5
2026-09-25 17:34:46,MLLB_000_y1.0.3,RED,v4_red_MLLB_000_y103_0925,2.6,2.608,10,100,20,kaba,True,,62.0,36.0,38.0,940.0,1002.0,1.05,19.98,19.035,0.7778,True,,True,,935.0,4.0,9.5
2026-09-25 17:35:02,MLLB_000_y1.0.3,RED,v4_red_MLLB_000_y103_0925,2.6,2.608,10,100,24,kaba,True,,30.0,28.0,10.0,972.0,1002.0,1.19,22.638,19.022,0.7772,True,,True,,935.0,4.0,9.5
2026-09-25 17:35:18,MLLB_000_y1.0.3,RED,v4_red_MLLB_000_y103_0925,2.6,2.608,10,100,28,kaba,True,,30.0,28.0,10.0,972.0,1002.0,2.825,53.728,19.017,0.7781,True,,True,,935.0,4.0,9.5
2026-09-25 17:35:34,MLLB_000_y1.0.3,RED,v4_red_MLLB_000_y103_0925,2.6,2.608,10,100,32,kaba,True,,30.0,28.0,10.0,972.0,1002.0,7.278,138.431,19.021,0.7779,True,,False,FLAS,935.0,4.0,9.5
2026-09-25 17:35:47,MLLB_000_y1.0.3,RED,v4_red_MLLB_000_y103_0925,2.6,2.608,10,100,36,kaba,True,,30.0,28.0,10.0,972.0,1002.0,10.318,196.268,19.023,0.7775,True,,False,FLAS,935.0,4.0,9.5
2026-09-25 17:36:02,MLLB_000_y1.0.3,RED,v4_red_MLLB_000_y103_0925,2.6,2.608,10,100,17,ince,True,,94.0,36.0,70.0,908.0,1002.0,1.051,19.98,19.008,0.7777,True,,False,ON,935.0,4.0,9.5
2026-09-25 17:36:18,MLLB_000_y1.0.3,RED,v4_red_MLLB_000_y103_0925,2.6,2.608,10,100,18,ince,True,,84.0,42.0,58.0,918.0,1002.0,1.052,19.988,19.006,0.7779,True,,False,ON,935.0,4.0,9.5
2026-09-25 17:36:34,MLLB_000_y1.0.3,RED,v4_red_MLLB_000_y103_0925,2.6,2.608,10,100,19,ince,True,,74.0,38.0,48.0,928.0,1002.0,1.05,19.98,19.03,0.7776,True,,False,ON,935.0,4.0,9.5
2026-09-25 17:36:35,MLLB_000_y1.0.3,RED,v4_red_MLLB_000_y103_0925,2.6,2.608,10,100,21,ince,False,iki-OK-arasi-monotonluk,,,,,,,,,,,,True,,935.0,4.0,9.5
2026-09-25 17:36:35,MLLB_000_y1.0.3,RED,v4_red_MLLB_000_y103_0925,2.6,2.608,10,100,22,ince,False,iki-OK-arasi-monotonluk,,,,,,,,,,,,True,,935.0,4.0,9.5
2026-09-25 17:36:35,MLLB_000_y1.0.3,RED,v4_red_MLLB_000_y103_0925,2.6,2.608,10,100,23,ince,False,iki-OK-arasi-monotonluk,,,,,,,,,,,,True,,935.0,4.0,9.5
2026-09-25 17:36:35,MLLB_000_y1.0.3,RED,v4_red_MLLB_000_y103_0925,2.6,2.608,10,100,25,ince,False,iki-OK-arasi-monotonluk,,,,,,,,,,,,True,,935.0,4.0,9.5
2026-09-25 17:36:35,MLLB_000_y1.0.3,RED,v4_red_MLLB_000_y103_0925,2.6,2.608,10,100,26,ince,False,iki-OK-arasi-monotonluk,,,,,,,,,,,,True,,935.0,4.0,9.5
2026-09-25 17:36:35,MLLB_000_y1.0.3,RED,v4_red_MLLB_000_y103_0925,2.6,2.608,10,100,27,ince,False,iki-OK-arasi-monotonluk,,,,,,,,,,,,True,,935.0,4.0,9.5
2026-09-25 17:36:50,MLLB_000_y1.0.3,RED,v4_red_MLLB_000_y103_0925,2.6,2.608,10,100,29,ince,True,,30.0,28.0,10.0,972.0,1002.0,4.028,76.653,19.031,0.7779,True,,False,FLAS,935.0,4.0,9.5
2026-09-25 17:37:06,MLLB_000_y1.0.3,RED,v4_red_MLLB_000_y103_0925,2.6,2.608,10,100,30,ince,True,,30.0,28.0,10.0,972.0,1002.0,4.779,90.914,19.025,0.7776,True,,False,FLAS,935.0,4.0,9.5
2026-09-25 17:37:22,MLLB_000_y1.0.3,RED,v4_red_MLLB_000_y103_0925,2.6,2.608,10,100,31,ince,True,,30.0,28.0,10.0,972.0,1002.0,5.64,107.461,19.052,0.7783,True,,False,FLAS,935.0,4.0,9.5
2026-09-25 17:37:23,MLLB_000_y1.0.3,RED,v4_red_MLLB_000_y103_0925,2.6,2.608,10,100,,bitti,False,,,,,,,,,,,,,,,935.0,4.0,9.5
2026-09-25 17:37:38,MLLB_000_y1.0.3,RED,v4_red_MLLB_000_y103_0925,2.6,2.608,10,80,12,kaba,True,,168.0,42.0,142.0,834.0,1002.0,1.055,20.025,18.981,0.7781,True,,False,ON,935.0,4.0,9.5
2026-09-25 17:37:54,MLLB_000_y1.0.3,RED,v4_red_MLLB_000_y103_0925,2.6,2.608,10,80,16,kaba,True,,134.0,36.0,110.0,868.0,1002.0,1.052,20.019,19.036,0.7783,True,,False,ON,935.0,4.0,9.5
2026-09-25 17:38:10,MLLB_000_y1.0.3,RED,v4_red_MLLB_000_y103_0925,2.6,2.608,10,80,20,kaba,True,,102.0,36.0,78.0,900.0,1002.0,1.052,19.98,19.0,0.778,True,,False,ON,935.0,4.0,9.5
2026-09-25 17:38:26,MLLB_000_y1.0.3,RED,v4_red_MLLB_000_y103_0925,2.6,2.608,10,80,24,kaba,True,,66.0,36.0,42.0,936.0,1002.0,1.051,20.008,19.032,0.7773,True,,True,,935.0,4.0,9.5
2026-09-25 17:38:42,MLLB_000_y1.0.3,RED,v4_red_MLLB_000_y103_0925,2.6,2.608,10,80,28,kaba,True,,34.0,28.0,14.0,968.0,1002.0,1.05,19.98,19.031,0.7777,True,,True,,935.0,4.0,9.5
2026-09-25 17:38:58,MLLB_000_y1.0.3,RED,v4_red_MLLB_000_y103_0925,2.6,2.608,10,80,32,kaba,True,,34.0,28.0,14.0,968.0,1002.0,2.216,42.141,19.02,0.7777,True,,True,,935.0,4.0,9.5
2026-09-25 17:39:14,MLLB_000_y1.0.3,RED,v4_red_MLLB_000_y103_0925,2.6,2.608,10,80,36,kaba,True,,34.0,28.0,14.0,968.0,1002.0,4.223,80.402,19.038,0.7785,True,,False,FLAS,935.0,4.0,9.5
2026-09-25 17:39:30,MLLB_000_y1.0.3,RED,v4_red_MLLB_000_y103_0925,2.6,2.608,10,80,40,kaba,True,,34.0,28.0,14.0,968.0,1002.0,7.357,139.945,19.023,0.7779,True,,False,FLAS,935.0,4.0,9.5
2026-09-25 17:39:46,MLLB_000_y1.0.3,RED,v4_red_MLLB_000_y103_0925,2.6,2.608,10,80,21,ince,True,,92.0,42.0,66.0,910.0,1002.0,1.052,19.98,18.994,0.7778,True,,False,ON,935.0,4.0,9.5
2026-09-25 17:40:02,MLLB_000_y1.0.3,RED,v4_red_MLLB_000_y103_0925,2.6,2.608,10,80,22,ince,True,,84.0,42.0,58.0,918.0,1002.0,1.05,19.98,19.019,0.7782,True,,False,ON,935.0,4.0,9.5
2026-09-25 17:40:18,MLLB_000_y1.0.3,RED,v4_red_MLLB_000_y103_0925,2.6,2.608,10,80,23,ince,True,,76.0,36.0,50.0,926.0,1002.0,1.05,19.98,19.025,0.7778,True,,False,ON,935.0,4.0,9.5
2026-09-25 17:40:19,MLLB_000_y1.0.3,RED,v4_red_MLLB_000_y103_0925,2.6,2.608,10,80,25,ince,False,iki-OK-arasi-monotonluk,,,,,,,,,,,,True,,935.0,4.0,9.5
2026-09-25 17:40:19,MLLB_000_y1.0.3,RED,v4_red_MLLB_000_y103_0925,2.6,2.608,10,80,26,ince,False,iki-OK-arasi-monotonluk,,,,,,,,,,,,True,,935.0,4.0,9.5
2026-09-25 17:40:19,MLLB_000_y1.0.3,RED,v4_red_MLLB_000_y103_0925,2.6,2.608,10,80,27,ince,False,iki-OK-arasi-monotonluk,,,,,,,,,,,,True,,935.0,4.0,9.5
2026-09-25 17:40:19,MLLB_000_y1.0.3,RED,v4_red_MLLB_000_y103_0925,2.6,2.608,10,80,29,ince,False,iki-OK-arasi-monotonluk,,,,,,,,,,,,True,,935.0,4.0,9.5
2026-09-25 17:40:19,MLLB_000_y1.0.3,RED,v4_red_MLLB_000_y103_0925,2.6,2.608,10,80,30,ince,False,iki-OK-arasi-monotonluk,,,,,,,,,,,,True,,935.0,4.0,9.5
2026-09-25 17:40:19,MLLB_000_y1.0.3,RED,v4_red_MLLB_000_y103_0925,2.6,2.608,10,80,31,ince,False,iki-OK-arasi-monotonluk,,,,,,,,,,,,True,,935.0,4.0,9.5
2026-09-25 17:40:34,MLLB_000_y1.0.3,RED,v4_red_MLLB_000_y103_0925,2.6,2.608,10,80,33,ince,True,,34.0,28.0,14.0,968.0,1002.0,2.407,45.821,19.033,0.7778,True,,True,,935.0,4.0,9.5
2026-09-25 17:40:50,MLLB_000_y1.0.3,RED,v4_red_MLLB_000_y103_0925,2.6,2.608,10,80,34,ince,True,,34.0,28.0,14.0,968.0,1002.0,2.8,53.276,19.029,0.7774,True,,True,,935.0,4.0,9.5
2026-09-25 17:41:06,MLLB_000_y1.0.3,RED,v4_red_MLLB_000_y103_0925,2.6,2.608,10,80,35,ince,True,,34.0,28.0,14.0,968.0,1002.0,3.23,61.415,19.016,0.7776,True,,True,,935.0,4.0,9.5
2026-09-25 17:41:07,MLLB_000_y1.0.3,RED,v4_red_MLLB_000_y103_0925,2.6,2.608,10,80,,bitti,False,,,,,,,,,,,,,,,935.0,4.0,9.5
2026-09-25 17:41:19,MLLB_000_y1.0.3,RED,v4_red_MLLB_000_y103_0925,2.6,2.608,10,60,12,kaba,True,,192.0,42.0,166.0,810.0,1002.0,1.055,19.98,18.932,0.7781,True,,False,ON,935.0,4.0,9.5
2026-09-25 17:41:34,MLLB_000_y1.0.3,RED,v4_red_MLLB_000_y103_0925,2.6,2.608,10,60,16,kaba,True,,168.0,42.0,142.0,834.0,1002.0,1.053,19.98,18.971,0.7776,True,,False,ON,935.0,4.0,9.5
2026-09-25 17:41:50,MLLB_000_y1.0.3,RED,v4_red_MLLB_000_y103_0925,2.6,2.608,10,60,20,kaba,True,,144.0,42.0,118.0,858.0,1002.0,1.052,19.98,18.987,0.7776,True,,False,ON,935.0,4.0,9.5
2026-09-25 17:42:06,MLLB_000_y1.0.3,RED,v4_red_MLLB_000_y103_0925,2.6,2.608,10,60,24,kaba,True,,120.0,42.0,94.0,882.0,1002.0,1.051,19.98,19.007,0.7773,True,,False,ON,935.0,4.0,9.5
2026-09-25 17:42:22,MLLB_000_y1.0.3,RED,v4_red_MLLB_000_y103_0925,2.6,2.608,10,60,28,kaba,True,,94.0,36.0,70.0,908.0,1002.0,1.051,19.98,19.012,0.7778,True,,False,ON,935.0,4.0,9.5
2026-09-25 17:42:38,MLLB_000_y1.0.3,RED,v4_red_MLLB_000_y103_0925,2.6,2.608,10,60,32,kaba,True,,70.0,36.0,46.0,932.0,1002.0,1.051,19.98,19.018,0.7779,True,,False,ON,935.0,4.0,9.5
2026-09-25 17:42:54,MLLB_000_y1.0.3,RED,v4_red_MLLB_000_y103_0925,2.6,2.608,10,60,36,kaba,True,,44.0,28.0,26.0,958.0,1002.0,1.05,20.02,19.064,0.7777,True,,True,,935.0,4.0,9.5
2026-09-25 17:43:07,MLLB_000_y1.0.3,RED,v4_red_MLLB_000_y103_0925,2.6,2.608,10,60,40,kaba,True,,44.0,28.0,26.0,958.0,1002.0,1.766,33.558,19.005,0.7777,True,,True,,935.0,4.0,9.5
2026-09-25 17:43:22,MLLB_000_y1.0.3,RED,v4_red_MLLB_000_y103_0925,2.6,2.608,10,60,44,kaba,True,,44.0,28.0,26.0,958.0,1002.0,2.386,45.408,19.03,0.7782,True,,True,,935.0,4.0,9.5
2026-09-25 17:43:38,MLLB_000_y1.0.3,RED,v4_red_MLLB_000_y103_0925,2.6,2.608,10,60,48,kaba,True,,44.0,28.0,26.0,958.0,1002.0,4.108,78.152,19.023,0.7778,True,,False,FLAS,935.0,4.0,9.5
2026-09-25 17:43:54,MLLB_000_y1.0.3,RED,v4_red_MLLB_000_y103_0925,2.6,2.608,10,60,52,kaba,True,,44.0,28.0,26.0,958.0,1002.0,5.455,103.695,19.009,0.7778,True,,False,FLAS,935.0,4.0,9.5
2026-09-25 17:44:10,MLLB_000_y1.0.3,RED,v4_red_MLLB_000_y103_0925,2.6,2.608,10,60,33,ince,True,,64.0,42.0,38.0,938.0,1002.0,1.05,19.98,19.032,0.7775,True,,True,,935.0,4.0,9.5
2026-09-25 17:44:26,MLLB_000_y1.0.3,RED,v4_red_MLLB_000_y103_0925,2.6,2.608,10,60,34,ince,True,,58.0,38.0,32.0,944.0,1002.0,1.051,19.987,19.015,0.7782,True,,True,,935.0,4.0,9.5
2026-09-25 17:44:39,MLLB_000_y1.0.3,RED,v4_red_MLLB_000_y103_0925,2.6,2.608,10,60,35,ince,True,,50.0,36.0,26.0,952.0,1002.0,1.051,19.98,19.016,0.7773,True,,True,,935.0,4.0,9.5
2026-09-25 17:44:39,MLLB_000_y1.0.3,RED,v4_red_MLLB_000_y103_0925,2.6,2.608,10,60,37,ince,False,iki-OK-arasi-monotonluk,,,,,,,,,,,,True,,935.0,4.0,9.5
2026-09-25 17:44:39,MLLB_000_y1.0.3,RED,v4_red_MLLB_000_y103_0925,2.6,2.608,10,60,38,ince,False,iki-OK-arasi-monotonluk,,,,,,,,,,,,True,,935.0,4.0,9.5
2026-09-25 17:44:39,MLLB_000_y1.0.3,RED,v4_red_MLLB_000_y103_0925,2.6,2.608,10,60,39,ince,False,iki-OK-arasi-monotonluk,,,,,,,,,,,,True,,935.0,4.0,9.5
2026-09-25 17:44:39,MLLB_000_y1.0.3,RED,v4_red_MLLB_000_y103_0925,2.6,2.608,10,60,41,ince,False,iki-OK-arasi-monotonluk,,,,,,,,,,,,True,,935.0,4.0,9.5
2026-09-25 17:44:39,MLLB_000_y1.0.3,RED,v4_red_MLLB_000_y103_0925,2.6,2.608,10,60,42,ince,False,iki-OK-arasi-monotonluk,,,,,,,,,,,,True,,935.0,4.0,9.5
2026-09-25 17:44:39,MLLB_000_y1.0.3,RED,v4_red_MLLB_000_y103_0925,2.6,2.608,10,60,43,ince,False,iki-OK-arasi-monotonluk,,,,,,,,,,,,True,,935.0,4.0,9.5
2026-09-25 17:44:54,MLLB_000_y1.0.3,RED,v4_red_MLLB_000_y103_0925,2.6,2.608,10,60,45,ince,True,,44.0,28.0,26.0,958.0,1002.0,2.643,50.264,19.016,0.7776,True,,True,,935.0,4.0,9.5
2026-09-25 17:45:07,MLLB_000_y1.0.3,RED,v4_red_MLLB_000_y103_0925,2.6,2.608,10,60,46,ince,True,,44.0,28.0,26.0,958.0,1002.0,2.919,55.452,18.997,0.7773,True,,True,,935.0,4.0,9.5
2026-09-25 17:45:22,MLLB_000_y1.0.3,RED,v4_red_MLLB_000_y103_0925,2.6,2.608,10,60,47,ince,True,,44.0,28.0,26.0,958.0,1002.0,3.203,60.923,19.023,0.7774,True,,True,,935.0,4.0,9.5
2026-09-25 17:45:23,MLLB_000_y1.0.3,RED,v4_red_MLLB_000_y103_0925,2.6,2.608,10,60,,bitti,False,,,,,,,,,,,,,,,935.0,4.0,9.5
2026-09-25 17:45:44,MLLB_000_y1.0.3,RED,v4_red_MLLB_000_y103_0925,2.6,2.608,15,100,12,kaba,True,,96.0,32.0,78.0,906.0,1002.0,1.041,32.726,31.434,0.7781,True,,False,ON,935.0,4.0,9.5
2026-09-25 17:46:00,MLLB_000_y1.0.3,RED,v4_red_MLLB_000_y103_0925,2.6,2.608,15,100,16,kaba,True,,72.0,30.0,52.0,930.0,1002.0,1.04,32.691,31.436,0.7779,True,,False,ON,935.0,4.0,9.5
2026-09-25 17:46:16,MLLB_000_y1.0.3,RED,v4_red_MLLB_000_y103_0925,2.6,2.608,15,100,20,kaba,True,,48.0,30.0,28.0,954.0,1002.0,1.039,32.717,31.49,0.7784,True,,True,,935.0,4.0,9.5
2026-09-25 17:46:32,MLLB_000_y1.0.3,RED,v4_red_MLLB_000_y103_0925,2.6,2.608,15,100,24,kaba,True,,30.0,28.0,10.0,972.0,1002.0,1.04,32.742,31.481,0.7776,True,,True,,935.0,4.0,9.5
2026-09-25 17:46:48,MLLB_000_y1.0.3,RED,v4_red_MLLB_000_y103_0925,2.6,2.608,15,100,28,kaba,True,,30.0,28.0,10.0,972.0,1002.0,1.731,54.504,31.487,0.7776,True,,True,,935.0,4.0,9.5
2026-09-25 17:47:04,MLLB_000_y1.0.3,RED,v4_red_MLLB_000_y103_0925,2.6,2.608,15,100,32,kaba,True,,30.0,28.0,10.0,972.0,1002.0,4.396,138.431,31.493,0.7773,True,,False,FLAS,935.0,4.0,9.5
2026-09-25 17:47:20,MLLB_000_y1.0.3,RED,v4_red_MLLB_000_y103_0925,2.6,2.608,15,100,36,kaba,True,,30.0,28.0,10.0,972.0,1002.0,6.285,197.797,31.469,0.7778,True,,False,FLAS,935.0,4.0,9.5
2026-09-25 17:47:36,MLLB_000_y1.0.3,RED,v4_red_MLLB_000_y103_0925,2.6,2.608,15,100,17,ince,True,,68.0,32.0,46.0,934.0,1002.0,1.041,32.745,31.458,0.7773,True,,False,ON,935.0,4.0,9.5
2026-09-25 17:47:52,MLLB_000_y1.0.3,RED,v4_red_MLLB_000_y103_0925,2.6,2.608,15,100,18,ince,True,,60.0,32.0,38.0,942.0,1002.0,1.041,32.742,31.464,0.7776,True,,True,,935.0,4.0,9.5
2026-09-25 17:48:08,MLLB_000_y1.0.3,RED,v4_red_MLLB_000_y103_0925,2.6,2.608,15,100,19,ince,True,,56.0,32.0,34.0,946.0,1002.0,1.042,32.805,31.473,0.7778,True,,True,,935.0,4.0,9.5
2026-09-25 17:48:09,MLLB_000_y1.0.3,RED,v4_red_MLLB_000_y103_0925,2.6,2.608,15,100,21,ince,False,iki-OK-arasi-monotonluk,,,,,,,,,,,,True,,935.0,4.0,9.5
2026-09-25 17:48:09,MLLB_000_y1.0.3,RED,v4_red_MLLB_000_y103_0925,2.6,2.608,15,100,22,ince,False,iki-OK-arasi-monotonluk,,,,,,,,,,,,True,,935.0,4.0,9.5
2026-09-25 17:48:09,MLLB_000_y1.0.3,RED,v4_red_MLLB_000_y103_0925,2.6,2.608,15,100,23,ince,False,iki-OK-arasi-monotonluk,,,,,,,,,,,,True,,935.0,4.0,9.5
2026-09-25 17:48:09,MLLB_000_y1.0.3,RED,v4_red_MLLB_000_y103_0925,2.6,2.608,15,100,25,ince,False,iki-OK-arasi-monotonluk,,,,,,,,,,,,True,,935.0,4.0,9.5
2026-09-25 17:48:09,MLLB_000_y1.0.3,RED,v4_red_MLLB_000_y103_0925,2.6,2.608,15,100,26,ince,False,iki-OK-arasi-monotonluk,,,,,,,,,,,,True,,935.0,4.0,9.5
2026-09-25 17:48:09,MLLB_000_y1.0.3,RED,v4_red_MLLB_000_y103_0925,2.6,2.608,15,100,27,ince,False,iki-OK-arasi-monotonluk,,,,,,,,,,,,True,,935.0,4.0,9.5
2026-09-25 17:48:24,MLLB_000_y1.0.3,RED,v4_red_MLLB_000_y103_0925,2.6,2.608,15,100,29,ince,True,,30.0,28.0,10.0,972.0,1002.0,2.458,77.403,31.485,0.7776,True,,True,,935.0,4.0,9.5
2026-09-25 17:48:40,MLLB_000_y1.0.3,RED,v4_red_MLLB_000_y103_0925,2.6,2.608,15,100,30,ince,True,,30.0,28.0,10.0,972.0,1002.0,2.912,91.661,31.482,0.7779,True,,True,,935.0,4.0,9.5
2026-09-25 17:48:56,MLLB_000_y1.0.3,RED,v4_red_MLLB_000_y103_0925,2.6,2.608,15,100,31,ince,True,,30.0,28.0,10.0,972.0,1002.0,3.416,107.461,31.455,0.7779,True,,True,,935.0,4.0,9.5
2026-09-25 17:48:57,MLLB_000_y1.0.3,RED,v4_red_MLLB_000_y103_0925,2.6,2.608,15,100,,bitti,False,,,,,,,,,,,,,,,935.0,4.0,9.5
2026-09-25 17:49:12,MLLB_000_y1.0.3,RED,v4_red_MLLB_000_y103_0925,2.6,2.608,15,80,12,kaba,True,,112.0,32.0,90.0,890.0,1002.0,1.04,32.669,31.407,0.7774,True,,False,ON,935.0,4.0,9.5
2026-09-25 17:49:28,MLLB_000_y1.0.3,RED,v4_red_MLLB_000_y103_0925,2.6,2.608,15,80,16,kaba,True,,92.0,30.0,72.0,910.0,1002.0,1.042,32.742,31.426,0.7777,True,,False,ON,935.0,4.0,9.5
2026-09-25 17:49:44,MLLB_000_y1.0.3,RED,v4_red_MLLB_000_y103_0925,2.6,2.608,15,80,20,kaba,True,,72.0,30.0,52.0,930.0,1002.0,1.044,32.844,31.468,0.7781,True,,False,ON,935.0,4.0,9.5
2026-09-25 17:50:00,MLLB_000_y1.0.3,RED,v4_red_MLLB_000_y103_0925,2.6,2.608,15,80,24,kaba,True,,52.0,30.0,32.0,950.0,1002.0,1.043,32.844,31.482,0.7784,True,,True,,935.0,4.0,9.5
2026-09-25 17:50:16,MLLB_000_y1.0.3,RED,v4_red_MLLB_000_y103_0925,2.6,2.608,15,80,28,kaba,True,,34.0,28.0,14.0,968.0,1002.0,1.044,32.844,31.462,0.7781,True,,True,,935.0,4.0,9.5
2026-09-25 17:50:32,MLLB_000_y1.0.3,RED,v4_red_MLLB_000_y103_0925,2.6,2.608,15,80,32,kaba,True,,34.0,28.0,14.0,968.0,1002.0,1.334,41.995,31.471,0.7782,True,,True,,935.0,4.0,9.5
2026-09-25 17:50:48,MLLB_000_y1.0.3,RED,v4_red_MLLB_000_y103_0925,2.6,2.608,15,80,36,kaba,True,,34.0,28.0,14.0,968.0,1002.0,2.578,81.152,31.479,0.778,True,,True,,935.0,4.0,9.5
2026-09-25 17:51:04,MLLB_000_y1.0.3,RED,v4_red_MLLB_000_y103_0925,2.6,2.608,15,80,40,kaba,True,,34.0,28.0,14.0,968.0,1002.0,4.447,139.945,31.471,0.7779,True,,False,FLAS,935.0,4.0,9.5
2026-09-25 17:51:20,MLLB_000_y1.0.3,RED,v4_red_MLLB_000_y103_0925,2.6,2.608,15,80,44,kaba,True,,34.0,28.0,14.0,968.0,1002.0,5.704,179.468,31.463,0.7785,True,,False,FLAS,935.0,4.0,9.5
2026-09-25 17:51:36,MLLB_000_y1.0.3,RED,v4_red_MLLB_000_y103_0925,2.6,2.608,15,80,21,ince,True,,68.0,32.0,46.0,934.0,1002.0,1.042,32.742,31.436,0.7782,True,,False,ON,935.0,4.0,9.5
2026-09-25 17:51:52,MLLB_000_y1.0.3,RED,v4_red_MLLB_000_y103_0925,2.6,2.608,15,80,22,ince,True,,62.0,32.0,42.0,940.0,1002.0,1.041,32.742,31.467,0.7781,True,,True,,935.0,4.0,9.5
2026-09-25 17:52:05,MLLB_000_y1.0.3,RED,v4_red_MLLB_000_y103_0925,2.6,2.608,15,80,23,ince,True,,56.0,30.0,36.0,946.0,1002.0,1.044,32.819,31.443,0.7776,True,,True,,935.0,4.0,9.5
2026-09-25 17:52:05,MLLB_000_y1.0.3,RED,v4_red_MLLB_000_y103_0925,2.6,2.608,15,80,25,ince,False,iki-OK-arasi-monotonluk,,,,,,,,,,,,True,,935.0,4.0,9.5
2026-09-25 17:52:05,MLLB_000_y1.0.3,RED,v4_red_MLLB_000_y103_0925,2.6,2.608,15,80,26,ince,False,iki-OK-arasi-monotonluk,,,,,,,,,,,,True,,935.0,4.0,9.5
2026-09-25 17:52:05,MLLB_000_y1.0.3,RED,v4_red_MLLB_000_y103_0925,2.6,2.608,15,80,27,ince,False,iki-OK-arasi-monotonluk,,,,,,,,,,,,True,,935.0,4.0,9.5
2026-09-25 17:52:05,MLLB_000_y1.0.3,RED,v4_red_MLLB_000_y103_0925,2.6,2.608,15,80,29,ince,False,iki-OK-arasi-monotonluk,,,,,,,,,,,,True,,935.0,4.0,9.5
2026-09-25 17:52:05,MLLB_000_y1.0.3,RED,v4_red_MLLB_000_y103_0925,2.6,2.608,15,80,30,ince,False,iki-OK-arasi-monotonluk,,,,,,,,,,,,True,,935.0,4.0,9.5
2026-09-25 17:52:05,MLLB_000_y1.0.3,RED,v4_red_MLLB_000_y103_0925,2.6,2.608,15,80,31,ince,False,iki-OK-arasi-monotonluk,,,,,,,,,,,,True,,935.0,4.0,9.5
2026-09-25 17:52:05,MLLB_000_y1.0.3,RED,v4_red_MLLB_000_y103_0925,2.6,2.608,15,80,33,ince,False,iki-OK-arasi-monotonluk,,,,,,,,,,,,True,,935.0,4.0,9.5
2026-09-25 17:52:05,MLLB_000_y1.0.3,RED,v4_red_MLLB_000_y103_0925,2.6,2.608,15,80,34,ince,False,iki-OK-arasi-monotonluk,,,,,,,,,,,,True,,935.0,4.0,9.5
2026-09-25 17:52:05,MLLB_000_y1.0.3,RED,v4_red_MLLB_000_y103_0925,2.6,2.608,15,80,35,ince,False,iki-OK-arasi-monotonluk,,,,,,,,,,,,True,,935.0,4.0,9.5
2026-09-25 17:52:20,MLLB_000_y1.0.3,RED,v4_red_MLLB_000_y103_0925,2.6,2.608,15,80,37,ince,True,,34.0,28.0,14.0,968.0,1002.0,3.079,96.923,31.482,0.7781,True,,True,,935.0,4.0,9.5
2026-09-25 17:52:36,MLLB_000_y1.0.3,RED,v4_red_MLLB_000_y103_0925,2.6,2.608,15,80,38,ince,True,,34.0,28.0,14.0,968.0,1002.0,3.391,106.707,31.464,0.7782,True,,True,,935.0,4.0,9.5
2026-09-25 17:52:52,MLLB_000_y1.0.3,RED,v4_red_MLLB_000_y103_0925,2.6,2.608,15,80,39,ince,True,,34.0,28.0,14.0,968.0,1002.0,3.847,121.037,31.459,0.7781,True,,True,,935.0,4.0,9.5
2026-09-25 17:52:53,MLLB_000_y1.0.3,RED,v4_red_MLLB_000_y103_0925,2.6,2.608,15,80,,bitti,False,,,,,,,,,,,,,,,935.0,4.0,9.5
2026-09-25 17:53:08,MLLB_000_y1.0.3,RED,v4_red_MLLB_000_y103_0925,2.6,2.608,15,60,12,kaba,True,,124.0,34.0,106.0,878.0,1002.0,1.04,32.644,31.387,0.7781,True,,False,ON,935.0,4.0,9.5
2026-09-25 17:53:21,MLLB_000_y1.0.3,RED,v4_red_MLLB_000_y103_0925,2.6,2.608,15,60,16,kaba,True,,112.0,30.0,92.0,890.0,1002.0,1.042,32.742,31.408,0.7776,True,,False,ON,935.0,4.0,9.5
2026-09-25 17:53:36,MLLB_000_y1.0.3,RED,v4_red_MLLB_000_y103_0925,2.6,2.608,15,60,20,kaba,True,,100.0,32.0,78.0,902.0,1002.0,1.042,32.783,31.45,0.7779,True,,False,ON,935.0,4.0,9.5
2026-09-25 17:53:52,MLLB_000_y1.0.3,RED,v4_red_MLLB_000_y103_0925,2.6,2.608,15,60,24,kaba,True,,84.0,30.0,64.0,918.0,1002.0,1.043,32.832,31.468,0.7782,True,,False,ON,935.0,4.0,9.5
2026-09-25 17:54:08,MLLB_000_y1.0.3,RED,v4_red_MLLB_000_y103_0925,2.6,2.608,15,60,28,kaba,True,,72.0,32.0,50.0,930.0,1002.0,1.04,32.742,31.474,0.7782,True,,False,ON,935.0,4.0,9.5
2026-09-25 17:54:24,MLLB_000_y1.0.3,RED,v4_red_MLLB_000_y103_0925,2.6,2.608,15,60,32,kaba,True,,58.0,32.0,38.0,944.0,1002.0,1.04,32.703,31.455,0.7784,True,,True,,935.0,4.0,9.5
2026-09-25 17:54:37,MLLB_000_y1.0.3,RED,v4_red_MLLB_000_y103_0925,2.6,2.608,15,60,36,kaba,True,,44.0,28.0,26.0,958.0,1002.0,1.042,32.742,31.436,0.7779,True,,True,,935.0,4.0,9.5
2026-09-25 17:54:52,MLLB_000_y1.0.3,RED,v4_red_MLLB_000_y103_0925,2.6,2.608,15,60,40,kaba,True,,44.0,28.0,26.0,958.0,1002.0,1.063,33.456,31.473,0.7784,True,,True,,935.0,4.0,9.5
2026-09-25 17:55:08,MLLB_000_y1.0.3,RED,v4_red_MLLB_000_y103_0925,2.6,2.608,15,60,44,kaba,True,,44.0,28.0,26.0,958.0,1002.0,1.442,45.439,31.504,0.7776,True,,True,,935.0,4.0,9.5
2026-09-25 17:55:24,MLLB_000_y1.0.3,RED,v4_red_MLLB_000_y103_0925,2.6,2.608,15,60,48,kaba,True,,44.0,28.0,26.0,958.0,1002.0,2.463,77.448,31.442,0.7778,True,,True,,935.0,4.0,9.5
2026-09-25 17:55:40,MLLB_000_y1.0.3,RED,v4_red_MLLB_000_y103_0925,2.6,2.608,15,60,52,kaba,True,,44.0,28.0,26.0,958.0,1002.0,3.294,103.695,31.476,0.7773,True,,True,,935.0,4.0,9.5
2026-09-25 17:55:56,MLLB_000_y1.0.3,RED,v4_red_MLLB_000_y103_0925,2.6,2.608,15,60,56,kaba,True,,44.0,28.0,26.0,958.0,1002.0,4.064,127.837,31.452,0.7771,True,,False,FLAS,935.0,4.0,9.5
2026-09-25 17:56:12,MLLB_000_y1.0.3,RED,v4_red_MLLB_000_y103_0925,2.6,2.608,15,60,58,kaba,True,,44.0,28.0,26.0,958.0,1002.0,4.354,136.964,31.457,0.7777,True,,False,FLAS,935.0,4.0,9.5
2026-09-25 17:56:28,MLLB_000_y1.0.3,RED,v4_red_MLLB_000_y103_0925,2.6,2.608,15,60,29,ince,True,,68.0,32.0,46.0,934.0,1002.0,1.04,32.73,31.479,0.777,True,,False,ON,935.0,4.0,9.5
2026-09-25 17:56:44,MLLB_000_y1.0.3,RED,v4_red_MLLB_000_y103_0925,2.6,2.608,15,60,30,ince,True,,64.0,30.0,44.0,938.0,1002.0,1.041,32.742,31.445,0.7771,True,,True,,935.0,4.0,9.5
2026-09-25 17:57:00,MLLB_000_y1.0.3,RED,v4_red_MLLB_000_y103_0925,2.6,2.608,15,60,31,ince,True,,60.0,30.0,40.0,942.0,1002.0,1.041,32.772,31.483,0.7771,True,,True,,935.0,4.0,9.5
2026-09-25 17:57:01,MLLB_000_y1.0.3,RED,v4_red_MLLB_000_y103_0925,2.6,2.608,15,60,33,ince,False,iki-OK-arasi-monotonluk,,,,,,,,,,,,True,,935.0,4.0,9.5
2026-09-25 17:57:01,MLLB_000_y1.0.3,RED,v4_red_MLLB_000_y103_0925,2.6,2.608,15,60,34,ince,False,iki-OK-arasi-monotonluk,,,,,,,,,,,,True,,935.0,4.0,9.5
2026-09-25 17:57:01,MLLB_000_y1.0.3,RED,v4_red_MLLB_000_y103_0925,2.6,2.608,15,60,35,ince,False,iki-OK-arasi-monotonluk,,,,,,,,,,,,True,,935.0,4.0,9.5
2026-09-25 17:57:01,MLLB_000_y1.0.3,RED,v4_red_MLLB_000_y103_0925,2.6,2.608,15,60,37,ince,False,iki-OK-arasi-monotonluk,,,,,,,,,,,,True,,935.0,4.0,9.5
2026-09-25 17:57:01,MLLB_000_y1.0.3,RED,v4_red_MLLB_000_y103_0925,2.6,2.608,15,60,38,ince,False,iki-OK-arasi-monotonluk,,,,,,,,,,,,True,,935.0,4.0,9.5
2026-09-25 17:57:01,MLLB_000_y1.0.3,RED,v4_red_MLLB_000_y103_0925,2.6,2.608,15,60,39,ince,False,iki-OK-arasi-monotonluk,,,,,,,,,,,,True,,935.0,4.0,9.5
2026-09-25 17:57:01,MLLB_000_y1.0.3,RED,v4_red_MLLB_000_y103_0925,2.6,2.608,15,60,41,ince,False,iki-OK-arasi-monotonluk,,,,,,,,,,,,True,,935.0,4.0,9.5
2026-09-25 17:57:01,MLLB_000_y1.0.3,RED,v4_red_MLLB_000_y103_0925,2.6,2.608,15,60,42,ince,False,iki-OK-arasi-monotonluk,,,,,,,,,,,,True,,935.0,4.0,9.5
2026-09-25 17:57:01,MLLB_000_y1.0.3,RED,v4_red_MLLB_000_y103_0925,2.6,2.608,15,60,43,ince,False,iki-OK-arasi-monotonluk,,,,,,,,,,,,True,,935.0,4.0,9.5
2026-09-25 17:57:01,MLLB_000_y1.0.3,RED,v4_red_MLLB_000_y103_0925,2.6,2.608,15,60,45,ince,False,iki-OK-arasi-monotonluk,,,,,,,,,,,,True,,935.0,4.0,9.5
2026-09-25 17:57:01,MLLB_000_y1.0.3,RED,v4_red_MLLB_000_y103_0925,2.6,2.608,15,60,46,ince,False,iki-OK-arasi-monotonluk,,,,,,,,,,,,True,,935.0,4.0,9.5
2026-09-25 17:57:01,MLLB_000_y1.0.3,RED,v4_red_MLLB_000_y103_0925,2.6,2.608,15,60,47,ince,False,iki-OK-arasi-monotonluk,,,,,,,,,,,,True,,935.0,4.0,9.5
2026-09-25 17:57:01,MLLB_000_y1.0.3,RED,v4_red_MLLB_000_y103_0925,2.6,2.608,15,60,49,ince,False,iki-OK-arasi-monotonluk,,,,,,,,,,,,True,,935.0,4.0,9.5
2026-09-25 17:57:01,MLLB_000_y1.0.3,RED,v4_red_MLLB_000_y103_0925,2.6,2.608,15,60,50,ince,False,iki-OK-arasi-monotonluk,,,,,,,,,,,,True,,935.0,4.0,9.5
2026-09-25 17:57:01,MLLB_000_y1.0.3,RED,v4_red_MLLB_000_y103_0925,2.6,2.608,15,60,51,ince,False,iki-OK-arasi-monotonluk,,,,,,,,,,,,True,,935.0,4.0,9.5
2026-09-25 17:57:16,MLLB_000_y1.0.3,RED,v4_red_MLLB_000_y103_0925,2.6,2.608,15,60,53,ince,True,,44.0,28.0,26.0,958.0,1002.0,3.419,107.461,31.434,0.7773,True,,True,,935.0,4.0,9.5
2026-09-25 17:57:32,MLLB_000_y1.0.3,RED,v4_red_MLLB_000_y103_0925,2.6,2.608,15,60,54,ince,True,,44.0,28.0,26.0,958.0,1002.0,3.509,110.475,31.486,0.7777,True,,True,,935.0,4.0,9.5
2026-09-25 17:57:48,MLLB_000_y1.0.3,RED,v4_red_MLLB_000_y103_0925,2.6,2.608,15,60,55,ince,True,,44.0,28.0,26.0,958.0,1002.0,3.821,120.282,31.483,0.7776,True,,True,,935.0,4.0,9.5
2026-09-25 17:57:49,MLLB_000_y1.0.3,RED,v4_red_MLLB_000_y103_0925,2.6,2.608,15,60,,bitti,False,,,,,,,,,,,,,,,935.0,4.0,9.5
2026-09-25 17:58:10,MLLB_000_y1.0.3,RED,v4_red_MLLB_000_y103_0925,2.6,2.608,100,100,12,kaba,True,,30.0,28.0,10.0,972.0,1002.0,1.05,243.864,232.161,0.7774,True,,True,,935.0,4.0,9.5
2026-09-25 17:58:26,MLLB_000_y1.0.3,RED,v4_red_MLLB_000_y103_0925,2.6,2.608,100,100,16,kaba,True,,30.0,28.0,10.0,972.0,1002.0,1.051,243.864,232.135,0.7772,True,,True,,935.0,4.0,9.5
2026-09-25 17:58:42,MLLB_000_y1.0.3,RED,v4_red_MLLB_000_y103_0925,2.6,2.608,100,100,20,kaba,True,,30.0,28.0,10.0,972.0,1002.0,1.051,243.864,232.128,0.7778,True,,True,,935.0,4.0,9.5
2026-09-25 17:58:58,MLLB_000_y1.0.3,RED,v4_red_MLLB_000_y103_0925,2.6,2.608,100,100,24,kaba,True,,30.0,28.0,10.0,972.0,1002.0,1.065,246.947,231.959,0.7774,True,,True,,935.0,4.0,9.5
2026-09-25 17:59:14,MLLB_000_y1.0.3,RED,v4_red_MLLB_000_y103_0925,2.6,2.608,100,100,28,kaba,True,,30.0,28.0,10.0,972.0,1002.0,1.05,243.864,232.335,0.777,True,,True,,935.0,4.0,9.5
2026-09-25 17:59:30,MLLB_000_y1.0.3,RED,v4_red_MLLB_000_y103_0925,2.6,2.608,100,100,32,kaba,True,,30.0,28.0,10.0,972.0,1002.0,1.051,243.945,232.155,0.7773,True,,True,,935.0,4.0,9.5
2026-09-25 17:59:46,MLLB_000_y1.0.3,RED,v4_red_MLLB_000_y103_0925,2.6,2.608,100,100,36,kaba,True,,30.0,28.0,10.0,972.0,1002.0,1.05,243.864,232.24,0.7777,True,,True,,935.0,4.0,9.5
2026-09-25 18:00:02,MLLB_000_y1.0.3,RED,v4_red_MLLB_000_y103_0925,2.6,2.608,100,100,40,kaba,True,,30.0,28.0,10.0,972.0,1002.0,1.051,243.864,232.009,0.7772,True,,True,,935.0,4.0,9.5
2026-09-25 18:00:18,MLLB_000_y1.0.3,RED,v4_red_MLLB_000_y103_0925,2.6,2.608,100,100,44,kaba,True,,30.0,28.0,10.0,972.0,1002.0,1.051,243.864,232.051,0.7772,True,,True,,935.0,4.0,9.5
2026-09-25 18:00:34,MLLB_000_y1.0.3,RED,v4_red_MLLB_000_y103_0925,2.6,2.608,100,100,48,kaba,True,,30.0,28.0,10.0,972.0,1002.0,1.052,244.528,232.393,0.7775,True,,True,,935.0,4.0,9.5
2026-09-25 18:00:50,MLLB_000_y1.0.3,RED,v4_red_MLLB_000_y103_0925,2.6,2.608,100,100,52,kaba,True,,30.0,28.0,10.0,972.0,1002.0,1.05,243.864,232.201,0.7771,True,,True,,935.0,4.0,9.5
2026-09-25 18:01:06,MLLB_000_y1.0.3,RED,v4_red_MLLB_000_y103_0925,2.6,2.608,100,100,56,kaba,True,,30.0,28.0,10.0,972.0,1002.0,1.051,243.864,232.003,0.777,True,,True,,935.0,4.0,9.5
2026-09-25 18:01:22,MLLB_000_y1.0.3,RED,v4_red_MLLB_000_y103_0925,2.6,2.608,100,100,58,kaba,True,,30.0,28.0,10.0,972.0,1002.0,1.051,243.864,232.018,0.7777,True,,True,,935.0,4.0,9.5
2026-09-25 18:01:23,MLLB_000_y1.0.3,RED,v4_red_MLLB_000_y103_0925,2.6,2.608,100,100,13,ince,False,iki-OK-arasi-monotonluk,,,,,,,,,,,,True,,935.0,4.0,9.5
2026-09-25 18:01:23,MLLB_000_y1.0.3,RED,v4_red_MLLB_000_y103_0925,2.6,2.608,100,100,14,ince,False,iki-OK-arasi-monotonluk,,,,,,,,,,,,True,,935.0,4.0,9.5
2026-09-25 18:01:23,MLLB_000_y1.0.3,RED,v4_red_MLLB_000_y103_0925,2.6,2.608,100,100,15,ince,False,iki-OK-arasi-monotonluk,,,,,,,,,,,,True,,935.0,4.0,9.5
2026-09-25 18:01:23,MLLB_000_y1.0.3,RED,v4_red_MLLB_000_y103_0925,2.6,2.608,100,100,17,ince,False,iki-OK-arasi-monotonluk,,,,,,,,,,,,True,,935.0,4.0,9.5
2026-09-25 18:01:23,MLLB_000_y1.0.3,RED,v4_red_MLLB_000_y103_0925,2.6,2.608,100,100,18,ince,False,iki-OK-arasi-monotonluk,,,,,,,,,,,,True,,935.0,4.0,9.5
2026-09-25 18:01:23,MLLB_000_y1.0.3,RED,v4_red_MLLB_000_y103_0925,2.6,2.608,100,100,19,ince,False,iki-OK-arasi-monotonluk,,,,,,,,,,,,True,,935.0,4.0,9.5
2026-09-25 18:01:23,MLLB_000_y1.0.3,RED,v4_red_MLLB_000_y103_0925,2.6,2.608,100,100,21,ince,False,iki-OK-arasi-monotonluk,,,,,,,,,,,,True,,935.0,4.0,9.5
2026-09-25 18:01:23,MLLB_000_y1.0.3,RED,v4_red_MLLB_000_y103_0925,2.6,2.608,100,100,22,ince,False,iki-OK-arasi-monotonluk,,,,,,,,,,,,True,,935.0,4.0,9.5
2026-09-25 18:01:23,MLLB_000_y1.0.3,RED,v4_red_MLLB_000_y103_0925,2.6,2.608,100,100,23,ince,False,iki-OK-arasi-monotonluk,,,,,,,,,,,,True,,935.0,4.0,9.5
2026-09-25 18:01:23,MLLB_000_y1.0.3,RED,v4_red_MLLB_000_y103_0925,2.6,2.608,100,100,25,ince,False,iki-OK-arasi-monotonluk,,,,,,,,,,,,True,,935.0,4.0,9.5
2026-09-25 18:01:23,MLLB_000_y1.0.3,RED,v4_red_MLLB_000_y103_0925,2.6,2.608,100,100,26,ince,False,iki-OK-arasi-monotonluk,,,,,,,,,,,,True,,935.0,4.0,9.5
2026-09-25 18:01:23,MLLB_000_y1.0.3,RED,v4_red_MLLB_000_y103_0925,2.6,2.608,100,100,27,ince,False,iki-OK-arasi-monotonluk,,,,,,,,,,,,True,,935.0,4.0,9.5
2026-09-25 18:01:23,MLLB_000_y1.0.3,RED,v4_red_MLLB_000_y103_0925,2.6,2.608,100,100,29,ince,False,iki-OK-arasi-monotonluk,,,,,,,,,,,,True,,935.0,4.0,9.5
2026-09-25 18:01:23,MLLB_000_y1.0.3,RED,v4_red_MLLB_000_y103_0925,2.6,2.608,100,100,30,ince,False,iki-OK-arasi-monotonluk,,,,,,,,,,,,True,,935.0,4.0,9.5
2026-09-25 18:01:23,MLLB_000_y1.0.3,RED,v4_red_MLLB_000_y103_0925,2.6,2.608,100,100,31,ince,False,iki-OK-arasi-monotonluk,,,,,,,,,,,,True,,935.0,4.0,9.5
2026-09-25 18:01:23,MLLB_000_y1.0.3,RED,v4_red_MLLB_000_y103_0925,2.6,2.608,100,100,33,ince,False,iki-OK-arasi-monotonluk,,,,,,,,,,,,True,,935.0,4.0,9.5
2026-09-25 18:01:23,MLLB_000_y1.0.3,RED,v4_red_MLLB_000_y103_0925,2.6,2.608,100,100,34,ince,False,iki-OK-arasi-monotonluk,,,,,,,,,,,,True,,935.0,4.0,9.5
2026-09-25 18:01:23,MLLB_000_y1.0.3,RED,v4_red_MLLB_000_y103_0925,2.6,2.608,100,100,35,ince,False,iki-OK-arasi-monotonluk,,,,,,,,,,,,True,,935.0,4.0,9.5
2026-09-25 18:01:23,MLLB_000_y1.0.3,RED,v4_red_MLLB_000_y103_0925,2.6,2.608,100,100,37,ince,False,iki-OK-arasi-monotonluk,,,,,,,,,,,,True,,935.0,4.0,9.5
2026-09-25 18:01:23,MLLB_000_y1.0.3,RED,v4_red_MLLB_000_y103_0925,2.6,2.608,100,100,38,ince,False,iki-OK-arasi-monotonluk,,,,,,,,,,,,True,,935.0,4.0,9.5
2026-09-25 18:01:23,MLLB_000_y1.0.3,RED,v4_red_MLLB_000_y103_0925,2.6,2.608,100,100,39,ince,False,iki-OK-arasi-monotonluk,,,,,,,,,,,,True,,935.0,4.0,9.5
2026-09-25 18:01:23,MLLB_000_y1.0.3,RED,v4_red_MLLB_000_y103_0925,2.6,2.608,100,100,41,ince,False,iki-OK-arasi-monotonluk,,,,,,,,,,,,True,,935.0,4.0,9.5
2026-09-25 18:01:23,MLLB_000_y1.0.3,RED,v4_red_MLLB_000_y103_0925,2.6,2.608,100,100,42,ince,False,iki-OK-arasi-monotonluk,,,,,,,,,,,,True,,935.0,4.0,9.5
2026-09-25 18:01:23,MLLB_000_y1.0.3,RED,v4_red_MLLB_000_y103_0925,2.6,2.608,100,100,43,ince,False,iki-OK-arasi-monotonluk,,,,,,,,,,,,True,,935.0,4.0,9.5
2026-09-25 18:01:23,MLLB_000_y1.0.3,RED,v4_red_MLLB_000_y103_0925,2.6,2.608,100,100,45,ince,False,iki-OK-arasi-monotonluk,,,,,,,,,,,,True,,935.0,4.0,9.5
2026-09-25 18:01:23,MLLB_000_y1.0.3,RED,v4_red_MLLB_000_y103_0925,2.6,2.608,100,100,46,ince,False,iki-OK-arasi-monotonluk,,,,,,,,,,,,True,,935.0,4.0,9.5
2026-09-25 18:01:23,MLLB_000_y1.0.3,RED,v4_red_MLLB_000_y103_0925,2.6,2.608,100,100,47,ince,False,iki-OK-arasi-monotonluk,,,,,,,,,,,,True,,935.0,4.0,9.5
2026-09-25 18:01:23,MLLB_000_y1.0.3,RED,v4_red_MLLB_000_y103_0925,2.6,2.608,100,100,49,ince,False,iki-OK-arasi-monotonluk,,,,,,,,,,,,True,,935.0,4.0,9.5
2026-09-25 18:01:23,MLLB_000_y1.0.3,RED,v4_red_MLLB_000_y103_0925,2.6,2.608,100,100,50,ince,False,iki-OK-arasi-monotonluk,,,,,,,,,,,,True,,935.0,4.0,9.5
2026-09-25 18:01:23,MLLB_000_y1.0.3,RED,v4_red_MLLB_000_y103_0925,2.6,2.608,100,100,51,ince,False,iki-OK-arasi-monotonluk,,,,,,,,,,,,True,,935.0,4.0,9.5
2026-09-25 18:01:23,MLLB_000_y1.0.3,RED,v4_red_MLLB_000_y103_0925,2.6,2.608,100,100,53,ince,False,iki-OK-arasi-monotonluk,,,,,,,,,,,,True,,935.0,4.0,9.5
2026-09-25 18:01:23,MLLB_000_y1.0.3,RED,v4_red_MLLB_000_y103_0925,2.6,2.608,100,100,54,ince,False,iki-OK-arasi-monotonluk,,,,,,,,,,,,True,,935.0,4.0,9.5
2026-09-25 18:01:23,MLLB_000_y1.0.3,RED,v4_red_MLLB_000_y103_0925,2.6,2.608,100,100,55,ince,False,iki-OK-arasi-monotonluk,,,,,,,,,,,,True,,935.0,4.0,9.5
2026-09-25 18:01:23,MLLB_000_y1.0.3,RED,v4_red_MLLB_000_y103_0925,2.6,2.608,100,100,57,ince,False,iki-OK-arasi-monotonluk,,,,,,,,,,,,True,,935.0,4.0,9.5
2026-09-25 18:01:23,MLLB_000_y1.0.3,RED,v4_red_MLLB_000_y103_0925,2.6,2.608,100,100,,bitti,False,,,,,,,,,,,,,,,935.0,4.0,9.5
2026-09-25 18:01:38,MLLB_000_y1.0.3,RED,v4_red_MLLB_000_y103_0925,2.6,2.608,100,80,12,kaba,True,,30.0,28.0,10.0,972.0,1002.0,1.063,246.947,232.343,0.7776,True,,True,,935.0,4.0,9.5
2026-09-25 18:01:54,MLLB_000_y1.0.3,RED,v4_red_MLLB_000_y103_0925,2.6,2.608,100,80,16,kaba,True,,30.0,28.0,10.0,972.0,1002.0,1.052,244.104,232.042,0.7774,True,,True,,935.0,4.0,9.5
2026-09-25 18:02:10,MLLB_000_y1.0.3,RED,v4_red_MLLB_000_y103_0925,2.6,2.608,100,80,20,kaba,True,,30.0,28.0,10.0,972.0,1002.0,1.052,243.864,231.865,0.7776,True,,True,,935.0,4.0,9.5
2026-09-25 18:02:26,MLLB_000_y1.0.3,RED,v4_red_MLLB_000_y103_0925,2.6,2.608,100,80,24,kaba,True,,30.0,28.0,10.0,972.0,1002.0,1.056,244.673,231.78,0.7778,True,,True,,935.0,4.0,9.5
2026-09-25 18:02:42,MLLB_000_y1.0.3,RED,v4_red_MLLB_000_y103_0925,2.6,2.608,100,80,28,kaba,True,,30.0,28.0,10.0,972.0,1002.0,1.051,243.864,231.95,0.7775,True,,True,,935.0,4.0,9.5
2026-09-25 18:02:58,MLLB_000_y1.0.3,RED,v4_red_MLLB_000_y103_0925,2.6,2.608,100,80,32,kaba,True,,30.0,28.0,10.0,972.0,1002.0,1.051,243.864,232.048,0.7771,True,,True,,935.0,4.0,9.5
2026-09-25 18:03:14,MLLB_000_y1.0.3,RED,v4_red_MLLB_000_y103_0925,2.6,2.608,100,80,36,kaba,True,,30.0,28.0,10.0,972.0,1002.0,1.049,243.113,231.828,0.7775,True,,True,,935.0,4.0,9.5
2026-09-25 18:03:30,MLLB_000_y1.0.3,RED,v4_red_MLLB_000_y103_0925,2.6,2.608,100,80,40,kaba,True,,30.0,28.0,10.0,972.0,1002.0,1.051,243.864,231.986,0.778,True,,True,,935.0,4.0,9.5
2026-09-25 18:03:46,MLLB_000_y1.0.3,RED,v4_red_MLLB_000_y103_0925,2.6,2.608,100,80,44,kaba,True,,30.0,28.0,10.0,972.0,1002.0,1.052,243.865,231.912,0.7772,True,,True,,935.0,4.0,9.5
2026-09-25 18:04:02,MLLB_000_y1.0.3,RED,v4_red_MLLB_000_y103_0925,2.6,2.608,100,80,48,kaba,True,,30.0,28.0,10.0,972.0,1002.0,1.051,243.864,232.069,0.778,True,,True,,935.0,4.0,9.5
2026-09-25 18:04:18,MLLB_000_y1.0.3,RED,v4_red_MLLB_000_y103_0925,2.6,2.608,100,80,52,kaba,True,,30.0,28.0,10.0,972.0,1002.0,1.052,243.864,231.914,0.7771,True,,True,,935.0,4.0,9.5
2026-09-25 18:04:34,MLLB_000_y1.0.3,RED,v4_red_MLLB_000_y103_0925,2.6,2.608,100,80,56,kaba,True,,30.0,28.0,10.0,972.0,1002.0,1.05,243.864,232.174,0.7773,True,,True,,935.0,4.0,9.5
2026-09-25 18:04:47,MLLB_000_y1.0.3,RED,v4_red_MLLB_000_y103_0925,2.6,2.608,100,80,58,kaba,True,,30.0,28.0,10.0,972.0,1002.0,1.052,243.864,231.911,0.7784,True,,True,,935.0,4.0,9.5
2026-09-25 18:04:47,MLLB_000_y1.0.3,RED,v4_red_MLLB_000_y103_0925,2.6,2.608,100,80,13,ince,False,iki-OK-arasi-monotonluk,,,,,,,,,,,,True,,935.0,4.0,9.5
2026-09-25 18:04:47,MLLB_000_y1.0.3,RED,v4_red_MLLB_000_y103_0925,2.6,2.608,100,80,14,ince,False,iki-OK-arasi-monotonluk,,,,,,,,,,,,True,,935.0,4.0,9.5
2026-09-25 18:04:47,MLLB_000_y1.0.3,RED,v4_red_MLLB_000_y103_0925,2.6,2.608,100,80,15,ince,False,iki-OK-arasi-monotonluk,,,,,,,,,,,,True,,935.0,4.0,9.5
2026-09-25 18:04:47,MLLB_000_y1.0.3,RED,v4_red_MLLB_000_y103_0925,2.6,2.608,100,80,17,ince,False,iki-OK-arasi-monotonluk,,,,,,,,,,,,True,,935.0,4.0,9.5
2026-09-25 18:04:47,MLLB_000_y1.0.3,RED,v4_red_MLLB_000_y103_0925,2.6,2.608,100,80,18,ince,False,iki-OK-arasi-monotonluk,,,,,,,,,,,,True,,935.0,4.0,9.5
2026-09-25 18:04:47,MLLB_000_y1.0.3,RED,v4_red_MLLB_000_y103_0925,2.6,2.608,100,80,19,ince,False,iki-OK-arasi-monotonluk,,,,,,,,,,,,True,,935.0,4.0,9.5
2026-09-25 18:04:47,MLLB_000_y1.0.3,RED,v4_red_MLLB_000_y103_0925,2.6,2.608,100,80,21,ince,False,iki-OK-arasi-monotonluk,,,,,,,,,,,,True,,935.0,4.0,9.5
2026-09-25 18:04:47,MLLB_000_y1.0.3,RED,v4_red_MLLB_000_y103_0925,2.6,2.608,100,80,22,ince,False,iki-OK-arasi-monotonluk,,,,,,,,,,,,True,,935.0,4.0,9.5
2026-09-25 18:04:47,MLLB_000_y1.0.3,RED,v4_red_MLLB_000_y103_0925,2.6,2.608,100,80,23,ince,False,iki-OK-arasi-monotonluk,,,,,,,,,,,,True,,935.0,4.0,9.5
2026-09-25 18:04:47,MLLB_000_y1.0.3,RED,v4_red_MLLB_000_y103_0925,2.6,2.608,100,80,25,ince,False,iki-OK-arasi-monotonluk,,,,,,,,,,,,True,,935.0,4.0,9.5
2026-09-25 18:04:47,MLLB_000_y1.0.3,RED,v4_red_MLLB_000_y103_0925,2.6,2.608,100,80,26,ince,False,iki-OK-arasi-monotonluk,,,,,,,,,,,,True,,935.0,4.0,9.5
2026-09-25 18:04:47,MLLB_000_y1.0.3,RED,v4_red_MLLB_000_y103_0925,2.6,2.608,100,80,27,ince,False,iki-OK-arasi-monotonluk,,,,,,,,,,,,True,,935.0,4.0,9.5
2026-09-25 18:04:47,MLLB_000_y1.0.3,RED,v4_red_MLLB_000_y103_0925,2.6,2.608,100,80,29,ince,False,iki-OK-arasi-monotonluk,,,,,,,,,,,,True,,935.0,4.0,9.5
2026-09-25 18:04:47,MLLB_000_y1.0.3,RED,v4_red_MLLB_000_y103_0925,2.6,2.608,100,80,30,ince,False,iki-OK-arasi-monotonluk,,,,,,,,,,,,True,,935.0,4.0,9.5
2026-09-25 18:04:47,MLLB_000_y1.0.3,RED,v4_red_MLLB_000_y103_0925,2.6,2.608,100,80,31,ince,False,iki-OK-arasi-monotonluk,,,,,,,,,,,,True,,935.0,4.0,9.5
2026-09-25 18:04:47,MLLB_000_y1.0.3,RED,v4_red_MLLB_000_y103_0925,2.6,2.608,100,80,33,ince,False,iki-OK-arasi-monotonluk,,,,,,,,,,,,True,,935.0,4.0,9.5
2026-09-25 18:04:47,MLLB_000_y1.0.3,RED,v4_red_MLLB_000_y103_0925,2.6,2.608,100,80,34,ince,False,iki-OK-arasi-monotonluk,,,,,,,,,,,,True,,935.0,4.0,9.5
2026-09-25 18:04:47,MLLB_000_y1.0.3,RED,v4_red_MLLB_000_y103_0925,2.6,2.608,100,80,35,ince,False,iki-OK-arasi-monotonluk,,,,,,,,,,,,True,,935.0,4.0,9.5
2026-09-25 18:04:47,MLLB_000_y1.0.3,RED,v4_red_MLLB_000_y103_0925,2.6,2.608,100,80,37,ince,False,iki-OK-arasi-monotonluk,,,,,,,,,,,,True,,935.0,4.0,9.5
2026-09-25 18:04:47,MLLB_000_y1.0.3,RED,v4_red_MLLB_000_y103_0925,2.6,2.608,100,80,38,ince,False,iki-OK-arasi-monotonluk,,,,,,,,,,,,True,,935.0,4.0,9.5
2026-09-25 18:04:47,MLLB_000_y1.0.3,RED,v4_red_MLLB_000_y103_0925,2.6,2.608,100,80,39,ince,False,iki-OK-arasi-monotonluk,,,,,,,,,,,,True,,935.0,4.0,9.5
2026-09-25 18:04:47,MLLB_000_y1.0.3,RED,v4_red_MLLB_000_y103_0925,2.6,2.608,100,80,41,ince,False,iki-OK-arasi-monotonluk,,,,,,,,,,,,True,,935.0,4.0,9.5
2026-09-25 18:04:47,MLLB_000_y1.0.3,RED,v4_red_MLLB_000_y103_0925,2.6,2.608,100,80,42,ince,False,iki-OK-arasi-monotonluk,,,,,,,,,,,,True,,935.0,4.0,9.5
2026-09-25 18:04:47,MLLB_000_y1.0.3,RED,v4_red_MLLB_000_y103_0925,2.6,2.608,100,80,43,ince,False,iki-OK-arasi-monotonluk,,,,,,,,,,,,True,,935.0,4.0,9.5
2026-09-25 18:04:47,MLLB_000_y1.0.3,RED,v4_red_MLLB_000_y103_0925,2.6,2.608,100,80,45,ince,False,iki-OK-arasi-monotonluk,,,,,,,,,,,,True,,935.0,4.0,9.5
2026-09-25 18:04:47,MLLB_000_y1.0.3,RED,v4_red_MLLB_000_y103_0925,2.6,2.608,100,80,46,ince,False,iki-OK-arasi-monotonluk,,,,,,,,,,,,True,,935.0,4.0,9.5
2026-09-25 18:04:47,MLLB_000_y1.0.3,RED,v4_red_MLLB_000_y103_0925,2.6,2.608,100,80,47,ince,False,iki-OK-arasi-monotonluk,,,,,,,,,,,,True,,935.0,4.0,9.5
2026-09-25 18:04:47,MLLB_000_y1.0.3,RED,v4_red_MLLB_000_y103_0925,2.6,2.608,100,80,49,ince,False,iki-OK-arasi-monotonluk,,,,,,,,,,,,True,,935.0,4.0,9.5
2026-09-25 18:04:47,MLLB_000_y1.0.3,RED,v4_red_MLLB_000_y103_0925,2.6,2.608,100,80,50,ince,False,iki-OK-arasi-monotonluk,,,,,,,,,,,,True,,935.0,4.0,9.5
2026-09-25 18:04:47,MLLB_000_y1.0.3,RED,v4_red_MLLB_000_y103_0925,2.6,2.608,100,80,51,ince,False,iki-OK-arasi-monotonluk,,,,,,,,,,,,True,,935.0,4.0,9.5
2026-09-25 18:04:47,MLLB_000_y1.0.3,RED,v4_red_MLLB_000_y103_0925,2.6,2.608,100,80,53,ince,False,iki-OK-arasi-monotonluk,,,,,,,,,,,,True,,935.0,4.0,9.5
2026-09-25 18:04:47,MLLB_000_y1.0.3,RED,v4_red_MLLB_000_y103_0925,2.6,2.608,100,80,54,ince,False,iki-OK-arasi-monotonluk,,,,,,,,,,,,True,,935.0,4.0,9.5
2026-09-25 18:04:47,MLLB_000_y1.0.3,RED,v4_red_MLLB_000_y103_0925,2.6,2.608,100,80,55,ince,False,iki-OK-arasi-monotonluk,,,,,,,,,,,,True,,935.0,4.0,9.5
2026-09-25 18:04:47,MLLB_000_y1.0.3,RED,v4_red_MLLB_000_y103_0925,2.6,2.608,100,80,57,ince,False,iki-OK-arasi-monotonluk,,,,,,,,,,,,True,,935.0,4.0,9.5
2026-09-25 18:04:47,MLLB_000_y1.0.3,RED,v4_red_MLLB_000_y103_0925,2.6,2.608,100,80,,bitti,False,,,,,,,,,,,,,,,935.0,4.0,9.5
2026-09-25 18:05:02,MLLB_000_y1.0.3,RED,v4_red_MLLB_000_y103_0925,2.6,2.608,100,60,12,kaba,True,,30.0,28.0,10.0,972.0,1002.0,1.053,243.864,231.589,0.778,True,,True,,935.0,4.0,9.5
2026-09-25 18:05:18,MLLB_000_y1.0.3,RED,v4_red_MLLB_000_y103_0925,2.6,2.608,100,60,16,kaba,True,,30.0,28.0,10.0,972.0,1002.0,1.065,246.947,231.952,0.7779,True,,True,,935.0,4.0,9.5
2026-09-25 18:05:34,MLLB_000_y1.0.3,RED,v4_red_MLLB_000_y103_0925,2.6,2.608,100,60,20,kaba,True,,30.0,28.0,10.0,972.0,1002.0,1.051,243.864,231.95,0.7776,True,,True,,935.0,4.0,9.5
2026-09-25 18:05:50,MLLB_000_y1.0.3,RED,v4_red_MLLB_000_y103_0925,2.6,2.608,100,60,24,kaba,True,,30.0,28.0,10.0,972.0,1002.0,1.051,243.864,231.966,0.7778,True,,True,,935.0,4.0,9.5
2026-09-25 18:06:06,MLLB_000_y1.0.3,RED,v4_red_MLLB_000_y103_0925,2.6,2.608,100,60,28,kaba,True,,30.0,28.0,10.0,972.0,1002.0,1.051,244.012,232.097,0.7777,True,,True,,935.0,4.0,9.5
2026-09-25 18:06:22,MLLB_000_y1.0.3,RED,v4_red_MLLB_000_y103_0925,2.6,2.608,100,60,32,kaba,True,,30.0,28.0,10.0,972.0,1002.0,1.052,243.864,231.865,0.7776,True,,True,,935.0,4.0,9.5
2026-09-25 18:06:38,MLLB_000_y1.0.3,RED,v4_red_MLLB_000_y103_0925,2.6,2.608,100,60,36,kaba,True,,30.0,28.0,10.0,972.0,1002.0,1.05,243.883,232.227,0.7774,True,,True,,935.0,4.0,9.5
2026-09-25 18:06:54,MLLB_000_y1.0.3,RED,v4_red_MLLB_000_y103_0925,2.6,2.608,100,60,40,kaba,True,,30.0,28.0,10.0,972.0,1002.0,1.051,243.864,232.061,0.7769,True,,True,,935.0,4.0,9.5
2026-09-25 18:07:10,MLLB_000_y1.0.3,RED,v4_red_MLLB_000_y103_0925,2.6,2.608,100,60,44,kaba,True,,30.0,28.0,10.0,972.0,1002.0,1.051,243.864,232.09,0.7776,True,,True,,935.0,4.0,9.5
2026-09-25 18:07:26,MLLB_000_y1.0.3,RED,v4_red_MLLB_000_y103_0925,2.6,2.608,100,60,48,kaba,True,,30.0,28.0,10.0,972.0,1002.0,1.05,243.864,232.209,0.778,True,,True,,935.0,4.0,9.5
2026-09-25 18:07:42,MLLB_000_y1.0.3,RED,v4_red_MLLB_000_y103_0925,2.6,2.608,100,60,52,kaba,True,,30.0,28.0,10.0,972.0,1002.0,1.05,243.864,232.179,0.7776,True,,True,,935.0,4.0,9.5
2026-09-25 18:07:58,MLLB_000_y1.0.3,RED,v4_red_MLLB_000_y103_0925,2.6,2.608,100,60,56,kaba,True,,30.0,28.0,10.0,972.0,1002.0,1.052,244.156,232.057,0.7775,True,,True,,935.0,4.0,9.5
2026-09-25 18:08:14,MLLB_000_y1.0.3,RED,v4_red_MLLB_000_y103_0925,2.6,2.608,100,60,58,kaba,True,,30.0,28.0,10.0,972.0,1002.0,1.052,243.864,231.869,0.7773,True,,True,,935.0,4.0,9.5
2026-09-25 18:08:15,MLLB_000_y1.0.3,RED,v4_red_MLLB_000_y103_0925,2.6,2.608,100,60,13,ince,False,iki-OK-arasi-monotonluk,,,,,,,,,,,,True,,935.0,4.0,9.5
2026-09-25 18:08:15,MLLB_000_y1.0.3,RED,v4_red_MLLB_000_y103_0925,2.6,2.608,100,60,14,ince,False,iki-OK-arasi-monotonluk,,,,,,,,,,,,True,,935.0,4.0,9.5
2026-09-25 18:08:15,MLLB_000_y1.0.3,RED,v4_red_MLLB_000_y103_0925,2.6,2.608,100,60,15,ince,False,iki-OK-arasi-monotonluk,,,,,,,,,,,,True,,935.0,4.0,9.5
2026-09-25 18:08:15,MLLB_000_y1.0.3,RED,v4_red_MLLB_000_y103_0925,2.6,2.608,100,60,17,ince,False,iki-OK-arasi-monotonluk,,,,,,,,,,,,True,,935.0,4.0,9.5
2026-09-25 18:08:15,MLLB_000_y1.0.3,RED,v4_red_MLLB_000_y103_0925,2.6,2.608,100,60,18,ince,False,iki-OK-arasi-monotonluk,,,,,,,,,,,,True,,935.0,4.0,9.5
2026-09-25 18:08:15,MLLB_000_y1.0.3,RED,v4_red_MLLB_000_y103_0925,2.6,2.608,100,60,19,ince,False,iki-OK-arasi-monotonluk,,,,,,,,,,,,True,,935.0,4.0,9.5
2026-09-25 18:08:15,MLLB_000_y1.0.3,RED,v4_red_MLLB_000_y103_0925,2.6,2.608,100,60,21,ince,False,iki-OK-arasi-monotonluk,,,,,,,,,,,,True,,935.0,4.0,9.5
2026-09-25 18:08:15,MLLB_000_y1.0.3,RED,v4_red_MLLB_000_y103_0925,2.6,2.608,100,60,22,ince,False,iki-OK-arasi-monotonluk,,,,,,,,,,,,True,,935.0,4.0,9.5
2026-09-25 18:08:15,MLLB_000_y1.0.3,RED,v4_red_MLLB_000_y103_0925,2.6,2.608,100,60,23,ince,False,iki-OK-arasi-monotonluk,,,,,,,,,,,,True,,935.0,4.0,9.5
2026-09-25 18:08:15,MLLB_000_y1.0.3,RED,v4_red_MLLB_000_y103_0925,2.6,2.608,100,60,25,ince,False,iki-OK-arasi-monotonluk,,,,,,,,,,,,True,,935.0,4.0,9.5
2026-09-25 18:08:15,MLLB_000_y1.0.3,RED,v4_red_MLLB_000_y103_0925,2.6,2.608,100,60,26,ince,False,iki-OK-arasi-monotonluk,,,,,,,,,,,,True,,935.0,4.0,9.5
2026-09-25 18:08:15,MLLB_000_y1.0.3,RED,v4_red_MLLB_000_y103_0925,2.6,2.608,100,60,27,ince,False,iki-OK-arasi-monotonluk,,,,,,,,,,,,True,,935.0,4.0,9.5
2026-09-25 18:08:15,MLLB_000_y1.0.3,RED,v4_red_MLLB_000_y103_0925,2.6,2.608,100,60,29,ince,False,iki-OK-arasi-monotonluk,,,,,,,,,,,,True,,935.0,4.0,9.5
2026-09-25 18:08:15,MLLB_000_y1.0.3,RED,v4_red_MLLB_000_y103_0925,2.6,2.608,100,60,30,ince,False,iki-OK-arasi-monotonluk,,,,,,,,,,,,True,,935.0,4.0,9.5
2026-09-25 18:08:15,MLLB_000_y1.0.3,RED,v4_red_MLLB_000_y103_0925,2.6,2.608,100,60,31,ince,False,iki-OK-arasi-monotonluk,,,,,,,,,,,,True,,935.0,4.0,9.5
2026-09-25 18:08:15,MLLB_000_y1.0.3,RED,v4_red_MLLB_000_y103_0925,2.6,2.608,100,60,33,ince,False,iki-OK-arasi-monotonluk,,,,,,,,,,,,True,,935.0,4.0,9.5
2026-09-25 18:08:15,MLLB_000_y1.0.3,RED,v4_red_MLLB_000_y103_0925,2.6,2.608,100,60,34,ince,False,iki-OK-arasi-monotonluk,,,,,,,,,,,,True,,935.0,4.0,9.5
2026-09-25 18:08:15,MLLB_000_y1.0.3,RED,v4_red_MLLB_000_y103_0925,2.6,2.608,100,60,35,ince,False,iki-OK-arasi-monotonluk,,,,,,,,,,,,True,,935.0,4.0,9.5
2026-09-25 18:08:15,MLLB_000_y1.0.3,RED,v4_red_MLLB_000_y103_0925,2.6,2.608,100,60,37,ince,False,iki-OK-arasi-monotonluk,,,,,,,,,,,,True,,935.0,4.0,9.5
2026-09-25 18:08:15,MLLB_000_y1.0.3,RED,v4_red_MLLB_000_y103_0925,2.6,2.608,100,60,38,ince,False,iki-OK-arasi-monotonluk,,,,,,,,,,,,True,,935.0,4.0,9.5
2026-09-25 18:08:15,MLLB_000_y1.0.3,RED,v4_red_MLLB_000_y103_0925,2.6,2.608,100,60,39,ince,False,iki-OK-arasi-monotonluk,,,,,,,,,,,,True,,935.0,4.0,9.5
2026-09-25 18:08:15,MLLB_000_y1.0.3,RED,v4_red_MLLB_000_y103_0925,2.6,2.608,100,60,41,ince,False,iki-OK-arasi-monotonluk,,,,,,,,,,,,True,,935.0,4.0,9.5
2026-09-25 18:08:15,MLLB_000_y1.0.3,RED,v4_red_MLLB_000_y103_0925,2.6,2.608,100,60,42,ince,False,iki-OK-arasi-monotonluk,,,,,,,,,,,,True,,935.0,4.0,9.5
2026-09-25 18:08:15,MLLB_000_y1.0.3,RED,v4_red_MLLB_000_y103_0925,2.6,2.608,100,60,43,ince,False,iki-OK-arasi-monotonluk,,,,,,,,,,,,True,,935.0,4.0,9.5
2026-09-25 18:08:15,MLLB_000_y1.0.3,RED,v4_red_MLLB_000_y103_0925,2.6,2.608,100,60,45,ince,False,iki-OK-arasi-monotonluk,,,,,,,,,,,,True,,935.0,4.0,9.5
2026-09-25 18:08:15,MLLB_000_y1.0.3,RED,v4_red_MLLB_000_y103_0925,2.6,2.608,100,60,46,ince,False,iki-OK-arasi-monotonluk,,,,,,,,,,,,True,,935.0,4.0,9.5
2026-09-25 18:08:15,MLLB_000_y1.0.3,RED,v4_red_MLLB_000_y103_0925,2.6,2.608,100,60,47,ince,False,iki-OK-arasi-monotonluk,,,,,,,,,,,,True,,935.0,4.0,9.5
2026-09-25 18:08:15,MLLB_000_y1.0.3,RED,v4_red_MLLB_000_y103_0925,2.6,2.608,100,60,49,ince,False,iki-OK-arasi-monotonluk,,,,,,,,,,,,True,,935.0,4.0,9.5
2026-09-25 18:08:15,MLLB_000_y1.0.3,RED,v4_red_MLLB_000_y103_0925,2.6,2.608,100,60,50,ince,False,iki-OK-arasi-monotonluk,,,,,,,,,,,,True,,935.0,4.0,9.5
2026-09-25 18:08:15,MLLB_000_y1.0.3,RED,v4_red_MLLB_000_y103_0925,2.6,2.608,100,60,51,ince,False,iki-OK-arasi-monotonluk,,,,,,,,,,,,True,,935.0,4.0,9.5
2026-09-25 18:08:15,MLLB_000_y1.0.3,RED,v4_red_MLLB_000_y103_0925,2.6,2.608,100,60,53,ince,False,iki-OK-arasi-monotonluk,,,,,,,,,,,,True,,935.0,4.0,9.5
2026-09-25 18:08:15,MLLB_000_y1.0.3,RED,v4_red_MLLB_000_y103_0925,2.6,2.608,100,60,54,ince,False,iki-OK-arasi-monotonluk,,,,,,,,,,,,True,,935.0,4.0,9.5
2026-09-25 18:08:15,MLLB_000_y1.0.3,RED,v4_red_MLLB_000_y103_0925,2.6,2.608,100,60,55,ince,False,iki-OK-arasi-monotonluk,,,,,,,,,,,,True,,935.0,4.0,9.5
2026-09-25 18:08:15,MLLB_000_y1.0.3,RED,v4_red_MLLB_000_y103_0925,2.6,2.608,100,60,57,ince,False,iki-OK-arasi-monotonluk,,,,,,,,,,,,True,,935.0,4.0,9.5
2026-09-25 18:08:15,MLLB_000_y1.0.3,RED,v4_red_MLLB_000_y103_0925,2.6,2.608,100,60,,bitti,False,,,,,,,,,,,,,,,935.0,4.0,9.5
