ts,board_id,color,run_id,volt_set,volt_meas,intensity,kick_pc,kick_ms,phase,measured,skip_reason,t_on_ms,t_rising_ms,t_dead_ms,on_ms,en2_ms,flash,peak_mA,settled_mA,ldr_settled_V,valid,error,pass,fail_reason,on_min,flash_max,current_min
2026-09-24 12:07:58,MLLB_000_y1.0.3,WHITE,v4_white_MLLB_000_y103_0924,4.2,4.2,6,100,12,kaba,True,,198.0,50.0,170.0,804.0,1002.0,1.096,10.536,9.617,0.778,True,,False,ON,935.0,2.5,9.5
2026-09-24 12:08:14,MLLB_000_y1.0.3,WHITE,v4_white_MLLB_000_y103_0924,4.2,4.2,6,100,16,kaba,True,,112.0,48.0,84.0,890.0,1002.0,1.092,10.508,9.623,0.7781,True,,False,ON,935.0,2.5,9.5
2026-09-24 12:08:30,MLLB_000_y1.0.3,WHITE,v4_white_MLLB_000_y103_0924,4.2,4.2,6,100,20,kaba,True,,28.0,30.0,8.0,974.0,1002.0,1.09,10.511,9.646,0.7779,True,,True,,935.0,2.5,9.5
2026-09-24 12:08:46,MLLB_000_y1.0.3,WHITE,v4_white_MLLB_000_y103_0924,4.2,4.2,6,100,24,kaba,True,,28.0,32.0,6.0,974.0,1002.0,8.335,80.543,9.663,0.7782,True,,False,FLAS,935.0,2.5,9.5
2026-09-24 12:09:02,MLLB_000_y1.0.3,WHITE,v4_white_MLLB_000_y103_0924,4.2,4.2,6,100,17,ince,True,,90.0,50.0,62.0,912.0,1002.0,1.098,10.6,9.65,0.778,True,,False,ON,935.0,2.5,9.5
2026-09-24 12:09:18,MLLB_000_y1.0.3,WHITE,v4_white_MLLB_000_y103_0924,4.2,4.2,6,100,18,ince,True,,66.0,50.0,38.0,936.0,1002.0,1.091,10.524,9.65,0.7777,True,,True,,935.0,2.5,9.5
2026-09-24 12:09:34,MLLB_000_y1.0.3,WHITE,v4_white_MLLB_000_y103_0924,4.2,4.2,6,100,19,ince,True,,44.0,48.0,14.0,958.0,1002.0,1.1,10.6,9.634,0.7772,True,,True,,935.0,2.5,9.5
2026-09-24 12:09:50,MLLB_000_y1.0.3,WHITE,v4_white_MLLB_000_y103_0924,4.2,4.2,6,100,21,ince,True,,28.0,32.0,6.0,974.0,1002.0,2.471,23.808,9.636,0.7783,True,,True,,935.0,2.5,9.5
2026-09-24 12:10:06,MLLB_000_y1.0.3,WHITE,v4_white_MLLB_000_y103_0924,4.2,4.2,6,100,22,ince,True,,28.0,32.0,6.0,974.0,1002.0,4.486,43.213,9.634,0.7781,True,,False,FLAS,935.0,2.5,9.5
2026-09-24 12:10:22,MLLB_000_y1.0.3,WHITE,v4_white_MLLB_000_y103_0924,4.2,4.2,6,100,23,ince,True,,26.0,32.0,6.0,976.0,1002.0,6.409,61.756,9.636,0.7777,True,,False,FLAS,935.0,2.5,9.5
2026-09-24 12:10:22,MLLB_000_y1.0.3,WHITE,v4_white_MLLB_000_y103_0924,4.2,4.2,6,100,,bitti,False,,,,,,,,,,,,,,,935.0,2.5,9.5
2026-09-24 12:10:38,MLLB_000_y1.0.3,WHITE,v4_white_MLLB_000_y103_0924,4.2,4.2,6,80,12,kaba,True,,240.0,44.0,214.0,762.0,1002.0,1.104,10.553,9.555,0.7774,True,,False,ON,935.0,2.5,9.5
2026-09-24 12:10:54,MLLB_000_y1.0.3,WHITE,v4_white_MLLB_000_y103_0924,4.2,4.2,6,80,16,kaba,True,,170.0,50.0,142.0,832.0,1002.0,1.095,10.514,9.599,0.7783,True,,False,ON,935.0,2.5,9.5
2026-09-24 12:11:10,MLLB_000_y1.0.3,WHITE,v4_white_MLLB_000_y103_0924,4.2,4.2,6,80,20,kaba,True,,100.0,48.0,72.0,902.0,1002.0,1.093,10.533,9.641,0.7773,True,,False,ON,935.0,2.5,9.5
2026-09-24 12:11:26,MLLB_000_y1.0.3,WHITE,v4_white_MLLB_000_y103_0924,4.2,4.2,6,80,24,kaba,True,,30.0,32.0,10.0,972.0,1002.0,1.099,10.6,9.645,0.7778,True,,True,,935.0,2.5,9.5
2026-09-24 12:11:42,MLLB_000_y1.0.3,WHITE,v4_white_MLLB_000_y103_0924,4.2,4.2,6,80,28,kaba,True,,30.0,32.0,10.0,972.0,1002.0,6.427,61.927,9.636,0.7779,True,,False,FLAS,935.0,2.5,9.5
2026-09-24 12:11:58,MLLB_000_y1.0.3,WHITE,v4_white_MLLB_000_y103_0924,4.2,4.2,6,80,21,ince,True,,82.0,44.0,54.0,920.0,1002.0,1.094,10.554,9.648,0.7775,True,,False,ON,935.0,2.5,9.5
2026-09-24 12:12:14,MLLB_000_y1.0.3,WHITE,v4_white_MLLB_000_y103_0924,4.2,4.2,6,80,22,ince,True,,64.0,50.0,34.0,938.0,1002.0,1.091,10.511,9.632,0.7772,True,,True,,935.0,2.5,9.5
2026-09-24 12:12:30,MLLB_000_y1.0.3,WHITE,v4_white_MLLB_000_y103_0924,4.2,4.2,6,80,23,ince,True,,42.0,50.0,14.0,960.0,1002.0,1.093,10.524,9.632,0.7771,True,,True,,935.0,2.5,9.5
2026-09-24 12:12:46,MLLB_000_y1.0.3,WHITE,v4_white_MLLB_000_y103_0924,4.2,4.2,6,80,25,ince,True,,32.0,30.0,12.0,970.0,1002.0,2.044,19.692,9.632,0.7772,True,,True,,935.0,2.5,9.5
2026-09-24 12:13:02,MLLB_000_y1.0.3,WHITE,v4_white_MLLB_000_y103_0924,4.2,4.2,6,80,26,ince,True,,30.0,32.0,10.0,972.0,1002.0,3.508,33.814,9.64,0.7774,True,,False,FLAS,935.0,2.5,9.5
2026-09-24 12:13:18,MLLB_000_y1.0.3,WHITE,v4_white_MLLB_000_y103_0924,4.2,4.2,6,80,27,ince,True,,30.0,32.0,10.0,972.0,1002.0,5.031,48.565,9.653,0.7775,True,,False,FLAS,935.0,2.5,9.5
2026-09-24 12:13:18,MLLB_000_y1.0.3,WHITE,v4_white_MLLB_000_y103_0924,4.2,4.2,6,80,,bitti,False,,,,,,,,,,,,,,,935.0,2.5,9.5
2026-09-24 12:13:34,MLLB_000_y1.0.3,WHITE,v4_white_MLLB_000_y103_0924,4.2,4.2,6,60,12,kaba,True,,286.0,50.0,258.0,716.0,1002.0,1.103,10.508,9.526,0.7772,True,,False,ON,935.0,2.5,9.5
2026-09-24 12:13:50,MLLB_000_y1.0.3,WHITE,v4_white_MLLB_000_y103_0924,4.2,4.2,6,60,16,kaba,True,,236.0,50.0,206.0,766.0,1002.0,1.1,10.508,9.553,0.7778,True,,False,ON,935.0,2.5,9.5
2026-09-24 12:14:02,MLLB_000_y1.0.3,WHITE,v4_white_MLLB_000_y103_0924,4.2,4.2,6,60,20,kaba,True,,184.0,44.0,158.0,818.0,1002.0,1.099,10.531,9.585,0.7774,True,,False,ON,935.0,2.5,9.5
2026-09-24 12:14:18,MLLB_000_y1.0.3,WHITE,v4_white_MLLB_000_y103_0924,4.2,4.2,6,60,24,kaba,True,,132.0,44.0,106.0,870.0,1002.0,1.103,10.6,9.61,0.7778,True,,False,ON,935.0,2.5,9.5
2026-09-24 12:14:34,MLLB_000_y1.0.3,WHITE,v4_white_MLLB_000_y103_0924,4.2,4.2,6,60,28,kaba,True,,80.0,50.0,50.0,922.0,1002.0,1.089,10.508,9.646,0.7779,True,,False,ON,935.0,2.5,9.5
2026-09-24 12:14:46,MLLB_000_y1.0.3,WHITE,v4_white_MLLB_000_y103_0924,4.2,4.2,6,60,32,kaba,True,,38.0,28.0,18.0,964.0,1002.0,1.245,12.001,9.643,0.7775,True,,True,,935.0,2.5,9.5
2026-09-24 12:15:02,MLLB_000_y1.0.3,WHITE,v4_white_MLLB_000_y103_0924,4.2,4.2,6,60,36,kaba,True,,38.0,28.0,18.0,964.0,1002.0,5.309,51.139,9.632,0.7782,True,,False,FLAS,935.0,2.5,9.5
2026-09-24 12:15:18,MLLB_000_y1.0.3,WHITE,v4_white_MLLB_000_y103_0924,4.2,4.2,6,60,40,kaba,True,,38.0,28.0,18.0,964.0,1002.0,8.569,82.652,9.645,0.7775,True,,False,FLAS,935.0,2.5,9.5
2026-09-24 12:15:34,MLLB_000_y1.0.3,WHITE,v4_white_MLLB_000_y103_0924,4.2,4.2,6,60,29,ince,True,,66.0,50.0,38.0,936.0,1002.0,1.1,10.6,9.639,0.7777,True,,True,,935.0,2.5,9.5
2026-09-24 12:15:50,MLLB_000_y1.0.3,WHITE,v4_white_MLLB_000_y103_0924,4.2,4.2,6,60,30,ince,True,,52.0,46.0,24.0,950.0,1002.0,1.091,10.508,9.633,0.7784,True,,True,,935.0,2.5,9.5
2026-09-24 12:16:06,MLLB_000_y1.0.3,WHITE,v4_white_MLLB_000_y103_0924,4.2,4.2,6,60,31,ince,True,,38.0,38.0,18.0,964.0,1002.0,1.094,10.58,9.673,0.7778,True,,True,,935.0,2.5,9.5
2026-09-24 12:16:22,MLLB_000_y1.0.3,WHITE,v4_white_MLLB_000_y103_0924,4.2,4.2,6,60,33,ince,True,,38.0,28.0,18.0,964.0,1002.0,2.158,20.807,9.642,0.778,True,,True,,935.0,2.5,9.5
2026-09-24 12:16:38,MLLB_000_y1.0.3,WHITE,v4_white_MLLB_000_y103_0924,4.2,4.2,6,60,34,ince,True,,38.0,28.0,18.0,964.0,1002.0,3.235,31.22,9.65,0.7776,True,,False,FLAS,935.0,2.5,9.5
2026-09-24 12:16:54,MLLB_000_y1.0.3,WHITE,v4_white_MLLB_000_y103_0924,4.2,4.2,6,60,35,ince,True,,38.0,28.0,18.0,964.0,1002.0,4.32,41.56,9.62,0.7776,True,,False,FLAS,935.0,2.5,9.5
2026-09-24 12:16:54,MLLB_000_y1.0.3,WHITE,v4_white_MLLB_000_y103_0924,4.2,4.2,6,60,,bitti,False,,,,,,,,,,,,,,,935.0,2.5,9.5
2026-09-24 12:17:28,MLLB_000_y1.0.3,WHITE,v4_white_MLLB_000_y103_0924,4.2,4.2,7,100,12,kaba,True,,162.0,40.0,138.0,840.0,1002.0,1.095,12.995,11.865,0.778,True,,False,ON,935.0,2.5,9.5
2026-09-24 12:17:44,MLLB_000_y1.0.3,WHITE,v4_white_MLLB_000_y103_0924,4.2,4.2,7,100,16,kaba,True,,92.0,44.0,68.0,910.0,1002.0,1.092,12.995,11.9,0.7787,True,,False,ON,935.0,2.5,9.5
2026-09-24 12:18:00,MLLB_000_y1.0.3,WHITE,v4_white_MLLB_000_y103_0924,4.2,4.2,7,100,20,kaba,True,,28.0,32.0,6.0,974.0,1002.0,1.084,12.929,11.928,0.7779,True,,True,,935.0,2.5,9.5
2026-09-24 12:18:16,MLLB_000_y1.0.3,WHITE,v4_white_MLLB_000_y103_0924,4.2,4.2,7,100,24,kaba,True,,28.0,32.0,6.0,974.0,1002.0,6.925,82.652,11.935,0.7778,True,,False,FLAS,935.0,2.5,9.5
2026-09-24 12:18:32,MLLB_000_y1.0.3,WHITE,v4_white_MLLB_000_y103_0924,4.2,4.2,7,100,17,ince,True,,76.0,40.0,50.0,926.0,1002.0,1.088,12.995,11.949,0.7778,True,,False,ON,935.0,2.5,9.5
2026-09-24 12:18:48,MLLB_000_y1.0.3,WHITE,v4_white_MLLB_000_y103_0924,4.2,4.2,7,100,18,ince,True,,58.0,42.0,32.0,944.0,1002.0,1.09,12.995,11.927,0.7778,True,,True,,935.0,2.5,9.5
2026-09-24 12:19:04,MLLB_000_y1.0.3,WHITE,v4_white_MLLB_000_y103_0924,4.2,4.2,7,100,19,ince,True,,38.0,40.0,14.0,964.0,1002.0,1.084,12.905,11.901,0.7773,True,,True,,935.0,2.5,9.5
2026-09-24 12:19:20,MLLB_000_y1.0.3,WHITE,v4_white_MLLB_000_y103_0924,4.2,4.2,7,100,21,ince,True,,28.0,32.0,6.0,974.0,1002.0,2.037,24.33,11.945,0.7779,True,,True,,935.0,2.5,9.5
2026-09-24 12:19:36,MLLB_000_y1.0.3,WHITE,v4_white_MLLB_000_y103_0924,4.2,4.2,7,100,22,ince,True,,26.0,32.0,6.0,976.0,1002.0,3.655,43.628,11.937,0.7775,True,,False,FLAS,935.0,2.5,9.5
2026-09-24 12:19:52,MLLB_000_y1.0.3,WHITE,v4_white_MLLB_000_y103_0924,4.2,4.2,7,100,23,ince,True,,28.0,32.0,6.0,974.0,1002.0,5.249,62.669,11.939,0.7778,True,,False,FLAS,935.0,2.5,9.5
2026-09-24 12:19:52,MLLB_000_y1.0.3,WHITE,v4_white_MLLB_000_y103_0924,4.2,4.2,7,100,,bitti,False,,,,,,,,,,,,,,,935.0,2.5,9.5
2026-09-24 12:20:08,MLLB_000_y1.0.3,WHITE,v4_white_MLLB_000_y103_0924,4.2,4.2,7,80,12,kaba,True,,196.0,38.0,172.0,806.0,1002.0,1.09,12.911,11.841,0.7781,True,,False,ON,935.0,2.5,9.5
2026-09-24 12:20:24,MLLB_000_y1.0.3,WHITE,v4_white_MLLB_000_y103_0924,4.2,4.2,7,80,16,kaba,True,,140.0,44.0,116.0,862.0,1002.0,1.093,12.995,11.888,0.7774,True,,False,ON,935.0,2.5,9.5
2026-09-24 12:20:40,MLLB_000_y1.0.3,WHITE,v4_white_MLLB_000_y103_0924,4.2,4.2,7,80,20,kaba,True,,84.0,40.0,58.0,918.0,1002.0,1.09,12.995,11.927,0.7777,True,,False,ON,935.0,2.5,9.5
2026-09-24 12:20:56,MLLB_000_y1.0.3,WHITE,v4_white_MLLB_000_y103_0924,4.2,4.2,7,80,24,kaba,True,,32.0,32.0,10.0,970.0,1002.0,1.089,12.995,11.935,0.778,True,,True,,935.0,2.5,9.5
2026-09-24 12:21:12,MLLB_000_y1.0.3,WHITE,v4_white_MLLB_000_y103_0924,4.2,4.2,7,80,28,kaba,True,,30.0,32.0,10.0,972.0,1002.0,6.061,72.312,11.93,0.778,True,,False,FLAS,935.0,2.5,9.5
2026-09-24 12:21:28,MLLB_000_y1.0.3,WHITE,v4_white_MLLB_000_y103_0924,4.2,4.2,7,80,21,ince,True,,70.0,42.0,46.0,932.0,1002.0,1.09,12.995,11.922,0.7782,True,,False,ON,935.0,2.5,9.5
2026-09-24 12:21:40,MLLB_000_y1.0.3,WHITE,v4_white_MLLB_000_y103_0924,4.2,4.2,7,80,22,ince,True,,56.0,40.0,30.0,946.0,1002.0,1.086,12.949,11.919,0.7777,True,,True,,935.0,2.5,9.5
2026-09-24 12:21:56,MLLB_000_y1.0.3,WHITE,v4_white_MLLB_000_y103_0924,4.2,4.2,7,80,23,ince,True,,40.0,46.0,14.0,962.0,1002.0,1.089,12.995,11.937,0.7774,True,,True,,935.0,2.5,9.5
2026-09-24 12:22:08,MLLB_000_y1.0.3,WHITE,v4_white_MLLB_000_y103_0924,4.2,4.2,7,80,25,ince,True,,30.0,32.0,10.0,972.0,1002.0,1.664,19.811,11.909,0.7778,True,,True,,935.0,2.5,9.5
2026-09-24 12:22:24,MLLB_000_y1.0.3,WHITE,v4_white_MLLB_000_y103_0924,4.2,4.2,7,80,26,ince,True,,32.0,32.0,10.0,970.0,1002.0,2.904,34.634,11.925,0.7777,True,,False,FLAS,935.0,2.5,9.5
2026-09-24 12:22:40,MLLB_000_y1.0.3,WHITE,v4_white_MLLB_000_y103_0924,4.2,4.2,7,80,27,ince,True,,30.0,32.0,10.0,972.0,1002.0,4.206,50.015,11.891,0.7776,True,,False,FLAS,935.0,2.5,9.5
2026-09-24 12:22:40,MLLB_000_y1.0.3,WHITE,v4_white_MLLB_000_y103_0924,4.2,4.2,7,80,,bitti,False,,,,,,,,,,,,,,,935.0,2.5,9.5
2026-09-24 12:22:56,MLLB_000_y1.0.3,WHITE,v4_white_MLLB_000_y103_0924,4.2,4.2,7,60,12,kaba,True,,232.0,46.0,206.0,770.0,1002.0,1.097,12.995,11.851,0.7777,True,,False,ON,935.0,2.5,9.5
2026-09-24 12:23:12,MLLB_000_y1.0.3,WHITE,v4_white_MLLB_000_y103_0924,4.2,4.2,7,60,16,kaba,True,,194.0,40.0,170.0,808.0,1002.0,1.09,12.903,11.84,0.7775,True,,False,ON,935.0,2.5,9.5
2026-09-24 12:23:28,MLLB_000_y1.0.3,WHITE,v4_white_MLLB_000_y103_0924,4.2,4.2,7,60,20,kaba,True,,152.0,44.0,128.0,850.0,1002.0,1.094,12.995,11.874,0.7774,True,,False,ON,935.0,2.5,9.5
2026-09-24 12:23:44,MLLB_000_y1.0.3,WHITE,v4_white_MLLB_000_y103_0924,4.2,4.2,7,60,24,kaba,True,,112.0,40.0,86.0,890.0,1002.0,1.092,12.995,11.902,0.777,True,,False,ON,935.0,2.5,9.5
2026-09-24 12:24:00,MLLB_000_y1.0.3,WHITE,v4_white_MLLB_000_y103_0924,4.2,4.2,7,60,28,kaba,True,,70.0,40.0,46.0,932.0,1002.0,1.091,12.995,11.912,0.7782,True,,False,ON,935.0,2.5,9.5
2026-09-24 12:24:16,MLLB_000_y1.0.3,WHITE,v4_white_MLLB_000_y103_0924,4.2,4.2,7,60,32,kaba,True,,38.0,28.0,18.0,964.0,1002.0,1.084,12.903,11.907,0.7778,True,,True,,935.0,2.5,9.5
2026-09-24 12:24:32,MLLB_000_y1.0.3,WHITE,v4_white_MLLB_000_y103_0924,4.2,4.2,7,60,36,kaba,True,,38.0,28.0,18.0,964.0,1002.0,4.417,52.694,11.929,0.7772,True,,False,FLAS,935.0,2.5,9.5
2026-09-24 12:24:48,MLLB_000_y1.0.3,WHITE,v4_white_MLLB_000_y103_0924,4.2,4.2,7,60,40,kaba,True,,38.0,28.0,18.0,964.0,1002.0,7.062,84.152,11.916,0.7771,True,,False,FLAS,935.0,2.5,9.5
2026-09-24 12:25:04,MLLB_000_y1.0.3,WHITE,v4_white_MLLB_000_y103_0924,4.2,4.2,7,60,29,ince,True,,60.0,40.0,34.0,942.0,1002.0,1.09,12.995,11.925,0.7773,True,,True,,935.0,2.5,9.5
2026-09-24 12:25:20,MLLB_000_y1.0.3,WHITE,v4_white_MLLB_000_y103_0924,4.2,4.2,7,60,30,ince,True,,48.0,46.0,22.0,954.0,1002.0,1.084,12.911,11.905,0.7773,True,,True,,935.0,2.5,9.5
2026-09-24 12:25:36,MLLB_000_y1.0.3,WHITE,v4_white_MLLB_000_y103_0924,4.2,4.2,7,60,31,ince,True,,38.0,32.0,18.0,964.0,1002.0,1.089,12.955,11.894,0.7776,True,,True,,935.0,2.5,9.5
2026-09-24 12:25:52,MLLB_000_y1.0.3,WHITE,v4_white_MLLB_000_y103_0924,4.2,4.2,7,60,33,ince,True,,38.0,28.0,18.0,964.0,1002.0,1.823,21.716,11.911,0.7773,True,,True,,935.0,2.5,9.5
2026-09-24 12:26:04,MLLB_000_y1.0.3,WHITE,v4_white_MLLB_000_y103_0924,4.2,4.2,7,60,34,ince,True,,38.0,28.0,18.0,964.0,1002.0,2.663,31.682,11.899,0.7777,True,,False,FLAS,935.0,2.5,9.5
2026-09-24 12:26:17,MLLB_000_y1.0.3,WHITE,v4_white_MLLB_000_y103_0924,4.2,4.2,7,60,35,ince,True,,38.0,28.0,18.0,964.0,1002.0,3.546,42.247,11.915,0.7774,True,,False,FLAS,935.0,2.5,9.5
2026-09-24 12:26:17,MLLB_000_y1.0.3,WHITE,v4_white_MLLB_000_y103_0924,4.2,4.2,7,60,,bitti,False,,,,,,,,,,,,,,,935.0,2.5,9.5
2026-09-24 12:26:56,MLLB_000_y1.0.3,WHITE,v4_white_MLLB_000_y103_0924,4.2,4.2,8,100,12,kaba,True,,138.0,42.0,114.0,864.0,1002.0,1.086,15.435,14.219,0.7776,True,,False,ON,935.0,2.5,9.5
2026-09-24 12:27:12,MLLB_000_y1.0.3,WHITE,v4_white_MLLB_000_y103_0924,4.2,4.2,8,100,16,kaba,True,,80.0,36.0,58.0,922.0,1002.0,1.081,15.421,14.267,0.7773,True,,False,ON,935.0,2.5,9.5
2026-09-24 12:27:28,MLLB_000_y1.0.3,WHITE,v4_white_MLLB_000_y103_0924,4.2,4.2,8,100,20,kaba,True,,28.0,32.0,6.0,974.0,1002.0,1.081,15.43,14.267,0.7776,True,,True,,935.0,2.5,9.5
2026-09-24 12:27:44,MLLB_000_y1.0.3,WHITE,v4_white_MLLB_000_y103_0924,4.2,4.2,8,100,24,kaba,True,,26.0,32.0,6.0,976.0,1002.0,5.738,81.952,14.282,0.7769,True,,False,FLAS,935.0,2.5,9.5
2026-09-24 12:28:00,MLLB_000_y1.0.3,WHITE,v4_white_MLLB_000_y103_0924,4.2,4.2,8,100,28,kaba,True,,28.0,32.0,6.0,974.0,1002.0,9.691,138.431,14.285,0.7779,True,,False,FLAS,935.0,2.5,9.5
2026-09-24 12:28:16,MLLB_000_y1.0.3,WHITE,v4_white_MLLB_000_y103_0924,4.2,4.2,8,100,17,ince,True,,66.0,40.0,42.0,936.0,1002.0,1.082,15.421,14.249,0.7773,True,,True,,935.0,2.5,9.5
2026-09-24 12:28:32,MLLB_000_y1.0.3,WHITE,v4_white_MLLB_000_y103_0924,4.2,4.2,8,100,18,ince,True,,52.0,38.0,28.0,950.0,1002.0,1.081,15.421,14.272,0.7767,True,,True,,935.0,2.5,9.5
2026-09-24 12:28:48,MLLB_000_y1.0.3,WHITE,v4_white_MLLB_000_y103_0924,4.2,4.2,8,100,19,ince,True,,36.0,38.0,12.0,966.0,1002.0,1.081,15.421,14.263,0.7772,True,,True,,935.0,2.5,9.5
2026-09-24 12:29:04,MLLB_000_y1.0.3,WHITE,v4_white_MLLB_000_y103_0924,4.2,4.2,8,100,21,ince,True,,26.0,32.0,6.0,976.0,1002.0,1.702,24.265,14.256,0.7776,True,,True,,935.0,2.5,9.5
2026-09-24 12:29:20,MLLB_000_y1.0.3,WHITE,v4_white_MLLB_000_y103_0924,4.2,4.2,8,100,22,ince,True,,28.0,32.0,6.0,974.0,1002.0,3.058,43.61,14.261,0.7771,True,,False,FLAS,935.0,2.5,9.5
2026-09-24 12:29:36,MLLB_000_y1.0.3,WHITE,v4_white_MLLB_000_y103_0924,4.2,4.2,8,100,23,ince,True,,26.0,32.0,6.0,976.0,1002.0,4.366,62.269,14.261,0.7774,True,,False,FLAS,935.0,2.5,9.5
2026-09-24 12:29:36,MLLB_000_y1.0.3,WHITE,v4_white_MLLB_000_y103_0924,4.2,4.2,8,100,,bitti,False,,,,,,,,,,,,,,,935.0,2.5,9.5
2026-09-24 12:29:52,MLLB_000_y1.0.3,WHITE,v4_white_MLLB_000_y103_0924,4.2,4.2,8,80,12,kaba,True,,166.0,40.0,142.0,836.0,1002.0,1.084,15.374,14.182,0.7781,True,,False,ON,935.0,2.5,9.5
2026-09-24 12:30:08,MLLB_000_y1.0.3,WHITE,v4_white_MLLB_000_y103_0924,4.2,4.2,8,80,16,kaba,True,,120.0,36.0,98.0,882.0,1002.0,1.085,15.421,14.217,0.7776,True,,False,ON,935.0,2.5,9.5
2026-09-24 12:30:24,MLLB_000_y1.0.3,WHITE,v4_white_MLLB_000_y103_0924,4.2,4.2,8,80,20,kaba,True,,74.0,40.0,50.0,928.0,1002.0,1.081,15.421,14.267,0.7767,True,,False,ON,935.0,2.5,9.5
2026-09-24 12:30:40,MLLB_000_y1.0.3,WHITE,v4_white_MLLB_000_y103_0924,4.2,4.2,8,80,24,kaba,True,,30.0,32.0,10.0,972.0,1002.0,1.08,15.421,14.279,0.777,True,,True,,935.0,2.5,9.5
2026-09-24 12:30:56,MLLB_000_y1.0.3,WHITE,v4_white_MLLB_000_y103_0924,4.2,4.2,8,80,28,kaba,True,,30.0,32.0,10.0,972.0,1002.0,5.055,72.158,14.274,0.7774,True,,False,FLAS,935.0,2.5,9.5
2026-09-24 12:31:12,MLLB_000_y1.0.3,WHITE,v4_white_MLLB_000_y103_0924,4.2,4.2,8,80,32,kaba,True,,32.0,32.0,10.0,970.0,1002.0,7.375,105.201,14.264,0.7777,True,,False,FLAS,935.0,2.5,9.5
2026-09-24 12:31:28,MLLB_000_y1.0.3,WHITE,v4_white_MLLB_000_y103_0924,4.2,4.2,8,80,21,ince,True,,62.0,38.0,40.0,940.0,1002.0,1.082,15.429,14.266,0.7775,True,,True,,935.0,2.5,9.5
2026-09-24 12:31:44,MLLB_000_y1.0.3,WHITE,v4_white_MLLB_000_y103_0924,4.2,4.2,8,80,22,ince,True,,50.0,40.0,26.0,952.0,1002.0,1.081,15.43,14.272,0.777,True,,True,,935.0,2.5,9.5
2026-09-24 12:32:00,MLLB_000_y1.0.3,WHITE,v4_white_MLLB_000_y103_0924,4.2,4.2,8,80,23,ince,True,,38.0,42.0,14.0,964.0,1002.0,1.081,15.437,14.282,0.777,True,,True,,935.0,2.5,9.5
2026-09-24 12:32:16,MLLB_000_y1.0.3,WHITE,v4_white_MLLB_000_y103_0924,4.2,4.2,8,80,25,ince,True,,30.0,32.0,10.0,972.0,1002.0,1.39,19.836,14.266,0.7774,True,,True,,935.0,2.5,9.5
2026-09-24 12:32:32,MLLB_000_y1.0.3,WHITE,v4_white_MLLB_000_y103_0924,4.2,4.2,8,80,26,ince,True,,30.0,32.0,10.0,972.0,1002.0,2.415,34.48,14.277,0.7778,True,,True,,935.0,2.5,9.5
2026-09-24 12:32:48,MLLB_000_y1.0.3,WHITE,v4_white_MLLB_000_y103_0924,4.2,4.2,8,80,27,ince,True,,32.0,32.0,10.0,970.0,1002.0,3.519,50.209,14.266,0.7776,True,,False,FLAS,935.0,2.5,9.5
2026-09-24 12:32:48,MLLB_000_y1.0.3,WHITE,v4_white_MLLB_000_y103_0924,4.2,4.2,8,80,,bitti,False,,,,,,,,,,,,,,,935.0,2.5,9.5
2026-09-24 12:33:04,MLLB_000_y1.0.3,WHITE,v4_white_MLLB_000_y103_0924,4.2,4.2,8,60,12,kaba,True,,198.0,36.0,174.0,804.0,1002.0,1.087,15.421,14.186,0.7775,True,,False,ON,935.0,2.5,9.5
2026-09-24 12:33:20,MLLB_000_y1.0.3,WHITE,v4_white_MLLB_000_y103_0924,4.2,4.2,8,60,16,kaba,True,,166.0,36.0,142.0,836.0,1002.0,1.086,15.421,14.194,0.7776,True,,False,ON,935.0,2.5,9.5
2026-09-24 12:33:36,MLLB_000_y1.0.3,WHITE,v4_white_MLLB_000_y103_0924,4.2,4.2,8,60,20,kaba,True,,132.0,38.0,108.0,870.0,1002.0,1.084,15.421,14.231,0.7772,True,,False,ON,935.0,2.5,9.5
2026-09-24 12:33:52,MLLB_000_y1.0.3,WHITE,v4_white_MLLB_000_y103_0924,4.2,4.2,8,60,24,kaba,True,,98.0,42.0,74.0,904.0,1002.0,1.082,15.421,14.259,0.7773,True,,False,ON,935.0,2.5,9.5
2026-09-24 12:34:04,MLLB_000_y1.0.3,WHITE,v4_white_MLLB_000_y103_0924,4.2,4.2,8,60,28,kaba,True,,64.0,36.0,42.0,938.0,1002.0,1.081,15.421,14.265,0.7773,True,,True,,935.0,2.5,9.5
2026-09-24 12:34:20,MLLB_000_y1.0.3,WHITE,v4_white_MLLB_000_y103_0924,4.2,4.2,8,60,32,kaba,True,,38.0,28.0,18.0,964.0,1002.0,1.081,15.421,14.263,0.7768,True,,True,,935.0,2.5,9.5
2026-09-24 12:34:36,MLLB_000_y1.0.3,WHITE,v4_white_MLLB_000_y103_0924,4.2,4.2,8,60,36,kaba,True,,38.0,28.0,18.0,964.0,1002.0,3.678,52.475,14.266,0.7772,True,,False,FLAS,935.0,2.5,9.5
2026-09-24 12:34:52,MLLB_000_y1.0.3,WHITE,v4_white_MLLB_000_y103_0924,4.2,4.2,8,60,40,kaba,True,,38.0,28.0,18.0,964.0,1002.0,5.899,84.152,14.265,0.7777,True,,False,FLAS,935.0,2.5,9.5
2026-09-24 12:35:08,MLLB_000_y1.0.3,WHITE,v4_white_MLLB_000_y103_0924,4.2,4.2,8,60,25,ince,True,,90.0,36.0,66.0,912.0,1002.0,1.081,15.421,14.262,0.7776,True,,False,ON,935.0,2.5,9.5
2026-09-24 12:35:24,MLLB_000_y1.0.3,WHITE,v4_white_MLLB_000_y103_0924,4.2,4.2,8,60,26,ince,True,,82.0,36.0,58.0,920.0,1002.0,1.082,15.442,14.274,0.7782,True,,False,ON,935.0,2.5,9.5
2026-09-24 12:35:40,MLLB_000_y1.0.3,WHITE,v4_white_MLLB_000_y103_0924,4.2,4.2,8,60,27,ince,True,,72.0,36.0,50.0,930.0,1002.0,1.08,15.421,14.281,0.778,True,,False,ON,935.0,2.5,9.5
2026-09-24 12:35:40,MLLB_000_y1.0.3,WHITE,v4_white_MLLB_000_y103_0924,4.2,4.2,8,60,29,ince,False,iki-OK-arasi-monotonluk,,,,,,,,,,,,True,,935.0,2.5,9.5
2026-09-24 12:35:40,MLLB_000_y1.0.3,WHITE,v4_white_MLLB_000_y103_0924,4.2,4.2,8,60,30,ince,False,iki-OK-arasi-monotonluk,,,,,,,,,,,,True,,935.0,2.5,9.5
2026-09-24 12:35:40,MLLB_000_y1.0.3,WHITE,v4_white_MLLB_000_y103_0924,4.2,4.2,8,60,31,ince,False,iki-OK-arasi-monotonluk,,,,,,,,,,,,True,,935.0,2.5,9.5
2026-09-24 12:35:52,MLLB_000_y1.0.3,WHITE,v4_white_MLLB_000_y103_0924,4.2,4.2,8,60,33,ince,True,,38.0,28.0,18.0,964.0,1002.0,1.51,21.522,14.253,0.7773,True,,True,,935.0,2.5,9.5
2026-09-24 12:36:08,MLLB_000_y1.0.3,WHITE,v4_white_MLLB_000_y103_0924,4.2,4.2,8,60,34,ince,True,,38.0,28.0,18.0,964.0,1002.0,2.245,32.006,14.255,0.7773,True,,True,,935.0,2.5,9.5
2026-09-24 12:36:24,MLLB_000_y1.0.3,WHITE,v4_white_MLLB_000_y103_0924,4.2,4.2,8,60,35,ince,True,,38.0,28.0,18.0,964.0,1002.0,2.971,42.324,14.246,0.7777,True,,False,FLAS,935.0,2.5,9.5
2026-09-24 12:36:24,MLLB_000_y1.0.3,WHITE,v4_white_MLLB_000_y103_0924,4.2,4.2,8,60,,bitti,False,,,,,,,,,,,,,,,935.0,2.5,9.5
2026-09-24 12:37:02,MLLB_000_y1.0.3,WHITE,v4_white_MLLB_000_y103_0924,4.2,4.2,10,100,12,kaba,True,,108.0,34.0,88.0,894.0,1002.0,1.077,20.364,18.913,0.7768,True,,False,ON,935.0,2.5,9.5
2026-09-24 12:37:18,MLLB_000_y1.0.3,WHITE,v4_white_MLLB_000_y103_0924,4.2,4.2,10,100,16,kaba,True,,66.0,32.0,46.0,936.0,1002.0,1.075,20.364,18.939,0.7769,True,,True,,935.0,2.5,9.5
2026-09-24 12:37:34,MLLB_000_y1.0.3,WHITE,v4_white_MLLB_000_y103_0924,4.2,4.2,10,100,20,kaba,True,,28.0,32.0,6.0,974.0,1002.0,1.074,20.364,18.959,0.7771,True,,True,,935.0,2.5,9.5
2026-09-24 12:37:50,MLLB_000_y1.0.3,WHITE,v4_white_MLLB_000_y103_0924,4.2,4.2,10,100,24,kaba,True,,28.0,32.0,6.0,974.0,1002.0,4.285,81.166,18.941,0.7775,True,,False,FLAS,935.0,2.5,9.5
2026-09-24 12:38:06,MLLB_000_y1.0.3,WHITE,v4_white_MLLB_000_y103_0924,4.2,4.2,10,100,28,kaba,True,,28.0,30.0,8.0,974.0,1002.0,7.315,138.568,18.942,0.7777,True,,False,FLAS,935.0,2.5,9.5
2026-09-24 12:38:22,MLLB_000_y1.0.3,WHITE,v4_white_MLLB_000_y103_0924,4.2,4.2,10,100,13,ince,True,,98.0,32.0,78.0,904.0,1002.0,1.076,20.364,18.918,0.7768,True,,False,ON,935.0,2.5,9.5
2026-09-24 12:38:38,MLLB_000_y1.0.3,WHITE,v4_white_MLLB_000_y103_0924,4.2,4.2,10,100,14,ince,True,,88.0,36.0,66.0,914.0,1002.0,1.075,20.364,18.944,0.777,True,,False,ON,935.0,2.5,9.5
2026-09-24 12:38:54,MLLB_000_y1.0.3,WHITE,v4_white_MLLB_000_y103_0924,4.2,4.2,10,100,15,ince,True,,78.0,34.0,56.0,924.0,1002.0,1.076,20.374,18.937,0.7775,True,,False,ON,935.0,2.5,9.5
2026-09-24 12:38:54,MLLB_000_y1.0.3,WHITE,v4_white_MLLB_000_y103_0924,4.2,4.2,10,100,17,ince,False,iki-OK-arasi-monotonluk,,,,,,,,,,,,True,,935.0,2.5,9.5
2026-09-24 12:38:54,MLLB_000_y1.0.3,WHITE,v4_white_MLLB_000_y103_0924,4.2,4.2,10,100,18,ince,False,iki-OK-arasi-monotonluk,,,,,,,,,,,,True,,935.0,2.5,9.5
2026-09-24 12:38:54,MLLB_000_y1.0.3,WHITE,v4_white_MLLB_000_y103_0924,4.2,4.2,10,100,19,ince,False,iki-OK-arasi-monotonluk,,,,,,,,,,,,True,,935.0,2.5,9.5
2026-09-24 12:39:10,MLLB_000_y1.0.3,WHITE,v4_white_MLLB_000_y103_0924,4.2,4.2,10,100,21,ince,True,,26.0,32.0,6.0,976.0,1002.0,1.279,24.264,18.969,0.7777,True,,True,,935.0,2.5,9.5
2026-09-24 12:39:26,MLLB_000_y1.0.3,WHITE,v4_white_MLLB_000_y103_0924,4.2,4.2,10,100,22,ince,True,,28.0,32.0,6.0,974.0,1002.0,2.342,44.482,18.99,0.7782,True,,True,,935.0,2.5,9.5
2026-09-24 12:39:42,MLLB_000_y1.0.3,WHITE,v4_white_MLLB_000_y103_0924,4.2,4.2,10,100,23,ince,True,,26.0,32.0,6.0,976.0,1002.0,3.85,72.99,18.956,0.7777,True,,False,FLAS,935.0,2.5,9.5
2026-09-24 12:39:43,MLLB_000_y1.0.3,WHITE,v4_white_MLLB_000_y103_0924,4.2,4.2,10,100,,bitti,False,,,,,,,,,,,,,,,935.0,2.5,9.5
2026-09-24 12:39:55,MLLB_000_y1.0.3,WHITE,v4_white_MLLB_000_y103_0924,4.2,4.2,10,80,12,kaba,True,,130.0,32.0,110.0,872.0,1002.0,1.078,20.364,18.89,0.7771,True,,False,ON,935.0,2.5,9.5
2026-09-24 12:40:10,MLLB_000_y1.0.3,WHITE,v4_white_MLLB_000_y103_0924,4.2,4.2,10,80,16,kaba,True,,96.0,36.0,74.0,906.0,1002.0,1.076,20.364,18.92,0.7772,True,,False,ON,935.0,2.5,9.5
2026-09-24 12:40:26,MLLB_000_y1.0.3,WHITE,v4_white_MLLB_000_y103_0924,4.2,4.2,10,80,20,kaba,True,,62.0,32.0,42.0,940.0,1002.0,1.076,20.401,18.953,0.7769,True,,True,,935.0,2.5,9.5
2026-09-24 12:40:42,MLLB_000_y1.0.3,WHITE,v4_white_MLLB_000_y103_0924,4.2,4.2,10,80,24,kaba,True,,32.0,32.0,10.0,970.0,1002.0,1.075,20.364,18.942,0.7774,True,,True,,935.0,2.5,9.5
2026-09-24 12:40:58,MLLB_000_y1.0.3,WHITE,v4_white_MLLB_000_y103_0924,4.2,4.2,10,80,28,kaba,True,,30.0,32.0,10.0,972.0,1002.0,3.888,73.656,18.943,0.7783,True,,False,FLAS,935.0,2.5,9.5
2026-09-24 12:41:14,MLLB_000_y1.0.3,WHITE,v4_white_MLLB_000_y103_0924,4.2,4.2,10,80,32,kaba,True,,30.0,32.0,10.0,972.0,1002.0,5.554,105.277,18.956,0.777,True,,False,FLAS,935.0,2.5,9.5
2026-09-24 12:41:30,MLLB_000_y1.0.3,WHITE,v4_white_MLLB_000_y103_0924,4.2,4.2,10,80,17,ince,True,,88.0,36.0,66.0,914.0,1002.0,1.076,20.364,18.922,0.7776,True,,False,ON,935.0,2.5,9.5
2026-09-24 12:41:46,MLLB_000_y1.0.3,WHITE,v4_white_MLLB_000_y103_0924,4.2,4.2,10,80,18,ince,True,,80.0,36.0,58.0,922.0,1002.0,1.076,20.372,18.926,0.7776,True,,False,ON,935.0,2.5,9.5
2026-09-24 12:42:02,MLLB_000_y1.0.3,WHITE,v4_white_MLLB_000_y103_0924,4.2,4.2,10,80,19,ince,True,,70.0,32.0,50.0,932.0,1002.0,1.075,20.364,18.951,0.7772,True,,False,ON,935.0,2.5,9.5
2026-09-24 12:42:02,MLLB_000_y1.0.3,WHITE,v4_white_MLLB_000_y103_0924,4.2,4.2,10,80,21,ince,False,iki-OK-arasi-monotonluk,,,,,,,,,,,,True,,935.0,2.5,9.5
2026-09-24 12:42:02,MLLB_000_y1.0.3,WHITE,v4_white_MLLB_000_y103_0924,4.2,4.2,10,80,22,ince,False,iki-OK-arasi-monotonluk,,,,,,,,,,,,True,,935.0,2.5,9.5
2026-09-24 12:42:02,MLLB_000_y1.0.3,WHITE,v4_white_MLLB_000_y103_0924,4.2,4.2,10,80,23,ince,False,iki-OK-arasi-monotonluk,,,,,,,,,,,,True,,935.0,2.5,9.5
2026-09-24 12:42:18,MLLB_000_y1.0.3,WHITE,v4_white_MLLB_000_y103_0924,4.2,4.2,10,80,25,ince,True,,30.0,32.0,10.0,972.0,1002.0,1.075,20.364,18.94,0.7777,True,,True,,935.0,2.5,9.5
2026-09-24 12:42:34,MLLB_000_y1.0.3,WHITE,v4_white_MLLB_000_y103_0924,4.2,4.2,10,80,26,ince,True,,30.0,32.0,10.0,972.0,1002.0,1.834,34.715,18.933,0.7779,True,,True,,935.0,2.5,9.5
2026-09-24 12:42:50,MLLB_000_y1.0.3,WHITE,v4_white_MLLB_000_y103_0924,4.2,4.2,10,80,27,ince,True,,30.0,32.0,10.0,972.0,1002.0,2.667,50.537,18.949,0.7773,True,,False,FLAS,935.0,2.5,9.5
2026-09-24 12:42:50,MLLB_000_y1.0.3,WHITE,v4_white_MLLB_000_y103_0924,4.2,4.2,10,80,,bitti,False,,,,,,,,,,,,,,,935.0,2.5,9.5
2026-09-24 13:13:39,MLLB_000_y1.0.3,WHITE,v4_white_MLLB_000_y103_0924,4.2,4.2,10,60,12,kaba,True,,154.0,34.0,132.0,848.0,1002.0,1.079,20.364,18.865,0.778,True,,False,ON,935.0,2.5,9.5
2026-09-24 13:13:55,MLLB_000_y1.0.3,WHITE,v4_white_MLLB_000_y103_0924,4.2,4.2,10,60,16,kaba,True,,130.0,32.0,110.0,872.0,1002.0,1.072,20.268,18.909,0.7771,True,,False,ON,935.0,2.5,9.5
2026-09-24 13:14:11,MLLB_000_y1.0.3,WHITE,v4_white_MLLB_000_y103_0924,4.2,4.2,10,60,20,kaba,True,,106.0,34.0,84.0,896.0,1002.0,1.073,20.268,18.895,0.7779,True,,False,ON,935.0,2.5,9.5
2026-09-24 13:14:27,MLLB_000_y1.0.3,WHITE,v4_white_MLLB_000_y103_0924,4.2,4.2,10,60,24,kaba,True,,80.0,36.0,58.0,922.0,1002.0,1.07,20.268,18.934,0.7781,True,,False,ON,935.0,2.5,9.5
2026-09-24 13:14:43,MLLB_000_y1.0.3,WHITE,v4_white_MLLB_000_y103_0924,4.2,4.2,10,60,28,kaba,True,,56.0,38.0,34.0,946.0,1002.0,1.07,20.268,18.948,0.7782,True,,True,,935.0,2.5,9.5
2026-09-24 13:14:59,MLLB_000_y1.0.3,WHITE,v4_white_MLLB_000_y103_0924,4.2,4.2,10,60,32,kaba,True,,38.0,28.0,18.0,964.0,1002.0,1.07,20.277,18.946,0.7774,True,,True,,935.0,2.5,9.5
2026-09-24 13:15:15,MLLB_000_y1.0.3,WHITE,v4_white_MLLB_000_y103_0924,4.2,4.2,10,60,36,kaba,True,,38.0,28.0,18.0,964.0,1002.0,2.381,45.019,18.908,0.7767,True,,True,,935.0,2.5,9.5
2026-09-24 13:15:31,MLLB_000_y1.0.3,WHITE,v4_white_MLLB_000_y103_0924,4.2,4.2,10,60,40,kaba,True,,38.0,28.0,18.0,964.0,1002.0,3.931,74.405,18.926,0.7774,True,,False,FLAS,935.0,2.5,9.5
2026-09-24 13:15:47,MLLB_000_y1.0.3,WHITE,v4_white_MLLB_000_y103_0924,4.2,4.2,10,60,44,kaba,True,,38.0,28.0,18.0,964.0,1002.0,4.641,87.916,18.942,0.778,True,,False,FLAS,935.0,2.5,9.5
2026-09-24 13:16:03,MLLB_000_y1.0.3,WHITE,v4_white_MLLB_000_y103_0924,4.2,4.2,10,60,25,ince,True,,74.0,32.0,54.0,928.0,1002.0,1.076,20.364,18.93,0.7772,True,,False,ON,935.0,2.5,9.5
2026-09-24 13:16:19,MLLB_000_y1.0.3,WHITE,v4_white_MLLB_000_y103_0924,4.2,4.2,10,60,26,ince,True,,68.0,38.0,46.0,934.0,1002.0,1.073,20.316,18.928,0.7778,True,,False,ON,935.0,2.5,9.5
2026-09-24 13:16:35,MLLB_000_y1.0.3,WHITE,v4_white_MLLB_000_y103_0924,4.2,4.2,10,60,27,ince,True,,62.0,32.0,42.0,940.0,1002.0,1.075,20.364,18.936,0.7774,True,,True,,935.0,2.5,9.5
2026-09-24 13:16:36,MLLB_000_y1.0.3,WHITE,v4_white_MLLB_000_y103_0924,4.2,4.2,10,60,29,ince,False,iki-OK-arasi-monotonluk,,,,,,,,,,,,True,,935.0,2.5,9.5
2026-09-24 13:16:36,MLLB_000_y1.0.3,WHITE,v4_white_MLLB_000_y103_0924,4.2,4.2,10,60,30,ince,False,iki-OK-arasi-monotonluk,,,,,,,,,,,,True,,935.0,2.5,9.5
2026-09-24 13:16:36,MLLB_000_y1.0.3,WHITE,v4_white_MLLB_000_y103_0924,4.2,4.2,10,60,31,ince,False,iki-OK-arasi-monotonluk,,,,,,,,,,,,True,,935.0,2.5,9.5
2026-09-24 13:16:36,MLLB_000_y1.0.3,WHITE,v4_white_MLLB_000_y103_0924,4.2,4.2,10,60,33,ince,False,iki-OK-arasi-monotonluk,,,,,,,,,,,,True,,935.0,2.5,9.5
2026-09-24 13:16:36,MLLB_000_y1.0.3,WHITE,v4_white_MLLB_000_y103_0924,4.2,4.2,10,60,34,ince,False,iki-OK-arasi-monotonluk,,,,,,,,,,,,True,,935.0,2.5,9.5
2026-09-24 13:16:36,MLLB_000_y1.0.3,WHITE,v4_white_MLLB_000_y103_0924,4.2,4.2,10,60,35,ince,False,iki-OK-arasi-monotonluk,,,,,,,,,,,,True,,935.0,2.5,9.5
2026-09-24 13:16:51,MLLB_000_y1.0.3,WHITE,v4_white_MLLB_000_y103_0924,4.2,4.2,10,60,37,ince,True,,38.0,28.0,18.0,964.0,1002.0,2.918,55.231,18.929,0.7774,True,,False,FLAS,935.0,2.5,9.5
2026-09-24 13:17:07,MLLB_000_y1.0.3,WHITE,v4_white_MLLB_000_y103_0924,4.2,4.2,10,60,38,ince,True,,38.0,28.0,18.0,964.0,1002.0,3.623,68.682,18.955,0.7772,True,,False,FLAS,935.0,2.5,9.5
2026-09-24 13:17:23,MLLB_000_y1.0.3,WHITE,v4_white_MLLB_000_y103_0924,4.2,4.2,10,60,39,ince,True,,38.0,28.0,18.0,964.0,1002.0,4.046,76.653,18.947,0.778,True,,False,FLAS,935.0,2.5,9.5
2026-09-24 13:17:24,MLLB_000_y1.0.3,WHITE,v4_white_MLLB_000_y103_0924,4.2,4.2,10,60,,bitti,False,,,,,,,,,,,,,,,935.0,2.5,9.5
2026-09-24 13:18:01,MLLB_000_y1.0.3,WHITE,v4_white_MLLB_000_y103_0924,4.2,4.2,15,100,12,kaba,True,,74.0,32.0,54.0,928.0,1002.0,1.069,33.333,31.186,0.7782,True,,False,ON,935.0,2.5,9.5
2026-09-24 13:18:17,MLLB_000_y1.0.3,WHITE,v4_white_MLLB_000_y103_0924,4.2,4.2,15,100,16,kaba,True,,48.0,28.0,30.0,954.0,1002.0,1.072,33.456,31.223,0.7781,True,,True,,935.0,2.5,9.5
2026-09-24 13:18:33,MLLB_000_y1.0.3,WHITE,v4_white_MLLB_000_y103_0924,4.2,4.2,15,100,20,kaba,True,,26.0,28.0,6.0,976.0,1002.0,1.066,33.303,31.231,0.778,True,,True,,935.0,2.5,9.5
2026-09-24 13:18:49,MLLB_000_y1.0.3,WHITE,v4_white_MLLB_000_y103_0924,4.2,4.2,15,100,24,kaba,True,,26.0,28.0,6.0,976.0,1002.0,2.769,86.441,31.217,0.7779,True,,False,FLAS,935.0,2.5,9.5
2026-09-24 13:19:05,MLLB_000_y1.0.3,WHITE,v4_white_MLLB_000_y103_0924,4.2,4.2,15,100,28,kaba,True,,26.0,28.0,6.0,976.0,1002.0,4.866,152.078,31.251,0.7778,True,,False,FLAS,935.0,2.5,9.5
2026-09-24 13:19:21,MLLB_000_y1.0.3,WHITE,v4_white_MLLB_000_y103_0924,4.2,4.2,15,100,13,ince,True,,68.0,30.0,48.0,934.0,1002.0,1.068,33.308,31.187,0.7779,True,,False,ON,935.0,2.5,9.5
2026-09-24 13:19:37,MLLB_000_y1.0.3,WHITE,v4_white_MLLB_000_y103_0924,4.2,4.2,15,100,14,ince,True,,62.0,28.0,42.0,940.0,1002.0,1.066,33.285,31.237,0.7777,True,,True,,935.0,2.5,9.5
2026-09-24 13:19:53,MLLB_000_y1.0.3,WHITE,v4_white_MLLB_000_y103_0924,4.2,4.2,15,100,15,ince,True,,56.0,30.0,36.0,946.0,1002.0,1.069,33.355,31.204,0.7786,True,,True,,935.0,2.5,9.5
2026-09-24 13:19:54,MLLB_000_y1.0.3,WHITE,v4_white_MLLB_000_y103_0924,4.2,4.2,15,100,17,ince,False,iki-OK-arasi-monotonluk,,,,,,,,,,,,True,,935.0,2.5,9.5
2026-09-24 13:19:54,MLLB_000_y1.0.3,WHITE,v4_white_MLLB_000_y103_0924,4.2,4.2,15,100,18,ince,False,iki-OK-arasi-monotonluk,,,,,,,,,,,,True,,935.0,2.5,9.5
2026-09-24 13:19:54,MLLB_000_y1.0.3,WHITE,v4_white_MLLB_000_y103_0924,4.2,4.2,15,100,19,ince,False,iki-OK-arasi-monotonluk,,,,,,,,,,,,True,,935.0,2.5,9.5
2026-09-24 13:20:09,MLLB_000_y1.0.3,WHITE,v4_white_MLLB_000_y103_0924,4.2,4.2,15,100,21,ince,True,,26.0,28.0,6.0,976.0,1002.0,1.068,33.354,31.232,0.7772,True,,True,,935.0,2.5,9.5
2026-09-24 13:20:25,MLLB_000_y1.0.3,WHITE,v4_white_MLLB_000_y103_0924,4.2,4.2,15,100,22,ince,True,,26.0,28.0,6.0,976.0,1002.0,1.567,48.955,31.237,0.7774,True,,True,,935.0,2.5,9.5
2026-09-24 13:20:41,MLLB_000_y1.0.3,WHITE,v4_white_MLLB_000_y103_0924,4.2,4.2,15,100,23,ince,True,,26.0,28.0,6.0,976.0,1002.0,2.503,78.152,31.223,0.7778,True,,False,FLAS,935.0,2.5,9.5
2026-09-24 13:20:42,MLLB_000_y1.0.3,WHITE,v4_white_MLLB_000_y103_0924,4.2,4.2,15,100,,bitti,False,,,,,,,,,,,,,,,935.0,2.5,9.5
2026-09-24 13:20:57,MLLB_000_y1.0.3,WHITE,v4_white_MLLB_000_y103_0924,4.2,4.2,15,80,12,kaba,True,,88.0,30.0,68.0,914.0,1002.0,1.07,33.354,31.161,0.7777,True,,False,ON,935.0,2.5,9.5
2026-09-24 13:21:13,MLLB_000_y1.0.3,WHITE,v4_white_MLLB_000_y103_0924,4.2,4.2,15,80,16,kaba,True,,68.0,30.0,48.0,934.0,1002.0,1.07,33.372,31.186,0.7767,True,,False,ON,935.0,2.5,9.5
2026-09-24 13:21:29,MLLB_000_y1.0.3,WHITE,v4_white_MLLB_000_y103_0924,4.2,4.2,15,80,20,kaba,True,,48.0,30.0,28.0,954.0,1002.0,1.069,33.382,31.239,0.7779,True,,True,,935.0,2.5,9.5
2026-09-24 13:21:42,MLLB_000_y1.0.3,WHITE,v4_white_MLLB_000_y103_0924,4.2,4.2,15,80,24,kaba,True,,30.0,28.0,10.0,972.0,1002.0,1.068,33.354,31.237,0.778,True,,True,,935.0,2.5,9.5
2026-09-24 13:21:57,MLLB_000_y1.0.3,WHITE,v4_white_MLLB_000_y103_0924,4.2,4.2,15,80,28,kaba,True,,30.0,28.0,10.0,972.0,1002.0,2.505,78.152,31.195,0.777,True,,False,FLAS,935.0,2.5,9.5
2026-09-24 13:22:13,MLLB_000_y1.0.3,WHITE,v4_white_MLLB_000_y103_0924,4.2,4.2,15,80,32,kaba,True,,30.0,28.0,10.0,972.0,1002.0,3.681,114.999,31.241,0.7778,True,,False,FLAS,935.0,2.5,9.5
2026-09-24 13:22:29,MLLB_000_y1.0.3,WHITE,v4_white_MLLB_000_y103_0924,4.2,4.2,15,80,17,ince,True,,64.0,32.0,42.0,938.0,1002.0,1.072,33.436,31.198,0.778,True,,True,,935.0,2.5,9.5
2026-09-24 13:22:45,MLLB_000_y1.0.3,WHITE,v4_white_MLLB_000_y103_0924,4.2,4.2,15,80,18,ince,True,,58.0,32.0,38.0,944.0,1002.0,1.065,33.252,31.208,0.7776,True,,True,,935.0,2.5,9.5
2026-09-24 13:23:01,MLLB_000_y1.0.3,WHITE,v4_white_MLLB_000_y103_0924,4.2,4.2,15,80,19,ince,True,,54.0,34.0,34.0,948.0,1002.0,1.061,33.091,31.191,0.7779,True,,True,,935.0,2.5,9.5
2026-09-24 13:23:02,MLLB_000_y1.0.3,WHITE,v4_white_MLLB_000_y103_0924,4.2,4.2,15,80,21,ince,False,iki-OK-arasi-monotonluk,,,,,,,,,,,,True,,935.0,2.5,9.5
2026-09-24 13:23:02,MLLB_000_y1.0.3,WHITE,v4_white_MLLB_000_y103_0924,4.2,4.2,15,80,22,ince,False,iki-OK-arasi-monotonluk,,,,,,,,,,,,True,,935.0,2.5,9.5
2026-09-24 13:23:02,MLLB_000_y1.0.3,WHITE,v4_white_MLLB_000_y103_0924,4.2,4.2,15,80,23,ince,False,iki-OK-arasi-monotonluk,,,,,,,,,,,,True,,935.0,2.5,9.5
2026-09-24 13:23:17,MLLB_000_y1.0.3,WHITE,v4_white_MLLB_000_y103_0924,4.2,4.2,15,80,25,ince,True,,30.0,32.0,10.0,972.0,1002.0,1.06,33.048,31.169,0.7775,True,,True,,935.0,2.5,9.5
2026-09-24 13:23:33,MLLB_000_y1.0.3,WHITE,v4_white_MLLB_000_y103_0924,4.2,4.2,15,80,26,ince,True,,30.0,32.0,10.0,972.0,1002.0,1.057,32.96,31.182,0.7781,True,,True,,935.0,2.5,9.5
2026-09-24 13:23:49,MLLB_000_y1.0.3,WHITE,v4_white_MLLB_000_y103_0924,4.2,4.2,15,80,27,ince,True,,30.0,32.0,10.0,972.0,1002.0,1.06,33.12,31.239,0.7776,True,,True,,935.0,2.5,9.5
2026-09-24 13:23:50,MLLB_000_y1.0.3,WHITE,v4_white_MLLB_000_y103_0924,4.2,4.2,15,80,,bitti,False,,,,,,,,,,,,,,,935.0,2.5,9.5
2026-09-24 13:24:05,MLLB_000_y1.0.3,WHITE,v4_white_MLLB_000_y103_0924,4.2,4.2,15,60,12,kaba,True,,102.0,32.0,82.0,900.0,1002.0,1.063,33.088,31.13,0.7769,True,,False,ON,935.0,2.5,9.5
2026-09-24 13:24:21,MLLB_000_y1.0.3,WHITE,v4_white_MLLB_000_y103_0924,4.2,4.2,15,60,16,kaba,True,,90.0,28.0,70.0,912.0,1002.0,1.061,33.048,31.142,0.7781,True,,False,ON,935.0,2.5,9.5
2026-09-24 13:24:34,MLLB_000_y1.0.3,WHITE,v4_white_MLLB_000_y103_0924,4.2,4.2,15,60,20,kaba,True,,76.0,30.0,56.0,926.0,1002.0,1.062,33.048,31.129,0.7776,True,,False,ON,935.0,2.5,9.5
2026-09-24 13:24:49,MLLB_000_y1.0.3,WHITE,v4_white_MLLB_000_y103_0924,4.2,4.2,15,60,24,kaba,True,,62.0,32.0,42.0,940.0,1002.0,1.06,33.048,31.17,0.7781,True,,True,,935.0,2.5,9.5
2026-09-24 13:25:05,MLLB_000_y1.0.3,WHITE,v4_white_MLLB_000_y103_0924,4.2,4.2,15,60,28,kaba,True,,48.0,30.0,28.0,954.0,1002.0,1.059,33.048,31.194,0.7782,True,,True,,935.0,2.5,9.5
2026-09-24 13:25:21,MLLB_000_y1.0.3,WHITE,v4_white_MLLB_000_y103_0924,4.2,4.2,15,60,32,kaba,True,,38.0,28.0,18.0,964.0,1002.0,1.057,32.946,31.172,0.7775,True,,True,,935.0,2.5,9.5
2026-09-24 13:25:37,MLLB_000_y1.0.3,WHITE,v4_white_MLLB_000_y103_0924,4.2,4.2,15,60,36,kaba,True,,38.0,28.0,18.0,964.0,1002.0,1.059,33.048,31.2,0.7779,True,,True,,935.0,2.5,9.5
2026-09-24 13:25:53,MLLB_000_y1.0.3,WHITE,v4_white_MLLB_000_y103_0924,4.2,4.2,15,60,40,kaba,True,,38.0,28.0,18.0,964.0,1002.0,1.765,55.044,31.192,0.778,True,,True,,935.0,2.5,9.5
2026-09-24 13:26:09,MLLB_000_y1.0.3,WHITE,v4_white_MLLB_000_y103_0924,4.2,4.2,15,60,44,kaba,True,,38.0,28.0,18.0,964.0,1002.0,2.314,82.516,35.66,0.7773,True,,True,,935.0,2.5,9.5
2026-09-24 13:26:25,MLLB_000_y1.0.3,WHITE,v4_white_MLLB_000_y103_0924,4.2,4.2,15,60,48,kaba,True,,38.0,28.0,18.0,964.0,1002.0,2.821,100.684,35.695,0.7776,True,,False,FLAS,935.0,2.5,9.5
2026-09-24 13:26:41,MLLB_000_y1.0.3,WHITE,v4_white_MLLB_000_y103_0924,4.2,4.2,15,60,52,kaba,True,,38.0,28.0,18.0,964.0,1002.0,3.257,116.508,35.776,0.7773,True,,False,FLAS,935.0,2.5,9.5
2026-09-24 13:26:57,MLLB_000_y1.0.3,WHITE,v4_white_MLLB_000_y103_0924,4.2,4.2,15,60,21,ince,True,,72.0,30.0,52.0,930.0,1002.0,1.067,33.252,31.171,0.7767,True,,False,ON,935.0,2.5,9.5
2026-09-24 13:27:13,MLLB_000_y1.0.3,WHITE,v4_white_MLLB_000_y103_0924,4.2,4.2,15,60,22,ince,True,,68.0,30.0,48.0,934.0,1002.0,1.064,33.15,31.161,0.7779,True,,False,ON,935.0,2.5,9.5
2026-09-24 13:27:29,MLLB_000_y1.0.3,WHITE,v4_white_MLLB_000_y103_0924,4.2,4.2,15,60,23,ince,True,,64.0,28.0,46.0,938.0,1002.0,1.066,33.252,31.188,0.7779,True,,True,,935.0,2.5,9.5
2026-09-24 13:27:29,MLLB_000_y1.0.3,WHITE,v4_white_MLLB_000_y103_0924,4.2,4.2,15,60,25,ince,False,iki-OK-arasi-monotonluk,,,,,,,,,,,,True,,935.0,2.5,9.5
2026-09-24 13:27:29,MLLB_000_y1.0.3,WHITE,v4_white_MLLB_000_y103_0924,4.2,4.2,15,60,26,ince,False,iki-OK-arasi-monotonluk,,,,,,,,,,,,True,,935.0,2.5,9.5
2026-09-24 13:27:29,MLLB_000_y1.0.3,WHITE,v4_white_MLLB_000_y103_0924,4.2,4.2,15,60,27,ince,False,iki-OK-arasi-monotonluk,,,,,,,,,,,,True,,935.0,2.5,9.5
2026-09-24 13:27:29,MLLB_000_y1.0.3,WHITE,v4_white_MLLB_000_y103_0924,4.2,4.2,15,60,29,ince,False,iki-OK-arasi-monotonluk,,,,,,,,,,,,True,,935.0,2.5,9.5
2026-09-24 13:27:29,MLLB_000_y1.0.3,WHITE,v4_white_MLLB_000_y103_0924,4.2,4.2,15,60,30,ince,False,iki-OK-arasi-monotonluk,,,,,,,,,,,,True,,935.0,2.5,9.5
2026-09-24 13:27:29,MLLB_000_y1.0.3,WHITE,v4_white_MLLB_000_y103_0924,4.2,4.2,15,60,31,ince,False,iki-OK-arasi-monotonluk,,,,,,,,,,,,True,,935.0,2.5,9.5
2026-09-24 13:27:29,MLLB_000_y1.0.3,WHITE,v4_white_MLLB_000_y103_0924,4.2,4.2,15,60,33,ince,False,iki-OK-arasi-monotonluk,,,,,,,,,,,,True,,935.0,2.5,9.5
2026-09-24 13:27:29,MLLB_000_y1.0.3,WHITE,v4_white_MLLB_000_y103_0924,4.2,4.2,15,60,34,ince,False,iki-OK-arasi-monotonluk,,,,,,,,,,,,True,,935.0,2.5,9.5
2026-09-24 13:27:29,MLLB_000_y1.0.3,WHITE,v4_white_MLLB_000_y103_0924,4.2,4.2,15,60,35,ince,False,iki-OK-arasi-monotonluk,,,,,,,,,,,,True,,935.0,2.5,9.5
2026-09-24 13:27:29,MLLB_000_y1.0.3,WHITE,v4_white_MLLB_000_y103_0924,4.2,4.2,15,60,37,ince,False,iki-OK-arasi-monotonluk,,,,,,,,,,,,True,,935.0,2.5,9.5
2026-09-24 13:27:29,MLLB_000_y1.0.3,WHITE,v4_white_MLLB_000_y103_0924,4.2,4.2,15,60,38,ince,False,iki-OK-arasi-monotonluk,,,,,,,,,,,,True,,935.0,2.5,9.5
2026-09-24 13:27:29,MLLB_000_y1.0.3,WHITE,v4_white_MLLB_000_y103_0924,4.2,4.2,15,60,39,ince,False,iki-OK-arasi-monotonluk,,,,,,,,,,,,True,,935.0,2.5,9.5
2026-09-24 13:27:29,MLLB_000_y1.0.3,WHITE,v4_white_MLLB_000_y103_0924,4.2,4.2,15,60,41,ince,False,iki-OK-arasi-monotonluk,,,,,,,,,,,,True,,935.0,2.5,9.5
2026-09-24 13:27:29,MLLB_000_y1.0.3,WHITE,v4_white_MLLB_000_y103_0924,4.2,4.2,15,60,42,ince,False,iki-OK-arasi-monotonluk,,,,,,,,,,,,True,,935.0,2.5,9.5
2026-09-24 13:27:29,MLLB_000_y1.0.3,WHITE,v4_white_MLLB_000_y103_0924,4.2,4.2,15,60,43,ince,False,iki-OK-arasi-monotonluk,,,,,,,,,,,,True,,935.0,2.5,9.5
2026-09-24 13:27:45,MLLB_000_y1.0.3,WHITE,v4_white_MLLB_000_y103_0924,4.2,4.2,15,60,45,ince,True,,38.0,28.0,18.0,964.0,1002.0,2.658,94.921,35.709,0.7774,True,,False,FLAS,935.0,2.5,9.5
2026-09-24 13:28:01,MLLB_000_y1.0.3,WHITE,v4_white_MLLB_000_y103_0924,4.2,4.2,15,60,46,ince,True,,38.0,28.0,18.0,964.0,1002.0,2.748,97.675,35.54,0.7769,True,,False,FLAS,935.0,2.5,9.5
2026-09-24 13:28:13,MLLB_000_y1.0.3,WHITE,v4_white_MLLB_000_y103_0924,4.2,4.2,15,60,47,ince,True,,38.0,28.0,18.0,964.0,1002.0,2.759,100.339,36.372,0.7772,True,,False,FLAS,935.0,2.5,9.5
2026-09-24 13:28:14,MLLB_000_y1.0.3,WHITE,v4_white_MLLB_000_y103_0924,4.2,4.2,15,60,,bitti,False,,,,,,,,,,,,,,,935.0,2.5,9.5
2026-09-24 13:28:53,MLLB_000_y1.0.3,WHITE,v4_white_MLLB_000_y103_0924,4.2,4.2,100,100,12,kaba,True,,26.0,28.0,6.0,976.0,1002.0,1.066,242.323,227.242,0.7772,True,,True,,935.0,2.5,9.5
2026-09-24 13:29:09,MLLB_000_y1.0.3,WHITE,v4_white_MLLB_000_y103_0924,4.2,4.2,100,100,16,kaba,True,,26.0,28.0,6.0,976.0,1002.0,1.071,243.864,227.685,0.7776,True,,True,,935.0,2.5,9.5
2026-09-24 13:29:25,MLLB_000_y1.0.3,WHITE,v4_white_MLLB_000_y103_0924,4.2,4.2,100,100,20,kaba,True,,26.0,28.0,6.0,976.0,1002.0,1.071,243.864,227.662,0.7776,True,,True,,935.0,2.5,9.5
2026-09-24 13:29:41,MLLB_000_y1.0.3,WHITE,v4_white_MLLB_000_y103_0924,4.2,4.2,100,100,24,kaba,True,,26.0,28.0,6.0,976.0,1002.0,1.071,243.864,227.753,0.7777,True,,True,,935.0,2.5,9.5
2026-09-24 13:29:57,MLLB_000_y1.0.3,WHITE,v4_white_MLLB_000_y103_0924,4.2,4.2,100,100,28,kaba,True,,26.0,28.0,6.0,976.0,1002.0,1.07,243.864,227.861,0.7781,True,,True,,935.0,2.5,9.5
2026-09-24 13:30:13,MLLB_000_y1.0.3,WHITE,v4_white_MLLB_000_y103_0924,4.2,4.2,100,100,32,kaba,True,,26.0,28.0,6.0,976.0,1002.0,1.07,243.864,227.971,0.7778,True,,True,,935.0,2.5,9.5
2026-09-24 13:30:29,MLLB_000_y1.0.3,WHITE,v4_white_MLLB_000_y103_0924,4.2,4.2,100,100,36,kaba,True,,26.0,28.0,6.0,976.0,1002.0,1.07,243.864,227.987,0.7782,True,,True,,935.0,2.5,9.5
2026-09-24 13:30:45,MLLB_000_y1.0.3,WHITE,v4_white_MLLB_000_y103_0924,4.2,4.2,100,100,40,kaba,True,,26.0,28.0,6.0,976.0,1002.0,1.07,243.864,227.84,0.778,True,,True,,935.0,2.5,9.5
2026-09-24 13:31:01,MLLB_000_y1.0.3,WHITE,v4_white_MLLB_000_y103_0924,4.2,4.2,100,100,44,kaba,True,,26.0,28.0,6.0,976.0,1002.0,1.071,243.864,227.793,0.7778,True,,True,,935.0,2.5,9.5
2026-09-24 13:31:17,MLLB_000_y1.0.3,WHITE,v4_white_MLLB_000_y103_0924,4.2,4.2,100,100,48,kaba,True,,26.0,28.0,6.0,976.0,1002.0,1.071,243.864,227.689,0.7784,True,,True,,935.0,2.5,9.5
2026-09-24 13:31:33,MLLB_000_y1.0.3,WHITE,v4_white_MLLB_000_y103_0924,4.2,4.2,100,100,52,kaba,True,,26.0,28.0,6.0,976.0,1002.0,1.07,243.864,227.864,0.7775,True,,True,,935.0,2.5,9.5
2026-09-24 13:31:49,MLLB_000_y1.0.3,WHITE,v4_white_MLLB_000_y103_0924,4.2,4.2,100,100,56,kaba,True,,26.0,28.0,6.0,976.0,1002.0,1.07,243.864,227.876,0.7774,True,,True,,935.0,2.5,9.5
2026-09-24 13:32:02,MLLB_000_y1.0.3,WHITE,v4_white_MLLB_000_y103_0924,4.2,4.2,100,100,58,kaba,True,,26.0,28.0,6.0,976.0,1002.0,1.07,243.864,227.845,0.7777,True,,True,,935.0,2.5,9.5
2026-09-24 13:32:02,MLLB_000_y1.0.3,WHITE,v4_white_MLLB_000_y103_0924,4.2,4.2,100,100,13,ince,False,iki-OK-arasi-monotonluk,,,,,,,,,,,,True,,935.0,2.5,9.5
2026-09-24 13:32:02,MLLB_000_y1.0.3,WHITE,v4_white_MLLB_000_y103_0924,4.2,4.2,100,100,14,ince,False,iki-OK-arasi-monotonluk,,,,,,,,,,,,True,,935.0,2.5,9.5
2026-09-24 13:32:02,MLLB_000_y1.0.3,WHITE,v4_white_MLLB_000_y103_0924,4.2,4.2,100,100,15,ince,False,iki-OK-arasi-monotonluk,,,,,,,,,,,,True,,935.0,2.5,9.5
2026-09-24 13:32:02,MLLB_000_y1.0.3,WHITE,v4_white_MLLB_000_y103_0924,4.2,4.2,100,100,17,ince,False,iki-OK-arasi-monotonluk,,,,,,,,,,,,True,,935.0,2.5,9.5
2026-09-24 13:32:02,MLLB_000_y1.0.3,WHITE,v4_white_MLLB_000_y103_0924,4.2,4.2,100,100,18,ince,False,iki-OK-arasi-monotonluk,,,,,,,,,,,,True,,935.0,2.5,9.5
2026-09-24 13:32:02,MLLB_000_y1.0.3,WHITE,v4_white_MLLB_000_y103_0924,4.2,4.2,100,100,19,ince,False,iki-OK-arasi-monotonluk,,,,,,,,,,,,True,,935.0,2.5,9.5
2026-09-24 13:32:02,MLLB_000_y1.0.3,WHITE,v4_white_MLLB_000_y103_0924,4.2,4.2,100,100,21,ince,False,iki-OK-arasi-monotonluk,,,,,,,,,,,,True,,935.0,2.5,9.5
2026-09-24 13:32:02,MLLB_000_y1.0.3,WHITE,v4_white_MLLB_000_y103_0924,4.2,4.2,100,100,22,ince,False,iki-OK-arasi-monotonluk,,,,,,,,,,,,True,,935.0,2.5,9.5
2026-09-24 13:32:02,MLLB_000_y1.0.3,WHITE,v4_white_MLLB_000_y103_0924,4.2,4.2,100,100,23,ince,False,iki-OK-arasi-monotonluk,,,,,,,,,,,,True,,935.0,2.5,9.5
2026-09-24 13:32:02,MLLB_000_y1.0.3,WHITE,v4_white_MLLB_000_y103_0924,4.2,4.2,100,100,25,ince,False,iki-OK-arasi-monotonluk,,,,,,,,,,,,True,,935.0,2.5,9.5
2026-09-24 13:32:02,MLLB_000_y1.0.3,WHITE,v4_white_MLLB_000_y103_0924,4.2,4.2,100,100,26,ince,False,iki-OK-arasi-monotonluk,,,,,,,,,,,,True,,935.0,2.5,9.5
2026-09-24 13:32:02,MLLB_000_y1.0.3,WHITE,v4_white_MLLB_000_y103_0924,4.2,4.2,100,100,27,ince,False,iki-OK-arasi-monotonluk,,,,,,,,,,,,True,,935.0,2.5,9.5
2026-09-24 13:32:02,MLLB_000_y1.0.3,WHITE,v4_white_MLLB_000_y103_0924,4.2,4.2,100,100,29,ince,False,iki-OK-arasi-monotonluk,,,,,,,,,,,,True,,935.0,2.5,9.5
2026-09-24 13:32:02,MLLB_000_y1.0.3,WHITE,v4_white_MLLB_000_y103_0924,4.2,4.2,100,100,30,ince,False,iki-OK-arasi-monotonluk,,,,,,,,,,,,True,,935.0,2.5,9.5
2026-09-24 13:32:02,MLLB_000_y1.0.3,WHITE,v4_white_MLLB_000_y103_0924,4.2,4.2,100,100,31,ince,False,iki-OK-arasi-monotonluk,,,,,,,,,,,,True,,935.0,2.5,9.5
2026-09-24 13:32:02,MLLB_000_y1.0.3,WHITE,v4_white_MLLB_000_y103_0924,4.2,4.2,100,100,33,ince,False,iki-OK-arasi-monotonluk,,,,,,,,,,,,True,,935.0,2.5,9.5
2026-09-24 13:32:02,MLLB_000_y1.0.3,WHITE,v4_white_MLLB_000_y103_0924,4.2,4.2,100,100,34,ince,False,iki-OK-arasi-monotonluk,,,,,,,,,,,,True,,935.0,2.5,9.5
2026-09-24 13:32:02,MLLB_000_y1.0.3,WHITE,v4_white_MLLB_000_y103_0924,4.2,4.2,100,100,35,ince,False,iki-OK-arasi-monotonluk,,,,,,,,,,,,True,,935.0,2.5,9.5
2026-09-24 13:32:02,MLLB_000_y1.0.3,WHITE,v4_white_MLLB_000_y103_0924,4.2,4.2,100,100,37,ince,False,iki-OK-arasi-monotonluk,,,,,,,,,,,,True,,935.0,2.5,9.5
2026-09-24 13:32:02,MLLB_000_y1.0.3,WHITE,v4_white_MLLB_000_y103_0924,4.2,4.2,100,100,38,ince,False,iki-OK-arasi-monotonluk,,,,,,,,,,,,True,,935.0,2.5,9.5
2026-09-24 13:32:02,MLLB_000_y1.0.3,WHITE,v4_white_MLLB_000_y103_0924,4.2,4.2,100,100,39,ince,False,iki-OK-arasi-monotonluk,,,,,,,,,,,,True,,935.0,2.5,9.5
2026-09-24 13:32:02,MLLB_000_y1.0.3,WHITE,v4_white_MLLB_000_y103_0924,4.2,4.2,100,100,41,ince,False,iki-OK-arasi-monotonluk,,,,,,,,,,,,True,,935.0,2.5,9.5
2026-09-24 13:32:02,MLLB_000_y1.0.3,WHITE,v4_white_MLLB_000_y103_0924,4.2,4.2,100,100,42,ince,False,iki-OK-arasi-monotonluk,,,,,,,,,,,,True,,935.0,2.5,9.5
2026-09-24 13:32:02,MLLB_000_y1.0.3,WHITE,v4_white_MLLB_000_y103_0924,4.2,4.2,100,100,43,ince,False,iki-OK-arasi-monotonluk,,,,,,,,,,,,True,,935.0,2.5,9.5
2026-09-24 13:32:02,MLLB_000_y1.0.3,WHITE,v4_white_MLLB_000_y103_0924,4.2,4.2,100,100,45,ince,False,iki-OK-arasi-monotonluk,,,,,,,,,,,,True,,935.0,2.5,9.5
2026-09-24 13:32:02,MLLB_000_y1.0.3,WHITE,v4_white_MLLB_000_y103_0924,4.2,4.2,100,100,46,ince,False,iki-OK-arasi-monotonluk,,,,,,,,,,,,True,,935.0,2.5,9.5
2026-09-24 13:32:02,MLLB_000_y1.0.3,WHITE,v4_white_MLLB_000_y103_0924,4.2,4.2,100,100,47,ince,False,iki-OK-arasi-monotonluk,,,,,,,,,,,,True,,935.0,2.5,9.5
2026-09-24 13:32:02,MLLB_000_y1.0.3,WHITE,v4_white_MLLB_000_y103_0924,4.2,4.2,100,100,49,ince,False,iki-OK-arasi-monotonluk,,,,,,,,,,,,True,,935.0,2.5,9.5
2026-09-24 13:32:02,MLLB_000_y1.0.3,WHITE,v4_white_MLLB_000_y103_0924,4.2,4.2,100,100,50,ince,False,iki-OK-arasi-monotonluk,,,,,,,,,,,,True,,935.0,2.5,9.5
2026-09-24 13:32:02,MLLB_000_y1.0.3,WHITE,v4_white_MLLB_000_y103_0924,4.2,4.2,100,100,51,ince,False,iki-OK-arasi-monotonluk,,,,,,,,,,,,True,,935.0,2.5,9.5
2026-09-24 13:32:02,MLLB_000_y1.0.3,WHITE,v4_white_MLLB_000_y103_0924,4.2,4.2,100,100,53,ince,False,iki-OK-arasi-monotonluk,,,,,,,,,,,,True,,935.0,2.5,9.5
2026-09-24 13:32:02,MLLB_000_y1.0.3,WHITE,v4_white_MLLB_000_y103_0924,4.2,4.2,100,100,54,ince,False,iki-OK-arasi-monotonluk,,,,,,,,,,,,True,,935.0,2.5,9.5
2026-09-24 13:32:02,MLLB_000_y1.0.3,WHITE,v4_white_MLLB_000_y103_0924,4.2,4.2,100,100,55,ince,False,iki-OK-arasi-monotonluk,,,,,,,,,,,,True,,935.0,2.5,9.5
2026-09-24 13:32:02,MLLB_000_y1.0.3,WHITE,v4_white_MLLB_000_y103_0924,4.2,4.2,100,100,57,ince,False,iki-OK-arasi-monotonluk,,,,,,,,,,,,True,,935.0,2.5,9.5
2026-09-24 13:32:02,MLLB_000_y1.0.3,WHITE,v4_white_MLLB_000_y103_0924,4.2,4.2,100,100,,bitti,False,,,,,,,,,,,,,,,935.0,2.5,9.5
2026-09-24 13:32:17,MLLB_000_y1.0.3,WHITE,v4_white_MLLB_000_y103_0924,4.2,4.2,100,80,12,kaba,True,,26.0,28.0,6.0,976.0,1002.0,1.071,243.864,227.655,0.7783,True,,True,,935.0,2.5,9.5
2026-09-24 13:32:33,MLLB_000_y1.0.3,WHITE,v4_white_MLLB_000_y103_0924,4.2,4.2,100,80,16,kaba,True,,26.0,28.0,6.0,976.0,1002.0,1.07,243.864,227.899,0.7774,True,,True,,935.0,2.5,9.5
2026-09-24 13:32:49,MLLB_000_y1.0.3,WHITE,v4_white_MLLB_000_y103_0924,4.2,4.2,100,80,20,kaba,True,,26.0,28.0,6.0,976.0,1002.0,1.07,243.864,227.889,0.7775,True,,True,,935.0,2.5,9.5
2026-09-24 13:33:05,MLLB_000_y1.0.3,WHITE,v4_white_MLLB_000_y103_0924,4.2,4.2,100,80,24,kaba,True,,26.0,28.0,6.0,976.0,1002.0,1.07,243.864,227.992,0.7778,True,,True,,935.0,2.5,9.5
2026-09-24 13:33:21,MLLB_000_y1.0.3,WHITE,v4_white_MLLB_000_y103_0924,4.2,4.2,100,80,28,kaba,True,,26.0,28.0,6.0,976.0,1002.0,1.071,243.864,227.689,0.7777,True,,True,,935.0,2.5,9.5
2026-09-24 13:33:37,MLLB_000_y1.0.3,WHITE,v4_white_MLLB_000_y103_0924,4.2,4.2,100,80,32,kaba,True,,26.0,28.0,6.0,976.0,1002.0,1.07,243.864,227.81,0.7777,True,,True,,935.0,2.5,9.5
2026-09-24 13:33:53,MLLB_000_y1.0.3,WHITE,v4_white_MLLB_000_y103_0924,4.2,4.2,100,80,36,kaba,True,,26.0,28.0,6.0,976.0,1002.0,1.068,243.267,227.832,0.7779,True,,True,,935.0,2.5,9.5
2026-09-24 13:34:09,MLLB_000_y1.0.3,WHITE,v4_white_MLLB_000_y103_0924,4.2,4.2,100,80,40,kaba,True,,26.0,28.0,6.0,976.0,1002.0,1.07,243.864,227.823,0.7779,True,,True,,935.0,2.5,9.5
2026-09-24 13:34:25,MLLB_000_y1.0.3,WHITE,v4_white_MLLB_000_y103_0924,4.2,4.2,100,80,44,kaba,True,,26.0,28.0,6.0,976.0,1002.0,1.07,243.864,227.82,0.7776,True,,True,,935.0,2.5,9.5
2026-09-24 13:34:41,MLLB_000_y1.0.3,WHITE,v4_white_MLLB_000_y103_0924,4.2,4.2,100,80,48,kaba,True,,26.0,28.0,6.0,976.0,1002.0,1.071,243.864,227.766,0.778,True,,True,,935.0,2.5,9.5
2026-09-24 13:34:57,MLLB_000_y1.0.3,WHITE,v4_white_MLLB_000_y103_0924,4.2,4.2,100,80,52,kaba,True,,26.0,28.0,6.0,976.0,1002.0,1.068,243.238,227.772,0.778,True,,True,,935.0,2.5,9.5
2026-09-24 13:35:13,MLLB_000_y1.0.3,WHITE,v4_white_MLLB_000_y103_0924,4.2,4.2,100,80,56,kaba,True,,26.0,28.0,6.0,976.0,1002.0,1.071,243.864,227.663,0.778,True,,True,,935.0,2.5,9.5
2026-09-24 13:35:29,MLLB_000_y1.0.3,WHITE,v4_white_MLLB_000_y103_0924,4.2,4.2,100,80,58,kaba,True,,26.0,28.0,6.0,976.0,1002.0,1.071,243.864,227.723,0.777,True,,True,,935.0,2.5,9.5
2026-09-24 13:35:30,MLLB_000_y1.0.3,WHITE,v4_white_MLLB_000_y103_0924,4.2,4.2,100,80,13,ince,False,iki-OK-arasi-monotonluk,,,,,,,,,,,,True,,935.0,2.5,9.5
2026-09-24 13:35:30,MLLB_000_y1.0.3,WHITE,v4_white_MLLB_000_y103_0924,4.2,4.2,100,80,14,ince,False,iki-OK-arasi-monotonluk,,,,,,,,,,,,True,,935.0,2.5,9.5
2026-09-24 13:35:30,MLLB_000_y1.0.3,WHITE,v4_white_MLLB_000_y103_0924,4.2,4.2,100,80,15,ince,False,iki-OK-arasi-monotonluk,,,,,,,,,,,,True,,935.0,2.5,9.5
2026-09-24 13:35:30,MLLB_000_y1.0.3,WHITE,v4_white_MLLB_000_y103_0924,4.2,4.2,100,80,17,ince,False,iki-OK-arasi-monotonluk,,,,,,,,,,,,True,,935.0,2.5,9.5
2026-09-24 13:35:30,MLLB_000_y1.0.3,WHITE,v4_white_MLLB_000_y103_0924,4.2,4.2,100,80,18,ince,False,iki-OK-arasi-monotonluk,,,,,,,,,,,,True,,935.0,2.5,9.5
2026-09-24 13:35:30,MLLB_000_y1.0.3,WHITE,v4_white_MLLB_000_y103_0924,4.2,4.2,100,80,19,ince,False,iki-OK-arasi-monotonluk,,,,,,,,,,,,True,,935.0,2.5,9.5
2026-09-24 13:35:30,MLLB_000_y1.0.3,WHITE,v4_white_MLLB_000_y103_0924,4.2,4.2,100,80,21,ince,False,iki-OK-arasi-monotonluk,,,,,,,,,,,,True,,935.0,2.5,9.5
2026-09-24 13:35:30,MLLB_000_y1.0.3,WHITE,v4_white_MLLB_000_y103_0924,4.2,4.2,100,80,22,ince,False,iki-OK-arasi-monotonluk,,,,,,,,,,,,True,,935.0,2.5,9.5
2026-09-24 13:35:30,MLLB_000_y1.0.3,WHITE,v4_white_MLLB_000_y103_0924,4.2,4.2,100,80,23,ince,False,iki-OK-arasi-monotonluk,,,,,,,,,,,,True,,935.0,2.5,9.5
2026-09-24 13:35:30,MLLB_000_y1.0.3,WHITE,v4_white_MLLB_000_y103_0924,4.2,4.2,100,80,25,ince,False,iki-OK-arasi-monotonluk,,,,,,,,,,,,True,,935.0,2.5,9.5
2026-09-24 13:35:30,MLLB_000_y1.0.3,WHITE,v4_white_MLLB_000_y103_0924,4.2,4.2,100,80,26,ince,False,iki-OK-arasi-monotonluk,,,,,,,,,,,,True,,935.0,2.5,9.5
2026-09-24 13:35:30,MLLB_000_y1.0.3,WHITE,v4_white_MLLB_000_y103_0924,4.2,4.2,100,80,27,ince,False,iki-OK-arasi-monotonluk,,,,,,,,,,,,True,,935.0,2.5,9.5
2026-09-24 13:35:30,MLLB_000_y1.0.3,WHITE,v4_white_MLLB_000_y103_0924,4.2,4.2,100,80,29,ince,False,iki-OK-arasi-monotonluk,,,,,,,,,,,,True,,935.0,2.5,9.5
2026-09-24 13:35:30,MLLB_000_y1.0.3,WHITE,v4_white_MLLB_000_y103_0924,4.2,4.2,100,80,30,ince,False,iki-OK-arasi-monotonluk,,,,,,,,,,,,True,,935.0,2.5,9.5
2026-09-24 13:35:30,MLLB_000_y1.0.3,WHITE,v4_white_MLLB_000_y103_0924,4.2,4.2,100,80,31,ince,False,iki-OK-arasi-monotonluk,,,,,,,,,,,,True,,935.0,2.5,9.5
2026-09-24 13:35:30,MLLB_000_y1.0.3,WHITE,v4_white_MLLB_000_y103_0924,4.2,4.2,100,80,33,ince,False,iki-OK-arasi-monotonluk,,,,,,,,,,,,True,,935.0,2.5,9.5
2026-09-24 13:35:30,MLLB_000_y1.0.3,WHITE,v4_white_MLLB_000_y103_0924,4.2,4.2,100,80,34,ince,False,iki-OK-arasi-monotonluk,,,,,,,,,,,,True,,935.0,2.5,9.5
2026-09-24 13:35:30,MLLB_000_y1.0.3,WHITE,v4_white_MLLB_000_y103_0924,4.2,4.2,100,80,35,ince,False,iki-OK-arasi-monotonluk,,,,,,,,,,,,True,,935.0,2.5,9.5
2026-09-24 13:35:30,MLLB_000_y1.0.3,WHITE,v4_white_MLLB_000_y103_0924,4.2,4.2,100,80,37,ince,False,iki-OK-arasi-monotonluk,,,,,,,,,,,,True,,935.0,2.5,9.5
2026-09-24 13:35:30,MLLB_000_y1.0.3,WHITE,v4_white_MLLB_000_y103_0924,4.2,4.2,100,80,38,ince,False,iki-OK-arasi-monotonluk,,,,,,,,,,,,True,,935.0,2.5,9.5
2026-09-24 13:35:30,MLLB_000_y1.0.3,WHITE,v4_white_MLLB_000_y103_0924,4.2,4.2,100,80,39,ince,False,iki-OK-arasi-monotonluk,,,,,,,,,,,,True,,935.0,2.5,9.5
2026-09-24 13:35:30,MLLB_000_y1.0.3,WHITE,v4_white_MLLB_000_y103_0924,4.2,4.2,100,80,41,ince,False,iki-OK-arasi-monotonluk,,,,,,,,,,,,True,,935.0,2.5,9.5
2026-09-24 13:35:30,MLLB_000_y1.0.3,WHITE,v4_white_MLLB_000_y103_0924,4.2,4.2,100,80,42,ince,False,iki-OK-arasi-monotonluk,,,,,,,,,,,,True,,935.0,2.5,9.5
2026-09-24 13:35:30,MLLB_000_y1.0.3,WHITE,v4_white_MLLB_000_y103_0924,4.2,4.2,100,80,43,ince,False,iki-OK-arasi-monotonluk,,,,,,,,,,,,True,,935.0,2.5,9.5
2026-09-24 13:35:30,MLLB_000_y1.0.3,WHITE,v4_white_MLLB_000_y103_0924,4.2,4.2,100,80,45,ince,False,iki-OK-arasi-monotonluk,,,,,,,,,,,,True,,935.0,2.5,9.5
2026-09-24 13:35:30,MLLB_000_y1.0.3,WHITE,v4_white_MLLB_000_y103_0924,4.2,4.2,100,80,46,ince,False,iki-OK-arasi-monotonluk,,,,,,,,,,,,True,,935.0,2.5,9.5
2026-09-24 13:35:30,MLLB_000_y1.0.3,WHITE,v4_white_MLLB_000_y103_0924,4.2,4.2,100,80,47,ince,False,iki-OK-arasi-monotonluk,,,,,,,,,,,,True,,935.0,2.5,9.5
2026-09-24 13:35:30,MLLB_000_y1.0.3,WHITE,v4_white_MLLB_000_y103_0924,4.2,4.2,100,80,49,ince,False,iki-OK-arasi-monotonluk,,,,,,,,,,,,True,,935.0,2.5,9.5
2026-09-24 13:35:30,MLLB_000_y1.0.3,WHITE,v4_white_MLLB_000_y103_0924,4.2,4.2,100,80,50,ince,False,iki-OK-arasi-monotonluk,,,,,,,,,,,,True,,935.0,2.5,9.5
2026-09-24 13:35:30,MLLB_000_y1.0.3,WHITE,v4_white_MLLB_000_y103_0924,4.2,4.2,100,80,51,ince,False,iki-OK-arasi-monotonluk,,,,,,,,,,,,True,,935.0,2.5,9.5
2026-09-24 13:35:30,MLLB_000_y1.0.3,WHITE,v4_white_MLLB_000_y103_0924,4.2,4.2,100,80,53,ince,False,iki-OK-arasi-monotonluk,,,,,,,,,,,,True,,935.0,2.5,9.5
2026-09-24 13:35:30,MLLB_000_y1.0.3,WHITE,v4_white_MLLB_000_y103_0924,4.2,4.2,100,80,54,ince,False,iki-OK-arasi-monotonluk,,,,,,,,,,,,True,,935.0,2.5,9.5
2026-09-24 13:35:30,MLLB_000_y1.0.3,WHITE,v4_white_MLLB_000_y103_0924,4.2,4.2,100,80,55,ince,False,iki-OK-arasi-monotonluk,,,,,,,,,,,,True,,935.0,2.5,9.5
2026-09-24 13:35:30,MLLB_000_y1.0.3,WHITE,v4_white_MLLB_000_y103_0924,4.2,4.2,100,80,57,ince,False,iki-OK-arasi-monotonluk,,,,,,,,,,,,True,,935.0,2.5,9.5
2026-09-24 13:35:30,MLLB_000_y1.0.3,WHITE,v4_white_MLLB_000_y103_0924,4.2,4.2,100,80,,bitti,False,,,,,,,,,,,,,,,935.0,2.5,9.5
2026-09-24 13:35:42,MLLB_000_y1.0.3,WHITE,v4_white_MLLB_000_y103_0924,4.2,4.2,100,60,12,kaba,True,,26.0,28.0,6.0,976.0,1002.0,1.072,243.864,227.55,0.7775,True,,True,,935.0,2.5,9.5
2026-09-24 13:35:57,MLLB_000_y1.0.3,WHITE,v4_white_MLLB_000_y103_0924,4.2,4.2,100,60,16,kaba,True,,26.0,28.0,6.0,976.0,1002.0,1.071,243.864,227.715,0.7773,True,,True,,935.0,2.5,9.5
2026-09-24 13:36:13,MLLB_000_y1.0.3,WHITE,v4_white_MLLB_000_y103_0924,4.2,4.2,100,60,20,kaba,True,,26.0,28.0,6.0,976.0,1002.0,1.071,243.864,227.62,0.7774,True,,True,,935.0,2.5,9.5
2026-09-24 13:36:29,MLLB_000_y1.0.3,WHITE,v4_white_MLLB_000_y103_0924,4.2,4.2,100,60,24,kaba,True,,26.0,28.0,6.0,976.0,1002.0,1.068,243.093,227.646,0.7771,True,,True,,935.0,2.5,9.5
2026-09-24 13:36:45,MLLB_000_y1.0.3,WHITE,v4_white_MLLB_000_y103_0924,4.2,4.2,100,60,28,kaba,True,,26.0,28.0,6.0,976.0,1002.0,1.07,243.864,227.848,0.7771,True,,True,,935.0,2.5,9.5
2026-09-24 13:37:01,MLLB_000_y1.0.3,WHITE,v4_white_MLLB_000_y103_0924,4.2,4.2,100,60,32,kaba,True,,26.0,28.0,6.0,976.0,1002.0,1.071,243.864,227.656,0.7773,True,,True,,935.0,2.5,9.5
2026-09-24 13:37:17,MLLB_000_y1.0.3,WHITE,v4_white_MLLB_000_y103_0924,4.2,4.2,100,60,36,kaba,True,,26.0,28.0,6.0,976.0,1002.0,1.072,243.864,227.57,0.7771,True,,True,,935.0,2.5,9.5
2026-09-24 13:37:33,MLLB_000_y1.0.3,WHITE,v4_white_MLLB_000_y103_0924,4.2,4.2,100,60,40,kaba,True,,26.0,28.0,6.0,976.0,1002.0,1.065,242.323,227.503,0.7778,True,,True,,935.0,2.5,9.5
2026-09-24 13:37:49,MLLB_000_y1.0.3,WHITE,v4_white_MLLB_000_y103_0924,4.2,4.2,100,60,44,kaba,True,,26.0,28.0,6.0,976.0,1002.0,1.065,242.58,227.734,0.7776,True,,True,,935.0,2.5,9.5
2026-09-24 13:38:05,MLLB_000_y1.0.3,WHITE,v4_white_MLLB_000_y103_0924,4.2,4.2,100,60,48,kaba,True,,26.0,28.0,6.0,976.0,1002.0,1.071,243.864,227.731,0.7776,True,,True,,935.0,2.5,9.5
2026-09-24 13:38:21,MLLB_000_y1.0.3,WHITE,v4_white_MLLB_000_y103_0924,4.2,4.2,100,60,52,kaba,True,,26.0,28.0,6.0,976.0,1002.0,1.068,243.126,227.63,0.7768,True,,True,,935.0,2.5,9.5
2026-09-24 13:38:37,MLLB_000_y1.0.3,WHITE,v4_white_MLLB_000_y103_0924,4.2,4.2,100,60,56,kaba,True,,26.0,28.0,6.0,976.0,1002.0,1.07,243.864,227.827,0.7775,True,,True,,935.0,2.5,9.5
2026-09-24 13:38:53,MLLB_000_y1.0.3,WHITE,v4_white_MLLB_000_y103_0924,4.2,4.2,100,60,58,kaba,True,,26.0,28.0,6.0,976.0,1002.0,1.071,243.864,227.75,0.7773,True,,True,,935.0,2.5,9.5
2026-09-24 13:38:54,MLLB_000_y1.0.3,WHITE,v4_white_MLLB_000_y103_0924,4.2,4.2,100,60,13,ince,False,iki-OK-arasi-monotonluk,,,,,,,,,,,,True,,935.0,2.5,9.5
2026-09-24 13:38:54,MLLB_000_y1.0.3,WHITE,v4_white_MLLB_000_y103_0924,4.2,4.2,100,60,14,ince,False,iki-OK-arasi-monotonluk,,,,,,,,,,,,True,,935.0,2.5,9.5
2026-09-24 13:38:54,MLLB_000_y1.0.3,WHITE,v4_white_MLLB_000_y103_0924,4.2,4.2,100,60,15,ince,False,iki-OK-arasi-monotonluk,,,,,,,,,,,,True,,935.0,2.5,9.5
2026-09-24 13:38:54,MLLB_000_y1.0.3,WHITE,v4_white_MLLB_000_y103_0924,4.2,4.2,100,60,17,ince,False,iki-OK-arasi-monotonluk,,,,,,,,,,,,True,,935.0,2.5,9.5
2026-09-24 13:38:54,MLLB_000_y1.0.3,WHITE,v4_white_MLLB_000_y103_0924,4.2,4.2,100,60,18,ince,False,iki-OK-arasi-monotonluk,,,,,,,,,,,,True,,935.0,2.5,9.5
2026-09-24 13:38:54,MLLB_000_y1.0.3,WHITE,v4_white_MLLB_000_y103_0924,4.2,4.2,100,60,19,ince,False,iki-OK-arasi-monotonluk,,,,,,,,,,,,True,,935.0,2.5,9.5
2026-09-24 13:38:54,MLLB_000_y1.0.3,WHITE,v4_white_MLLB_000_y103_0924,4.2,4.2,100,60,21,ince,False,iki-OK-arasi-monotonluk,,,,,,,,,,,,True,,935.0,2.5,9.5
2026-09-24 13:38:54,MLLB_000_y1.0.3,WHITE,v4_white_MLLB_000_y103_0924,4.2,4.2,100,60,22,ince,False,iki-OK-arasi-monotonluk,,,,,,,,,,,,True,,935.0,2.5,9.5
2026-09-24 13:38:54,MLLB_000_y1.0.3,WHITE,v4_white_MLLB_000_y103_0924,4.2,4.2,100,60,23,ince,False,iki-OK-arasi-monotonluk,,,,,,,,,,,,True,,935.0,2.5,9.5
2026-09-24 13:38:54,MLLB_000_y1.0.3,WHITE,v4_white_MLLB_000_y103_0924,4.2,4.2,100,60,25,ince,False,iki-OK-arasi-monotonluk,,,,,,,,,,,,True,,935.0,2.5,9.5
2026-09-24 13:38:54,MLLB_000_y1.0.3,WHITE,v4_white_MLLB_000_y103_0924,4.2,4.2,100,60,26,ince,False,iki-OK-arasi-monotonluk,,,,,,,,,,,,True,,935.0,2.5,9.5
2026-09-24 13:38:54,MLLB_000_y1.0.3,WHITE,v4_white_MLLB_000_y103_0924,4.2,4.2,100,60,27,ince,False,iki-OK-arasi-monotonluk,,,,,,,,,,,,True,,935.0,2.5,9.5
2026-09-24 13:38:54,MLLB_000_y1.0.3,WHITE,v4_white_MLLB_000_y103_0924,4.2,4.2,100,60,29,ince,False,iki-OK-arasi-monotonluk,,,,,,,,,,,,True,,935.0,2.5,9.5
2026-09-24 13:38:54,MLLB_000_y1.0.3,WHITE,v4_white_MLLB_000_y103_0924,4.2,4.2,100,60,30,ince,False,iki-OK-arasi-monotonluk,,,,,,,,,,,,True,,935.0,2.5,9.5
2026-09-24 13:38:54,MLLB_000_y1.0.3,WHITE,v4_white_MLLB_000_y103_0924,4.2,4.2,100,60,31,ince,False,iki-OK-arasi-monotonluk,,,,,,,,,,,,True,,935.0,2.5,9.5
2026-09-24 13:38:54,MLLB_000_y1.0.3,WHITE,v4_white_MLLB_000_y103_0924,4.2,4.2,100,60,33,ince,False,iki-OK-arasi-monotonluk,,,,,,,,,,,,True,,935.0,2.5,9.5
2026-09-24 13:38:54,MLLB_000_y1.0.3,WHITE,v4_white_MLLB_000_y103_0924,4.2,4.2,100,60,34,ince,False,iki-OK-arasi-monotonluk,,,,,,,,,,,,True,,935.0,2.5,9.5
2026-09-24 13:38:54,MLLB_000_y1.0.3,WHITE,v4_white_MLLB_000_y103_0924,4.2,4.2,100,60,35,ince,False,iki-OK-arasi-monotonluk,,,,,,,,,,,,True,,935.0,2.5,9.5
2026-09-24 13:38:54,MLLB_000_y1.0.3,WHITE,v4_white_MLLB_000_y103_0924,4.2,4.2,100,60,37,ince,False,iki-OK-arasi-monotonluk,,,,,,,,,,,,True,,935.0,2.5,9.5
2026-09-24 13:38:54,MLLB_000_y1.0.3,WHITE,v4_white_MLLB_000_y103_0924,4.2,4.2,100,60,38,ince,False,iki-OK-arasi-monotonluk,,,,,,,,,,,,True,,935.0,2.5,9.5
2026-09-24 13:38:54,MLLB_000_y1.0.3,WHITE,v4_white_MLLB_000_y103_0924,4.2,4.2,100,60,39,ince,False,iki-OK-arasi-monotonluk,,,,,,,,,,,,True,,935.0,2.5,9.5
2026-09-24 13:38:54,MLLB_000_y1.0.3,WHITE,v4_white_MLLB_000_y103_0924,4.2,4.2,100,60,41,ince,False,iki-OK-arasi-monotonluk,,,,,,,,,,,,True,,935.0,2.5,9.5
2026-09-24 13:38:54,MLLB_000_y1.0.3,WHITE,v4_white_MLLB_000_y103_0924,4.2,4.2,100,60,42,ince,False,iki-OK-arasi-monotonluk,,,,,,,,,,,,True,,935.0,2.5,9.5
2026-09-24 13:38:54,MLLB_000_y1.0.3,WHITE,v4_white_MLLB_000_y103_0924,4.2,4.2,100,60,43,ince,False,iki-OK-arasi-monotonluk,,,,,,,,,,,,True,,935.0,2.5,9.5
2026-09-24 13:38:54,MLLB_000_y1.0.3,WHITE,v4_white_MLLB_000_y103_0924,4.2,4.2,100,60,45,ince,False,iki-OK-arasi-monotonluk,,,,,,,,,,,,True,,935.0,2.5,9.5
2026-09-24 13:38:54,MLLB_000_y1.0.3,WHITE,v4_white_MLLB_000_y103_0924,4.2,4.2,100,60,46,ince,False,iki-OK-arasi-monotonluk,,,,,,,,,,,,True,,935.0,2.5,9.5
2026-09-24 13:38:54,MLLB_000_y1.0.3,WHITE,v4_white_MLLB_000_y103_0924,4.2,4.2,100,60,47,ince,False,iki-OK-arasi-monotonluk,,,,,,,,,,,,True,,935.0,2.5,9.5
2026-09-24 13:38:54,MLLB_000_y1.0.3,WHITE,v4_white_MLLB_000_y103_0924,4.2,4.2,100,60,49,ince,False,iki-OK-arasi-monotonluk,,,,,,,,,,,,True,,935.0,2.5,9.5
2026-09-24 13:38:54,MLLB_000_y1.0.3,WHITE,v4_white_MLLB_000_y103_0924,4.2,4.2,100,60,50,ince,False,iki-OK-arasi-monotonluk,,,,,,,,,,,,True,,935.0,2.5,9.5
2026-09-24 13:38:54,MLLB_000_y1.0.3,WHITE,v4_white_MLLB_000_y103_0924,4.2,4.2,100,60,51,ince,False,iki-OK-arasi-monotonluk,,,,,,,,,,,,True,,935.0,2.5,9.5
2026-09-24 13:38:54,MLLB_000_y1.0.3,WHITE,v4_white_MLLB_000_y103_0924,4.2,4.2,100,60,53,ince,False,iki-OK-arasi-monotonluk,,,,,,,,,,,,True,,935.0,2.5,9.5
2026-09-24 13:38:54,MLLB_000_y1.0.3,WHITE,v4_white_MLLB_000_y103_0924,4.2,4.2,100,60,54,ince,False,iki-OK-arasi-monotonluk,,,,,,,,,,,,True,,935.0,2.5,9.5
2026-09-24 13:38:54,MLLB_000_y1.0.3,WHITE,v4_white_MLLB_000_y103_0924,4.2,4.2,100,60,55,ince,False,iki-OK-arasi-monotonluk,,,,,,,,,,,,True,,935.0,2.5,9.5
2026-09-24 13:38:54,MLLB_000_y1.0.3,WHITE,v4_white_MLLB_000_y103_0924,4.2,4.2,100,60,57,ince,False,iki-OK-arasi-monotonluk,,,,,,,,,,,,True,,935.0,2.5,9.5
2026-09-24 13:38:54,MLLB_000_y1.0.3,WHITE,v4_white_MLLB_000_y103_0924,4.2,4.2,100,60,,bitti,False,,,,,,,,,,,,,,,935.0,2.5,9.5
2026-09-24 13:39:39,MLLB_000_y1.0.3,WHITE,v4_white_MLLB_000_y103_0924,3.6,3.608,6,100,12,kaba,True,,268.0,46.0,242.0,734.0,1002.0,1.1,10.426,9.475,0.7774,True,,False,AKIM,935.0,2.5,9.5
2026-09-24 13:39:55,MLLB_000_y1.0.3,WHITE,v4_white_MLLB_000_y103_0924,3.6,3.608,6,100,16,kaba,True,,182.0,50.0,154.0,820.0,1002.0,1.099,10.486,9.54,0.7775,True,,False,ON,935.0,2.5,9.5
2026-09-24 13:40:11,MLLB_000_y1.0.3,WHITE,v4_white_MLLB_000_y103_0924,3.6,3.608,6,100,20,kaba,True,,94.0,48.0,68.0,908.0,1002.0,1.098,10.508,9.569,0.7779,True,,False,ON,935.0,2.5,9.5
2026-09-24 13:40:27,MLLB_000_y1.0.3,WHITE,v4_white_MLLB_000_y103_0924,3.6,3.608,6,100,24,kaba,True,,30.0,28.0,10.0,972.0,1002.0,1.784,17.024,9.544,0.777,True,,True,,935.0,2.5,9.5
2026-09-24 13:40:43,MLLB_000_y1.0.3,WHITE,v4_white_MLLB_000_y103_0924,3.6,3.608,6,100,28,kaba,True,,30.0,28.0,10.0,972.0,1002.0,8.084,77.434,9.579,0.777,True,,False,FLAS,935.0,2.5,9.5
2026-09-24 13:40:59,MLLB_000_y1.0.3,WHITE,v4_white_MLLB_000_y103_0924,3.6,3.608,6,100,21,ince,True,,72.0,46.0,44.0,930.0,1002.0,1.099,10.508,9.558,0.7771,True,,False,ON,935.0,2.5,9.5
2026-09-24 13:41:12,MLLB_000_y1.0.3,WHITE,v4_white_MLLB_000_y103_0924,3.6,3.608,6,100,22,ince,True,,50.0,46.0,20.0,952.0,1002.0,1.104,10.554,9.564,0.777,True,,True,,935.0,2.5,9.5
2026-09-24 13:41:27,MLLB_000_y1.0.3,WHITE,v4_white_MLLB_000_y103_0924,3.6,3.608,6,100,23,ince,True,,30.0,28.0,10.0,972.0,1002.0,1.093,10.462,9.574,0.777,True,,True,,935.0,2.5,9.5
2026-09-24 13:41:43,MLLB_000_y1.0.3,WHITE,v4_white_MLLB_000_y103_0924,3.6,3.608,6,100,25,ince,True,,30.0,28.0,10.0,972.0,1002.0,3.202,30.614,9.56,0.7776,True,,False,FLAS,935.0,2.5,9.5
2026-09-24 13:41:59,MLLB_000_y1.0.3,WHITE,v4_white_MLLB_000_y103_0924,3.6,3.608,6,100,26,ince,True,,30.0,28.0,10.0,972.0,1002.0,4.489,42.937,9.566,0.7779,True,,False,FLAS,935.0,2.5,9.5
2026-09-24 13:42:15,MLLB_000_y1.0.3,WHITE,v4_white_MLLB_000_y103_0924,3.6,3.608,6,100,27,ince,True,,30.0,28.0,10.0,972.0,1002.0,5.174,49.5,9.566,0.7778,True,,False,FLAS,935.0,2.5,9.5
2026-09-24 13:42:16,MLLB_000_y1.0.3,WHITE,v4_white_MLLB_000_y103_0924,3.6,3.608,6,100,,bitti,False,,,,,,,,,,,,,,,935.0,2.5,9.5
2026-09-24 13:42:31,MLLB_000_y1.0.3,WHITE,v4_white_MLLB_000_y103_0924,3.6,3.608,6,80,12,kaba,True,,312.0,48.0,284.0,690.0,1002.0,1.102,10.417,9.451,0.7775,True,,False,AKIM,935.0,2.5,9.5
2026-09-24 13:42:47,MLLB_000_y1.0.3,WHITE,v4_white_MLLB_000_y103_0924,3.6,3.608,6,80,16,kaba,True,,242.0,44.0,214.0,760.0,1002.0,1.098,10.417,9.486,0.7776,True,,False,AKIM,935.0,2.5,9.5
2026-09-24 13:43:03,MLLB_000_y1.0.3,WHITE,v4_white_MLLB_000_y103_0924,3.6,3.608,6,80,20,kaba,True,,172.0,48.0,144.0,830.0,1002.0,1.094,10.421,9.527,0.7778,True,,False,ON,935.0,2.5,9.5
2026-09-24 13:43:19,MLLB_000_y1.0.3,WHITE,v4_white_MLLB_000_y103_0924,3.6,3.608,6,80,24,kaba,True,,100.0,46.0,72.0,902.0,1002.0,1.093,10.417,9.532,0.7779,True,,False,ON,935.0,2.5,9.5
2026-09-24 13:43:35,MLLB_000_y1.0.3,WHITE,v4_white_MLLB_000_y103_0924,3.6,3.608,6,80,28,kaba,True,,34.0,28.0,14.0,968.0,1002.0,1.091,10.462,9.594,0.7772,True,,True,,935.0,2.5,9.5
2026-09-24 13:43:51,MLLB_000_y1.0.3,WHITE,v4_white_MLLB_000_y103_0924,3.6,3.608,6,80,32,kaba,True,,34.0,28.0,14.0,968.0,1002.0,4.769,45.66,9.575,0.7777,True,,False,FLAS,935.0,2.5,9.5
2026-09-24 13:44:07,MLLB_000_y1.0.3,WHITE,v4_white_MLLB_000_y103_0924,3.6,3.608,6,80,36,kaba,True,,34.0,28.0,14.0,968.0,1002.0,12.317,118.018,9.581,0.7775,True,,False,FLAS,935.0,2.5,9.5
2026-09-24 13:44:23,MLLB_000_y1.0.3,WHITE,v4_white_MLLB_000_y103_0924,3.6,3.608,6,80,25,ince,True,,82.0,50.0,54.0,920.0,1002.0,1.094,10.462,9.566,0.7777,True,,False,ON,935.0,2.5,9.5
2026-09-24 13:44:39,MLLB_000_y1.0.3,WHITE,v4_white_MLLB_000_y103_0924,3.6,3.608,6,80,26,ince,True,,64.0,48.0,34.0,938.0,1002.0,1.092,10.417,9.539,0.7774,True,,True,,935.0,2.5,9.5
2026-09-24 13:44:55,MLLB_000_y1.0.3,WHITE,v4_white_MLLB_000_y103_0924,3.6,3.608,6,80,27,ince,True,,42.0,44.0,18.0,960.0,1002.0,1.092,10.439,9.556,0.7772,True,,True,,935.0,2.5,9.5
2026-09-24 13:45:11,MLLB_000_y1.0.3,WHITE,v4_white_MLLB_000_y103_0924,3.6,3.608,6,80,29,ince,True,,34.0,28.0,14.0,968.0,1002.0,1.757,16.74,9.529,0.7772,True,,True,,935.0,2.5,9.5
2026-09-24 13:45:27,MLLB_000_y1.0.3,WHITE,v4_white_MLLB_000_y103_0924,3.6,3.608,6,80,30,ince,True,,34.0,28.0,14.0,968.0,1002.0,2.914,27.856,9.559,0.777,True,,False,FLAS,935.0,2.5,9.5
2026-09-24 13:45:43,MLLB_000_y1.0.3,WHITE,v4_white_MLLB_000_y103_0924,3.6,3.608,6,80,31,ince,True,,34.0,28.0,14.0,968.0,1002.0,4.08,39.037,9.568,0.7774,True,,False,FLAS,935.0,2.5,9.5
2026-09-24 13:45:43,MLLB_000_y1.0.3,WHITE,v4_white_MLLB_000_y103_0924,3.6,3.608,6,80,,bitti,False,,,,,,,,,,,,,,,935.0,2.5,9.5
2026-09-24 13:45:59,MLLB_000_y1.0.3,WHITE,v4_white_MLLB_000_y103_0924,3.6,3.608,6,60,12,kaba,True,,358.0,46.0,330.0,644.0,1002.0,1.114,10.462,9.39,0.7777,True,,False,AKIM,935.0,2.5,9.5
2026-09-24 13:46:15,MLLB_000_y1.0.3,WHITE,v4_white_MLLB_000_y103_0924,3.6,3.608,6,60,16,kaba,True,,308.0,48.0,280.0,694.0,1002.0,1.103,10.417,9.442,0.7773,True,,False,AKIM,935.0,2.5,9.5
2026-09-24 13:46:31,MLLB_000_y1.0.3,WHITE,v4_white_MLLB_000_y103_0924,3.6,3.608,6,60,20,kaba,True,,256.0,44.0,230.0,746.0,1002.0,1.098,10.417,9.491,0.7776,True,,False,AKIM,935.0,2.5,9.5
2026-09-24 13:46:47,MLLB_000_y1.0.3,WHITE,v4_white_MLLB_000_y103_0924,3.6,3.608,6,60,24,kaba,True,,204.0,50.0,178.0,798.0,1002.0,1.095,10.417,9.515,0.777,True,,False,ON,935.0,2.5,9.5
2026-09-24 13:47:03,MLLB_000_y1.0.3,WHITE,v4_white_MLLB_000_y103_0924,3.6,3.608,6,60,28,kaba,True,,154.0,44.0,126.0,848.0,1002.0,1.093,10.424,9.538,0.7773,True,,False,ON,935.0,2.5,9.5
2026-09-24 13:47:19,MLLB_000_y1.0.3,WHITE,v4_white_MLLB_000_y103_0924,3.6,3.608,6,60,32,kaba,True,,102.0,44.0,74.0,900.0,1002.0,1.09,10.417,9.555,0.7773,True,,False,ON,935.0,2.5,9.5
2026-09-24 13:47:35,MLLB_000_y1.0.3,WHITE,v4_white_MLLB_000_y103_0924,3.6,3.608,6,60,36,kaba,True,,46.0,38.0,26.0,956.0,1002.0,1.094,10.462,9.568,0.7779,True,,True,,935.0,2.5,9.5
2026-09-24 13:47:51,MLLB_000_y1.0.3,WHITE,v4_white_MLLB_000_y103_0924,3.6,3.608,6,60,40,kaba,True,,44.0,28.0,26.0,958.0,1002.0,3.257,31.119,9.556,0.7778,True,,False,FLAS,935.0,2.5,9.5
2026-09-24 13:48:07,MLLB_000_y1.0.3,WHITE,v4_white_MLLB_000_y103_0924,3.6,3.608,6,60,44,kaba,True,,44.0,28.0,26.0,958.0,1002.0,5.266,50.427,9.577,0.7779,True,,False,FLAS,935.0,2.5,9.5
2026-09-24 13:48:23,MLLB_000_y1.0.3,WHITE,v4_white_MLLB_000_y103_0924,3.6,3.608,6,60,33,ince,True,,88.0,50.0,58.0,914.0,1002.0,1.095,10.462,9.553,0.7771,True,,False,ON,935.0,2.5,9.5
2026-09-24 13:48:39,MLLB_000_y1.0.3,WHITE,v4_white_MLLB_000_y103_0924,3.6,3.608,6,60,34,ince,True,,74.0,50.0,46.0,928.0,1002.0,1.094,10.462,9.566,0.7776,True,,False,ON,935.0,2.5,9.5
2026-09-24 13:48:55,MLLB_000_y1.0.3,WHITE,v4_white_MLLB_000_y103_0924,3.6,3.608,6,60,35,ince,True,,60.0,50.0,30.0,942.0,1002.0,1.091,10.417,9.552,0.7782,True,,True,,935.0,2.5,9.5
2026-09-24 13:49:11,MLLB_000_y1.0.3,WHITE,v4_white_MLLB_000_y103_0924,3.6,3.608,6,60,37,ince,True,,44.0,28.0,26.0,958.0,1002.0,1.09,10.417,9.554,0.7771,True,,True,,935.0,2.5,9.5
2026-09-24 13:49:27,MLLB_000_y1.0.3,WHITE,v4_white_MLLB_000_y103_0924,3.6,3.608,6,60,38,ince,True,,44.0,28.0,26.0,958.0,1002.0,1.52,14.554,9.577,0.7775,True,,True,,935.0,2.5,9.5
2026-09-24 13:49:43,MLLB_000_y1.0.3,WHITE,v4_white_MLLB_000_y103_0924,3.6,3.608,6,60,39,ince,True,,44.0,28.0,26.0,958.0,1002.0,2.317,22.132,9.553,0.7775,True,,True,,935.0,2.5,9.5
2026-09-24 13:49:44,MLLB_000_y1.0.3,WHITE,v4_white_MLLB_000_y103_0924,3.6,3.608,6,60,,bitti,False,,,,,,,,,,,,,,,935.0,2.5,9.5
2026-09-24 13:50:21,MLLB_000_y1.0.3,WHITE,v4_white_MLLB_000_y103_0924,3.6,3.608,7,100,12,kaba,True,,222.0,44.0,196.0,780.0,1002.0,1.093,12.81,11.721,0.7778,True,,False,ON,935.0,2.5,9.5
2026-09-24 13:50:37,MLLB_000_y1.0.3,WHITE,v4_white_MLLB_000_y103_0924,3.6,3.608,7,100,16,kaba,True,,152.0,44.0,128.0,850.0,1002.0,1.084,12.81,11.812,0.7778,True,,False,ON,935.0,2.5,9.5
2026-09-24 13:50:53,MLLB_000_y1.0.3,WHITE,v4_white_MLLB_000_y103_0924,3.6,3.608,7,100,20,kaba,True,,82.0,40.0,58.0,920.0,1002.0,1.083,12.837,11.851,0.7775,True,,False,ON,935.0,2.5,9.5
2026-09-24 13:51:09,MLLB_000_y1.0.3,WHITE,v4_white_MLLB_000_y103_0924,3.6,3.608,7,100,24,kaba,True,,30.0,28.0,10.0,972.0,1002.0,1.307,15.468,11.833,0.7777,True,,True,,935.0,2.5,9.5
2026-09-24 13:51:25,MLLB_000_y1.0.3,WHITE,v4_white_MLLB_000_y103_0924,3.6,3.608,7,100,28,kaba,True,,30.0,28.0,10.0,972.0,1002.0,5.14,60.847,11.838,0.7772,True,,False,FLAS,935.0,2.5,9.5
2026-09-24 13:51:41,MLLB_000_y1.0.3,WHITE,v4_white_MLLB_000_y103_0924,3.6,3.608,7,100,32,kaba,True,,30.0,28.0,10.0,972.0,1002.0,16.275,192.445,11.824,0.7773,True,,False,FLAS,935.0,2.5,9.5
2026-09-24 13:51:57,MLLB_000_y1.0.3,WHITE,v4_white_MLLB_000_y103_0924,3.6,3.608,7,100,21,ince,True,,64.0,46.0,38.0,938.0,1002.0,1.087,12.856,11.831,0.7775,True,,True,,935.0,2.5,9.5
2026-09-24 13:52:13,MLLB_000_y1.0.3,WHITE,v4_white_MLLB_000_y103_0924,3.6,3.608,7,100,22,ince,True,,46.0,42.0,20.0,956.0,1002.0,1.085,12.855,11.85,0.7778,True,,True,,935.0,2.5,9.5
2026-09-24 13:52:26,MLLB_000_y1.0.3,WHITE,v4_white_MLLB_000_y103_0924,3.6,3.608,7,100,23,ince,True,,30.0,28.0,10.0,972.0,1002.0,1.091,12.926,11.844,0.7777,True,,True,,935.0,2.5,9.5
2026-09-24 13:52:41,MLLB_000_y1.0.3,WHITE,v4_white_MLLB_000_y103_0924,3.6,3.608,7,100,25,ince,True,,30.0,28.0,10.0,972.0,1002.0,2.548,30.211,11.858,0.7782,True,,False,FLAS,935.0,2.5,9.5
2026-09-24 13:52:57,MLLB_000_y1.0.3,WHITE,v4_white_MLLB_000_y103_0924,3.6,3.608,7,100,26,ince,True,,30.0,28.0,10.0,972.0,1002.0,3.63,42.832,11.798,0.7781,True,,False,FLAS,935.0,2.5,9.5
2026-09-24 13:53:13,MLLB_000_y1.0.3,WHITE,v4_white_MLLB_000_y103_0924,3.6,3.608,7,100,27,ince,True,,30.0,28.0,10.0,972.0,1002.0,4.215,49.936,11.848,0.7776,True,,False,FLAS,935.0,2.5,9.5
2026-09-24 13:53:14,MLLB_000_y1.0.3,WHITE,v4_white_MLLB_000_y103_0924,3.6,3.608,7,100,,bitti,False,,,,,,,,,,,,,,,935.0,2.5,9.5
2026-09-24 13:53:29,MLLB_000_y1.0.3,WHITE,v4_white_MLLB_000_y103_0924,3.6,3.608,7,80,12,kaba,True,,256.0,40.0,230.0,746.0,1002.0,1.095,12.833,11.723,0.7784,True,,False,ON,935.0,2.5,9.5
2026-09-24 13:53:45,MLLB_000_y1.0.3,WHITE,v4_white_MLLB_000_y103_0924,3.6,3.608,7,80,16,kaba,True,,200.0,44.0,176.0,802.0,1002.0,1.092,12.863,11.776,0.7776,True,,False,ON,935.0,2.5,9.5
2026-09-24 13:54:01,MLLB_000_y1.0.3,WHITE,v4_white_MLLB_000_y103_0924,3.6,3.608,7,80,20,kaba,True,,144.0,40.0,118.0,858.0,1002.0,1.09,12.866,11.801,0.7784,True,,False,ON,935.0,2.5,9.5
2026-09-24 13:54:17,MLLB_000_y1.0.3,WHITE,v4_white_MLLB_000_y103_0924,3.6,3.608,7,80,24,kaba,True,,86.0,40.0,62.0,916.0,1002.0,1.081,12.81,11.848,0.7785,True,,False,ON,935.0,2.5,9.5
2026-09-24 13:54:33,MLLB_000_y1.0.3,WHITE,v4_white_MLLB_000_y103_0924,3.6,3.608,7,80,28,kaba,True,,34.0,34.0,14.0,968.0,1002.0,1.082,12.81,11.836,0.7785,True,,True,,935.0,2.5,9.5
2026-09-24 13:54:49,MLLB_000_y1.0.3,WHITE,v4_white_MLLB_000_y103_0924,3.6,3.608,7,80,32,kaba,True,,34.0,32.0,14.0,968.0,1002.0,3.784,44.856,11.854,0.7787,True,,False,FLAS,935.0,2.5,9.5
2026-09-24 13:55:02,MLLB_000_y1.0.3,WHITE,v4_white_MLLB_000_y103_0924,3.6,3.608,7,80,36,kaba,True,,34.0,30.0,14.0,968.0,1002.0,9.912,116.997,11.804,0.7784,True,,False,FLAS,935.0,2.5,9.5
2026-09-24 13:55:17,MLLB_000_y1.0.3,WHITE,v4_white_MLLB_000_y103_0924,3.6,3.608,7,80,25,ince,True,,72.0,44.0,48.0,930.0,1002.0,1.085,12.84,11.84,0.778,True,,False,ON,935.0,2.5,9.5
2026-09-24 13:55:33,MLLB_000_y1.0.3,WHITE,v4_white_MLLB_000_y103_0924,3.6,3.608,7,80,26,ince,True,,58.0,40.0,34.0,944.0,1002.0,1.083,12.826,11.842,0.7785,True,,True,,935.0,2.5,9.5
2026-09-24 13:55:49,MLLB_000_y1.0.3,WHITE,v4_white_MLLB_000_y103_0924,3.6,3.608,7,80,27,ince,True,,42.0,40.0,18.0,960.0,1002.0,1.083,12.813,11.834,0.7784,True,,True,,935.0,2.5,9.5
2026-09-24 13:56:05,MLLB_000_y1.0.3,WHITE,v4_white_MLLB_000_y103_0924,3.6,3.608,7,80,29,ince,True,,34.0,32.0,14.0,968.0,1002.0,1.364,16.148,11.843,0.7783,True,,True,,935.0,2.5,9.5
2026-09-24 13:56:21,MLLB_000_y1.0.3,WHITE,v4_white_MLLB_000_y103_0924,3.6,3.608,7,80,30,ince,True,,34.0,34.0,14.0,968.0,1002.0,2.283,27.029,11.839,0.7782,True,,True,,935.0,2.5,9.5
2026-09-24 13:56:37,MLLB_000_y1.0.3,WHITE,v4_white_MLLB_000_y103_0924,3.6,3.608,7,80,31,ince,True,,34.0,32.0,14.0,968.0,1002.0,3.237,38.358,11.849,0.7782,True,,False,FLAS,935.0,2.5,9.5
2026-09-24 13:56:38,MLLB_000_y1.0.3,WHITE,v4_white_MLLB_000_y103_0924,3.6,3.608,7,80,,bitti,False,,,,,,,,,,,,,,,935.0,2.5,9.5
2026-09-24 13:56:53,MLLB_000_y1.0.3,WHITE,v4_white_MLLB_000_y103_0924,3.6,3.608,7,60,12,kaba,True,,292.0,38.0,268.0,710.0,1002.0,1.095,12.821,11.71,0.7784,True,,False,ON,935.0,2.5,9.5
2026-09-24 13:57:09,MLLB_000_y1.0.3,WHITE,v4_white_MLLB_000_y103_0924,3.6,3.608,7,60,16,kaba,True,,254.0,42.0,230.0,748.0,1002.0,1.092,12.826,11.744,0.7786,True,,False,ON,935.0,2.5,9.5
2026-09-24 13:57:25,MLLB_000_y1.0.3,WHITE,v4_white_MLLB_000_y103_0924,3.6,3.608,7,60,20,kaba,True,,212.0,40.0,186.0,790.0,1002.0,1.088,12.81,11.774,0.778,True,,False,ON,935.0,2.5,9.5
2026-09-24 13:57:41,MLLB_000_y1.0.3,WHITE,v4_white_MLLB_000_y103_0924,3.6,3.608,7,60,24,kaba,True,,170.0,40.0,146.0,832.0,1002.0,1.101,12.995,11.804,0.7781,True,,False,ON,935.0,2.5,9.5
2026-09-24 13:57:57,MLLB_000_y1.0.3,WHITE,v4_white_MLLB_000_y103_0924,3.6,3.608,7,60,28,kaba,True,,130.0,40.0,106.0,872.0,1002.0,1.094,12.903,11.796,0.7781,True,,False,ON,935.0,2.5,9.5
2026-09-24 13:58:13,MLLB_000_y1.0.3,WHITE,v4_white_MLLB_000_y103_0924,3.6,3.608,7,60,32,kaba,True,,88.0,46.0,62.0,914.0,1002.0,1.082,12.81,11.844,0.7779,True,,False,ON,935.0,2.5,9.5
2026-09-24 13:58:29,MLLB_000_y1.0.3,WHITE,v4_white_MLLB_000_y103_0924,3.6,3.608,7,60,36,kaba,True,,46.0,32.0,26.0,956.0,1002.0,1.084,12.81,11.818,0.7786,True,,True,,935.0,2.5,9.5
2026-09-24 13:58:45,MLLB_000_y1.0.3,WHITE,v4_white_MLLB_000_y103_0924,3.6,3.608,7,60,40,kaba,True,,44.0,28.0,26.0,958.0,1002.0,2.554,30.211,11.83,0.7782,True,,False,FLAS,935.0,2.5,9.5
2026-09-24 13:59:01,MLLB_000_y1.0.3,WHITE,v4_white_MLLB_000_y103_0924,3.6,3.608,7,60,44,kaba,True,,44.0,28.0,26.0,958.0,1002.0,4.187,49.554,11.834,0.7785,True,,False,FLAS,935.0,2.5,9.5
2026-09-24 13:59:17,MLLB_000_y1.0.3,WHITE,v4_white_MLLB_000_y103_0924,3.6,3.608,7,60,33,ince,True,,78.0,42.0,54.0,924.0,1002.0,1.086,12.859,11.838,0.7781,True,,False,ON,935.0,2.5,9.5
2026-09-24 13:59:33,MLLB_000_y1.0.3,WHITE,v4_white_MLLB_000_y103_0924,3.6,3.608,7,60,34,ince,True,,66.0,40.0,42.0,936.0,1002.0,1.085,12.856,11.851,0.7787,True,,True,,935.0,2.5,9.5
2026-09-24 13:59:49,MLLB_000_y1.0.3,WHITE,v4_white_MLLB_000_y103_0924,3.6,3.608,7,60,35,ince,True,,56.0,44.0,30.0,946.0,1002.0,1.083,12.825,11.846,0.7777,True,,True,,935.0,2.5,9.5
2026-09-24 14:00:05,MLLB_000_y1.0.3,WHITE,v4_white_MLLB_000_y103_0924,3.6,3.608,7,60,37,ince,True,,44.0,28.0,26.0,958.0,1002.0,1.083,12.81,11.826,0.7784,True,,True,,935.0,2.5,9.5
2026-09-24 14:00:18,MLLB_000_y1.0.3,WHITE,v4_white_MLLB_000_y103_0924,3.6,3.608,7,60,38,ince,True,,44.0,28.0,26.0,958.0,1002.0,1.226,14.508,11.831,0.778,True,,True,,935.0,2.5,9.5
2026-09-24 14:00:34,MLLB_000_y1.0.3,WHITE,v4_white_MLLB_000_y103_0924,3.6,3.608,7,60,39,ince,True,,44.0,28.0,26.0,958.0,1002.0,1.901,22.492,11.834,0.7785,True,,True,,935.0,2.5,9.5
2026-09-24 14:00:34,MLLB_000_y1.0.3,WHITE,v4_white_MLLB_000_y103_0924,3.6,3.608,7,60,,bitti,False,,,,,,,,,,,,,,,935.0,2.5,9.5
2026-09-24 14:01:13,MLLB_000_y1.0.3,WHITE,v4_white_MLLB_000_y103_0924,3.6,3.608,8,100,12,kaba,True,,188.0,36.0,166.0,814.0,1002.0,1.086,15.345,14.136,0.7784,True,,False,ON,935.0,2.5,9.5
2026-09-24 14:01:26,MLLB_000_y1.0.3,WHITE,v4_white_MLLB_000_y103_0924,3.6,3.608,8,100,16,kaba,True,,130.0,40.0,106.0,872.0,1002.0,1.085,15.327,14.133,0.7784,True,,False,ON,935.0,2.5,9.5
2026-09-24 14:01:41,MLLB_000_y1.0.3,WHITE,v4_white_MLLB_000_y103_0924,3.6,3.608,8,100,20,kaba,True,,74.0,36.0,50.0,928.0,1002.0,1.08,15.327,14.198,0.7784,True,,False,ON,935.0,2.5,9.5
2026-09-24 14:01:57,MLLB_000_y1.0.3,WHITE,v4_white_MLLB_000_y103_0924,3.6,3.608,8,100,24,kaba,True,,30.0,28.0,10.0,972.0,1002.0,1.103,15.656,14.196,0.7777,True,,True,,935.0,2.5,9.5
2026-09-24 14:02:13,MLLB_000_y1.0.3,WHITE,v4_white_MLLB_000_y103_0924,3.6,3.608,8,100,28,kaba,True,,30.0,28.0,10.0,972.0,1002.0,5.091,72.221,14.186,0.778,True,,False,FLAS,935.0,2.5,9.5
2026-09-24 14:02:29,MLLB_000_y1.0.3,WHITE,v4_white_MLLB_000_y103_0924,3.6,3.608,8,100,32,kaba,True,,30.0,28.0,10.0,972.0,1002.0,13.578,192.979,14.213,0.7778,True,,False,FLAS,935.0,2.5,9.5
2026-09-24 14:02:45,MLLB_000_y1.0.3,WHITE,v4_white_MLLB_000_y103_0924,3.6,3.608,8,100,21,ince,True,,58.0,40.0,34.0,944.0,1002.0,1.085,15.421,14.209,0.7775,True,,True,,935.0,2.5,9.5
2026-09-24 14:03:01,MLLB_000_y1.0.3,WHITE,v4_white_MLLB_000_y103_0924,3.6,3.608,8,100,22,ince,True,,42.0,40.0,18.0,960.0,1002.0,1.079,15.338,14.215,0.7778,True,,True,,935.0,2.5,9.5
2026-09-24 14:03:17,MLLB_000_y1.0.3,WHITE,v4_white_MLLB_000_y103_0924,3.6,3.608,8,100,23,ince,True,,30.0,28.0,10.0,972.0,1002.0,1.08,15.327,14.193,0.7781,True,,True,,935.0,2.5,9.5
2026-09-24 14:03:33,MLLB_000_y1.0.3,WHITE,v4_white_MLLB_000_y103_0924,3.6,3.608,8,100,25,ince,True,,30.0,28.0,10.0,972.0,1002.0,2.101,29.845,14.207,0.7784,True,,True,,935.0,2.5,9.5
2026-09-24 14:03:49,MLLB_000_y1.0.3,WHITE,v4_white_MLLB_000_y103_0924,3.6,3.608,8,100,26,ince,True,,30.0,28.0,10.0,972.0,1002.0,3.004,42.671,14.207,0.7781,True,,False,FLAS,935.0,2.5,9.5
2026-09-24 14:04:05,MLLB_000_y1.0.3,WHITE,v4_white_MLLB_000_y103_0924,3.6,3.608,8,100,27,ince,True,,30.0,28.0,10.0,972.0,1002.0,3.505,49.827,14.218,0.7787,True,,False,FLAS,935.0,2.5,9.5
2026-09-24 14:04:06,MLLB_000_y1.0.3,WHITE,v4_white_MLLB_000_y103_0924,3.6,3.608,8,100,,bitti,False,,,,,,,,,,,,,,,935.0,2.5,9.5
2026-09-24 14:04:21,MLLB_000_y1.0.3,WHITE,v4_white_MLLB_000_y103_0924,3.6,3.608,8,80,12,kaba,True,,216.0,36.0,194.0,786.0,1002.0,1.088,15.33,14.087,0.7783,True,,False,ON,935.0,2.5,9.5
2026-09-24 14:04:37,MLLB_000_y1.0.3,WHITE,v4_white_MLLB_000_y103_0924,3.6,3.608,8,80,16,kaba,True,,170.0,42.0,146.0,832.0,1002.0,1.086,15.367,14.146,0.7788,True,,False,ON,935.0,2.5,9.5
2026-09-24 14:04:53,MLLB_000_y1.0.3,WHITE,v4_white_MLLB_000_y103_0924,3.6,3.608,8,80,20,kaba,True,,124.0,36.0,102.0,878.0,1002.0,1.089,15.421,14.167,0.7788,True,,False,ON,935.0,2.5,9.5
2026-09-24 14:05:09,MLLB_000_y1.0.3,WHITE,v4_white_MLLB_000_y103_0924,3.6,3.608,8,80,24,kaba,True,,78.0,36.0,54.0,924.0,1002.0,1.082,15.372,14.206,0.7785,True,,False,ON,935.0,2.5,9.5
2026-09-24 14:05:25,MLLB_000_y1.0.3,WHITE,v4_white_MLLB_000_y103_0924,3.6,3.608,8,80,28,kaba,True,,34.0,34.0,14.0,968.0,1002.0,1.081,15.364,14.209,0.7786,True,,True,,935.0,2.5,9.5
2026-09-24 14:05:41,MLLB_000_y1.0.3,WHITE,v4_white_MLLB_000_y103_0924,3.6,3.608,8,80,32,kaba,True,,34.0,34.0,14.0,968.0,1002.0,3.219,45.767,14.218,0.7782,True,,False,FLAS,935.0,2.5,9.5
2026-09-24 14:05:57,MLLB_000_y1.0.3,WHITE,v4_white_MLLB_000_y103_0924,3.6,3.608,8,80,36,kaba,True,,34.0,34.0,14.0,968.0,1002.0,8.426,119.6,14.194,0.7782,True,,False,FLAS,935.0,2.5,9.5
2026-09-24 14:06:13,MLLB_000_y1.0.3,WHITE,v4_white_MLLB_000_y103_0924,3.6,3.608,8,80,25,ince,True,,66.0,36.0,42.0,936.0,1002.0,1.078,15.327,14.216,0.7783,True,,True,,935.0,2.5,9.5
2026-09-24 14:06:29,MLLB_000_y1.0.3,WHITE,v4_white_MLLB_000_y103_0924,3.6,3.608,8,80,26,ince,True,,54.0,42.0,30.0,948.0,1002.0,1.079,15.331,14.211,0.7785,True,,True,,935.0,2.5,9.5
2026-09-24 14:06:45,MLLB_000_y1.0.3,WHITE,v4_white_MLLB_000_y103_0924,3.6,3.608,8,80,27,ince,True,,40.0,36.0,18.0,962.0,1002.0,1.083,15.396,14.211,0.7783,True,,True,,935.0,2.5,9.5
2026-09-24 14:07:01,MLLB_000_y1.0.3,WHITE,v4_white_MLLB_000_y103_0924,3.6,3.608,8,80,29,ince,True,,34.0,32.0,14.0,968.0,1002.0,1.165,16.551,14.205,0.7786,True,,True,,935.0,2.5,9.5
2026-09-24 14:07:17,MLLB_000_y1.0.3,WHITE,v4_white_MLLB_000_y103_0924,3.6,3.608,8,80,30,ince,True,,34.0,34.0,14.0,968.0,1002.0,1.936,27.518,14.211,0.7777,True,,True,,935.0,2.5,9.5
2026-09-24 14:07:33,MLLB_000_y1.0.3,WHITE,v4_white_MLLB_000_y103_0924,3.6,3.608,8,80,31,ince,True,,34.0,32.0,14.0,968.0,1002.0,2.711,38.463,14.187,0.7782,True,,False,FLAS,935.0,2.5,9.5
2026-09-24 14:07:34,MLLB_000_y1.0.3,WHITE,v4_white_MLLB_000_y103_0924,3.6,3.608,8,80,,bitti,False,,,,,,,,,,,,,,,935.0,2.5,9.5
2026-09-24 14:07:49,MLLB_000_y1.0.3,WHITE,v4_white_MLLB_000_y103_0924,3.6,3.608,8,60,12,kaba,True,,246.0,38.0,224.0,756.0,1002.0,1.088,15.333,14.088,0.7782,True,,False,ON,935.0,2.5,9.5
2026-09-24 14:08:05,MLLB_000_y1.0.3,WHITE,v4_white_MLLB_000_y103_0924,3.6,3.608,8,60,16,kaba,True,,214.0,40.0,190.0,788.0,1002.0,1.093,15.393,14.077,0.7783,True,,False,ON,935.0,2.5,9.5
2026-09-24 14:08:21,MLLB_000_y1.0.3,WHITE,v4_white_MLLB_000_y103_0924,3.6,3.608,8,60,20,kaba,True,,182.0,36.0,158.0,820.0,1002.0,1.085,15.327,14.121,0.778,True,,False,ON,935.0,2.5,9.5
2026-09-24 14:08:37,MLLB_000_y1.0.3,WHITE,v4_white_MLLB_000_y103_0924,3.6,3.608,8,60,24,kaba,True,,148.0,38.0,124.0,854.0,1002.0,1.087,15.374,14.149,0.7783,True,,False,ON,935.0,2.5,9.5
2026-09-24 14:08:53,MLLB_000_y1.0.3,WHITE,v4_white_MLLB_000_y103_0924,3.6,3.608,8,60,28,kaba,True,,114.0,42.0,90.0,888.0,1002.0,1.082,15.327,14.165,0.7785,True,,False,ON,935.0,2.5,9.5
2026-09-24 14:09:09,MLLB_000_y1.0.3,WHITE,v4_white_MLLB_000_y103_0924,3.6,3.608,8,60,32,kaba,True,,80.0,36.0,58.0,922.0,1002.0,1.086,15.421,14.194,0.7784,True,,False,ON,935.0,2.5,9.5
2026-09-24 14:09:25,MLLB_000_y1.0.3,WHITE,v4_white_MLLB_000_y103_0924,3.6,3.608,8,60,36,kaba,True,,46.0,32.0,26.0,956.0,1002.0,1.081,15.353,14.197,0.7779,True,,True,,935.0,2.5,9.5
2026-09-24 14:09:41,MLLB_000_y1.0.3,WHITE,v4_white_MLLB_000_y103_0924,3.6,3.608,8,60,40,kaba,True,,44.0,28.0,26.0,958.0,1002.0,2.169,30.765,14.184,0.7782,True,,True,,935.0,2.5,9.5
2026-09-24 14:09:57,MLLB_000_y1.0.3,WHITE,v4_white_MLLB_000_y103_0924,3.6,3.608,8,60,44,kaba,True,,44.0,28.0,26.0,958.0,1002.0,3.566,50.548,14.173,0.7778,True,,False,FLAS,935.0,2.5,9.5
2026-09-24 14:10:13,MLLB_000_y1.0.3,WHITE,v4_white_MLLB_000_y103_0924,3.6,3.608,8,60,48,kaba,True,,44.0,28.0,26.0,958.0,1002.0,7.158,101.504,14.18,0.7777,True,,False,FLAS,935.0,2.5,9.5
2026-09-24 14:10:25,MLLB_000_y1.0.3,WHITE,v4_white_MLLB_000_y103_0924,3.6,3.608,8,60,33,ince,True,,70.0,40.0,48.0,932.0,1002.0,1.078,15.28,14.169,0.7779,True,,False,ON,935.0,2.5,9.5
2026-09-24 14:10:41,MLLB_000_y1.0.3,WHITE,v4_white_MLLB_000_y103_0924,3.6,3.608,8,60,34,ince,True,,62.0,40.0,38.0,940.0,1002.0,1.081,15.327,14.177,0.7783,True,,True,,935.0,2.5,9.5
2026-09-24 14:10:57,MLLB_000_y1.0.3,WHITE,v4_white_MLLB_000_y103_0924,3.6,3.608,8,60,35,ince,True,,54.0,42.0,30.0,948.0,1002.0,1.08,15.327,14.193,0.778,True,,True,,935.0,2.5,9.5
2026-09-24 14:10:58,MLLB_000_y1.0.3,WHITE,v4_white_MLLB_000_y103_0924,3.6,3.608,8,60,37,ince,False,iki-OK-arasi-monotonluk,,,,,,,,,,,,True,,935.0,2.5,9.5
2026-09-24 14:10:58,MLLB_000_y1.0.3,WHITE,v4_white_MLLB_000_y103_0924,3.6,3.608,8,60,38,ince,False,iki-OK-arasi-monotonluk,,,,,,,,,,,,True,,935.0,2.5,9.5
2026-09-24 14:10:58,MLLB_000_y1.0.3,WHITE,v4_white_MLLB_000_y103_0924,3.6,3.608,8,60,39,ince,False,iki-OK-arasi-monotonluk,,,,,,,,,,,,True,,935.0,2.5,9.5
2026-09-24 14:11:13,MLLB_000_y1.0.3,WHITE,v4_white_MLLB_000_y103_0924,3.6,3.608,8,60,41,ince,True,,44.0,28.0,26.0,958.0,1002.0,2.713,38.463,14.177,0.7781,True,,False,FLAS,935.0,2.5,9.5
2026-09-24 14:11:29,MLLB_000_y1.0.3,WHITE,v4_white_MLLB_000_y103_0924,3.6,3.608,8,60,42,ince,True,,46.0,28.0,26.0,956.0,1002.0,3.085,43.775,14.188,0.7783,True,,False,FLAS,935.0,2.5,9.5
2026-09-24 14:11:45,MLLB_000_y1.0.3,WHITE,v4_white_MLLB_000_y103_0924,3.6,3.608,8,60,43,ince,True,,44.0,28.0,26.0,958.0,1002.0,3.321,47.113,14.188,0.7776,True,,False,FLAS,935.0,2.5,9.5
2026-09-24 14:11:45,MLLB_000_y1.0.3,WHITE,v4_white_MLLB_000_y103_0924,3.6,3.608,8,60,,bitti,False,,,,,,,,,,,,,,,935.0,2.5,9.5
2026-09-24 14:12:07,MLLB_000_y1.0.3,WHITE,v4_white_MLLB_000_y103_0924,3.6,3.608,10,100,12,kaba,True,,146.0,32.0,126.0,856.0,1002.0,1.079,20.268,18.792,0.778,True,,False,ON,935.0,2.5,9.5
2026-09-24 14:12:23,MLLB_000_y1.0.3,WHITE,v4_white_MLLB_000_y103_0924,3.6,3.608,10,100,16,kaba,True,,104.0,36.0,82.0,898.0,1002.0,1.079,20.337,18.846,0.7777,True,,False,ON,935.0,2.5,9.5
2026-09-24 14:12:39,MLLB_000_y1.0.3,WHITE,v4_white_MLLB_000_y103_0924,3.6,3.608,10,100,20,kaba,True,,62.0,34.0,40.0,940.0,1002.0,1.073,20.233,18.863,0.7778,True,,True,,935.0,2.5,9.5
2026-09-24 14:12:55,MLLB_000_y1.0.3,WHITE,v4_white_MLLB_000_y103_0924,3.6,3.608,10,100,24,kaba,True,,30.0,28.0,10.0,972.0,1002.0,1.074,20.268,18.872,0.778,True,,True,,935.0,2.5,9.5
2026-09-24 14:13:11,MLLB_000_y1.0.3,WHITE,v4_white_MLLB_000_y103_0924,3.6,3.608,10,100,28,kaba,True,,30.0,28.0,10.0,972.0,1002.0,4.139,78.152,18.884,0.7777,True,,False,FLAS,935.0,2.5,9.5
2026-09-24 14:13:27,MLLB_000_y1.0.3,WHITE,v4_white_MLLB_000_y103_0924,3.6,3.608,10,100,32,kaba,True,,30.0,28.0,10.0,972.0,1002.0,10.478,197.797,18.877,0.7782,True,,False,FLAS,935.0,2.5,9.5
2026-09-24 14:13:43,MLLB_000_y1.0.3,WHITE,v4_white_MLLB_000_y103_0924,3.6,3.608,10,100,17,ince,True,,94.0,34.0,72.0,908.0,1002.0,1.075,20.268,18.846,0.778,True,,False,ON,935.0,2.5,9.5
2026-09-24 14:13:59,MLLB_000_y1.0.3,WHITE,v4_white_MLLB_000_y103_0924,3.6,3.608,10,100,18,ince,True,,82.0,32.0,62.0,920.0,1002.0,1.075,20.268,18.856,0.7781,True,,False,ON,935.0,2.5,9.5
2026-09-24 14:14:15,MLLB_000_y1.0.3,WHITE,v4_white_MLLB_000_y103_0924,3.6,3.608,10,100,19,ince,True,,72.0,36.0,50.0,930.0,1002.0,1.074,20.268,18.866,0.7786,True,,False,ON,935.0,2.5,9.5
2026-09-24 14:14:16,MLLB_000_y1.0.3,WHITE,v4_white_MLLB_000_y103_0924,3.6,3.608,10,100,21,ince,False,iki-OK-arasi-monotonluk,,,,,,,,,,,,True,,935.0,2.5,9.5
2026-09-24 14:14:16,MLLB_000_y1.0.3,WHITE,v4_white_MLLB_000_y103_0924,3.6,3.608,10,100,22,ince,False,iki-OK-arasi-monotonluk,,,,,,,,,,,,True,,935.0,2.5,9.5
2026-09-24 14:14:16,MLLB_000_y1.0.3,WHITE,v4_white_MLLB_000_y103_0924,3.6,3.608,10,100,23,ince,False,iki-OK-arasi-monotonluk,,,,,,,,,,,,True,,935.0,2.5,9.5
2026-09-24 14:14:31,MLLB_000_y1.0.3,WHITE,v4_white_MLLB_000_y103_0924,3.6,3.608,10,100,25,ince,True,,30.0,28.0,10.0,972.0,1002.0,1.627,30.667,18.85,0.7779,True,,True,,935.0,2.5,9.5
2026-09-24 14:14:47,MLLB_000_y1.0.3,WHITE,v4_white_MLLB_000_y103_0924,3.6,3.608,10,100,26,ince,True,,30.0,28.0,10.0,972.0,1002.0,2.303,43.468,18.876,0.778,True,,True,,935.0,2.5,9.5
2026-09-24 14:15:03,MLLB_000_y1.0.3,WHITE,v4_white_MLLB_000_y103_0924,3.6,3.608,10,100,27,ince,True,,30.0,28.0,10.0,972.0,1002.0,2.688,50.756,18.884,0.7778,True,,False,FLAS,935.0,2.5,9.5
2026-09-24 14:15:04,MLLB_000_y1.0.3,WHITE,v4_white_MLLB_000_y103_0924,3.6,3.608,10,100,,bitti,False,,,,,,,,,,,,,,,935.0,2.5,9.5
2026-09-24 14:15:19,MLLB_000_y1.0.3,WHITE,v4_white_MLLB_000_y103_0924,3.6,3.608,10,80,12,kaba,True,,168.0,36.0,146.0,834.0,1002.0,1.079,20.268,18.793,0.7779,True,,False,ON,935.0,2.5,9.5
2026-09-24 14:15:35,MLLB_000_y1.0.3,WHITE,v4_white_MLLB_000_y103_0924,3.6,3.608,10,80,16,kaba,True,,134.0,32.0,114.0,868.0,1002.0,1.078,20.27,18.808,0.778,True,,False,ON,935.0,2.5,9.5
2026-09-24 14:15:51,MLLB_000_y1.0.3,WHITE,v4_white_MLLB_000_y103_0924,3.6,3.608,10,80,20,kaba,True,,100.0,36.0,78.0,902.0,1002.0,1.076,20.268,18.832,0.778,True,,False,ON,935.0,2.5,9.5
2026-09-24 14:16:07,MLLB_000_y1.0.3,WHITE,v4_white_MLLB_000_y103_0924,3.6,3.608,10,80,24,kaba,True,,66.0,32.0,46.0,936.0,1002.0,1.072,20.231,18.869,0.7782,True,,True,,935.0,2.5,9.5
2026-09-24 14:16:23,MLLB_000_y1.0.3,WHITE,v4_white_MLLB_000_y103_0924,3.6,3.608,10,80,28,kaba,True,,34.0,32.0,14.0,968.0,1002.0,1.074,20.284,18.88,0.7783,True,,True,,935.0,2.5,9.5
2026-09-24 14:16:39,MLLB_000_y1.0.3,WHITE,v4_white_MLLB_000_y103_0924,3.6,3.608,10,80,32,kaba,True,,34.0,32.0,14.0,968.0,1002.0,2.473,46.682,18.874,0.7785,True,,True,,935.0,2.5,9.5
2026-09-24 14:16:55,MLLB_000_y1.0.3,WHITE,v4_white_MLLB_000_y103_0924,3.6,3.608,10,80,36,kaba,True,,34.0,34.0,14.0,968.0,1002.0,6.462,121.792,18.848,0.7782,True,,False,FLAS,935.0,2.5,9.5
2026-09-24 14:17:11,MLLB_000_y1.0.3,WHITE,v4_white_MLLB_000_y103_0924,3.6,3.608,10,80,21,ince,True,,92.0,38.0,70.0,910.0,1002.0,1.076,20.273,18.835,0.7787,True,,False,ON,935.0,2.5,9.5
2026-09-24 14:17:27,MLLB_000_y1.0.3,WHITE,v4_white_MLLB_000_y103_0924,3.6,3.608,10,80,22,ince,True,,82.0,32.0,62.0,920.0,1002.0,1.075,20.268,18.855,0.7784,True,,False,ON,935.0,2.5,9.5
2026-09-24 14:17:43,MLLB_000_y1.0.3,WHITE,v4_white_MLLB_000_y103_0924,3.6,3.608,10,80,23,ince,True,,74.0,32.0,54.0,928.0,1002.0,1.075,20.268,18.858,0.7786,True,,False,ON,935.0,2.5,9.5
2026-09-24 14:17:44,MLLB_000_y1.0.3,WHITE,v4_white_MLLB_000_y103_0924,3.6,3.608,10,80,25,ince,False,iki-OK-arasi-monotonluk,,,,,,,,,,,,True,,935.0,2.5,9.5
2026-09-24 14:17:44,MLLB_000_y1.0.3,WHITE,v4_white_MLLB_000_y103_0924,3.6,3.608,10,80,26,ince,False,iki-OK-arasi-monotonluk,,,,,,,,,,,,True,,935.0,2.5,9.5
2026-09-24 14:17:44,MLLB_000_y1.0.3,WHITE,v4_white_MLLB_000_y103_0924,3.6,3.608,10,80,27,ince,False,iki-OK-arasi-monotonluk,,,,,,,,,,,,True,,935.0,2.5,9.5
2026-09-24 14:17:44,MLLB_000_y1.0.3,WHITE,v4_white_MLLB_000_y103_0924,3.6,3.608,10,80,29,ince,False,iki-OK-arasi-monotonluk,,,,,,,,,,,,True,,935.0,2.5,9.5
2026-09-24 14:17:44,MLLB_000_y1.0.3,WHITE,v4_white_MLLB_000_y103_0924,3.6,3.608,10,80,30,ince,False,iki-OK-arasi-monotonluk,,,,,,,,,,,,True,,935.0,2.5,9.5
2026-09-24 14:17:44,MLLB_000_y1.0.3,WHITE,v4_white_MLLB_000_y103_0924,3.6,3.608,10,80,31,ince,False,iki-OK-arasi-monotonluk,,,,,,,,,,,,True,,935.0,2.5,9.5
2026-09-24 14:17:59,MLLB_000_y1.0.3,WHITE,v4_white_MLLB_000_y103_0924,3.6,3.608,10,80,33,ince,True,,36.0,34.0,16.0,968.0,1004.0,2.764,52.183,18.882,0.7782,True,,False,FLAS,935.0,2.5,9.5
2026-09-24 14:18:15,MLLB_000_y1.0.3,WHITE,v4_white_MLLB_000_y103_0924,3.6,3.608,10,80,34,ince,True,,34.0,34.0,14.0,968.0,1002.0,4.069,76.653,18.836,0.7786,True,,False,FLAS,935.0,2.5,9.5
2026-09-24 14:18:28,MLLB_000_y1.0.3,WHITE,v4_white_MLLB_000_y103_0924,3.6,3.608,10,80,35,ince,True,,34.0,32.0,14.0,968.0,1002.0,5.064,95.419,18.843,0.7779,True,,False,FLAS,935.0,2.5,9.5
2026-09-24 14:18:28,MLLB_000_y1.0.3,WHITE,v4_white_MLLB_000_y103_0924,3.6,3.608,10,80,,bitti,False,,,,,,,,,,,,,,,935.0,2.5,9.5
2026-09-24 14:18:43,MLLB_000_y1.0.3,WHITE,v4_white_MLLB_000_y103_0924,3.6,3.608,10,60,12,kaba,True,,192.0,32.0,170.0,810.0,1002.0,1.083,20.272,18.725,0.7784,True,,False,ON,935.0,2.5,9.5
2026-09-24 14:18:59,MLLB_000_y1.0.3,WHITE,v4_white_MLLB_000_y103_0924,3.6,3.608,10,60,16,kaba,True,,168.0,38.0,146.0,834.0,1002.0,1.079,20.235,18.747,0.7781,True,,False,ON,935.0,2.5,9.5
2026-09-24 14:19:15,MLLB_000_y1.0.3,WHITE,v4_white_MLLB_000_y103_0924,3.6,3.608,10,60,20,kaba,True,,144.0,32.0,122.0,858.0,1002.0,1.079,20.268,18.792,0.7783,True,,False,ON,935.0,2.5,9.5
2026-09-24 14:19:31,MLLB_000_y1.0.3,WHITE,v4_white_MLLB_000_y103_0924,3.6,3.608,10,60,24,kaba,True,,120.0,38.0,98.0,882.0,1002.0,1.077,20.268,18.826,0.7786,True,,False,ON,935.0,2.5,9.5
2026-09-24 14:19:47,MLLB_000_y1.0.3,WHITE,v4_white_MLLB_000_y103_0924,3.6,3.608,10,60,28,kaba,True,,94.0,32.0,74.0,908.0,1002.0,1.076,20.268,18.832,0.7782,True,,False,ON,935.0,2.5,9.5
2026-09-24 14:20:03,MLLB_000_y1.0.3,WHITE,v4_white_MLLB_000_y103_0924,3.6,3.608,10,60,32,kaba,True,,70.0,34.0,48.0,932.0,1002.0,1.074,20.257,18.857,0.7786,True,,False,ON,935.0,2.5,9.5
2026-09-24 14:20:19,MLLB_000_y1.0.3,WHITE,v4_white_MLLB_000_y103_0924,3.6,3.608,10,60,36,kaba,True,,46.0,34.0,26.0,956.0,1002.0,1.074,20.268,18.869,0.7782,True,,True,,935.0,2.5,9.5
2026-09-24 14:20:35,MLLB_000_y1.0.3,WHITE,v4_white_MLLB_000_y103_0924,3.6,3.608,10,60,40,kaba,True,,44.0,28.0,26.0,958.0,1002.0,1.649,31.113,18.87,0.7783,True,,True,,935.0,2.5,9.5
2026-09-24 14:20:51,MLLB_000_y1.0.3,WHITE,v4_white_MLLB_000_y103_0924,3.6,3.608,10,60,44,kaba,True,,44.0,28.0,26.0,958.0,1002.0,2.753,51.908,18.855,0.7786,True,,False,FLAS,935.0,2.5,9.5
2026-09-24 14:21:07,MLLB_000_y1.0.3,WHITE,v4_white_MLLB_000_y103_0924,3.6,3.608,10,60,48,kaba,True,,46.0,28.0,26.0,956.0,1002.0,5.494,103.695,18.874,0.7779,True,,False,FLAS,935.0,2.5,9.5
2026-09-24 14:21:23,MLLB_000_y1.0.3,WHITE,v4_white_MLLB_000_y103_0924,3.6,3.608,10,60,33,ince,True,,64.0,38.0,42.0,938.0,1002.0,1.074,20.268,18.879,0.7783,True,,True,,935.0,2.5,9.5
2026-09-24 14:21:39,MLLB_000_y1.0.3,WHITE,v4_white_MLLB_000_y103_0924,3.6,3.608,10,60,34,ince,True,,58.0,34.0,36.0,944.0,1002.0,1.074,20.276,18.876,0.7783,True,,True,,935.0,2.5,9.5
2026-09-24 14:21:55,MLLB_000_y1.0.3,WHITE,v4_white_MLLB_000_y103_0924,3.6,3.608,10,60,35,ince,True,,50.0,32.0,30.0,952.0,1002.0,1.073,20.268,18.887,0.7781,True,,True,,935.0,2.5,9.5
2026-09-24 14:21:56,MLLB_000_y1.0.3,WHITE,v4_white_MLLB_000_y103_0924,3.6,3.608,10,60,37,ince,False,iki-OK-arasi-monotonluk,,,,,,,,,,,,True,,935.0,2.5,9.5
2026-09-24 14:21:56,MLLB_000_y1.0.3,WHITE,v4_white_MLLB_000_y103_0924,3.6,3.608,10,60,38,ince,False,iki-OK-arasi-monotonluk,,,,,,,,,,,,True,,935.0,2.5,9.5
2026-09-24 14:21:56,MLLB_000_y1.0.3,WHITE,v4_white_MLLB_000_y103_0924,3.6,3.608,10,60,39,ince,False,iki-OK-arasi-monotonluk,,,,,,,,,,,,True,,935.0,2.5,9.5
2026-09-24 14:22:11,MLLB_000_y1.0.3,WHITE,v4_white_MLLB_000_y103_0924,3.6,3.608,10,60,41,ince,True,,44.0,28.0,26.0,958.0,1002.0,2.092,39.456,18.864,0.7781,True,,True,,935.0,2.5,9.5
2026-09-24 14:22:27,MLLB_000_y1.0.3,WHITE,v4_white_MLLB_000_y103_0924,3.6,3.608,10,60,42,ince,True,,46.0,28.0,26.0,956.0,1002.0,2.353,44.428,18.883,0.7784,True,,True,,935.0,2.5,9.5
2026-09-24 14:22:43,MLLB_000_y1.0.3,WHITE,v4_white_MLLB_000_y103_0924,3.6,3.608,10,60,43,ince,True,,46.0,28.0,26.0,956.0,1002.0,2.557,48.278,18.881,0.778,True,,False,FLAS,935.0,2.5,9.5
2026-09-24 14:22:44,MLLB_000_y1.0.3,WHITE,v4_white_MLLB_000_y103_0924,3.6,3.608,10,60,,bitti,False,,,,,,,,,,,,,,,935.0,2.5,9.5
2026-09-24 14:23:05,MLLB_000_y1.0.3,WHITE,v4_white_MLLB_000_y103_0924,3.6,3.608,15,100,12,kaba,True,,98.0,32.0,78.0,904.0,1002.0,1.064,33.048,31.068,0.7784,True,,False,ON,935.0,2.5,9.5
2026-09-24 14:23:21,MLLB_000_y1.0.3,WHITE,v4_white_MLLB_000_y103_0924,3.6,3.608,15,100,16,kaba,True,,74.0,28.0,54.0,928.0,1002.0,1.063,33.072,31.121,0.7783,True,,False,ON,935.0,2.5,9.5
2026-09-24 14:23:37,MLLB_000_y1.0.3,WHITE,v4_white_MLLB_000_y103_0924,3.6,3.608,15,100,20,kaba,True,,48.0,28.0,30.0,954.0,1002.0,1.063,33.075,31.127,0.7788,True,,True,,935.0,2.5,9.5
2026-09-24 14:23:53,MLLB_000_y1.0.3,WHITE,v4_white_MLLB_000_y103_0924,3.6,3.608,15,100,24,kaba,True,,30.0,28.0,10.0,972.0,1002.0,1.063,33.099,31.142,0.7783,True,,True,,935.0,2.5,9.5
2026-09-24 14:24:09,MLLB_000_y1.0.3,WHITE,v4_white_MLLB_000_y103_0924,3.6,3.608,15,100,28,kaba,True,,30.0,28.0,10.0,972.0,1002.0,2.22,78.902,35.533,0.7783,True,,True,,935.0,2.5,9.5
2026-09-24 14:24:25,MLLB_000_y1.0.3,WHITE,v4_white_MLLB_000_y103_0924,3.6,3.608,15,100,32,kaba,True,,30.0,28.0,10.0,972.0,1002.0,5.574,197.797,35.488,0.7782,True,,False,FLAS,935.0,2.5,9.5
2026-09-24 14:24:41,MLLB_000_y1.0.3,WHITE,v4_white_MLLB_000_y103_0924,3.6,3.608,15,100,36,kaba,True,,30.0,28.0,10.0,972.0,1002.0,6.498,230.776,35.514,0.7781,True,,False,FLAS,935.0,2.5,9.5
2026-09-24 14:24:57,MLLB_000_y1.0.3,WHITE,v4_white_MLLB_000_y103_0924,3.6,3.608,15,100,17,ince,True,,68.0,32.0,46.0,934.0,1002.0,1.064,33.099,31.105,0.7784,True,,False,ON,935.0,2.5,9.5
2026-09-24 14:25:13,MLLB_000_y1.0.3,WHITE,v4_white_MLLB_000_y103_0924,3.6,3.608,15,100,18,ince,True,,60.0,28.0,42.0,942.0,1002.0,1.062,33.048,31.114,0.7778,True,,True,,935.0,2.5,9.5
2026-09-24 14:25:29,MLLB_000_y1.0.3,WHITE,v4_white_MLLB_000_y103_0924,3.6,3.608,15,100,19,ince,True,,56.0,32.0,34.0,946.0,1002.0,1.063,33.058,31.105,0.7777,True,,True,,935.0,2.5,9.5
2026-09-24 14:25:30,MLLB_000_y1.0.3,WHITE,v4_white_MLLB_000_y103_0924,3.6,3.608,15,100,21,ince,False,iki-OK-arasi-monotonluk,,,,,,,,,,,,True,,935.0,2.5,9.5
2026-09-24 14:25:30,MLLB_000_y1.0.3,WHITE,v4_white_MLLB_000_y103_0924,3.6,3.608,15,100,22,ince,False,iki-OK-arasi-monotonluk,,,,,,,,,,,,True,,935.0,2.5,9.5
2026-09-24 14:25:30,MLLB_000_y1.0.3,WHITE,v4_white_MLLB_000_y103_0924,3.6,3.608,15,100,23,ince,False,iki-OK-arasi-monotonluk,,,,,,,,,,,,True,,935.0,2.5,9.5
2026-09-24 14:25:30,MLLB_000_y1.0.3,WHITE,v4_white_MLLB_000_y103_0924,3.6,3.608,15,100,25,ince,False,iki-OK-arasi-monotonluk,,,,,,,,,,,,True,,935.0,2.5,9.5
2026-09-24 14:25:30,MLLB_000_y1.0.3,WHITE,v4_white_MLLB_000_y103_0924,3.6,3.608,15,100,26,ince,False,iki-OK-arasi-monotonluk,,,,,,,,,,,,True,,935.0,2.5,9.5
2026-09-24 14:25:30,MLLB_000_y1.0.3,WHITE,v4_white_MLLB_000_y103_0924,3.6,3.608,15,100,27,ince,False,iki-OK-arasi-monotonluk,,,,,,,,,,,,True,,935.0,2.5,9.5
2026-09-24 14:25:45,MLLB_000_y1.0.3,WHITE,v4_white_MLLB_000_y103_0924,3.6,3.608,15,100,29,ince,True,,30.0,28.0,10.0,972.0,1002.0,3.022,107.461,35.558,0.7778,True,,False,FLAS,935.0,2.5,9.5
2026-09-24 14:26:01,MLLB_000_y1.0.3,WHITE,v4_white_MLLB_000_y103_0924,3.6,3.608,15,100,30,ince,True,,30.0,28.0,10.0,972.0,1002.0,4.337,154.356,35.594,0.7786,True,,False,FLAS,935.0,2.5,9.5
2026-09-24 14:26:17,MLLB_000_y1.0.3,WHITE,v4_white_MLLB_000_y103_0924,3.6,3.608,15,100,31,ince,True,,30.0,28.0,10.0,972.0,1002.0,5.125,182.519,35.614,0.778,True,,False,FLAS,935.0,2.5,9.5
2026-09-24 14:26:18,MLLB_000_y1.0.3,WHITE,v4_white_MLLB_000_y103_0924,3.6,3.608,15,100,,bitti,False,,,,,,,,,,,,,,,935.0,2.5,9.5
2026-09-24 14:26:33,MLLB_000_y1.0.3,WHITE,v4_white_MLLB_000_y103_0924,3.6,3.608,15,80,12,kaba,True,,112.0,30.0,92.0,890.0,1002.0,1.068,33.169,31.048,0.7783,True,,False,ON,935.0,2.5,9.5
2026-09-24 14:26:49,MLLB_000_y1.0.3,WHITE,v4_white_MLLB_000_y103_0924,3.6,3.608,15,80,16,kaba,True,,92.0,30.0,72.0,910.0,1002.0,1.064,33.048,31.074,0.7781,True,,False,ON,935.0,2.5,9.5
2026-09-24 14:27:05,MLLB_000_y1.0.3,WHITE,v4_white_MLLB_000_y103_0924,3.6,3.608,15,80,20,kaba,True,,72.0,30.0,52.0,930.0,1002.0,1.066,33.15,31.108,0.7779,True,,False,ON,935.0,2.5,9.5
2026-09-24 14:27:21,MLLB_000_y1.0.3,WHITE,v4_white_MLLB_000_y103_0924,3.6,3.608,15,80,24,kaba,True,,52.0,28.0,34.0,950.0,1002.0,1.062,33.099,31.153,0.7785,True,,True,,935.0,2.5,9.5
2026-09-24 14:27:37,MLLB_000_y1.0.3,WHITE,v4_white_MLLB_000_y103_0924,3.6,3.608,15,80,28,kaba,True,,34.0,34.0,14.0,968.0,1002.0,1.063,33.091,31.136,0.7779,True,,True,,935.0,2.5,9.5
2026-09-24 14:27:50,MLLB_000_y1.0.3,WHITE,v4_white_MLLB_000_y103_0924,3.6,3.608,15,80,32,kaba,True,,34.0,32.0,14.0,968.0,1002.0,1.502,46.704,31.103,0.7782,True,,True,,935.0,2.5,9.5
2026-09-24 14:28:05,MLLB_000_y1.0.3,WHITE,v4_white_MLLB_000_y103_0924,3.6,3.608,15,80,36,kaba,True,,34.0,32.0,14.0,968.0,1002.0,3.374,120.282,35.647,0.7784,True,,False,FLAS,935.0,2.5,9.5
2026-09-24 14:28:18,MLLB_000_y1.0.3,WHITE,v4_white_MLLB_000_y103_0924,3.6,3.608,15,80,40,kaba,True,,34.0,32.0,14.0,968.0,1002.0,5.085,180.993,35.595,0.7774,True,,False,FLAS,935.0,2.5,9.5
2026-09-24 14:28:33,MLLB_000_y1.0.3,WHITE,v4_white_MLLB_000_y103_0924,3.6,3.608,15,80,21,ince,True,,68.0,30.0,48.0,934.0,1002.0,1.062,33.048,31.108,0.7779,True,,False,ON,935.0,2.5,9.5
2026-09-24 14:28:49,MLLB_000_y1.0.3,WHITE,v4_white_MLLB_000_y103_0924,3.6,3.608,15,80,22,ince,True,,62.0,32.0,42.0,940.0,1002.0,1.064,33.103,31.125,0.7779,True,,True,,935.0,2.5,9.5
2026-09-24 14:29:05,MLLB_000_y1.0.3,WHITE,v4_white_MLLB_000_y103_0924,3.6,3.608,15,80,23,ince,True,,58.0,32.0,38.0,944.0,1002.0,1.063,33.099,31.127,0.7786,True,,True,,935.0,2.5,9.5
2026-09-24 14:29:06,MLLB_000_y1.0.3,WHITE,v4_white_MLLB_000_y103_0924,3.6,3.608,15,80,25,ince,False,iki-OK-arasi-monotonluk,,,,,,,,,,,,True,,935.0,2.5,9.5
2026-09-24 14:29:06,MLLB_000_y1.0.3,WHITE,v4_white_MLLB_000_y103_0924,3.6,3.608,15,80,26,ince,False,iki-OK-arasi-monotonluk,,,,,,,,,,,,True,,935.0,2.5,9.5
2026-09-24 14:29:06,MLLB_000_y1.0.3,WHITE,v4_white_MLLB_000_y103_0924,3.6,3.608,15,80,27,ince,False,iki-OK-arasi-monotonluk,,,,,,,,,,,,True,,935.0,2.5,9.5
2026-09-24 14:29:06,MLLB_000_y1.0.3,WHITE,v4_white_MLLB_000_y103_0924,3.6,3.608,15,80,29,ince,False,iki-OK-arasi-monotonluk,,,,,,,,,,,,True,,935.0,2.5,9.5
2026-09-24 14:29:06,MLLB_000_y1.0.3,WHITE,v4_white_MLLB_000_y103_0924,3.6,3.608,15,80,30,ince,False,iki-OK-arasi-monotonluk,,,,,,,,,,,,True,,935.0,2.5,9.5
2026-09-24 14:29:06,MLLB_000_y1.0.3,WHITE,v4_white_MLLB_000_y103_0924,3.6,3.608,15,80,31,ince,False,iki-OK-arasi-monotonluk,,,,,,,,,,,,True,,935.0,2.5,9.5
2026-09-24 14:29:21,MLLB_000_y1.0.3,WHITE,v4_white_MLLB_000_y103_0924,3.6,3.608,15,80,33,ince,True,,34.0,32.0,14.0,968.0,1002.0,1.674,52.128,31.145,0.7782,True,,True,,935.0,2.5,9.5
2026-09-24 14:29:37,MLLB_000_y1.0.3,WHITE,v4_white_MLLB_000_y103_0924,3.6,3.608,15,80,34,ince,True,,34.0,32.0,14.0,968.0,1002.0,2.122,75.904,35.77,0.7778,True,,True,,935.0,2.5,9.5
2026-09-24 14:29:53,MLLB_000_y1.0.3,WHITE,v4_white_MLLB_000_y103_0924,3.6,3.608,15,80,35,ince,True,,34.0,32.0,14.0,968.0,1002.0,2.64,94.667,35.859,0.7782,True,,False,FLAS,935.0,2.5,9.5
2026-09-24 14:29:54,MLLB_000_y1.0.3,WHITE,v4_white_MLLB_000_y103_0924,3.6,3.608,15,80,,bitti,False,,,,,,,,,,,,,,,935.0,2.5,9.5
2026-09-24 14:30:09,MLLB_000_y1.0.3,WHITE,v4_white_MLLB_000_y103_0924,3.6,3.608,15,60,12,kaba,True,,126.0,32.0,106.0,876.0,1002.0,1.067,33.085,31.018,0.7784,True,,False,ON,935.0,2.5,9.5
2026-09-24 14:30:25,MLLB_000_y1.0.3,WHITE,v4_white_MLLB_000_y103_0924,3.6,3.608,15,60,16,kaba,True,,112.0,28.0,94.0,890.0,1002.0,1.065,33.062,31.038,0.7784,True,,False,ON,935.0,2.5,9.5
2026-09-24 14:30:41,MLLB_000_y1.0.3,WHITE,v4_white_MLLB_000_y103_0924,3.6,3.608,15,60,20,kaba,True,,100.0,32.0,78.0,902.0,1002.0,1.065,33.091,31.068,0.7778,True,,False,ON,935.0,2.5,9.5
2026-09-24 14:30:57,MLLB_000_y1.0.3,WHITE,v4_white_MLLB_000_y103_0924,3.6,3.608,15,60,24,kaba,True,,86.0,34.0,66.0,916.0,1002.0,1.065,33.128,31.104,0.7778,True,,False,ON,935.0,2.5,9.5
2026-09-24 14:31:13,MLLB_000_y1.0.3,WHITE,v4_white_MLLB_000_y103_0924,3.6,3.608,15,60,28,kaba,True,,72.0,30.0,52.0,930.0,1002.0,1.063,33.099,31.127,0.7787,True,,False,ON,935.0,2.5,9.5
2026-09-24 14:31:29,MLLB_000_y1.0.3,WHITE,v4_white_MLLB_000_y103_0924,3.6,3.608,15,60,32,kaba,True,,58.0,32.0,38.0,944.0,1002.0,1.064,33.15,31.145,0.7783,True,,True,,935.0,2.5,9.5
2026-09-24 14:31:45,MLLB_000_y1.0.3,WHITE,v4_white_MLLB_000_y103_0924,3.6,3.608,15,60,36,kaba,True,,46.0,28.0,26.0,956.0,1002.0,1.063,33.082,31.12,0.7785,True,,True,,935.0,2.5,9.5
2026-09-24 14:31:58,MLLB_000_y1.0.3,WHITE,v4_white_MLLB_000_y103_0924,3.6,3.608,15,60,40,kaba,True,,46.0,28.0,26.0,956.0,1002.0,1.068,33.228,31.098,0.7779,True,,True,,935.0,2.5,9.5
2026-09-24 14:32:13,MLLB_000_y1.0.3,WHITE,v4_white_MLLB_000_y103_0924,3.6,3.608,15,60,44,kaba,True,,46.0,28.0,26.0,956.0,1002.0,1.665,51.856,31.152,0.7787,True,,True,,935.0,2.5,9.5
2026-09-24 14:32:29,MLLB_000_y1.0.3,WHITE,v4_white_MLLB_000_y103_0924,3.6,3.608,15,60,48,kaba,True,,46.0,28.0,26.0,956.0,1002.0,2.877,102.321,35.564,0.7777,True,,False,FLAS,935.0,2.5,9.5
2026-09-24 14:32:45,MLLB_000_y1.0.3,WHITE,v4_white_MLLB_000_y103_0924,3.6,3.608,15,60,52,kaba,True,,46.0,28.0,26.0,956.0,1002.0,3.848,136.916,35.584,0.7783,True,,False,FLAS,935.0,2.5,9.5
2026-09-24 14:33:01,MLLB_000_y1.0.3,WHITE,v4_white_MLLB_000_y103_0924,3.6,3.608,15,60,29,ince,True,,68.0,28.0,50.0,934.0,1002.0,1.065,33.099,31.083,0.7779,True,,False,ON,935.0,2.5,9.5
2026-09-24 14:33:17,MLLB_000_y1.0.3,WHITE,v4_white_MLLB_000_y103_0924,3.6,3.608,15,60,30,ince,True,,66.0,28.0,46.0,936.0,1002.0,1.062,33.048,31.111,0.7775,True,,True,,935.0,2.5,9.5
2026-09-24 14:33:33,MLLB_000_y1.0.3,WHITE,v4_white_MLLB_000_y103_0924,3.6,3.608,15,60,31,ince,True,,62.0,32.0,42.0,940.0,1002.0,1.063,33.048,31.095,0.7782,True,,True,,935.0,2.5,9.5
2026-09-24 14:33:34,MLLB_000_y1.0.3,WHITE,v4_white_MLLB_000_y103_0924,3.6,3.608,15,60,33,ince,False,iki-OK-arasi-monotonluk,,,,,,,,,,,,True,,935.0,2.5,9.5
2026-09-24 14:33:34,MLLB_000_y1.0.3,WHITE,v4_white_MLLB_000_y103_0924,3.6,3.608,15,60,34,ince,False,iki-OK-arasi-monotonluk,,,,,,,,,,,,True,,935.0,2.5,9.5
2026-09-24 14:33:34,MLLB_000_y1.0.3,WHITE,v4_white_MLLB_000_y103_0924,3.6,3.608,15,60,35,ince,False,iki-OK-arasi-monotonluk,,,,,,,,,,,,True,,935.0,2.5,9.5
2026-09-24 14:33:34,MLLB_000_y1.0.3,WHITE,v4_white_MLLB_000_y103_0924,3.6,3.608,15,60,37,ince,False,iki-OK-arasi-monotonluk,,,,,,,,,,,,True,,935.0,2.5,9.5
2026-09-24 14:33:34,MLLB_000_y1.0.3,WHITE,v4_white_MLLB_000_y103_0924,3.6,3.608,15,60,38,ince,False,iki-OK-arasi-monotonluk,,,,,,,,,,,,True,,935.0,2.5,9.5
2026-09-24 14:33:34,MLLB_000_y1.0.3,WHITE,v4_white_MLLB_000_y103_0924,3.6,3.608,15,60,39,ince,False,iki-OK-arasi-monotonluk,,,,,,,,,,,,True,,935.0,2.5,9.5
2026-09-24 14:33:34,MLLB_000_y1.0.3,WHITE,v4_white_MLLB_000_y103_0924,3.6,3.608,15,60,41,ince,False,iki-OK-arasi-monotonluk,,,,,,,,,,,,True,,935.0,2.5,9.5
2026-09-24 14:33:34,MLLB_000_y1.0.3,WHITE,v4_white_MLLB_000_y103_0924,3.6,3.608,15,60,42,ince,False,iki-OK-arasi-monotonluk,,,,,,,,,,,,True,,935.0,2.5,9.5
2026-09-24 14:33:34,MLLB_000_y1.0.3,WHITE,v4_white_MLLB_000_y103_0924,3.6,3.608,15,60,43,ince,False,iki-OK-arasi-monotonluk,,,,,,,,,,,,True,,935.0,2.5,9.5
2026-09-24 14:33:49,MLLB_000_y1.0.3,WHITE,v4_white_MLLB_000_y103_0924,3.6,3.608,15,60,45,ince,True,,46.0,28.0,26.0,956.0,1002.0,1.789,55.681,31.128,0.7783,True,,True,,935.0,2.5,9.5
2026-09-24 14:34:02,MLLB_000_y1.0.3,WHITE,v4_white_MLLB_000_y103_0924,3.6,3.608,15,60,46,ince,True,,46.0,28.0,26.0,956.0,1002.0,2.294,81.81,35.667,0.7776,True,,True,,935.0,2.5,9.5
2026-09-24 14:34:17,MLLB_000_y1.0.3,WHITE,v4_white_MLLB_000_y103_0924,3.6,3.608,15,60,47,ince,True,,46.0,28.0,26.0,956.0,1002.0,2.584,91.661,35.468,0.7778,True,,False,FLAS,935.0,2.5,9.5
2026-09-24 14:34:17,MLLB_000_y1.0.3,WHITE,v4_white_MLLB_000_y103_0924,3.6,3.608,15,60,,bitti,False,,,,,,,,,,,,,,,935.0,2.5,9.5
2026-09-24 14:34:39,MLLB_000_y1.0.3,WHITE,v4_white_MLLB_000_y103_0924,3.6,3.608,100,100,12,kaba,True,,30.0,28.0,10.0,972.0,1002.0,1.074,245.405,228.408,0.778,True,,True,,935.0,2.5,9.5
2026-09-24 14:34:55,MLLB_000_y1.0.3,WHITE,v4_white_MLLB_000_y103_0924,3.6,3.608,100,100,16,kaba,True,,30.0,28.0,10.0,972.0,1002.0,1.081,246.947,228.397,0.7779,True,,True,,935.0,2.5,9.5
2026-09-24 14:35:11,MLLB_000_y1.0.3,WHITE,v4_white_MLLB_000_y103_0924,3.6,3.608,100,100,20,kaba,True,,30.0,28.0,10.0,972.0,1002.0,1.08,246.947,228.57,0.7783,True,,True,,935.0,2.5,9.5
2026-09-24 14:35:27,MLLB_000_y1.0.3,WHITE,v4_white_MLLB_000_y103_0924,3.6,3.608,100,100,24,kaba,True,,30.0,28.0,10.0,972.0,1002.0,1.08,246.947,228.617,0.7783,True,,True,,935.0,2.5,9.5
2026-09-24 14:35:43,MLLB_000_y1.0.3,WHITE,v4_white_MLLB_000_y103_0924,3.6,3.608,100,100,28,kaba,True,,30.0,28.0,10.0,972.0,1002.0,1.081,246.961,228.528,0.7782,True,,True,,935.0,2.5,9.5
2026-09-24 14:35:59,MLLB_000_y1.0.3,WHITE,v4_white_MLLB_000_y103_0924,3.6,3.608,100,100,32,kaba,True,,30.0,28.0,10.0,972.0,1002.0,1.08,246.947,228.561,0.7783,True,,True,,935.0,2.5,9.5
2026-09-24 14:36:15,MLLB_000_y1.0.3,WHITE,v4_white_MLLB_000_y103_0924,3.6,3.608,100,100,36,kaba,True,,30.0,28.0,10.0,972.0,1002.0,1.084,247.719,228.46,0.7777,True,,True,,935.0,2.5,9.5
2026-09-24 14:36:31,MLLB_000_y1.0.3,WHITE,v4_white_MLLB_000_y103_0924,3.6,3.608,100,100,40,kaba,True,,30.0,28.0,10.0,972.0,1002.0,1.081,247.144,228.716,0.7783,True,,True,,935.0,2.5,9.5
2026-09-24 14:36:47,MLLB_000_y1.0.3,WHITE,v4_white_MLLB_000_y103_0924,3.6,3.608,100,100,44,kaba,True,,30.0,28.0,10.0,972.0,1002.0,1.079,246.947,228.829,0.7782,True,,True,,935.0,2.5,9.5
2026-09-24 14:37:03,MLLB_000_y1.0.3,WHITE,v4_white_MLLB_000_y103_0924,3.6,3.608,100,100,48,kaba,True,,30.0,28.0,10.0,972.0,1002.0,1.087,248.49,228.7,0.7782,True,,True,,935.0,2.5,9.5
2026-09-24 14:37:19,MLLB_000_y1.0.3,WHITE,v4_white_MLLB_000_y103_0924,3.6,3.608,100,100,52,kaba,True,,30.0,28.0,10.0,972.0,1002.0,1.083,247.719,228.702,0.7773,True,,True,,935.0,2.5,9.5
2026-09-24 14:37:35,MLLB_000_y1.0.3,WHITE,v4_white_MLLB_000_y103_0924,3.6,3.608,100,100,56,kaba,True,,30.0,28.0,10.0,972.0,1002.0,1.08,246.965,228.588,0.7779,True,,True,,935.0,2.5,9.5
2026-09-24 14:37:51,MLLB_000_y1.0.3,WHITE,v4_white_MLLB_000_y103_0924,3.6,3.608,100,100,58,kaba,True,,30.0,28.0,10.0,972.0,1002.0,1.085,247.896,228.563,0.7778,True,,True,,935.0,2.5,9.5
2026-09-24 14:37:52,MLLB_000_y1.0.3,WHITE,v4_white_MLLB_000_y103_0924,3.6,3.608,100,100,13,ince,False,iki-OK-arasi-monotonluk,,,,,,,,,,,,True,,935.0,2.5,9.5
2026-09-24 14:37:52,MLLB_000_y1.0.3,WHITE,v4_white_MLLB_000_y103_0924,3.6,3.608,100,100,14,ince,False,iki-OK-arasi-monotonluk,,,,,,,,,,,,True,,935.0,2.5,9.5
2026-09-24 14:37:52,MLLB_000_y1.0.3,WHITE,v4_white_MLLB_000_y103_0924,3.6,3.608,100,100,15,ince,False,iki-OK-arasi-monotonluk,,,,,,,,,,,,True,,935.0,2.5,9.5
2026-09-24 14:37:52,MLLB_000_y1.0.3,WHITE,v4_white_MLLB_000_y103_0924,3.6,3.608,100,100,17,ince,False,iki-OK-arasi-monotonluk,,,,,,,,,,,,True,,935.0,2.5,9.5
2026-09-24 14:37:52,MLLB_000_y1.0.3,WHITE,v4_white_MLLB_000_y103_0924,3.6,3.608,100,100,18,ince,False,iki-OK-arasi-monotonluk,,,,,,,,,,,,True,,935.0,2.5,9.5
2026-09-24 14:37:52,MLLB_000_y1.0.3,WHITE,v4_white_MLLB_000_y103_0924,3.6,3.608,100,100,19,ince,False,iki-OK-arasi-monotonluk,,,,,,,,,,,,True,,935.0,2.5,9.5
2026-09-24 14:37:52,MLLB_000_y1.0.3,WHITE,v4_white_MLLB_000_y103_0924,3.6,3.608,100,100,21,ince,False,iki-OK-arasi-monotonluk,,,,,,,,,,,,True,,935.0,2.5,9.5
2026-09-24 14:37:52,MLLB_000_y1.0.3,WHITE,v4_white_MLLB_000_y103_0924,3.6,3.608,100,100,22,ince,False,iki-OK-arasi-monotonluk,,,,,,,,,,,,True,,935.0,2.5,9.5
2026-09-24 14:37:52,MLLB_000_y1.0.3,WHITE,v4_white_MLLB_000_y103_0924,3.6,3.608,100,100,23,ince,False,iki-OK-arasi-monotonluk,,,,,,,,,,,,True,,935.0,2.5,9.5
2026-09-24 14:37:52,MLLB_000_y1.0.3,WHITE,v4_white_MLLB_000_y103_0924,3.6,3.608,100,100,25,ince,False,iki-OK-arasi-monotonluk,,,,,,,,,,,,True,,935.0,2.5,9.5
2026-09-24 14:37:52,MLLB_000_y1.0.3,WHITE,v4_white_MLLB_000_y103_0924,3.6,3.608,100,100,26,ince,False,iki-OK-arasi-monotonluk,,,,,,,,,,,,True,,935.0,2.5,9.5
2026-09-24 14:37:52,MLLB_000_y1.0.3,WHITE,v4_white_MLLB_000_y103_0924,3.6,3.608,100,100,27,ince,False,iki-OK-arasi-monotonluk,,,,,,,,,,,,True,,935.0,2.5,9.5
2026-09-24 14:37:52,MLLB_000_y1.0.3,WHITE,v4_white_MLLB_000_y103_0924,3.6,3.608,100,100,29,ince,False,iki-OK-arasi-monotonluk,,,,,,,,,,,,True,,935.0,2.5,9.5
2026-09-24 14:37:52,MLLB_000_y1.0.3,WHITE,v4_white_MLLB_000_y103_0924,3.6,3.608,100,100,30,ince,False,iki-OK-arasi-monotonluk,,,,,,,,,,,,True,,935.0,2.5,9.5
2026-09-24 14:37:52,MLLB_000_y1.0.3,WHITE,v4_white_MLLB_000_y103_0924,3.6,3.608,100,100,31,ince,False,iki-OK-arasi-monotonluk,,,,,,,,,,,,True,,935.0,2.5,9.5
2026-09-24 14:37:52,MLLB_000_y1.0.3,WHITE,v4_white_MLLB_000_y103_0924,3.6,3.608,100,100,33,ince,False,iki-OK-arasi-monotonluk,,,,,,,,,,,,True,,935.0,2.5,9.5
2026-09-24 14:37:52,MLLB_000_y1.0.3,WHITE,v4_white_MLLB_000_y103_0924,3.6,3.608,100,100,34,ince,False,iki-OK-arasi-monotonluk,,,,,,,,,,,,True,,935.0,2.5,9.5
2026-09-24 14:37:52,MLLB_000_y1.0.3,WHITE,v4_white_MLLB_000_y103_0924,3.6,3.608,100,100,35,ince,False,iki-OK-arasi-monotonluk,,,,,,,,,,,,True,,935.0,2.5,9.5
2026-09-24 14:37:52,MLLB_000_y1.0.3,WHITE,v4_white_MLLB_000_y103_0924,3.6,3.608,100,100,37,ince,False,iki-OK-arasi-monotonluk,,,,,,,,,,,,True,,935.0,2.5,9.5
2026-09-24 14:37:52,MLLB_000_y1.0.3,WHITE,v4_white_MLLB_000_y103_0924,3.6,3.608,100,100,38,ince,False,iki-OK-arasi-monotonluk,,,,,,,,,,,,True,,935.0,2.5,9.5
2026-09-24 14:37:52,MLLB_000_y1.0.3,WHITE,v4_white_MLLB_000_y103_0924,3.6,3.608,100,100,39,ince,False,iki-OK-arasi-monotonluk,,,,,,,,,,,,True,,935.0,2.5,9.5
2026-09-24 14:37:52,MLLB_000_y1.0.3,WHITE,v4_white_MLLB_000_y103_0924,3.6,3.608,100,100,41,ince,False,iki-OK-arasi-monotonluk,,,,,,,,,,,,True,,935.0,2.5,9.5
2026-09-24 14:37:52,MLLB_000_y1.0.3,WHITE,v4_white_MLLB_000_y103_0924,3.6,3.608,100,100,42,ince,False,iki-OK-arasi-monotonluk,,,,,,,,,,,,True,,935.0,2.5,9.5
2026-09-24 14:37:52,MLLB_000_y1.0.3,WHITE,v4_white_MLLB_000_y103_0924,3.6,3.608,100,100,43,ince,False,iki-OK-arasi-monotonluk,,,,,,,,,,,,True,,935.0,2.5,9.5
2026-09-24 14:37:52,MLLB_000_y1.0.3,WHITE,v4_white_MLLB_000_y103_0924,3.6,3.608,100,100,45,ince,False,iki-OK-arasi-monotonluk,,,,,,,,,,,,True,,935.0,2.5,9.5
2026-09-24 14:37:52,MLLB_000_y1.0.3,WHITE,v4_white_MLLB_000_y103_0924,3.6,3.608,100,100,46,ince,False,iki-OK-arasi-monotonluk,,,,,,,,,,,,True,,935.0,2.5,9.5
2026-09-24 14:37:52,MLLB_000_y1.0.3,WHITE,v4_white_MLLB_000_y103_0924,3.6,3.608,100,100,47,ince,False,iki-OK-arasi-monotonluk,,,,,,,,,,,,True,,935.0,2.5,9.5
2026-09-24 14:37:52,MLLB_000_y1.0.3,WHITE,v4_white_MLLB_000_y103_0924,3.6,3.608,100,100,49,ince,False,iki-OK-arasi-monotonluk,,,,,,,,,,,,True,,935.0,2.5,9.5
2026-09-24 14:37:52,MLLB_000_y1.0.3,WHITE,v4_white_MLLB_000_y103_0924,3.6,3.608,100,100,50,ince,False,iki-OK-arasi-monotonluk,,,,,,,,,,,,True,,935.0,2.5,9.5
2026-09-24 14:37:52,MLLB_000_y1.0.3,WHITE,v4_white_MLLB_000_y103_0924,3.6,3.608,100,100,51,ince,False,iki-OK-arasi-monotonluk,,,,,,,,,,,,True,,935.0,2.5,9.5
2026-09-24 14:37:52,MLLB_000_y1.0.3,WHITE,v4_white_MLLB_000_y103_0924,3.6,3.608,100,100,53,ince,False,iki-OK-arasi-monotonluk,,,,,,,,,,,,True,,935.0,2.5,9.5
2026-09-24 14:37:52,MLLB_000_y1.0.3,WHITE,v4_white_MLLB_000_y103_0924,3.6,3.608,100,100,54,ince,False,iki-OK-arasi-monotonluk,,,,,,,,,,,,True,,935.0,2.5,9.5
2026-09-24 14:37:52,MLLB_000_y1.0.3,WHITE,v4_white_MLLB_000_y103_0924,3.6,3.608,100,100,55,ince,False,iki-OK-arasi-monotonluk,,,,,,,,,,,,True,,935.0,2.5,9.5
2026-09-24 14:37:52,MLLB_000_y1.0.3,WHITE,v4_white_MLLB_000_y103_0924,3.6,3.608,100,100,57,ince,False,iki-OK-arasi-monotonluk,,,,,,,,,,,,True,,935.0,2.5,9.5
2026-09-24 14:37:52,MLLB_000_y1.0.3,WHITE,v4_white_MLLB_000_y103_0924,3.6,3.608,100,100,,bitti,False,,,,,,,,,,,,,,,935.0,2.5,9.5
2026-09-24 14:38:07,MLLB_000_y1.0.3,WHITE,v4_white_MLLB_000_y103_0924,3.6,3.608,100,80,12,kaba,True,,30.0,28.0,10.0,972.0,1002.0,1.083,247.719,228.698,0.778,True,,True,,935.0,2.5,9.5
2026-09-24 14:38:20,MLLB_000_y1.0.3,WHITE,v4_white_MLLB_000_y103_0924,3.6,3.608,100,80,16,kaba,True,,30.0,28.0,10.0,972.0,1002.0,1.087,248.403,228.442,0.7775,True,,True,,935.0,2.5,9.5
2026-09-24 14:38:35,MLLB_000_y1.0.3,WHITE,v4_white_MLLB_000_y103_0924,3.6,3.608,100,80,20,kaba,True,,30.0,28.0,10.0,972.0,1002.0,1.084,247.719,228.594,0.7778,True,,True,,935.0,2.5,9.5
2026-09-24 14:38:51,MLLB_000_y1.0.3,WHITE,v4_white_MLLB_000_y103_0924,3.6,3.608,100,80,24,kaba,True,,30.0,28.0,10.0,972.0,1002.0,1.08,246.947,228.652,0.7776,True,,True,,935.0,2.5,9.5
2026-09-24 14:39:07,MLLB_000_y1.0.3,WHITE,v4_white_MLLB_000_y103_0924,3.6,3.608,100,80,28,kaba,True,,30.0,28.0,10.0,972.0,1002.0,1.084,247.719,228.595,0.778,True,,True,,935.0,2.5,9.5
2026-09-24 14:39:23,MLLB_000_y1.0.3,WHITE,v4_white_MLLB_000_y103_0924,3.6,3.608,100,80,32,kaba,True,,30.0,28.0,10.0,972.0,1002.0,1.081,246.947,228.469,0.7779,True,,True,,935.0,2.5,9.5
2026-09-24 14:39:39,MLLB_000_y1.0.3,WHITE,v4_white_MLLB_000_y103_0924,3.6,3.608,100,80,36,kaba,True,,30.0,28.0,10.0,972.0,1002.0,1.084,247.811,228.611,0.7775,True,,True,,935.0,2.5,9.5
2026-09-24 14:39:55,MLLB_000_y1.0.3,WHITE,v4_white_MLLB_000_y103_0924,3.6,3.608,100,80,40,kaba,True,,30.0,28.0,10.0,972.0,1002.0,1.081,246.947,228.369,0.7784,True,,True,,935.0,2.5,9.5
2026-09-24 14:40:11,MLLB_000_y1.0.3,WHITE,v4_white_MLLB_000_y103_0924,3.6,3.608,100,80,44,kaba,True,,30.0,28.0,10.0,972.0,1002.0,1.082,246.947,228.316,0.7778,True,,True,,935.0,2.5,9.5
2026-09-24 14:40:27,MLLB_000_y1.0.3,WHITE,v4_white_MLLB_000_y103_0924,3.6,3.608,100,80,48,kaba,True,,30.0,28.0,10.0,972.0,1002.0,1.083,247.177,228.324,0.7777,True,,True,,935.0,2.5,9.5
2026-09-24 14:40:43,MLLB_000_y1.0.3,WHITE,v4_white_MLLB_000_y103_0924,3.6,3.608,100,80,52,kaba,True,,30.0,28.0,10.0,972.0,1002.0,1.082,246.947,228.278,0.7775,True,,True,,935.0,2.5,9.5
2026-09-24 14:40:59,MLLB_000_y1.0.3,WHITE,v4_white_MLLB_000_y103_0924,3.6,3.608,100,80,56,kaba,True,,30.0,28.0,10.0,972.0,1002.0,1.081,246.947,228.443,0.7778,True,,True,,935.0,2.5,9.5
2026-09-24 14:41:16,MLLB_000_y1.0.3,WHITE,v4_white_MLLB_000_y103_0924,3.6,3.608,100,80,58,kaba,True,,30.0,28.0,10.0,972.0,1002.0,1.082,246.947,228.329,0.778,True,,True,,935.0,2.5,9.5
2026-09-24 14:41:16,MLLB_000_y1.0.3,WHITE,v4_white_MLLB_000_y103_0924,3.6,3.608,100,80,13,ince,False,iki-OK-arasi-monotonluk,,,,,,,,,,,,True,,935.0,2.5,9.5
2026-09-24 14:41:16,MLLB_000_y1.0.3,WHITE,v4_white_MLLB_000_y103_0924,3.6,3.608,100,80,14,ince,False,iki-OK-arasi-monotonluk,,,,,,,,,,,,True,,935.0,2.5,9.5
2026-09-24 14:41:16,MLLB_000_y1.0.3,WHITE,v4_white_MLLB_000_y103_0924,3.6,3.608,100,80,15,ince,False,iki-OK-arasi-monotonluk,,,,,,,,,,,,True,,935.0,2.5,9.5
2026-09-24 14:41:16,MLLB_000_y1.0.3,WHITE,v4_white_MLLB_000_y103_0924,3.6,3.608,100,80,17,ince,False,iki-OK-arasi-monotonluk,,,,,,,,,,,,True,,935.0,2.5,9.5
2026-09-24 14:41:16,MLLB_000_y1.0.3,WHITE,v4_white_MLLB_000_y103_0924,3.6,3.608,100,80,18,ince,False,iki-OK-arasi-monotonluk,,,,,,,,,,,,True,,935.0,2.5,9.5
2026-09-24 14:41:16,MLLB_000_y1.0.3,WHITE,v4_white_MLLB_000_y103_0924,3.6,3.608,100,80,19,ince,False,iki-OK-arasi-monotonluk,,,,,,,,,,,,True,,935.0,2.5,9.5
2026-09-24 14:41:16,MLLB_000_y1.0.3,WHITE,v4_white_MLLB_000_y103_0924,3.6,3.608,100,80,21,ince,False,iki-OK-arasi-monotonluk,,,,,,,,,,,,True,,935.0,2.5,9.5
2026-09-24 14:41:16,MLLB_000_y1.0.3,WHITE,v4_white_MLLB_000_y103_0924,3.6,3.608,100,80,22,ince,False,iki-OK-arasi-monotonluk,,,,,,,,,,,,True,,935.0,2.5,9.5
2026-09-24 14:41:16,MLLB_000_y1.0.3,WHITE,v4_white_MLLB_000_y103_0924,3.6,3.608,100,80,23,ince,False,iki-OK-arasi-monotonluk,,,,,,,,,,,,True,,935.0,2.5,9.5
2026-09-24 14:41:16,MLLB_000_y1.0.3,WHITE,v4_white_MLLB_000_y103_0924,3.6,3.608,100,80,25,ince,False,iki-OK-arasi-monotonluk,,,,,,,,,,,,True,,935.0,2.5,9.5
2026-09-24 14:41:16,MLLB_000_y1.0.3,WHITE,v4_white_MLLB_000_y103_0924,3.6,3.608,100,80,26,ince,False,iki-OK-arasi-monotonluk,,,,,,,,,,,,True,,935.0,2.5,9.5
2026-09-24 14:41:16,MLLB_000_y1.0.3,WHITE,v4_white_MLLB_000_y103_0924,3.6,3.608,100,80,27,ince,False,iki-OK-arasi-monotonluk,,,,,,,,,,,,True,,935.0,2.5,9.5
2026-09-24 14:41:16,MLLB_000_y1.0.3,WHITE,v4_white_MLLB_000_y103_0924,3.6,3.608,100,80,29,ince,False,iki-OK-arasi-monotonluk,,,,,,,,,,,,True,,935.0,2.5,9.5
2026-09-24 14:41:16,MLLB_000_y1.0.3,WHITE,v4_white_MLLB_000_y103_0924,3.6,3.608,100,80,30,ince,False,iki-OK-arasi-monotonluk,,,,,,,,,,,,True,,935.0,2.5,9.5
2026-09-24 14:41:16,MLLB_000_y1.0.3,WHITE,v4_white_MLLB_000_y103_0924,3.6,3.608,100,80,31,ince,False,iki-OK-arasi-monotonluk,,,,,,,,,,,,True,,935.0,2.5,9.5
2026-09-24 14:41:16,MLLB_000_y1.0.3,WHITE,v4_white_MLLB_000_y103_0924,3.6,3.608,100,80,33,ince,False,iki-OK-arasi-monotonluk,,,,,,,,,,,,True,,935.0,2.5,9.5
2026-09-24 14:41:16,MLLB_000_y1.0.3,WHITE,v4_white_MLLB_000_y103_0924,3.6,3.608,100,80,34,ince,False,iki-OK-arasi-monotonluk,,,,,,,,,,,,True,,935.0,2.5,9.5
2026-09-24 14:41:16,MLLB_000_y1.0.3,WHITE,v4_white_MLLB_000_y103_0924,3.6,3.608,100,80,35,ince,False,iki-OK-arasi-monotonluk,,,,,,,,,,,,True,,935.0,2.5,9.5
2026-09-24 14:41:16,MLLB_000_y1.0.3,WHITE,v4_white_MLLB_000_y103_0924,3.6,3.608,100,80,37,ince,False,iki-OK-arasi-monotonluk,,,,,,,,,,,,True,,935.0,2.5,9.5
2026-09-24 14:41:16,MLLB_000_y1.0.3,WHITE,v4_white_MLLB_000_y103_0924,3.6,3.608,100,80,38,ince,False,iki-OK-arasi-monotonluk,,,,,,,,,,,,True,,935.0,2.5,9.5
2026-09-24 14:41:16,MLLB_000_y1.0.3,WHITE,v4_white_MLLB_000_y103_0924,3.6,3.608,100,80,39,ince,False,iki-OK-arasi-monotonluk,,,,,,,,,,,,True,,935.0,2.5,9.5
2026-09-24 14:41:16,MLLB_000_y1.0.3,WHITE,v4_white_MLLB_000_y103_0924,3.6,3.608,100,80,41,ince,False,iki-OK-arasi-monotonluk,,,,,,,,,,,,True,,935.0,2.5,9.5
2026-09-24 14:41:16,MLLB_000_y1.0.3,WHITE,v4_white_MLLB_000_y103_0924,3.6,3.608,100,80,42,ince,False,iki-OK-arasi-monotonluk,,,,,,,,,,,,True,,935.0,2.5,9.5
2026-09-24 14:41:16,MLLB_000_y1.0.3,WHITE,v4_white_MLLB_000_y103_0924,3.6,3.608,100,80,43,ince,False,iki-OK-arasi-monotonluk,,,,,,,,,,,,True,,935.0,2.5,9.5
2026-09-24 14:41:16,MLLB_000_y1.0.3,WHITE,v4_white_MLLB_000_y103_0924,3.6,3.608,100,80,45,ince,False,iki-OK-arasi-monotonluk,,,,,,,,,,,,True,,935.0,2.5,9.5
2026-09-24 14:41:16,MLLB_000_y1.0.3,WHITE,v4_white_MLLB_000_y103_0924,3.6,3.608,100,80,46,ince,False,iki-OK-arasi-monotonluk,,,,,,,,,,,,True,,935.0,2.5,9.5
2026-09-24 14:41:16,MLLB_000_y1.0.3,WHITE,v4_white_MLLB_000_y103_0924,3.6,3.608,100,80,47,ince,False,iki-OK-arasi-monotonluk,,,,,,,,,,,,True,,935.0,2.5,9.5
2026-09-24 14:41:16,MLLB_000_y1.0.3,WHITE,v4_white_MLLB_000_y103_0924,3.6,3.608,100,80,49,ince,False,iki-OK-arasi-monotonluk,,,,,,,,,,,,True,,935.0,2.5,9.5
2026-09-24 14:41:16,MLLB_000_y1.0.3,WHITE,v4_white_MLLB_000_y103_0924,3.6,3.608,100,80,50,ince,False,iki-OK-arasi-monotonluk,,,,,,,,,,,,True,,935.0,2.5,9.5
2026-09-24 14:41:16,MLLB_000_y1.0.3,WHITE,v4_white_MLLB_000_y103_0924,3.6,3.608,100,80,51,ince,False,iki-OK-arasi-monotonluk,,,,,,,,,,,,True,,935.0,2.5,9.5
2026-09-24 14:41:16,MLLB_000_y1.0.3,WHITE,v4_white_MLLB_000_y103_0924,3.6,3.608,100,80,53,ince,False,iki-OK-arasi-monotonluk,,,,,,,,,,,,True,,935.0,2.5,9.5
2026-09-24 14:41:16,MLLB_000_y1.0.3,WHITE,v4_white_MLLB_000_y103_0924,3.6,3.608,100,80,54,ince,False,iki-OK-arasi-monotonluk,,,,,,,,,,,,True,,935.0,2.5,9.5
2026-09-24 14:41:16,MLLB_000_y1.0.3,WHITE,v4_white_MLLB_000_y103_0924,3.6,3.608,100,80,55,ince,False,iki-OK-arasi-monotonluk,,,,,,,,,,,,True,,935.0,2.5,9.5
2026-09-24 14:41:16,MLLB_000_y1.0.3,WHITE,v4_white_MLLB_000_y103_0924,3.6,3.608,100,80,57,ince,False,iki-OK-arasi-monotonluk,,,,,,,,,,,,True,,935.0,2.5,9.5
2026-09-24 14:41:16,MLLB_000_y1.0.3,WHITE,v4_white_MLLB_000_y103_0924,3.6,3.608,100,80,,bitti,False,,,,,,,,,,,,,,,935.0,2.5,9.5
2026-09-24 14:41:31,MLLB_000_y1.0.3,WHITE,v4_white_MLLB_000_y103_0924,3.6,3.608,100,60,12,kaba,True,,30.0,28.0,10.0,972.0,1002.0,1.081,246.947,228.46,0.7776,True,,True,,935.0,2.5,9.5
2026-09-24 14:41:47,MLLB_000_y1.0.3,WHITE,v4_white_MLLB_000_y103_0924,3.6,3.608,100,60,16,kaba,True,,30.0,28.0,10.0,972.0,1002.0,1.074,245.405,228.425,0.7776,True,,True,,935.0,2.5,9.5
2026-09-24 14:42:03,MLLB_000_y1.0.3,WHITE,v4_white_MLLB_000_y103_0924,3.6,3.608,100,60,20,kaba,True,,30.0,28.0,10.0,972.0,1002.0,1.082,246.947,228.268,0.7779,True,,True,,935.0,2.5,9.5
2026-09-24 14:42:19,MLLB_000_y1.0.3,WHITE,v4_white_MLLB_000_y103_0924,3.6,3.608,100,60,24,kaba,True,,30.0,28.0,10.0,972.0,1002.0,1.081,246.947,228.375,0.7778,True,,True,,935.0,2.5,9.5
2026-09-24 14:42:36,MLLB_000_y1.0.3,WHITE,v4_white_MLLB_000_y103_0924,3.6,3.608,100,60,28,kaba,True,,30.0,28.0,10.0,972.0,1002.0,1.081,247.215,228.701,0.7783,True,,True,,935.0,2.5,9.5
2026-09-24 14:42:51,MLLB_000_y1.0.3,WHITE,v4_white_MLLB_000_y103_0924,3.6,3.608,100,60,32,kaba,True,,30.0,28.0,10.0,972.0,1002.0,1.08,246.947,228.575,0.7778,True,,True,,935.0,2.5,9.5
2026-09-24 14:43:07,MLLB_000_y1.0.3,WHITE,v4_white_MLLB_000_y103_0924,3.6,3.608,100,60,36,kaba,True,,30.0,28.0,10.0,972.0,1002.0,1.08,246.947,228.578,0.7778,True,,True,,935.0,2.5,9.5
2026-09-24 14:43:23,MLLB_000_y1.0.3,WHITE,v4_white_MLLB_000_y103_0924,3.6,3.608,100,60,40,kaba,True,,30.0,28.0,10.0,972.0,1002.0,1.081,246.947,228.495,0.7778,True,,True,,935.0,2.5,9.5
2026-09-24 14:43:40,MLLB_000_y1.0.3,WHITE,v4_white_MLLB_000_y103_0924,3.6,3.608,100,60,44,kaba,True,,30.0,28.0,10.0,972.0,1002.0,1.074,245.487,228.581,0.7774,True,,True,,935.0,2.5,9.5
2026-09-24 14:43:55,MLLB_000_y1.0.3,WHITE,v4_white_MLLB_000_y103_0924,3.6,3.608,100,60,48,kaba,True,,30.0,28.0,10.0,972.0,1002.0,1.08,246.947,228.581,0.7775,True,,True,,935.0,2.5,9.5
2026-09-24 14:44:11,MLLB_000_y1.0.3,WHITE,v4_white_MLLB_000_y103_0924,3.6,3.608,100,60,52,kaba,True,,30.0,28.0,10.0,972.0,1002.0,1.08,246.947,228.73,0.7776,True,,True,,935.0,2.5,9.5
2026-09-24 14:44:27,MLLB_000_y1.0.3,WHITE,v4_white_MLLB_000_y103_0924,3.6,3.608,100,60,56,kaba,True,,30.0,28.0,10.0,972.0,1002.0,1.081,246.947,228.545,0.7781,True,,True,,935.0,2.5,9.5
2026-09-24 14:44:43,MLLB_000_y1.0.3,WHITE,v4_white_MLLB_000_y103_0924,3.6,3.608,100,60,58,kaba,True,,30.0,28.0,10.0,972.0,1002.0,1.081,246.947,228.535,0.7778,True,,True,,935.0,2.5,9.5
2026-09-24 14:44:44,MLLB_000_y1.0.3,WHITE,v4_white_MLLB_000_y103_0924,3.6,3.608,100,60,13,ince,False,iki-OK-arasi-monotonluk,,,,,,,,,,,,True,,935.0,2.5,9.5
2026-09-24 14:44:44,MLLB_000_y1.0.3,WHITE,v4_white_MLLB_000_y103_0924,3.6,3.608,100,60,14,ince,False,iki-OK-arasi-monotonluk,,,,,,,,,,,,True,,935.0,2.5,9.5
2026-09-24 14:44:44,MLLB_000_y1.0.3,WHITE,v4_white_MLLB_000_y103_0924,3.6,3.608,100,60,15,ince,False,iki-OK-arasi-monotonluk,,,,,,,,,,,,True,,935.0,2.5,9.5
2026-09-24 14:44:44,MLLB_000_y1.0.3,WHITE,v4_white_MLLB_000_y103_0924,3.6,3.608,100,60,17,ince,False,iki-OK-arasi-monotonluk,,,,,,,,,,,,True,,935.0,2.5,9.5
2026-09-24 14:44:44,MLLB_000_y1.0.3,WHITE,v4_white_MLLB_000_y103_0924,3.6,3.608,100,60,18,ince,False,iki-OK-arasi-monotonluk,,,,,,,,,,,,True,,935.0,2.5,9.5
2026-09-24 14:44:44,MLLB_000_y1.0.3,WHITE,v4_white_MLLB_000_y103_0924,3.6,3.608,100,60,19,ince,False,iki-OK-arasi-monotonluk,,,,,,,,,,,,True,,935.0,2.5,9.5
2026-09-24 14:44:44,MLLB_000_y1.0.3,WHITE,v4_white_MLLB_000_y103_0924,3.6,3.608,100,60,21,ince,False,iki-OK-arasi-monotonluk,,,,,,,,,,,,True,,935.0,2.5,9.5
2026-09-24 14:44:44,MLLB_000_y1.0.3,WHITE,v4_white_MLLB_000_y103_0924,3.6,3.608,100,60,22,ince,False,iki-OK-arasi-monotonluk,,,,,,,,,,,,True,,935.0,2.5,9.5
2026-09-24 14:44:44,MLLB_000_y1.0.3,WHITE,v4_white_MLLB_000_y103_0924,3.6,3.608,100,60,23,ince,False,iki-OK-arasi-monotonluk,,,,,,,,,,,,True,,935.0,2.5,9.5
2026-09-24 14:44:44,MLLB_000_y1.0.3,WHITE,v4_white_MLLB_000_y103_0924,3.6,3.608,100,60,25,ince,False,iki-OK-arasi-monotonluk,,,,,,,,,,,,True,,935.0,2.5,9.5
2026-09-24 14:44:44,MLLB_000_y1.0.3,WHITE,v4_white_MLLB_000_y103_0924,3.6,3.608,100,60,26,ince,False,iki-OK-arasi-monotonluk,,,,,,,,,,,,True,,935.0,2.5,9.5
2026-09-24 14:44:44,MLLB_000_y1.0.3,WHITE,v4_white_MLLB_000_y103_0924,3.6,3.608,100,60,27,ince,False,iki-OK-arasi-monotonluk,,,,,,,,,,,,True,,935.0,2.5,9.5
2026-09-24 14:44:44,MLLB_000_y1.0.3,WHITE,v4_white_MLLB_000_y103_0924,3.6,3.608,100,60,29,ince,False,iki-OK-arasi-monotonluk,,,,,,,,,,,,True,,935.0,2.5,9.5
2026-09-24 14:44:44,MLLB_000_y1.0.3,WHITE,v4_white_MLLB_000_y103_0924,3.6,3.608,100,60,30,ince,False,iki-OK-arasi-monotonluk,,,,,,,,,,,,True,,935.0,2.5,9.5
2026-09-24 14:44:44,MLLB_000_y1.0.3,WHITE,v4_white_MLLB_000_y103_0924,3.6,3.608,100,60,31,ince,False,iki-OK-arasi-monotonluk,,,,,,,,,,,,True,,935.0,2.5,9.5
2026-09-24 14:44:44,MLLB_000_y1.0.3,WHITE,v4_white_MLLB_000_y103_0924,3.6,3.608,100,60,33,ince,False,iki-OK-arasi-monotonluk,,,,,,,,,,,,True,,935.0,2.5,9.5
2026-09-24 14:44:44,MLLB_000_y1.0.3,WHITE,v4_white_MLLB_000_y103_0924,3.6,3.608,100,60,34,ince,False,iki-OK-arasi-monotonluk,,,,,,,,,,,,True,,935.0,2.5,9.5
2026-09-24 14:44:44,MLLB_000_y1.0.3,WHITE,v4_white_MLLB_000_y103_0924,3.6,3.608,100,60,35,ince,False,iki-OK-arasi-monotonluk,,,,,,,,,,,,True,,935.0,2.5,9.5
2026-09-24 14:44:44,MLLB_000_y1.0.3,WHITE,v4_white_MLLB_000_y103_0924,3.6,3.608,100,60,37,ince,False,iki-OK-arasi-monotonluk,,,,,,,,,,,,True,,935.0,2.5,9.5
2026-09-24 14:44:44,MLLB_000_y1.0.3,WHITE,v4_white_MLLB_000_y103_0924,3.6,3.608,100,60,38,ince,False,iki-OK-arasi-monotonluk,,,,,,,,,,,,True,,935.0,2.5,9.5
2026-09-24 14:44:44,MLLB_000_y1.0.3,WHITE,v4_white_MLLB_000_y103_0924,3.6,3.608,100,60,39,ince,False,iki-OK-arasi-monotonluk,,,,,,,,,,,,True,,935.0,2.5,9.5
2026-09-24 14:44:44,MLLB_000_y1.0.3,WHITE,v4_white_MLLB_000_y103_0924,3.6,3.608,100,60,41,ince,False,iki-OK-arasi-monotonluk,,,,,,,,,,,,True,,935.0,2.5,9.5
2026-09-24 14:44:44,MLLB_000_y1.0.3,WHITE,v4_white_MLLB_000_y103_0924,3.6,3.608,100,60,42,ince,False,iki-OK-arasi-monotonluk,,,,,,,,,,,,True,,935.0,2.5,9.5
2026-09-24 14:44:44,MLLB_000_y1.0.3,WHITE,v4_white_MLLB_000_y103_0924,3.6,3.608,100,60,43,ince,False,iki-OK-arasi-monotonluk,,,,,,,,,,,,True,,935.0,2.5,9.5
2026-09-24 14:44:44,MLLB_000_y1.0.3,WHITE,v4_white_MLLB_000_y103_0924,3.6,3.608,100,60,45,ince,False,iki-OK-arasi-monotonluk,,,,,,,,,,,,True,,935.0,2.5,9.5
2026-09-24 14:44:44,MLLB_000_y1.0.3,WHITE,v4_white_MLLB_000_y103_0924,3.6,3.608,100,60,46,ince,False,iki-OK-arasi-monotonluk,,,,,,,,,,,,True,,935.0,2.5,9.5
2026-09-24 14:44:44,MLLB_000_y1.0.3,WHITE,v4_white_MLLB_000_y103_0924,3.6,3.608,100,60,47,ince,False,iki-OK-arasi-monotonluk,,,,,,,,,,,,True,,935.0,2.5,9.5
2026-09-24 14:44:44,MLLB_000_y1.0.3,WHITE,v4_white_MLLB_000_y103_0924,3.6,3.608,100,60,49,ince,False,iki-OK-arasi-monotonluk,,,,,,,,,,,,True,,935.0,2.5,9.5
2026-09-24 14:44:44,MLLB_000_y1.0.3,WHITE,v4_white_MLLB_000_y103_0924,3.6,3.608,100,60,50,ince,False,iki-OK-arasi-monotonluk,,,,,,,,,,,,True,,935.0,2.5,9.5
2026-09-24 14:44:44,MLLB_000_y1.0.3,WHITE,v4_white_MLLB_000_y103_0924,3.6,3.608,100,60,51,ince,False,iki-OK-arasi-monotonluk,,,,,,,,,,,,True,,935.0,2.5,9.5
2026-09-24 14:44:44,MLLB_000_y1.0.3,WHITE,v4_white_MLLB_000_y103_0924,3.6,3.608,100,60,53,ince,False,iki-OK-arasi-monotonluk,,,,,,,,,,,,True,,935.0,2.5,9.5
2026-09-24 14:44:44,MLLB_000_y1.0.3,WHITE,v4_white_MLLB_000_y103_0924,3.6,3.608,100,60,54,ince,False,iki-OK-arasi-monotonluk,,,,,,,,,,,,True,,935.0,2.5,9.5
2026-09-24 14:44:44,MLLB_000_y1.0.3,WHITE,v4_white_MLLB_000_y103_0924,3.6,3.608,100,60,55,ince,False,iki-OK-arasi-monotonluk,,,,,,,,,,,,True,,935.0,2.5,9.5
2026-09-24 14:44:44,MLLB_000_y1.0.3,WHITE,v4_white_MLLB_000_y103_0924,3.6,3.608,100,60,57,ince,False,iki-OK-arasi-monotonluk,,,,,,,,,,,,True,,935.0,2.5,9.5
2026-09-24 14:44:44,MLLB_000_y1.0.3,WHITE,v4_white_MLLB_000_y103_0924,3.6,3.608,100,60,,bitti,False,,,,,,,,,,,,,,,935.0,2.5,9.5
2026-09-24 14:45:13,MLLB_000_y1.0.3,WHITE,v4_white_MLLB_000_y103_0924,3.4,3.408,6,100,12,kaba,True,,298.0,50.0,270.0,704.0,1002.0,1.104,10.462,9.474,0.7776,True,,False,AKIM,935.0,2.5,9.5
2026-09-24 14:45:29,MLLB_000_y1.0.3,WHITE,v4_white_MLLB_000_y103_0924,3.4,3.408,6,100,16,kaba,True,,212.0,46.0,184.0,790.0,1002.0,1.096,10.434,9.524,0.7775,True,,False,ON,935.0,2.5,9.5
2026-09-24 14:45:45,MLLB_000_y1.0.3,WHITE,v4_white_MLLB_000_y103_0924,3.4,3.408,6,100,20,kaba,True,,126.0,50.0,98.0,876.0,1002.0,1.09,10.417,9.556,0.778,True,,False,ON,935.0,2.5,9.5
2026-09-24 14:46:01,MLLB_000_y1.0.3,WHITE,v4_white_MLLB_000_y103_0924,3.4,3.408,6,100,24,kaba,True,,36.0,36.0,14.0,966.0,1002.0,1.091,10.462,9.591,0.778,True,,True,,935.0,2.5,9.5
2026-09-24 14:46:17,MLLB_000_y1.0.3,WHITE,v4_white_MLLB_000_y103_0924,3.4,3.408,6,100,28,kaba,True,,34.0,28.0,14.0,968.0,1002.0,4.289,41.158,9.597,0.7775,True,,False,FLAS,935.0,2.5,9.5
2026-09-24 14:46:33,MLLB_000_y1.0.3,WHITE,v4_white_MLLB_000_y103_0924,3.4,3.408,6,100,32,kaba,True,,34.0,28.0,14.0,968.0,1002.0,21.592,206.983,9.586,0.7774,True,,False,FLAS,935.0,2.5,9.5
2026-09-24 14:46:49,MLLB_000_y1.0.3,WHITE,v4_white_MLLB_000_y103_0924,3.4,3.408,6,100,21,ince,True,,104.0,46.0,76.0,898.0,1002.0,1.093,10.468,9.578,0.7775,True,,False,ON,935.0,2.5,9.5
2026-09-24 14:47:05,MLLB_000_y1.0.3,WHITE,v4_white_MLLB_000_y103_0924,3.4,3.408,6,100,22,ince,True,,82.0,50.0,54.0,920.0,1002.0,1.094,10.508,9.607,0.7776,True,,False,ON,935.0,2.5,9.5
2026-09-24 14:47:21,MLLB_000_y1.0.3,WHITE,v4_white_MLLB_000_y103_0924,3.4,3.408,6,100,23,ince,True,,58.0,48.0,30.0,944.0,1002.0,1.092,10.467,9.589,0.7777,True,,True,,935.0,2.5,9.5
2026-09-24 14:47:37,MLLB_000_y1.0.3,WHITE,v4_white_MLLB_000_y103_0924,3.4,3.408,6,100,25,ince,True,,34.0,28.0,14.0,968.0,1002.0,1.161,11.15,9.604,0.7781,True,,True,,935.0,2.5,9.5
2026-09-24 14:47:53,MLLB_000_y1.0.3,WHITE,v4_white_MLLB_000_y103_0924,3.4,3.408,6,100,26,ince,True,,34.0,28.0,14.0,968.0,1002.0,2.576,24.679,9.582,0.7775,True,,False,FLAS,935.0,2.5,9.5
2026-09-24 14:48:09,MLLB_000_y1.0.3,WHITE,v4_white_MLLB_000_y103_0924,3.4,3.408,6,100,27,ince,True,,34.0,28.0,14.0,968.0,1002.0,3.349,32.104,9.585,0.778,True,,False,FLAS,935.0,2.5,9.5
2026-09-24 14:48:10,MLLB_000_y1.0.3,WHITE,v4_white_MLLB_000_y103_0924,3.4,3.408,6,100,,bitti,False,,,,,,,,,,,,,,,935.0,2.5,9.5
2026-09-24 14:48:25,MLLB_000_y1.0.3,WHITE,v4_white_MLLB_000_y103_0924,3.4,3.408,6,80,12,kaba,True,,342.0,44.0,314.0,660.0,1002.0,1.104,10.418,9.433,0.7775,True,,False,AKIM,935.0,2.5,9.5
2026-09-24 14:48:41,MLLB_000_y1.0.3,WHITE,v4_white_MLLB_000_y103_0924,3.4,3.408,6,80,16,kaba,True,,272.0,50.0,242.0,730.0,1002.0,1.098,10.417,9.489,0.7773,True,,False,AKIM,935.0,2.5,9.5
2026-09-24 14:48:57,MLLB_000_y1.0.3,WHITE,v4_white_MLLB_000_y103_0924,3.4,3.408,6,80,20,kaba,True,,202.0,44.0,174.0,800.0,1002.0,1.092,10.422,9.548,0.7779,True,,False,ON,935.0,2.5,9.5
2026-09-24 14:49:13,MLLB_000_y1.0.3,WHITE,v4_white_MLLB_000_y103_0924,3.4,3.408,6,80,24,kaba,True,,132.0,48.0,102.0,870.0,1002.0,1.091,10.436,9.564,0.7775,True,,False,ON,935.0,2.5,9.5
2026-09-24 14:49:29,MLLB_000_y1.0.3,WHITE,v4_white_MLLB_000_y103_0924,3.4,3.408,6,80,28,kaba,True,,58.0,48.0,30.0,944.0,1002.0,1.089,10.417,9.562,0.7777,True,,True,,935.0,2.5,9.5
2026-09-24 14:49:45,MLLB_000_y1.0.3,WHITE,v4_white_MLLB_000_y103_0924,3.4,3.408,6,80,32,kaba,True,,38.0,28.0,18.0,964.0,1002.0,2.999,28.805,9.605,0.7773,True,,False,FLAS,935.0,2.5,9.5
2026-09-24 14:50:01,MLLB_000_y1.0.3,WHITE,v4_white_MLLB_000_y103_0924,3.4,3.408,6,80,36,kaba,True,,38.0,28.0,18.0,964.0,1002.0,13.332,127.837,9.589,0.778,True,,False,FLAS,935.0,2.5,9.5
2026-09-24 14:50:17,MLLB_000_y1.0.3,WHITE,v4_white_MLLB_000_y103_0924,3.4,3.408,6,80,25,ince,True,,114.0,50.0,86.0,888.0,1002.0,1.095,10.463,9.56,0.7779,True,,False,ON,935.0,2.5,9.5
2026-09-24 14:50:33,MLLB_000_y1.0.3,WHITE,v4_white_MLLB_000_y103_0924,3.4,3.408,6,80,26,ince,True,,96.0,48.0,66.0,906.0,1002.0,1.094,10.462,9.568,0.7774,True,,False,ON,935.0,2.5,9.5
2026-09-24 14:50:49,MLLB_000_y1.0.3,WHITE,v4_white_MLLB_000_y103_0924,3.4,3.408,6,80,27,ince,True,,78.0,52.0,48.0,924.0,1002.0,1.096,10.508,9.592,0.7782,True,,False,ON,935.0,2.5,9.5
2026-09-24 14:51:05,MLLB_000_y1.0.3,WHITE,v4_white_MLLB_000_y103_0924,3.4,3.408,6,80,29,ince,True,,40.0,42.0,18.0,962.0,1002.0,1.095,10.487,9.574,0.7775,True,,True,,935.0,2.5,9.5
2026-09-24 14:51:21,MLLB_000_y1.0.3,WHITE,v4_white_MLLB_000_y103_0924,3.4,3.408,6,80,30,ince,True,,38.0,28.0,18.0,964.0,1002.0,1.092,10.462,9.579,0.7774,True,,True,,935.0,2.5,9.5
2026-09-24 14:51:37,MLLB_000_y1.0.3,WHITE,v4_white_MLLB_000_y103_0924,3.4,3.408,6,80,31,ince,True,,38.0,28.0,18.0,964.0,1002.0,2.142,20.509,9.573,0.7778,True,,True,,935.0,2.5,9.5
2026-09-24 14:51:38,MLLB_000_y1.0.3,WHITE,v4_white_MLLB_000_y103_0924,3.4,3.408,6,80,,bitti,False,,,,,,,,,,,,,,,935.0,2.5,9.5
2026-09-24 14:51:53,MLLB_000_y1.0.3,WHITE,v4_white_MLLB_000_y103_0924,3.4,3.408,6,60,12,kaba,True,,386.0,50.0,358.0,616.0,1002.0,1.112,10.473,9.416,0.7776,True,,False,AKIM,935.0,2.5,9.5
2026-09-24 14:52:09,MLLB_000_y1.0.3,WHITE,v4_white_MLLB_000_y103_0924,3.4,3.408,6,60,16,kaba,True,,338.0,50.0,310.0,664.0,1002.0,1.105,10.417,9.429,0.7779,True,,False,AKIM,935.0,2.5,9.5
2026-09-24 14:52:25,MLLB_000_y1.0.3,WHITE,v4_white_MLLB_000_y103_0924,3.4,3.408,6,60,20,kaba,True,,286.0,50.0,258.0,716.0,1002.0,1.103,10.448,9.471,0.7774,True,,False,AKIM,935.0,2.5,9.5
2026-09-24 14:52:41,MLLB_000_y1.0.3,WHITE,v4_white_MLLB_000_y103_0924,3.4,3.408,6,60,24,kaba,True,,234.0,50.0,206.0,768.0,1002.0,1.1,10.468,9.513,0.7778,True,,False,ON,935.0,2.5,9.5
2026-09-24 14:52:57,MLLB_000_y1.0.3,WHITE,v4_white_MLLB_000_y103_0924,3.4,3.408,6,60,28,kaba,True,,184.0,48.0,154.0,818.0,1002.0,1.094,10.417,9.524,0.7779,True,,False,ON,935.0,2.5,9.5
2026-09-24 14:53:13,MLLB_000_y1.0.3,WHITE,v4_white_MLLB_000_y103_0924,3.4,3.408,6,60,32,kaba,True,,132.0,50.0,102.0,870.0,1002.0,1.09,10.417,9.557,0.7779,True,,False,ON,935.0,2.5,9.5
2026-09-24 14:53:29,MLLB_000_y1.0.3,WHITE,v4_white_MLLB_000_y103_0924,3.4,3.408,6,60,36,kaba,True,,78.0,50.0,50.0,924.0,1002.0,1.098,10.508,9.569,0.7776,True,,False,ON,935.0,2.5,9.5
2026-09-24 14:53:45,MLLB_000_y1.0.3,WHITE,v4_white_MLLB_000_y103_0924,3.4,3.408,6,60,40,kaba,True,,46.0,28.0,26.0,956.0,1002.0,1.319,12.625,9.571,0.7784,True,,True,,935.0,2.5,9.5
2026-09-24 14:54:01,MLLB_000_y1.0.3,WHITE,v4_white_MLLB_000_y103_0924,3.4,3.408,6,60,44,kaba,True,,46.0,28.0,26.0,956.0,1002.0,3.524,33.763,9.581,0.7783,True,,False,FLAS,935.0,2.5,9.5
2026-09-24 14:54:17,MLLB_000_y1.0.3,WHITE,v4_white_MLLB_000_y103_0924,3.4,3.408,6,60,48,kaba,True,,46.0,28.0,26.0,956.0,1002.0,12.188,116.508,9.559,0.7778,True,,False,FLAS,935.0,2.5,9.5
2026-09-24 14:54:33,MLLB_000_y1.0.3,WHITE,v4_white_MLLB_000_y103_0924,3.4,3.408,6,60,37,ince,True,,64.0,46.0,36.0,938.0,1002.0,1.091,10.432,9.565,0.7775,True,,True,,935.0,2.5,9.5
2026-09-24 14:54:49,MLLB_000_y1.0.3,WHITE,v4_white_MLLB_000_y103_0924,3.4,3.408,6,60,38,ince,True,,50.0,44.0,28.0,952.0,1002.0,1.093,10.462,9.577,0.7779,True,,True,,935.0,2.5,9.5
2026-09-24 14:55:05,MLLB_000_y1.0.3,WHITE,v4_white_MLLB_000_y103_0924,3.4,3.408,6,60,39,ince,True,,46.0,28.0,26.0,956.0,1002.0,1.09,10.46,9.598,0.7772,True,,True,,935.0,2.5,9.5
2026-09-24 14:55:21,MLLB_000_y1.0.3,WHITE,v4_white_MLLB_000_y103_0924,3.4,3.408,6,60,41,ince,True,,46.0,28.0,26.0,956.0,1002.0,2.208,21.169,9.586,0.7774,True,,True,,935.0,2.5,9.5
2026-09-24 14:55:37,MLLB_000_y1.0.3,WHITE,v4_white_MLLB_000_y103_0924,3.4,3.408,6,60,42,ince,True,,46.0,28.0,26.0,956.0,1002.0,2.814,26.912,9.562,0.778,True,,False,FLAS,935.0,2.5,9.5
2026-09-24 14:55:53,MLLB_000_y1.0.3,WHITE,v4_white_MLLB_000_y103_0924,3.4,3.408,6,60,43,ince,True,,46.0,28.0,26.0,956.0,1002.0,3.253,31.22,9.597,0.7776,True,,False,FLAS,935.0,2.5,9.5
2026-09-24 14:55:54,MLLB_000_y1.0.3,WHITE,v4_white_MLLB_000_y103_0924,3.4,3.408,6,60,,bitti,False,,,,,,,,,,,,,,,935.0,2.5,9.5
2026-09-24 14:56:15,MLLB_000_y1.0.3,WHITE,v4_white_MLLB_000_y103_0924,3.4,3.408,7,100,12,kaba,True,,246.0,40.0,222.0,756.0,1002.0,1.097,12.903,11.762,0.778,True,,False,ON,935.0,2.5,9.5
2026-09-24 14:56:31,MLLB_000_y1.0.3,WHITE,v4_white_MLLB_000_y103_0924,3.4,3.408,7,100,16,kaba,True,,178.0,44.0,152.0,824.0,1002.0,1.092,12.856,11.778,0.7779,True,,False,ON,935.0,2.5,9.5
2026-09-24 14:56:48,MLLB_000_y1.0.3,WHITE,v4_white_MLLB_000_y103_0924,3.4,3.408,7,100,20,kaba,True,,108.0,46.0,82.0,894.0,1002.0,1.088,12.903,11.855,0.7783,True,,False,ON,935.0,2.5,9.5
2026-09-24 14:57:04,MLLB_000_y1.0.3,WHITE,v4_white_MLLB_000_y103_0924,3.4,3.408,7,100,24,kaba,True,,36.0,36.0,14.0,966.0,1002.0,1.081,12.839,11.88,0.7786,True,,True,,935.0,2.5,9.5
2026-09-24 14:57:19,MLLB_000_y1.0.3,WHITE,v4_white_MLLB_000_y103_0924,3.4,3.408,7,100,28,kaba,True,,34.0,28.0,14.0,968.0,1002.0,3.452,40.927,11.856,0.7777,True,,False,FLAS,935.0,2.5,9.5
2026-09-24 14:57:35,MLLB_000_y1.0.3,WHITE,v4_white_MLLB_000_y103_0924,3.4,3.408,7,100,32,kaba,True,,34.0,28.0,14.0,968.0,1002.0,17.353,205.451,11.839,0.7782,True,,False,FLAS,935.0,2.5,9.5
2026-09-24 14:57:52,MLLB_000_y1.0.3,WHITE,v4_white_MLLB_000_y103_0924,3.4,3.408,7,100,21,ince,True,,90.0,40.0,66.0,912.0,1002.0,1.083,12.825,11.843,0.7786,True,,False,ON,935.0,2.5,9.5
2026-09-24 14:58:08,MLLB_000_y1.0.3,WHITE,v4_white_MLLB_000_y103_0924,3.4,3.408,7,100,22,ince,True,,72.0,46.0,46.0,930.0,1002.0,1.087,12.867,11.841,0.7778,True,,False,ON,935.0,2.5,9.5
2026-09-24 14:58:24,MLLB_000_y1.0.3,WHITE,v4_white_MLLB_000_y103_0924,3.4,3.408,7,100,23,ince,True,,54.0,42.0,28.0,948.0,1002.0,1.085,12.856,11.847,0.7779,True,,True,,935.0,2.5,9.5
2026-09-24 14:58:39,MLLB_000_y1.0.3,WHITE,v4_white_MLLB_000_y103_0924,3.4,3.408,7,100,25,ince,True,,34.0,28.0,14.0,968.0,1002.0,1.084,12.865,11.864,0.7775,True,,True,,935.0,2.5,9.5
2026-09-24 14:58:56,MLLB_000_y1.0.3,WHITE,v4_white_MLLB_000_y103_0924,3.4,3.408,7,100,26,ince,True,,34.0,28.0,14.0,968.0,1002.0,2.022,24.004,11.873,0.7774,True,,True,,935.0,2.5,9.5
2026-09-24 14:59:11,MLLB_000_y1.0.3,WHITE,v4_white_MLLB_000_y103_0924,3.4,3.408,7,100,27,ince,True,,34.0,28.0,14.0,968.0,1002.0,2.686,31.828,11.85,0.7778,True,,False,FLAS,935.0,2.5,9.5
2026-09-24 14:59:12,MLLB_000_y1.0.3,WHITE,v4_white_MLLB_000_y103_0924,3.4,3.408,7,100,,bitti,False,,,,,,,,,,,,,,,935.0,2.5,9.5
2026-09-24 14:59:27,MLLB_000_y1.0.3,WHITE,v4_white_MLLB_000_y103_0924,3.4,3.408,7,80,12,kaba,True,,280.0,46.0,254.0,722.0,1002.0,1.096,12.83,11.71,0.7774,True,,False,ON,935.0,2.5,9.5
2026-09-24 14:59:43,MLLB_000_y1.0.3,WHITE,v4_white_MLLB_000_y103_0924,3.4,3.408,7,80,16,kaba,True,,224.0,46.0,198.0,778.0,1002.0,1.09,12.81,11.752,0.7776,True,,False,ON,935.0,2.5,9.5
2026-09-24 14:59:59,MLLB_000_y1.0.3,WHITE,v4_white_MLLB_000_y103_0924,3.4,3.408,7,80,20,kaba,True,,168.0,46.0,142.0,834.0,1002.0,1.091,12.856,11.787,0.7778,True,,False,ON,935.0,2.5,9.5
2026-09-24 15:00:15,MLLB_000_y1.0.3,WHITE,v4_white_MLLB_000_y103_0924,3.4,3.408,7,80,24,kaba,True,,112.0,46.0,86.0,890.0,1002.0,1.089,12.903,11.85,0.7779,True,,False,ON,935.0,2.5,9.5
2026-09-24 15:00:31,MLLB_000_y1.0.3,WHITE,v4_white_MLLB_000_y103_0924,3.4,3.408,7,80,28,kaba,True,,54.0,42.0,28.0,948.0,1002.0,1.086,12.856,11.838,0.7779,True,,True,,935.0,2.5,9.5
2026-09-24 15:00:44,MLLB_000_y1.0.3,WHITE,v4_white_MLLB_000_y103_0924,3.4,3.408,7,80,32,kaba,True,,38.0,28.0,18.0,964.0,1002.0,2.371,28.067,11.835,0.7773,True,,True,,935.0,2.5,9.5
2026-09-24 15:00:59,MLLB_000_y1.0.3,WHITE,v4_white_MLLB_000_y103_0924,3.4,3.408,7,80,36,kaba,True,,38.0,28.0,18.0,964.0,1002.0,10.605,125.57,11.841,0.7776,True,,False,FLAS,935.0,2.5,9.5
2026-09-24 15:01:16,MLLB_000_y1.0.3,WHITE,v4_white_MLLB_000_y103_0924,3.4,3.408,7,80,25,ince,True,,98.0,40.0,74.0,904.0,1002.0,1.089,12.881,11.833,0.7779,True,,False,ON,935.0,2.5,9.5
2026-09-24 15:01:28,MLLB_000_y1.0.3,WHITE,v4_white_MLLB_000_y103_0924,3.4,3.408,7,80,26,ince,True,,84.0,40.0,58.0,918.0,1002.0,1.088,12.856,11.813,0.778,True,,False,ON,935.0,2.5,9.5
2026-09-24 15:01:43,MLLB_000_y1.0.3,WHITE,v4_white_MLLB_000_y103_0924,3.4,3.408,7,80,27,ince,True,,70.0,42.0,44.0,932.0,1002.0,1.088,12.903,11.855,0.7782,True,,False,ON,935.0,2.5,9.5
2026-09-24 15:01:44,MLLB_000_y1.0.3,WHITE,v4_white_MLLB_000_y103_0924,3.4,3.408,7,80,29,ince,False,iki-OK-arasi-monotonluk,,,,,,,,,,,,True,,935.0,2.5,9.5
2026-09-24 15:01:44,MLLB_000_y1.0.3,WHITE,v4_white_MLLB_000_y103_0924,3.4,3.408,7,80,30,ince,False,iki-OK-arasi-monotonluk,,,,,,,,,,,,True,,935.0,2.5,9.5
2026-09-24 15:01:44,MLLB_000_y1.0.3,WHITE,v4_white_MLLB_000_y103_0924,3.4,3.408,7,80,31,ince,False,iki-OK-arasi-monotonluk,,,,,,,,,,,,True,,935.0,2.5,9.5
2026-09-24 15:01:59,MLLB_000_y1.0.3,WHITE,v4_white_MLLB_000_y103_0924,3.4,3.408,7,80,33,ince,True,,38.0,28.0,18.0,964.0,1002.0,2.785,32.938,11.828,0.7781,True,,False,FLAS,935.0,2.5,9.5
2026-09-24 15:02:12,MLLB_000_y1.0.3,WHITE,v4_white_MLLB_000_y103_0924,3.4,3.408,7,80,34,ince,True,,38.0,28.0,18.0,964.0,1002.0,3.5,41.401,11.828,0.7781,True,,False,FLAS,935.0,2.5,9.5
2026-09-24 15:02:27,MLLB_000_y1.0.3,WHITE,v4_white_MLLB_000_y103_0924,3.4,3.408,7,80,35,ince,True,,38.0,28.0,18.0,964.0,1002.0,6.796,80.427,11.834,0.7775,True,,False,FLAS,935.0,2.5,9.5
2026-09-24 15:02:28,MLLB_000_y1.0.3,WHITE,v4_white_MLLB_000_y103_0924,3.4,3.408,7,80,,bitti,False,,,,,,,,,,,,,,,935.0,2.5,9.5
2026-09-24 15:02:43,MLLB_000_y1.0.3,WHITE,v4_white_MLLB_000_y103_0924,3.4,3.408,7,60,12,kaba,True,,318.0,42.0,292.0,684.0,1002.0,1.104,12.903,11.687,0.7773,True,,False,ON,935.0,2.5,9.5
2026-09-24 15:02:59,MLLB_000_y1.0.3,WHITE,v4_white_MLLB_000_y103_0924,3.4,3.408,7,60,16,kaba,True,,278.0,42.0,252.0,724.0,1002.0,1.092,12.821,11.737,0.7777,True,,False,ON,935.0,2.5,9.5
2026-09-24 15:03:15,MLLB_000_y1.0.3,WHITE,v4_white_MLLB_000_y103_0924,3.4,3.408,7,60,20,kaba,True,,236.0,46.0,210.0,766.0,1002.0,1.089,12.81,11.765,0.7775,True,,False,ON,935.0,2.5,9.5
2026-09-24 15:03:31,MLLB_000_y1.0.3,WHITE,v4_white_MLLB_000_y103_0924,3.4,3.408,7,60,24,kaba,True,,196.0,46.0,170.0,806.0,1002.0,1.091,12.858,11.784,0.7778,True,,False,ON,935.0,2.5,9.5
2026-09-24 15:03:48,MLLB_000_y1.0.3,WHITE,v4_white_MLLB_000_y103_0924,3.4,3.408,7,60,28,kaba,True,,156.0,40.0,130.0,846.0,1002.0,1.095,12.926,11.8,0.7783,True,,False,ON,935.0,2.5,9.5
2026-09-24 15:04:03,MLLB_000_y1.0.3,WHITE,v4_white_MLLB_000_y103_0924,3.4,3.408,7,60,32,kaba,True,,114.0,44.0,88.0,888.0,1002.0,1.088,12.856,11.814,0.7786,True,,False,ON,935.0,2.5,9.5
2026-09-24 15:04:20,MLLB_000_y1.0.3,WHITE,v4_white_MLLB_000_y103_0924,3.4,3.408,7,60,36,kaba,True,,72.0,46.0,46.0,930.0,1002.0,1.089,12.893,11.844,0.7777,True,,False,ON,935.0,2.5,9.5
2026-09-24 15:04:35,MLLB_000_y1.0.3,WHITE,v4_white_MLLB_000_y103_0924,3.4,3.408,7,60,40,kaba,True,,46.0,28.0,26.0,956.0,1002.0,1.089,12.903,11.846,0.7785,True,,True,,935.0,2.5,9.5
2026-09-24 15:04:48,MLLB_000_y1.0.3,WHITE,v4_white_MLLB_000_y103_0924,3.4,3.408,7,60,44,kaba,True,,46.0,28.0,26.0,956.0,1002.0,2.778,33.52,12.066,0.778,True,,False,FLAS,935.0,2.5,9.5
2026-09-24 15:05:03,MLLB_000_y1.0.3,WHITE,v4_white_MLLB_000_y103_0924,3.4,3.408,7,60,48,kaba,True,,46.0,28.0,26.0,956.0,1002.0,9.931,117.483,11.83,0.7786,True,,False,FLAS,935.0,2.5,9.5
2026-09-24 15:05:20,MLLB_000_y1.0.3,WHITE,v4_white_MLLB_000_y103_0924,3.4,3.408,7,60,37,ince,True,,60.0,44.0,34.0,942.0,1002.0,1.082,12.81,11.838,0.7786,True,,True,,935.0,2.5,9.5
2026-09-24 15:05:35,MLLB_000_y1.0.3,WHITE,v4_white_MLLB_000_y103_0924,3.4,3.408,7,60,38,ince,True,,50.0,38.0,28.0,952.0,1002.0,1.082,12.823,11.853,0.779,True,,True,,935.0,2.5,9.5
2026-09-24 15:05:51,MLLB_000_y1.0.3,WHITE,v4_white_MLLB_000_y103_0924,3.4,3.408,7,60,39,ince,True,,46.0,28.0,26.0,956.0,1002.0,1.085,12.839,11.832,0.779,True,,True,,935.0,2.5,9.5
2026-09-24 15:06:07,MLLB_000_y1.0.3,WHITE,v4_white_MLLB_000_y103_0924,3.4,3.408,7,60,41,ince,True,,46.0,28.0,26.0,956.0,1002.0,1.731,20.487,11.833,0.778,True,,True,,935.0,2.5,9.5
2026-09-24 15:06:24,MLLB_000_y1.0.3,WHITE,v4_white_MLLB_000_y103_0924,3.4,3.408,7,60,42,ince,True,,46.0,28.0,26.0,956.0,1002.0,2.219,26.367,11.88,0.7781,True,,True,,935.0,2.5,9.5
2026-09-24 15:06:40,MLLB_000_y1.0.3,WHITE,v4_white_MLLB_000_y103_0924,3.4,3.408,7,60,43,ince,True,,46.0,28.0,26.0,956.0,1002.0,2.598,30.765,11.843,0.7778,True,,False,FLAS,935.0,2.5,9.5
2026-09-24 15:06:40,MLLB_000_y1.0.3,WHITE,v4_white_MLLB_000_y103_0924,3.4,3.408,7,60,,bitti,False,,,,,,,,,,,,,,,935.0,2.5,9.5
2026-09-24 15:07:02,MLLB_000_y1.0.3,WHITE,v4_white_MLLB_000_y103_0924,3.4,3.408,8,100,12,kaba,True,,208.0,36.0,186.0,794.0,1002.0,1.095,15.421,14.086,0.7781,True,,False,ON,935.0,2.5,9.5
2026-09-24 15:07:18,MLLB_000_y1.0.3,WHITE,v4_white_MLLB_000_y103_0924,3.4,3.408,8,100,16,kaba,True,,152.0,38.0,128.0,850.0,1002.0,1.085,15.347,14.141,0.7781,True,,False,ON,935.0,2.5,9.5
2026-09-24 15:07:34,MLLB_000_y1.0.3,WHITE,v4_white_MLLB_000_y103_0924,3.4,3.408,8,100,20,kaba,True,,94.0,40.0,70.0,908.0,1002.0,1.083,15.327,14.155,0.778,True,,False,ON,935.0,2.5,9.5
2026-09-24 15:07:50,MLLB_000_y1.0.3,WHITE,v4_white_MLLB_000_y103_0924,3.4,3.408,8,100,24,kaba,True,,36.0,36.0,16.0,966.0,1002.0,1.081,15.335,14.179,0.7777,True,,True,,935.0,2.5,9.5
2026-09-24 15:08:05,MLLB_000_y1.0.3,WHITE,v4_white_MLLB_000_y103_0924,3.4,3.408,8,100,28,kaba,True,,34.0,28.0,14.0,968.0,1002.0,2.855,40.505,14.188,0.7783,True,,False,FLAS,935.0,2.5,9.5
2026-09-24 15:08:21,MLLB_000_y1.0.3,WHITE,v4_white_MLLB_000_y103_0924,3.4,3.408,8,100,32,kaba,True,,34.0,28.0,14.0,968.0,1002.0,14.488,205.451,14.181,0.7779,True,,False,FLAS,935.0,2.5,9.5
2026-09-24 15:08:38,MLLB_000_y1.0.3,WHITE,v4_white_MLLB_000_y103_0924,3.4,3.408,8,100,21,ince,True,,80.0,38.0,56.0,922.0,1002.0,1.082,15.327,14.172,0.778,True,,False,ON,935.0,2.5,9.5
2026-09-24 15:08:53,MLLB_000_y1.0.3,WHITE,v4_white_MLLB_000_y103_0924,3.4,3.408,8,100,22,ince,True,,66.0,36.0,42.0,936.0,1002.0,1.08,15.327,14.185,0.7784,True,,True,,935.0,2.5,9.5
2026-09-24 15:09:10,MLLB_000_y1.0.3,WHITE,v4_white_MLLB_000_y103_0924,3.4,3.408,8,100,23,ince,True,,50.0,40.0,26.0,952.0,1002.0,1.085,15.421,14.211,0.7784,True,,True,,935.0,2.5,9.5
2026-09-24 15:09:26,MLLB_000_y1.0.3,WHITE,v4_white_MLLB_000_y103_0924,3.4,3.408,8,100,25,ince,True,,34.0,28.0,14.0,968.0,1002.0,1.074,15.258,14.201,0.7781,True,,True,,935.0,2.5,9.5
2026-09-24 15:09:41,MLLB_000_y1.0.3,WHITE,v4_white_MLLB_000_y103_0924,3.4,3.408,8,100,26,ince,True,,34.0,28.0,14.0,968.0,1002.0,1.671,23.727,14.203,0.7781,True,,True,,935.0,2.5,9.5
2026-09-24 15:09:57,MLLB_000_y1.0.3,WHITE,v4_white_MLLB_000_y103_0924,3.4,3.408,8,100,27,ince,True,,34.0,28.0,14.0,968.0,1002.0,2.237,31.714,14.179,0.7779,True,,True,,935.0,2.5,9.5
2026-09-24 15:09:58,MLLB_000_y1.0.3,WHITE,v4_white_MLLB_000_y103_0924,3.4,3.408,8,100,,bitti,False,,,,,,,,,,,,,,,935.0,2.5,9.5
2026-09-24 15:10:14,MLLB_000_y1.0.3,WHITE,v4_white_MLLB_000_y103_0924,3.4,3.408,8,80,12,kaba,True,,238.0,42.0,214.0,764.0,1002.0,1.096,15.421,14.074,0.7788,True,,False,ON,935.0,2.5,9.5
2026-09-24 15:10:30,MLLB_000_y1.0.3,WHITE,v4_white_MLLB_000_y103_0924,3.4,3.408,8,80,16,kaba,True,,190.0,38.0,168.0,812.0,1002.0,1.087,15.327,14.103,0.7781,True,,False,ON,935.0,2.5,9.5
2026-09-24 15:10:46,MLLB_000_y1.0.3,WHITE,v4_white_MLLB_000_y103_0924,3.4,3.408,8,80,20,kaba,True,,146.0,42.0,122.0,856.0,1002.0,1.084,15.327,14.141,0.7786,True,,False,ON,935.0,2.5,9.5
2026-09-24 15:11:02,MLLB_000_y1.0.3,WHITE,v4_white_MLLB_000_y103_0924,3.4,3.408,8,80,24,kaba,True,,98.0,40.0,74.0,904.0,1002.0,1.082,15.357,14.197,0.7788,True,,False,ON,935.0,2.5,9.5
2026-09-24 15:11:18,MLLB_000_y1.0.3,WHITE,v4_white_MLLB_000_y103_0924,3.4,3.408,8,80,28,kaba,True,,50.0,40.0,26.0,952.0,1002.0,1.08,15.327,14.193,0.7782,True,,True,,935.0,2.5,9.5
2026-09-24 15:11:33,MLLB_000_y1.0.3,WHITE,v4_white_MLLB_000_y103_0924,3.4,3.408,8,80,32,kaba,True,,38.0,28.0,18.0,964.0,1002.0,1.959,27.807,14.192,0.7779,True,,True,,935.0,2.5,9.5
2026-09-24 15:11:50,MLLB_000_y1.0.3,WHITE,v4_white_MLLB_000_y103_0924,3.4,3.408,8,80,36,kaba,True,,38.0,28.0,18.0,964.0,1002.0,8.81,124.903,14.178,0.7785,True,,False,FLAS,935.0,2.5,9.5
2026-09-24 15:12:06,MLLB_000_y1.0.3,WHITE,v4_white_MLLB_000_y103_0924,3.4,3.408,8,80,25,ince,True,,88.0,38.0,64.0,914.0,1002.0,1.079,15.3,14.177,0.7781,True,,False,ON,935.0,2.5,9.5
2026-09-24 15:12:22,MLLB_000_y1.0.3,WHITE,v4_white_MLLB_000_y103_0924,3.4,3.408,8,80,26,ince,True,,76.0,38.0,52.0,926.0,1002.0,1.08,15.327,14.188,0.7785,True,,False,ON,935.0,2.5,9.5
2026-09-24 15:12:37,MLLB_000_y1.0.3,WHITE,v4_white_MLLB_000_y103_0924,3.4,3.408,8,80,27,ince,True,,64.0,40.0,38.0,938.0,1002.0,1.08,15.327,14.196,0.7783,True,,True,,935.0,2.5,9.5
2026-09-24 15:12:38,MLLB_000_y1.0.3,WHITE,v4_white_MLLB_000_y103_0924,3.4,3.408,8,80,29,ince,False,iki-OK-arasi-monotonluk,,,,,,,,,,,,True,,935.0,2.5,9.5
2026-09-24 15:12:38,MLLB_000_y1.0.3,WHITE,v4_white_MLLB_000_y103_0924,3.4,3.408,8,80,30,ince,False,iki-OK-arasi-monotonluk,,,,,,,,,,,,True,,935.0,2.5,9.5
2026-09-24 15:12:38,MLLB_000_y1.0.3,WHITE,v4_white_MLLB_000_y103_0924,3.4,3.408,8,80,31,ince,False,iki-OK-arasi-monotonluk,,,,,,,,,,,,True,,935.0,2.5,9.5
2026-09-24 15:12:53,MLLB_000_y1.0.3,WHITE,v4_white_MLLB_000_y103_0924,3.4,3.408,8,80,33,ince,True,,38.0,28.0,18.0,964.0,1002.0,2.324,32.914,14.16,0.7786,True,,True,,935.0,2.5,9.5
2026-09-24 15:13:10,MLLB_000_y1.0.3,WHITE,v4_white_MLLB_000_y103_0924,3.4,3.408,8,80,34,ince,True,,38.0,28.0,18.0,964.0,1002.0,2.884,40.927,14.191,0.7788,True,,False,FLAS,935.0,2.5,9.5
2026-09-24 15:13:26,MLLB_000_y1.0.3,WHITE,v4_white_MLLB_000_y103_0924,3.4,3.408,8,80,35,ince,True,,38.0,28.0,18.0,964.0,1002.0,5.62,79.652,14.173,0.7785,True,,False,FLAS,935.0,2.5,9.5
2026-09-24 15:13:26,MLLB_000_y1.0.3,WHITE,v4_white_MLLB_000_y103_0924,3.4,3.408,8,80,,bitti,False,,,,,,,,,,,,,,,935.0,2.5,9.5
2026-09-24 15:13:42,MLLB_000_y1.0.3,WHITE,v4_white_MLLB_000_y103_0924,3.4,3.408,8,60,12,kaba,True,,268.0,38.0,244.0,734.0,1002.0,1.094,15.374,14.057,0.7783,True,,False,ON,935.0,2.5,9.5
2026-09-24 15:13:57,MLLB_000_y1.0.3,WHITE,v4_white_MLLB_000_y103_0924,3.4,3.408,8,60,16,kaba,True,,234.0,38.0,212.0,768.0,1002.0,1.09,15.327,14.061,0.778,True,,False,ON,935.0,2.5,9.5
2026-09-24 15:14:13,MLLB_000_y1.0.3,WHITE,v4_white_MLLB_000_y103_0924,3.4,3.408,8,60,20,kaba,True,,202.0,40.0,178.0,800.0,1002.0,1.089,15.327,14.073,0.7786,True,,False,ON,935.0,2.5,9.5
2026-09-24 15:14:26,MLLB_000_y1.0.3,WHITE,v4_white_MLLB_000_y103_0924,3.4,3.408,8,60,24,kaba,True,,168.0,36.0,146.0,834.0,1002.0,1.086,15.327,14.109,0.7786,True,,False,ON,935.0,2.5,9.5
2026-09-24 15:14:41,MLLB_000_y1.0.3,WHITE,v4_white_MLLB_000_y103_0924,3.4,3.408,8,60,28,kaba,True,,136.0,40.0,110.0,866.0,1002.0,1.084,15.327,14.134,0.7788,True,,False,ON,935.0,2.5,9.5
2026-09-24 15:14:57,MLLB_000_y1.0.3,WHITE,v4_white_MLLB_000_y103_0924,3.4,3.408,8,60,32,kaba,True,,102.0,42.0,78.0,900.0,1002.0,1.082,15.327,14.171,0.7781,True,,False,ON,935.0,2.5,9.5
2026-09-24 15:15:10,MLLB_000_y1.0.3,WHITE,v4_white_MLLB_000_y103_0924,3.4,3.408,8,60,36,kaba,True,,66.0,40.0,42.0,936.0,1002.0,1.061,15.358,14.472,0.7785,True,,True,,935.0,2.5,9.5
2026-09-24 15:15:26,MLLB_000_y1.0.3,WHITE,v4_white_MLLB_000_y103_0924,3.4,3.408,8,60,40,kaba,True,,46.0,28.0,26.0,956.0,1002.0,1.08,15.306,14.173,0.7781,True,,True,,935.0,2.5,9.5
2026-09-24 15:15:42,MLLB_000_y1.0.3,WHITE,v4_white_MLLB_000_y103_0924,3.4,3.408,8,60,44,kaba,True,,46.0,28.0,26.0,956.0,1002.0,2.344,33.252,14.189,0.7785,True,,True,,935.0,2.5,9.5
2026-09-24 15:15:58,MLLB_000_y1.0.3,WHITE,v4_white_MLLB_000_y103_0924,3.4,3.408,8,60,48,kaba,True,,46.0,28.0,26.0,956.0,1002.0,7.97,112.802,14.153,0.7781,True,,False,FLAS,935.0,2.5,9.5
2026-09-24 15:16:14,MLLB_000_y1.0.3,WHITE,v4_white_MLLB_000_y103_0924,3.4,3.408,8,60,33,ince,True,,94.0,36.0,70.0,908.0,1002.0,1.083,15.327,14.158,0.7779,True,,False,ON,935.0,2.5,9.5
2026-09-24 15:16:30,MLLB_000_y1.0.3,WHITE,v4_white_MLLB_000_y103_0924,3.4,3.408,8,60,34,ince,True,,84.0,36.0,62.0,918.0,1002.0,1.081,15.316,14.165,0.7781,True,,False,ON,935.0,2.5,9.5
2026-09-24 15:16:46,MLLB_000_y1.0.3,WHITE,v4_white_MLLB_000_y103_0924,3.4,3.408,8,60,35,ince,True,,76.0,40.0,50.0,926.0,1002.0,1.086,15.421,14.202,0.7781,True,,False,ON,935.0,2.5,9.5
2026-09-24 15:16:46,MLLB_000_y1.0.3,WHITE,v4_white_MLLB_000_y103_0924,3.4,3.408,8,60,37,ince,False,iki-OK-arasi-monotonluk,,,,,,,,,,,,True,,935.0,2.5,9.5
2026-09-24 15:16:46,MLLB_000_y1.0.3,WHITE,v4_white_MLLB_000_y103_0924,3.4,3.408,8,60,38,ince,False,iki-OK-arasi-monotonluk,,,,,,,,,,,,True,,935.0,2.5,9.5
2026-09-24 15:16:46,MLLB_000_y1.0.3,WHITE,v4_white_MLLB_000_y103_0924,3.4,3.408,8,60,39,ince,False,iki-OK-arasi-monotonluk,,,,,,,,,,,,True,,935.0,2.5,9.5
2026-09-24 15:16:46,MLLB_000_y1.0.3,WHITE,v4_white_MLLB_000_y103_0924,3.4,3.408,8,60,41,ince,False,iki-OK-arasi-monotonluk,,,,,,,,,,,,True,,935.0,2.5,9.5
2026-09-24 15:16:46,MLLB_000_y1.0.3,WHITE,v4_white_MLLB_000_y103_0924,3.4,3.408,8,60,42,ince,False,iki-OK-arasi-monotonluk,,,,,,,,,,,,True,,935.0,2.5,9.5
2026-09-24 15:16:46,MLLB_000_y1.0.3,WHITE,v4_white_MLLB_000_y103_0924,3.4,3.408,8,60,43,ince,False,iki-OK-arasi-monotonluk,,,,,,,,,,,,True,,935.0,2.5,9.5
2026-09-24 15:17:02,MLLB_000_y1.0.3,WHITE,v4_white_MLLB_000_y103_0924,3.4,3.408,8,60,45,ince,True,,46.0,28.0,26.0,956.0,1002.0,2.793,39.665,14.199,0.7783,True,,False,FLAS,935.0,2.5,9.5
2026-09-24 15:17:18,MLLB_000_y1.0.3,WHITE,v4_white_MLLB_000_y103_0924,3.4,3.408,8,60,46,ince,True,,46.0,28.0,26.0,956.0,1002.0,3.533,50.145,14.192,0.7782,True,,False,FLAS,935.0,2.5,9.5
2026-09-24 15:17:34,MLLB_000_y1.0.3,WHITE,v4_white_MLLB_000_y103_0924,3.4,3.408,8,60,47,ince,True,,46.0,28.0,26.0,956.0,1002.0,6.246,88.656,14.194,0.7783,True,,False,FLAS,935.0,2.5,9.5
2026-09-24 15:17:34,MLLB_000_y1.0.3,WHITE,v4_white_MLLB_000_y103_0924,3.4,3.408,8,60,,bitti,False,,,,,,,,,,,,,,,935.0,2.5,9.5
2026-09-24 15:17:56,MLLB_000_y1.0.3,WHITE,v4_white_MLLB_000_y103_0924,3.4,3.408,10,100,12,kaba,True,,162.0,32.0,142.0,840.0,1002.0,1.078,20.268,18.798,0.7785,True,,False,ON,935.0,2.5,9.5
2026-09-24 15:18:12,MLLB_000_y1.0.3,WHITE,v4_white_MLLB_000_y103_0924,3.4,3.408,10,100,16,kaba,True,,120.0,36.0,98.0,882.0,1002.0,1.075,20.237,18.825,0.7782,True,,False,ON,935.0,2.5,9.5
2026-09-24 15:18:28,MLLB_000_y1.0.3,WHITE,v4_white_MLLB_000_y103_0924,3.4,3.408,10,100,20,kaba,True,,78.0,34.0,56.0,924.0,1002.0,1.075,20.268,18.859,0.7787,True,,False,ON,935.0,2.5,9.5
2026-09-24 15:18:44,MLLB_000_y1.0.3,WHITE,v4_white_MLLB_000_y103_0924,3.4,3.408,10,100,24,kaba,True,,36.0,32.0,14.0,966.0,1002.0,1.073,20.236,18.854,0.7783,True,,True,,935.0,2.5,9.5
2026-09-24 15:19:00,MLLB_000_y1.0.3,WHITE,v4_white_MLLB_000_y103_0924,3.4,3.408,10,100,28,kaba,True,,34.0,28.0,14.0,968.0,1002.0,2.135,40.295,18.875,0.7787,True,,True,,935.0,2.5,9.5
2026-09-24 15:19:15,MLLB_000_y1.0.3,WHITE,v4_white_MLLB_000_y103_0924,3.4,3.408,10,100,32,kaba,True,,34.0,28.0,14.0,968.0,1002.0,10.818,203.919,18.85,0.7784,True,,False,FLAS,935.0,2.5,9.5
2026-09-24 15:19:32,MLLB_000_y1.0.3,WHITE,v4_white_MLLB_000_y103_0924,3.4,3.408,10,100,21,ince,True,,68.0,38.0,46.0,934.0,1002.0,1.073,20.22,18.852,0.7791,True,,False,ON,935.0,2.5,9.5
2026-09-24 15:19:48,MLLB_000_y1.0.3,WHITE,v4_white_MLLB_000_y103_0924,3.4,3.408,10,100,22,ince,True,,56.0,36.0,34.0,946.0,1002.0,1.074,20.268,18.868,0.7782,True,,True,,935.0,2.5,9.5
2026-09-24 15:20:04,MLLB_000_y1.0.3,WHITE,v4_white_MLLB_000_y103_0924,3.4,3.408,10,100,23,ince,True,,46.0,36.0,22.0,956.0,1002.0,1.072,20.22,18.855,0.7784,True,,True,,935.0,2.5,9.5
2026-09-24 15:20:04,MLLB_000_y1.0.3,WHITE,v4_white_MLLB_000_y103_0924,3.4,3.408,10,100,25,ince,False,iki-OK-arasi-monotonluk,,,,,,,,,,,,True,,935.0,2.5,9.5
2026-09-24 15:20:04,MLLB_000_y1.0.3,WHITE,v4_white_MLLB_000_y103_0924,3.4,3.408,10,100,26,ince,False,iki-OK-arasi-monotonluk,,,,,,,,,,,,True,,935.0,2.5,9.5
2026-09-24 15:20:04,MLLB_000_y1.0.3,WHITE,v4_white_MLLB_000_y103_0924,3.4,3.408,10,100,27,ince,False,iki-OK-arasi-monotonluk,,,,,,,,,,,,True,,935.0,2.5,9.5
2026-09-24 15:20:20,MLLB_000_y1.0.3,WHITE,v4_white_MLLB_000_y103_0924,3.4,3.408,10,100,29,ince,True,,34.0,28.0,14.0,968.0,1002.0,4.897,92.412,18.869,0.779,True,,False,FLAS,935.0,2.5,9.5
2026-09-24 15:20:36,MLLB_000_y1.0.3,WHITE,v4_white_MLLB_000_y103_0924,3.4,3.408,10,100,30,ince,True,,34.0,28.0,14.0,968.0,1002.0,7.538,142.219,18.868,0.7787,True,,False,FLAS,935.0,2.5,9.5
2026-09-24 15:20:51,MLLB_000_y1.0.3,WHITE,v4_white_MLLB_000_y103_0924,3.4,3.408,10,100,31,ince,True,,34.0,28.0,14.0,968.0,1002.0,9.521,179.468,18.849,0.7783,True,,False,FLAS,935.0,2.5,9.5
2026-09-24 15:20:52,MLLB_000_y1.0.3,WHITE,v4_white_MLLB_000_y103_0924,3.4,3.408,10,100,,bitti,False,,,,,,,,,,,,,,,935.0,2.5,9.5
2026-09-24 15:21:08,MLLB_000_y1.0.3,WHITE,v4_white_MLLB_000_y103_0924,3.4,3.408,10,80,12,kaba,True,,184.0,36.0,162.0,818.0,1002.0,1.078,20.22,18.761,0.7789,True,,False,ON,935.0,2.5,9.5
2026-09-24 15:21:24,MLLB_000_y1.0.3,WHITE,v4_white_MLLB_000_y103_0924,3.4,3.408,10,80,16,kaba,True,,150.0,34.0,128.0,852.0,1002.0,1.076,20.22,18.79,0.7792,True,,False,ON,935.0,2.5,9.5
2026-09-24 15:21:40,MLLB_000_y1.0.3,WHITE,v4_white_MLLB_000_y103_0924,3.4,3.408,10,80,20,kaba,True,,116.0,36.0,94.0,886.0,1002.0,1.075,20.22,18.805,0.7785,True,,False,ON,935.0,2.5,9.5
2026-09-24 15:21:55,MLLB_000_y1.0.3,WHITE,v4_white_MLLB_000_y103_0924,3.4,3.408,10,80,24,kaba,True,,82.0,32.0,62.0,920.0,1002.0,1.071,20.172,18.843,0.778,True,,False,ON,935.0,2.5,9.5
2026-09-24 15:22:12,MLLB_000_y1.0.3,WHITE,v4_white_MLLB_000_y103_0924,3.4,3.408,10,80,28,kaba,True,,48.0,38.0,26.0,954.0,1002.0,1.07,20.18,18.868,0.7785,True,,True,,935.0,2.5,9.5
2026-09-24 15:22:28,MLLB_000_y1.0.3,WHITE,v4_white_MLLB_000_y103_0924,3.4,3.408,10,80,32,kaba,True,,38.0,28.0,18.0,964.0,1002.0,1.461,27.516,18.84,0.7782,True,,True,,935.0,2.5,9.5
2026-09-24 15:22:44,MLLB_000_y1.0.3,WHITE,v4_white_MLLB_000_y103_0924,3.4,3.408,10,80,36,kaba,True,,38.0,28.0,18.0,964.0,1002.0,6.587,124.225,18.859,0.7786,True,,False,FLAS,935.0,2.5,9.5
2026-09-24 15:22:59,MLLB_000_y1.0.3,WHITE,v4_white_MLLB_000_y103_0924,3.4,3.408,10,80,25,ince,True,,74.0,34.0,52.0,928.0,1002.0,1.074,20.236,18.846,0.7779,True,,False,ON,935.0,2.5,9.5
2026-09-24 15:23:16,MLLB_000_y1.0.3,WHITE,v4_white_MLLB_000_y103_0924,3.4,3.408,10,80,26,ince,True,,64.0,34.0,44.0,938.0,1002.0,1.072,20.212,18.859,0.7786,True,,True,,935.0,2.5,9.5
2026-09-24 15:23:32,MLLB_000_y1.0.3,WHITE,v4_white_MLLB_000_y103_0924,3.4,3.408,10,80,27,ince,True,,56.0,36.0,34.0,946.0,1002.0,1.074,20.268,18.872,0.7783,True,,True,,935.0,2.5,9.5
2026-09-24 15:23:32,MLLB_000_y1.0.3,WHITE,v4_white_MLLB_000_y103_0924,3.4,3.408,10,80,29,ince,False,iki-OK-arasi-monotonluk,,,,,,,,,,,,True,,935.0,2.5,9.5
2026-09-24 15:23:32,MLLB_000_y1.0.3,WHITE,v4_white_MLLB_000_y103_0924,3.4,3.408,10,80,30,ince,False,iki-OK-arasi-monotonluk,,,,,,,,,,,,True,,935.0,2.5,9.5
2026-09-24 15:23:32,MLLB_000_y1.0.3,WHITE,v4_white_MLLB_000_y103_0924,3.4,3.408,10,80,31,ince,False,iki-OK-arasi-monotonluk,,,,,,,,,,,,True,,935.0,2.5,9.5
2026-09-24 15:23:48,MLLB_000_y1.0.3,WHITE,v4_white_MLLB_000_y103_0924,3.4,3.408,10,80,33,ince,True,,38.0,28.0,18.0,964.0,1002.0,1.747,32.946,18.864,0.7786,True,,True,,935.0,2.5,9.5
2026-09-24 15:24:03,MLLB_000_y1.0.3,WHITE,v4_white_MLLB_000_y103_0924,3.4,3.408,10,80,34,ince,True,,38.0,28.0,18.0,964.0,1002.0,2.164,40.829,18.871,0.7784,True,,True,,935.0,2.5,9.5
2026-09-24 15:24:20,MLLB_000_y1.0.3,WHITE,v4_white_MLLB_000_y103_0924,3.4,3.408,10,80,35,ince,True,,38.0,28.0,18.0,964.0,1002.0,4.098,77.403,18.888,0.778,True,,False,FLAS,935.0,2.5,9.5
2026-09-24 15:24:20,MLLB_000_y1.0.3,WHITE,v4_white_MLLB_000_y103_0924,3.4,3.408,10,80,,bitti,False,,,,,,,,,,,,,,,935.0,2.5,9.5
2026-09-24 15:24:36,MLLB_000_y1.0.3,WHITE,v4_white_MLLB_000_y103_0924,3.4,3.408,10,60,12,kaba,True,,208.0,38.0,186.0,794.0,1002.0,1.083,20.292,18.742,0.778,True,,False,ON,935.0,2.5,9.5
2026-09-24 15:24:51,MLLB_000_y1.0.3,WHITE,v4_white_MLLB_000_y103_0924,3.4,3.408,10,60,16,kaba,True,,184.0,36.0,162.0,818.0,1002.0,1.081,20.268,18.757,0.7776,True,,False,ON,935.0,2.5,9.5
2026-09-24 15:25:08,MLLB_000_y1.0.3,WHITE,v4_white_MLLB_000_y103_0924,3.4,3.408,10,60,20,kaba,True,,160.0,38.0,138.0,842.0,1002.0,1.078,20.268,18.802,0.778,True,,False,ON,935.0,2.5,9.5
2026-09-24 15:25:24,MLLB_000_y1.0.3,WHITE,v4_white_MLLB_000_y103_0924,3.4,3.408,10,60,24,kaba,True,,134.0,32.0,114.0,868.0,1002.0,1.079,20.268,18.792,0.7776,True,,False,ON,935.0,2.5,9.5
2026-09-24 15:25:39,MLLB_000_y1.0.3,WHITE,v4_white_MLLB_000_y103_0924,3.4,3.408,10,60,28,kaba,True,,112.0,32.0,90.0,890.0,1002.0,1.075,20.245,18.828,0.7782,True,,False,ON,935.0,2.5,9.5
2026-09-24 15:25:56,MLLB_000_y1.0.3,WHITE,v4_white_MLLB_000_y103_0924,3.4,3.408,10,60,32,kaba,True,,86.0,34.0,64.0,916.0,1002.0,1.074,20.251,18.849,0.7779,True,,False,ON,935.0,2.5,9.5
2026-09-24 15:26:12,MLLB_000_y1.0.3,WHITE,v4_white_MLLB_000_y103_0924,3.4,3.408,10,60,36,kaba,True,,60.0,36.0,38.0,942.0,1002.0,1.074,20.252,18.855,0.7785,True,,True,,935.0,2.5,9.5
2026-09-24 15:26:28,MLLB_000_y1.0.3,WHITE,v4_white_MLLB_000_y103_0924,3.4,3.408,10,60,40,kaba,True,,46.0,28.0,26.0,956.0,1002.0,1.072,20.22,18.861,0.7778,True,,True,,935.0,2.5,9.5
2026-09-24 15:26:44,MLLB_000_y1.0.3,WHITE,v4_white_MLLB_000_y103_0924,3.4,3.408,10,60,44,kaba,True,,46.0,28.0,26.0,956.0,1002.0,1.763,33.252,18.861,0.7784,True,,True,,935.0,2.5,9.5
2026-09-24 15:26:56,MLLB_000_y1.0.3,WHITE,v4_white_MLLB_000_y103_0924,3.4,3.408,10,60,48,kaba,True,,46.0,28.0,26.0,956.0,1002.0,6.104,114.956,18.832,0.7781,True,,False,FLAS,935.0,2.5,9.5
2026-09-24 15:27:12,MLLB_000_y1.0.3,WHITE,v4_white_MLLB_000_y103_0924,3.4,3.408,10,60,33,ince,True,,80.0,38.0,58.0,922.0,1002.0,1.074,20.242,18.846,0.7777,True,,False,ON,935.0,2.5,9.5
2026-09-24 15:27:28,MLLB_000_y1.0.3,WHITE,v4_white_MLLB_000_y103_0924,3.4,3.408,10,60,34,ince,True,,74.0,34.0,52.0,928.0,1002.0,1.073,20.228,18.85,0.7779,True,,False,ON,935.0,2.5,9.5
2026-09-24 15:27:44,MLLB_000_y1.0.3,WHITE,v4_white_MLLB_000_y103_0924,3.4,3.408,10,60,35,ince,True,,68.0,38.0,46.0,934.0,1002.0,1.071,20.172,18.837,0.7779,True,,False,ON,935.0,2.5,9.5
2026-09-24 15:27:44,MLLB_000_y1.0.3,WHITE,v4_white_MLLB_000_y103_0924,3.4,3.408,10,60,37,ince,False,iki-OK-arasi-monotonluk,,,,,,,,,,,,True,,935.0,2.5,9.5
2026-09-24 15:27:44,MLLB_000_y1.0.3,WHITE,v4_white_MLLB_000_y103_0924,3.4,3.408,10,60,38,ince,False,iki-OK-arasi-monotonluk,,,,,,,,,,,,True,,935.0,2.5,9.5
2026-09-24 15:27:44,MLLB_000_y1.0.3,WHITE,v4_white_MLLB_000_y103_0924,3.4,3.408,10,60,39,ince,False,iki-OK-arasi-monotonluk,,,,,,,,,,,,True,,935.0,2.5,9.5
2026-09-24 15:27:44,MLLB_000_y1.0.3,WHITE,v4_white_MLLB_000_y103_0924,3.4,3.408,10,60,41,ince,False,iki-OK-arasi-monotonluk,,,,,,,,,,,,True,,935.0,2.5,9.5
2026-09-24 15:27:44,MLLB_000_y1.0.3,WHITE,v4_white_MLLB_000_y103_0924,3.4,3.408,10,60,42,ince,False,iki-OK-arasi-monotonluk,,,,,,,,,,,,True,,935.0,2.5,9.5
2026-09-24 15:27:44,MLLB_000_y1.0.3,WHITE,v4_white_MLLB_000_y103_0924,3.4,3.408,10,60,43,ince,False,iki-OK-arasi-monotonluk,,,,,,,,,,,,True,,935.0,2.5,9.5
2026-09-24 15:28:00,MLLB_000_y1.0.3,WHITE,v4_white_MLLB_000_y103_0924,3.4,3.408,10,60,45,ince,True,,46.0,28.0,26.0,956.0,1002.0,2.078,39.194,18.858,0.7777,True,,True,,935.0,2.5,9.5
2026-09-24 15:28:16,MLLB_000_y1.0.3,WHITE,v4_white_MLLB_000_y103_0924,3.4,3.408,10,60,46,ince,True,,46.0,28.0,26.0,956.0,1002.0,2.645,49.881,18.856,0.7779,True,,False,FLAS,935.0,2.5,9.5
2026-09-24 15:28:32,MLLB_000_y1.0.3,WHITE,v4_white_MLLB_000_y103_0924,3.4,3.408,10,60,47,ince,True,,46.0,28.0,26.0,956.0,1002.0,4.581,86.404,18.862,0.7783,True,,False,FLAS,935.0,2.5,9.5
2026-09-24 15:28:32,MLLB_000_y1.0.3,WHITE,v4_white_MLLB_000_y103_0924,3.4,3.408,10,60,,bitti,False,,,,,,,,,,,,,,,935.0,2.5,9.5
2026-09-24 15:28:54,MLLB_000_y1.0.3,WHITE,v4_white_MLLB_000_y103_0924,3.4,3.408,15,100,12,kaba,True,,108.0,30.0,88.0,894.0,1002.0,1.061,32.946,31.05,0.7784,True,,False,ON,935.0,2.5,9.5
2026-09-24 15:29:10,MLLB_000_y1.0.3,WHITE,v4_white_MLLB_000_y103_0924,3.4,3.408,15,100,16,kaba,True,,84.0,32.0,62.0,918.0,1002.0,1.059,32.946,31.097,0.7784,True,,False,ON,935.0,2.5,9.5
2026-09-24 15:29:25,MLLB_000_y1.0.3,WHITE,v4_white_MLLB_000_y103_0924,3.4,3.408,15,100,20,kaba,True,,58.0,32.0,38.0,944.0,1002.0,1.058,32.946,31.126,0.7786,True,,True,,935.0,2.5,9.5
2026-09-24 15:29:42,MLLB_000_y1.0.3,WHITE,v4_white_MLLB_000_y103_0924,3.4,3.408,15,100,24,kaba,True,,34.0,28.0,14.0,968.0,1002.0,1.059,32.946,31.102,0.7786,True,,True,,935.0,2.5,9.5
2026-09-24 15:29:58,MLLB_000_y1.0.3,WHITE,v4_white_MLLB_000_y103_0924,3.4,3.408,15,100,28,kaba,True,,34.0,28.0,14.0,968.0,1002.0,1.29,40.138,31.112,0.7781,True,,True,,935.0,2.5,9.5
2026-09-24 15:30:14,MLLB_000_y1.0.3,WHITE,v4_white_MLLB_000_y103_0924,3.4,3.408,15,100,32,kaba,True,,34.0,28.0,14.0,968.0,1002.0,5.758,204.966,35.597,0.7782,True,,False,FLAS,935.0,2.5,9.5
2026-09-24 15:30:30,MLLB_000_y1.0.3,WHITE,v4_white_MLLB_000_y103_0924,3.4,3.408,15,100,36,kaba,True,,34.0,28.0,14.0,968.0,1002.0,6.475,230.68,35.625,0.7779,True,,False,FLAS,935.0,2.5,9.5
2026-09-24 15:30:46,MLLB_000_y1.0.3,WHITE,v4_white_MLLB_000_y103_0924,3.4,3.408,15,100,17,ince,True,,78.0,34.0,58.0,924.0,1002.0,1.058,32.898,31.086,0.7781,True,,False,ON,935.0,2.5,9.5
2026-09-24 15:31:02,MLLB_000_y1.0.3,WHITE,v4_white_MLLB_000_y103_0924,3.4,3.408,15,100,18,ince,True,,72.0,32.0,50.0,930.0,1002.0,1.058,32.907,31.104,0.778,True,,False,ON,935.0,2.5,9.5
2026-09-24 15:31:18,MLLB_000_y1.0.3,WHITE,v4_white_MLLB_000_y103_0924,3.4,3.408,15,100,19,ince,True,,64.0,30.0,44.0,938.0,1002.0,1.059,32.946,31.1,0.7781,True,,True,,935.0,2.5,9.5
2026-09-24 15:31:18,MLLB_000_y1.0.3,WHITE,v4_white_MLLB_000_y103_0924,3.4,3.408,15,100,21,ince,False,iki-OK-arasi-monotonluk,,,,,,,,,,,,True,,935.0,2.5,9.5
2026-09-24 15:31:18,MLLB_000_y1.0.3,WHITE,v4_white_MLLB_000_y103_0924,3.4,3.408,15,100,22,ince,False,iki-OK-arasi-monotonluk,,,,,,,,,,,,True,,935.0,2.5,9.5
2026-09-24 15:31:18,MLLB_000_y1.0.3,WHITE,v4_white_MLLB_000_y103_0924,3.4,3.408,15,100,23,ince,False,iki-OK-arasi-monotonluk,,,,,,,,,,,,True,,935.0,2.5,9.5
2026-09-24 15:31:18,MLLB_000_y1.0.3,WHITE,v4_white_MLLB_000_y103_0924,3.4,3.408,15,100,25,ince,False,iki-OK-arasi-monotonluk,,,,,,,,,,,,True,,935.0,2.5,9.5
2026-09-24 15:31:18,MLLB_000_y1.0.3,WHITE,v4_white_MLLB_000_y103_0924,3.4,3.408,15,100,26,ince,False,iki-OK-arasi-monotonluk,,,,,,,,,,,,True,,935.0,2.5,9.5
2026-09-24 15:31:18,MLLB_000_y1.0.3,WHITE,v4_white_MLLB_000_y103_0924,3.4,3.408,15,100,27,ince,False,iki-OK-arasi-monotonluk,,,,,,,,,,,,True,,935.0,2.5,9.5
2026-09-24 15:31:34,MLLB_000_y1.0.3,WHITE,v4_white_MLLB_000_y103_0924,3.4,3.408,15,100,29,ince,True,,34.0,28.0,14.0,968.0,1002.0,2.565,91.274,35.582,0.7785,True,,False,FLAS,935.0,2.5,9.5
2026-09-24 15:31:50,MLLB_000_y1.0.3,WHITE,v4_white_MLLB_000_y103_0924,3.4,3.408,15,100,30,ince,True,,34.0,28.0,14.0,968.0,1002.0,3.967,141.461,35.664,0.7784,True,,False,FLAS,935.0,2.5,9.5
2026-09-24 15:32:05,MLLB_000_y1.0.3,WHITE,v4_white_MLLB_000_y103_0924,3.4,3.408,15,100,31,ince,True,,34.0,28.0,14.0,968.0,1002.0,5.052,179.468,35.521,0.7782,True,,False,FLAS,935.0,2.5,9.5
2026-09-24 15:32:06,MLLB_000_y1.0.3,WHITE,v4_white_MLLB_000_y103_0924,3.4,3.408,15,100,,bitti,False,,,,,,,,,,,,,,,935.0,2.5,9.5
2026-09-24 15:32:22,MLLB_000_y1.0.3,WHITE,v4_white_MLLB_000_y103_0924,3.4,3.408,15,80,12,kaba,True,,122.0,34.0,102.0,880.0,1002.0,1.062,32.946,31.036,0.7784,True,,False,ON,935.0,2.5,9.5
2026-09-24 15:32:38,MLLB_000_y1.0.3,WHITE,v4_white_MLLB_000_y103_0924,3.4,3.408,15,80,16,kaba,True,,102.0,32.0,82.0,900.0,1002.0,1.06,32.946,31.069,0.7785,True,,False,ON,935.0,2.5,9.5
2026-09-24 15:32:53,MLLB_000_y1.0.3,WHITE,v4_white_MLLB_000_y103_0924,3.4,3.408,15,80,20,kaba,True,,82.0,32.0,62.0,920.0,1002.0,1.06,32.946,31.094,0.7785,True,,False,ON,935.0,2.5,9.5
2026-09-24 15:33:10,MLLB_000_y1.0.3,WHITE,v4_white_MLLB_000_y103_0924,3.4,3.408,15,80,24,kaba,True,,62.0,32.0,42.0,940.0,1002.0,1.059,32.946,31.124,0.7781,True,,True,,935.0,2.5,9.5
2026-09-24 15:33:26,MLLB_000_y1.0.3,WHITE,v4_white_MLLB_000_y103_0924,3.4,3.408,15,80,28,kaba,True,,42.0,32.0,22.0,960.0,1002.0,1.057,32.895,31.126,0.7777,True,,True,,935.0,2.5,9.5
2026-09-24 15:33:42,MLLB_000_y1.0.3,WHITE,v4_white_MLLB_000_y103_0924,3.4,3.408,15,80,32,kaba,True,,38.0,28.0,18.0,964.0,1002.0,1.057,32.895,31.116,0.7777,True,,True,,935.0,2.5,9.5
2026-09-24 15:33:57,MLLB_000_y1.0.3,WHITE,v4_white_MLLB_000_y103_0924,3.4,3.408,15,80,36,kaba,True,,38.0,28.0,18.0,964.0,1002.0,3.5,124.814,35.658,0.7779,True,,False,FLAS,935.0,2.5,9.5
2026-09-24 15:34:14,MLLB_000_y1.0.3,WHITE,v4_white_MLLB_000_y103_0924,3.4,3.408,15,80,40,kaba,True,,38.0,28.0,18.0,964.0,1002.0,5.098,180.993,35.5,0.778,True,,False,FLAS,935.0,2.5,9.5
2026-09-24 15:34:30,MLLB_000_y1.0.3,WHITE,v4_white_MLLB_000_y103_0924,3.4,3.408,15,80,21,ince,True,,78.0,34.0,58.0,924.0,1002.0,1.06,32.946,31.086,0.7781,True,,False,ON,935.0,2.5,9.5
2026-09-24 15:34:46,MLLB_000_y1.0.3,WHITE,v4_white_MLLB_000_y103_0924,3.4,3.408,15,80,22,ince,True,,72.0,30.0,52.0,930.0,1002.0,1.06,32.946,31.075,0.7778,True,,False,ON,935.0,2.5,9.5
2026-09-24 15:35:01,MLLB_000_y1.0.3,WHITE,v4_white_MLLB_000_y103_0924,3.4,3.408,15,80,23,ince,True,,68.0,30.0,48.0,934.0,1002.0,1.06,32.946,31.089,0.778,True,,False,ON,935.0,2.5,9.5
2026-09-24 15:35:02,MLLB_000_y1.0.3,WHITE,v4_white_MLLB_000_y103_0924,3.4,3.408,15,80,25,ince,False,iki-OK-arasi-monotonluk,,,,,,,,,,,,True,,935.0,2.5,9.5
2026-09-24 15:35:02,MLLB_000_y1.0.3,WHITE,v4_white_MLLB_000_y103_0924,3.4,3.408,15,80,26,ince,False,iki-OK-arasi-monotonluk,,,,,,,,,,,,True,,935.0,2.5,9.5
2026-09-24 15:35:02,MLLB_000_y1.0.3,WHITE,v4_white_MLLB_000_y103_0924,3.4,3.408,15,80,27,ince,False,iki-OK-arasi-monotonluk,,,,,,,,,,,,True,,935.0,2.5,9.5
2026-09-24 15:35:02,MLLB_000_y1.0.3,WHITE,v4_white_MLLB_000_y103_0924,3.4,3.408,15,80,29,ince,False,iki-OK-arasi-monotonluk,,,,,,,,,,,,True,,935.0,2.5,9.5
2026-09-24 15:35:02,MLLB_000_y1.0.3,WHITE,v4_white_MLLB_000_y103_0924,3.4,3.408,15,80,30,ince,False,iki-OK-arasi-monotonluk,,,,,,,,,,,,True,,935.0,2.5,9.5
2026-09-24 15:35:02,MLLB_000_y1.0.3,WHITE,v4_white_MLLB_000_y103_0924,3.4,3.408,15,80,31,ince,False,iki-OK-arasi-monotonluk,,,,,,,,,,,,True,,935.0,2.5,9.5
2026-09-24 15:35:18,MLLB_000_y1.0.3,WHITE,v4_white_MLLB_000_y103_0924,3.4,3.408,15,80,33,ince,True,,38.0,28.0,18.0,964.0,1002.0,1.058,32.946,31.129,0.7786,True,,True,,935.0,2.5,9.5
2026-09-24 15:35:34,MLLB_000_y1.0.3,WHITE,v4_white_MLLB_000_y103_0924,3.4,3.408,15,80,34,ince,True,,38.0,28.0,18.0,964.0,1002.0,1.321,41.137,31.143,0.7783,True,,True,,935.0,2.5,9.5
2026-09-24 15:35:50,MLLB_000_y1.0.3,WHITE,v4_white_MLLB_000_y103_0924,3.4,3.408,15,80,35,ince,True,,38.0,28.0,18.0,964.0,1002.0,2.195,78.152,35.601,0.7785,True,,True,,935.0,2.5,9.5
2026-09-24 15:35:50,MLLB_000_y1.0.3,WHITE,v4_white_MLLB_000_y103_0924,3.4,3.408,15,80,,bitti,False,,,,,,,,,,,,,,,935.0,2.5,9.5
2026-09-24 15:36:06,MLLB_000_y1.0.3,WHITE,v4_white_MLLB_000_y103_0924,3.4,3.408,15,60,12,kaba,True,,136.0,30.0,116.0,866.0,1002.0,1.062,32.946,31.023,0.7778,True,,False,ON,935.0,2.5,9.5
2026-09-24 15:36:22,MLLB_000_y1.0.3,WHITE,v4_white_MLLB_000_y103_0924,3.4,3.408,15,60,16,kaba,True,,122.0,32.0,102.0,880.0,1002.0,1.062,32.946,31.034,0.7785,True,,False,ON,935.0,2.5,9.5
2026-09-24 15:36:38,MLLB_000_y1.0.3,WHITE,v4_white_MLLB_000_y103_0924,3.4,3.408,15,60,20,kaba,True,,110.0,34.0,90.0,892.0,1002.0,1.062,32.974,31.064,0.7778,True,,False,ON,935.0,2.5,9.5
2026-09-24 15:36:54,MLLB_000_y1.0.3,WHITE,v4_white_MLLB_000_y103_0924,3.4,3.408,15,60,24,kaba,True,,96.0,30.0,76.0,906.0,1002.0,1.059,32.895,31.068,0.7785,True,,False,ON,935.0,2.5,9.5
2026-09-24 15:37:10,MLLB_000_y1.0.3,WHITE,v4_white_MLLB_000_y103_0924,3.4,3.408,15,60,28,kaba,True,,82.0,32.0,62.0,920.0,1002.0,1.063,33.048,31.096,0.7784,True,,False,ON,935.0,2.5,9.5
2026-09-24 15:37:26,MLLB_000_y1.0.3,WHITE,v4_white_MLLB_000_y103_0924,3.4,3.408,15,60,32,kaba,True,,68.0,30.0,48.0,934.0,1002.0,1.059,32.983,31.141,0.7786,True,,False,ON,935.0,2.5,9.5
2026-09-24 15:37:42,MLLB_000_y1.0.3,WHITE,v4_white_MLLB_000_y103_0924,3.4,3.408,15,60,36,kaba,True,,54.0,32.0,34.0,948.0,1002.0,1.059,32.946,31.122,0.7783,True,,True,,935.0,2.5,9.5
2026-09-24 15:37:58,MLLB_000_y1.0.3,WHITE,v4_white_MLLB_000_y103_0924,3.4,3.408,15,60,40,kaba,True,,46.0,28.0,26.0,956.0,1002.0,1.061,33.048,31.135,0.7788,True,,True,,935.0,2.5,9.5
2026-09-24 15:38:14,MLLB_000_y1.0.3,WHITE,v4_white_MLLB_000_y103_0924,3.4,3.408,15,60,44,kaba,True,,46.0,28.0,26.0,956.0,1002.0,1.076,33.479,31.125,0.7784,True,,True,,935.0,2.5,9.5
2026-09-24 15:38:30,MLLB_000_y1.0.3,WHITE,v4_white_MLLB_000_y103_0924,3.4,3.408,15,60,48,kaba,True,,46.0,28.0,26.0,956.0,1002.0,3.216,115.032,35.772,0.7781,True,,False,FLAS,935.0,2.5,9.5
2026-09-24 15:38:46,MLLB_000_y1.0.3,WHITE,v4_white_MLLB_000_y103_0924,3.4,3.408,15,60,52,kaba,True,,46.0,28.0,26.0,956.0,1002.0,3.88,138.431,35.682,0.7781,True,,False,FLAS,935.0,2.5,9.5
2026-09-24 15:39:01,MLLB_000_y1.0.3,WHITE,v4_white_MLLB_000_y103_0924,3.4,3.408,15,60,33,ince,True,,64.0,28.0,46.0,938.0,1002.0,1.059,32.946,31.123,0.7787,True,,True,,935.0,2.5,9.5
2026-09-24 15:39:18,MLLB_000_y1.0.3,WHITE,v4_white_MLLB_000_y103_0924,3.4,3.408,15,60,34,ince,True,,62.0,32.0,42.0,940.0,1002.0,1.058,32.946,31.135,0.7784,True,,True,,935.0,2.5,9.5
2026-09-24 15:39:34,MLLB_000_y1.0.3,WHITE,v4_white_MLLB_000_y103_0924,3.4,3.408,15,60,35,ince,True,,58.0,32.0,38.0,944.0,1002.0,1.059,32.946,31.105,0.778,True,,True,,935.0,2.5,9.5
2026-09-24 15:39:34,MLLB_000_y1.0.3,WHITE,v4_white_MLLB_000_y103_0924,3.4,3.408,15,60,37,ince,False,iki-OK-arasi-monotonluk,,,,,,,,,,,,True,,935.0,2.5,9.5
2026-09-24 15:39:34,MLLB_000_y1.0.3,WHITE,v4_white_MLLB_000_y103_0924,3.4,3.408,15,60,38,ince,False,iki-OK-arasi-monotonluk,,,,,,,,,,,,True,,935.0,2.5,9.5
2026-09-24 15:39:34,MLLB_000_y1.0.3,WHITE,v4_white_MLLB_000_y103_0924,3.4,3.408,15,60,39,ince,False,iki-OK-arasi-monotonluk,,,,,,,,,,,,True,,935.0,2.5,9.5
2026-09-24 15:39:34,MLLB_000_y1.0.3,WHITE,v4_white_MLLB_000_y103_0924,3.4,3.408,15,60,41,ince,False,iki-OK-arasi-monotonluk,,,,,,,,,,,,True,,935.0,2.5,9.5
2026-09-24 15:39:34,MLLB_000_y1.0.3,WHITE,v4_white_MLLB_000_y103_0924,3.4,3.408,15,60,42,ince,False,iki-OK-arasi-monotonluk,,,,,,,,,,,,True,,935.0,2.5,9.5
2026-09-24 15:39:34,MLLB_000_y1.0.3,WHITE,v4_white_MLLB_000_y103_0924,3.4,3.408,15,60,43,ince,False,iki-OK-arasi-monotonluk,,,,,,,,,,,,True,,935.0,2.5,9.5
2026-09-24 15:39:50,MLLB_000_y1.0.3,WHITE,v4_white_MLLB_000_y103_0924,3.4,3.408,15,60,45,ince,True,,46.0,28.0,26.0,956.0,1002.0,1.261,39.198,31.093,0.7783,True,,True,,935.0,2.5,9.5
2026-09-24 15:40:06,MLLB_000_y1.0.3,WHITE,v4_white_MLLB_000_y103_0924,3.4,3.408,15,60,46,ince,True,,46.0,28.0,26.0,956.0,1002.0,1.611,50.1,31.097,0.7781,True,,True,,935.0,2.5,9.5
2026-09-24 15:40:22,MLLB_000_y1.0.3,WHITE,v4_white_MLLB_000_y103_0924,3.4,3.408,15,60,47,ince,True,,46.0,28.0,26.0,956.0,1002.0,2.401,85.653,35.671,0.7781,True,,True,,935.0,2.5,9.5
2026-09-24 15:40:22,MLLB_000_y1.0.3,WHITE,v4_white_MLLB_000_y103_0924,3.4,3.408,15,60,,bitti,False,,,,,,,,,,,,,,,935.0,2.5,9.5
2026-09-24 15:40:43,MLLB_000_y1.0.3,WHITE,v4_white_MLLB_000_y103_0924,3.4,3.408,100,100,12,kaba,True,,34.0,28.0,14.0,968.0,1002.0,1.066,243.929,228.771,0.778,True,,True,,935.0,2.5,9.5
2026-09-24 15:41:00,MLLB_000_y1.0.3,WHITE,v4_white_MLLB_000_y103_0924,3.4,3.408,100,100,16,kaba,True,,34.0,28.0,14.0,968.0,1002.0,1.066,243.979,228.808,0.7786,True,,True,,935.0,2.5,9.5
2026-09-24 15:41:15,MLLB_000_y1.0.3,WHITE,v4_white_MLLB_000_y103_0924,3.4,3.408,100,100,20,kaba,True,,34.0,28.0,14.0,968.0,1002.0,1.066,243.864,228.778,0.7782,True,,True,,935.0,2.5,9.5
2026-09-24 15:41:32,MLLB_000_y1.0.3,WHITE,v4_white_MLLB_000_y103_0924,3.4,3.408,100,100,24,kaba,True,,34.0,28.0,14.0,968.0,1002.0,1.069,244.635,228.899,0.7787,True,,True,,935.0,2.5,9.5
2026-09-24 15:41:48,MLLB_000_y1.0.3,WHITE,v4_white_MLLB_000_y103_0924,3.4,3.408,100,100,28,kaba,True,,34.0,28.0,14.0,968.0,1002.0,1.069,244.635,228.808,0.7784,True,,True,,935.0,2.5,9.5
2026-09-24 15:42:03,MLLB_000_y1.0.3,WHITE,v4_white_MLLB_000_y103_0924,3.4,3.408,100,100,32,kaba,True,,34.0,28.0,14.0,968.0,1002.0,1.07,244.789,228.803,0.7783,True,,True,,935.0,2.5,9.5
2026-09-24 15:42:20,MLLB_000_y1.0.3,WHITE,v4_white_MLLB_000_y103_0924,3.4,3.408,100,100,36,kaba,True,,34.0,28.0,14.0,968.0,1002.0,1.066,243.953,228.746,0.7791,True,,True,,935.0,2.5,9.5
2026-09-24 15:42:36,MLLB_000_y1.0.3,WHITE,v4_white_MLLB_000_y103_0924,3.4,3.408,100,100,40,kaba,True,,34.0,28.0,14.0,968.0,1002.0,1.068,244.635,228.986,0.7781,True,,True,,935.0,2.5,9.5
2026-09-24 15:42:51,MLLB_000_y1.0.3,WHITE,v4_white_MLLB_000_y103_0924,3.4,3.408,100,100,44,kaba,True,,34.0,28.0,14.0,968.0,1002.0,1.066,243.864,228.835,0.7781,True,,True,,935.0,2.5,9.5
2026-09-24 15:43:08,MLLB_000_y1.0.3,WHITE,v4_white_MLLB_000_y103_0924,3.4,3.408,100,100,48,kaba,True,,34.0,28.0,14.0,968.0,1002.0,1.072,245.66,229.155,0.7781,True,,True,,935.0,2.5,9.5
2026-09-24 15:43:23,MLLB_000_y1.0.3,WHITE,v4_white_MLLB_000_y103_0924,3.4,3.408,100,100,52,kaba,True,,34.0,28.0,14.0,968.0,1002.0,1.072,245.405,228.842,0.7778,True,,True,,935.0,2.5,9.5
2026-09-24 15:43:40,MLLB_000_y1.0.3,WHITE,v4_white_MLLB_000_y103_0924,3.4,3.408,100,100,56,kaba,True,,34.0,28.0,14.0,968.0,1002.0,1.069,244.779,229.078,0.7783,True,,True,,935.0,2.5,9.5
2026-09-24 15:43:56,MLLB_000_y1.0.3,WHITE,v4_white_MLLB_000_y103_0924,3.4,3.408,100,100,58,kaba,True,,34.0,28.0,14.0,968.0,1002.0,1.065,243.864,228.885,0.7785,True,,True,,935.0,2.5,9.5
2026-09-24 15:43:56,MLLB_000_y1.0.3,WHITE,v4_white_MLLB_000_y103_0924,3.4,3.408,100,100,13,ince,False,iki-OK-arasi-monotonluk,,,,,,,,,,,,True,,935.0,2.5,9.5
2026-09-24 15:43:56,MLLB_000_y1.0.3,WHITE,v4_white_MLLB_000_y103_0924,3.4,3.408,100,100,14,ince,False,iki-OK-arasi-monotonluk,,,,,,,,,,,,True,,935.0,2.5,9.5
2026-09-24 15:43:56,MLLB_000_y1.0.3,WHITE,v4_white_MLLB_000_y103_0924,3.4,3.408,100,100,15,ince,False,iki-OK-arasi-monotonluk,,,,,,,,,,,,True,,935.0,2.5,9.5
2026-09-24 15:43:56,MLLB_000_y1.0.3,WHITE,v4_white_MLLB_000_y103_0924,3.4,3.408,100,100,17,ince,False,iki-OK-arasi-monotonluk,,,,,,,,,,,,True,,935.0,2.5,9.5
2026-09-24 15:43:56,MLLB_000_y1.0.3,WHITE,v4_white_MLLB_000_y103_0924,3.4,3.408,100,100,18,ince,False,iki-OK-arasi-monotonluk,,,,,,,,,,,,True,,935.0,2.5,9.5
2026-09-24 15:43:56,MLLB_000_y1.0.3,WHITE,v4_white_MLLB_000_y103_0924,3.4,3.408,100,100,19,ince,False,iki-OK-arasi-monotonluk,,,,,,,,,,,,True,,935.0,2.5,9.5
2026-09-24 15:43:56,MLLB_000_y1.0.3,WHITE,v4_white_MLLB_000_y103_0924,3.4,3.408,100,100,21,ince,False,iki-OK-arasi-monotonluk,,,,,,,,,,,,True,,935.0,2.5,9.5
2026-09-24 15:43:56,MLLB_000_y1.0.3,WHITE,v4_white_MLLB_000_y103_0924,3.4,3.408,100,100,22,ince,False,iki-OK-arasi-monotonluk,,,,,,,,,,,,True,,935.0,2.5,9.5
2026-09-24 15:43:56,MLLB_000_y1.0.3,WHITE,v4_white_MLLB_000_y103_0924,3.4,3.408,100,100,23,ince,False,iki-OK-arasi-monotonluk,,,,,,,,,,,,True,,935.0,2.5,9.5
2026-09-24 15:43:56,MLLB_000_y1.0.3,WHITE,v4_white_MLLB_000_y103_0924,3.4,3.408,100,100,25,ince,False,iki-OK-arasi-monotonluk,,,,,,,,,,,,True,,935.0,2.5,9.5
2026-09-24 15:43:56,MLLB_000_y1.0.3,WHITE,v4_white_MLLB_000_y103_0924,3.4,3.408,100,100,26,ince,False,iki-OK-arasi-monotonluk,,,,,,,,,,,,True,,935.0,2.5,9.5
2026-09-24 15:43:56,MLLB_000_y1.0.3,WHITE,v4_white_MLLB_000_y103_0924,3.4,3.408,100,100,27,ince,False,iki-OK-arasi-monotonluk,,,,,,,,,,,,True,,935.0,2.5,9.5
2026-09-24 15:43:56,MLLB_000_y1.0.3,WHITE,v4_white_MLLB_000_y103_0924,3.4,3.408,100,100,29,ince,False,iki-OK-arasi-monotonluk,,,,,,,,,,,,True,,935.0,2.5,9.5
2026-09-24 15:43:56,MLLB_000_y1.0.3,WHITE,v4_white_MLLB_000_y103_0924,3.4,3.408,100,100,30,ince,False,iki-OK-arasi-monotonluk,,,,,,,,,,,,True,,935.0,2.5,9.5
2026-09-24 15:43:56,MLLB_000_y1.0.3,WHITE,v4_white_MLLB_000_y103_0924,3.4,3.408,100,100,31,ince,False,iki-OK-arasi-monotonluk,,,,,,,,,,,,True,,935.0,2.5,9.5
2026-09-24 15:43:56,MLLB_000_y1.0.3,WHITE,v4_white_MLLB_000_y103_0924,3.4,3.408,100,100,33,ince,False,iki-OK-arasi-monotonluk,,,,,,,,,,,,True,,935.0,2.5,9.5
2026-09-24 15:43:56,MLLB_000_y1.0.3,WHITE,v4_white_MLLB_000_y103_0924,3.4,3.408,100,100,34,ince,False,iki-OK-arasi-monotonluk,,,,,,,,,,,,True,,935.0,2.5,9.5
2026-09-24 15:43:56,MLLB_000_y1.0.3,WHITE,v4_white_MLLB_000_y103_0924,3.4,3.408,100,100,35,ince,False,iki-OK-arasi-monotonluk,,,,,,,,,,,,True,,935.0,2.5,9.5
2026-09-24 15:43:56,MLLB_000_y1.0.3,WHITE,v4_white_MLLB_000_y103_0924,3.4,3.408,100,100,37,ince,False,iki-OK-arasi-monotonluk,,,,,,,,,,,,True,,935.0,2.5,9.5
2026-09-24 15:43:56,MLLB_000_y1.0.3,WHITE,v4_white_MLLB_000_y103_0924,3.4,3.408,100,100,38,ince,False,iki-OK-arasi-monotonluk,,,,,,,,,,,,True,,935.0,2.5,9.5
2026-09-24 15:43:56,MLLB_000_y1.0.3,WHITE,v4_white_MLLB_000_y103_0924,3.4,3.408,100,100,39,ince,False,iki-OK-arasi-monotonluk,,,,,,,,,,,,True,,935.0,2.5,9.5
2026-09-24 15:43:56,MLLB_000_y1.0.3,WHITE,v4_white_MLLB_000_y103_0924,3.4,3.408,100,100,41,ince,False,iki-OK-arasi-monotonluk,,,,,,,,,,,,True,,935.0,2.5,9.5
2026-09-24 15:43:56,MLLB_000_y1.0.3,WHITE,v4_white_MLLB_000_y103_0924,3.4,3.408,100,100,42,ince,False,iki-OK-arasi-monotonluk,,,,,,,,,,,,True,,935.0,2.5,9.5
2026-09-24 15:43:56,MLLB_000_y1.0.3,WHITE,v4_white_MLLB_000_y103_0924,3.4,3.408,100,100,43,ince,False,iki-OK-arasi-monotonluk,,,,,,,,,,,,True,,935.0,2.5,9.5
2026-09-24 15:43:56,MLLB_000_y1.0.3,WHITE,v4_white_MLLB_000_y103_0924,3.4,3.408,100,100,45,ince,False,iki-OK-arasi-monotonluk,,,,,,,,,,,,True,,935.0,2.5,9.5
2026-09-24 15:43:56,MLLB_000_y1.0.3,WHITE,v4_white_MLLB_000_y103_0924,3.4,3.408,100,100,46,ince,False,iki-OK-arasi-monotonluk,,,,,,,,,,,,True,,935.0,2.5,9.5
2026-09-24 15:43:56,MLLB_000_y1.0.3,WHITE,v4_white_MLLB_000_y103_0924,3.4,3.408,100,100,47,ince,False,iki-OK-arasi-monotonluk,,,,,,,,,,,,True,,935.0,2.5,9.5
2026-09-24 15:43:56,MLLB_000_y1.0.3,WHITE,v4_white_MLLB_000_y103_0924,3.4,3.408,100,100,49,ince,False,iki-OK-arasi-monotonluk,,,,,,,,,,,,True,,935.0,2.5,9.5
2026-09-24 15:43:56,MLLB_000_y1.0.3,WHITE,v4_white_MLLB_000_y103_0924,3.4,3.408,100,100,50,ince,False,iki-OK-arasi-monotonluk,,,,,,,,,,,,True,,935.0,2.5,9.5
2026-09-24 15:43:56,MLLB_000_y1.0.3,WHITE,v4_white_MLLB_000_y103_0924,3.4,3.408,100,100,51,ince,False,iki-OK-arasi-monotonluk,,,,,,,,,,,,True,,935.0,2.5,9.5
2026-09-24 15:43:56,MLLB_000_y1.0.3,WHITE,v4_white_MLLB_000_y103_0924,3.4,3.408,100,100,53,ince,False,iki-OK-arasi-monotonluk,,,,,,,,,,,,True,,935.0,2.5,9.5
2026-09-24 15:43:56,MLLB_000_y1.0.3,WHITE,v4_white_MLLB_000_y103_0924,3.4,3.408,100,100,54,ince,False,iki-OK-arasi-monotonluk,,,,,,,,,,,,True,,935.0,2.5,9.5
2026-09-24 15:43:56,MLLB_000_y1.0.3,WHITE,v4_white_MLLB_000_y103_0924,3.4,3.408,100,100,55,ince,False,iki-OK-arasi-monotonluk,,,,,,,,,,,,True,,935.0,2.5,9.5
2026-09-24 15:43:56,MLLB_000_y1.0.3,WHITE,v4_white_MLLB_000_y103_0924,3.4,3.408,100,100,57,ince,False,iki-OK-arasi-monotonluk,,,,,,,,,,,,True,,935.0,2.5,9.5
2026-09-24 15:43:56,MLLB_000_y1.0.3,WHITE,v4_white_MLLB_000_y103_0924,3.4,3.408,100,100,,bitti,False,,,,,,,,,,,,,,,935.0,2.5,9.5
2026-09-24 15:44:12,MLLB_000_y1.0.3,WHITE,v4_white_MLLB_000_y103_0924,3.4,3.408,100,80,12,kaba,True,,34.0,28.0,14.0,968.0,1002.0,1.065,243.903,228.937,0.7777,True,,True,,935.0,2.5,9.5
2026-09-24 15:44:27,MLLB_000_y1.0.3,WHITE,v4_white_MLLB_000_y103_0924,3.4,3.408,100,80,16,kaba,True,,34.0,28.0,14.0,968.0,1002.0,1.065,243.864,228.886,0.7775,True,,True,,935.0,2.5,9.5
2026-09-24 15:44:44,MLLB_000_y1.0.3,WHITE,v4_white_MLLB_000_y103_0924,3.4,3.408,100,80,20,kaba,True,,34.0,28.0,14.0,968.0,1002.0,1.066,243.962,228.841,0.7784,True,,True,,935.0,2.5,9.5
2026-09-24 15:44:59,MLLB_000_y1.0.3,WHITE,v4_white_MLLB_000_y103_0924,3.4,3.408,100,80,24,kaba,True,,34.0,28.0,14.0,968.0,1002.0,1.065,243.864,229.087,0.7783,True,,True,,935.0,2.5,9.5
2026-09-24 15:45:16,MLLB_000_y1.0.3,WHITE,v4_white_MLLB_000_y103_0924,3.4,3.408,100,80,28,kaba,True,,34.0,28.0,14.0,968.0,1002.0,1.07,244.635,228.733,0.7782,True,,True,,935.0,2.5,9.5
2026-09-24 15:45:31,MLLB_000_y1.0.3,WHITE,v4_white_MLLB_000_y103_0924,3.4,3.408,100,80,32,kaba,True,,34.0,28.0,14.0,968.0,1002.0,1.066,243.864,228.756,0.7776,True,,True,,935.0,2.5,9.5
2026-09-24 15:45:48,MLLB_000_y1.0.3,WHITE,v4_white_MLLB_000_y103_0924,3.4,3.408,100,80,36,kaba,True,,34.0,28.0,14.0,968.0,1002.0,1.066,243.864,228.721,0.7782,True,,True,,935.0,2.5,9.5
2026-09-24 15:46:04,MLLB_000_y1.0.3,WHITE,v4_white_MLLB_000_y103_0924,3.4,3.408,100,80,40,kaba,True,,34.0,28.0,14.0,968.0,1002.0,1.067,243.949,228.606,0.7789,True,,True,,935.0,2.5,9.5
2026-09-24 15:46:20,MLLB_000_y1.0.3,WHITE,v4_white_MLLB_000_y103_0924,3.4,3.408,100,80,44,kaba,True,,34.0,28.0,14.0,968.0,1002.0,1.066,243.864,228.795,0.7779,True,,True,,935.0,2.5,9.5
2026-09-24 15:46:36,MLLB_000_y1.0.3,WHITE,v4_white_MLLB_000_y103_0924,3.4,3.408,100,80,48,kaba,True,,34.0,28.0,14.0,968.0,1002.0,1.066,243.864,228.784,0.7778,True,,True,,935.0,2.5,9.5
2026-09-24 15:46:52,MLLB_000_y1.0.3,WHITE,v4_white_MLLB_000_y103_0924,3.4,3.408,100,80,52,kaba,True,,34.0,28.0,14.0,968.0,1002.0,1.066,243.864,228.765,0.7781,True,,True,,935.0,2.5,9.5
2026-09-24 15:47:08,MLLB_000_y1.0.3,WHITE,v4_white_MLLB_000_y103_0924,3.4,3.408,100,80,56,kaba,True,,34.0,28.0,14.0,968.0,1002.0,1.067,243.864,228.629,0.7779,True,,True,,935.0,2.5,9.5
2026-09-24 15:47:23,MLLB_000_y1.0.3,WHITE,v4_white_MLLB_000_y103_0924,3.4,3.408,100,80,58,kaba,True,,34.0,28.0,14.0,968.0,1002.0,1.066,243.864,228.827,0.7782,True,,True,,935.0,2.5,9.5
2026-09-24 15:47:24,MLLB_000_y1.0.3,WHITE,v4_white_MLLB_000_y103_0924,3.4,3.408,100,80,13,ince,False,iki-OK-arasi-monotonluk,,,,,,,,,,,,True,,935.0,2.5,9.5
2026-09-24 15:47:24,MLLB_000_y1.0.3,WHITE,v4_white_MLLB_000_y103_0924,3.4,3.408,100,80,14,ince,False,iki-OK-arasi-monotonluk,,,,,,,,,,,,True,,935.0,2.5,9.5
2026-09-24 15:47:24,MLLB_000_y1.0.3,WHITE,v4_white_MLLB_000_y103_0924,3.4,3.408,100,80,15,ince,False,iki-OK-arasi-monotonluk,,,,,,,,,,,,True,,935.0,2.5,9.5
2026-09-24 15:47:24,MLLB_000_y1.0.3,WHITE,v4_white_MLLB_000_y103_0924,3.4,3.408,100,80,17,ince,False,iki-OK-arasi-monotonluk,,,,,,,,,,,,True,,935.0,2.5,9.5
2026-09-24 15:47:24,MLLB_000_y1.0.3,WHITE,v4_white_MLLB_000_y103_0924,3.4,3.408,100,80,18,ince,False,iki-OK-arasi-monotonluk,,,,,,,,,,,,True,,935.0,2.5,9.5
2026-09-24 15:47:24,MLLB_000_y1.0.3,WHITE,v4_white_MLLB_000_y103_0924,3.4,3.408,100,80,19,ince,False,iki-OK-arasi-monotonluk,,,,,,,,,,,,True,,935.0,2.5,9.5
2026-09-24 15:47:24,MLLB_000_y1.0.3,WHITE,v4_white_MLLB_000_y103_0924,3.4,3.408,100,80,21,ince,False,iki-OK-arasi-monotonluk,,,,,,,,,,,,True,,935.0,2.5,9.5
2026-09-24 15:47:24,MLLB_000_y1.0.3,WHITE,v4_white_MLLB_000_y103_0924,3.4,3.408,100,80,22,ince,False,iki-OK-arasi-monotonluk,,,,,,,,,,,,True,,935.0,2.5,9.5
2026-09-24 15:47:24,MLLB_000_y1.0.3,WHITE,v4_white_MLLB_000_y103_0924,3.4,3.408,100,80,23,ince,False,iki-OK-arasi-monotonluk,,,,,,,,,,,,True,,935.0,2.5,9.5
2026-09-24 15:47:24,MLLB_000_y1.0.3,WHITE,v4_white_MLLB_000_y103_0924,3.4,3.408,100,80,25,ince,False,iki-OK-arasi-monotonluk,,,,,,,,,,,,True,,935.0,2.5,9.5
2026-09-24 15:47:24,MLLB_000_y1.0.3,WHITE,v4_white_MLLB_000_y103_0924,3.4,3.408,100,80,26,ince,False,iki-OK-arasi-monotonluk,,,,,,,,,,,,True,,935.0,2.5,9.5
2026-09-24 15:47:24,MLLB_000_y1.0.3,WHITE,v4_white_MLLB_000_y103_0924,3.4,3.408,100,80,27,ince,False,iki-OK-arasi-monotonluk,,,,,,,,,,,,True,,935.0,2.5,9.5
2026-09-24 15:47:24,MLLB_000_y1.0.3,WHITE,v4_white_MLLB_000_y103_0924,3.4,3.408,100,80,29,ince,False,iki-OK-arasi-monotonluk,,,,,,,,,,,,True,,935.0,2.5,9.5
2026-09-24 15:47:24,MLLB_000_y1.0.3,WHITE,v4_white_MLLB_000_y103_0924,3.4,3.408,100,80,30,ince,False,iki-OK-arasi-monotonluk,,,,,,,,,,,,True,,935.0,2.5,9.5
2026-09-24 15:47:24,MLLB_000_y1.0.3,WHITE,v4_white_MLLB_000_y103_0924,3.4,3.408,100,80,31,ince,False,iki-OK-arasi-monotonluk,,,,,,,,,,,,True,,935.0,2.5,9.5
2026-09-24 15:47:24,MLLB_000_y1.0.3,WHITE,v4_white_MLLB_000_y103_0924,3.4,3.408,100,80,33,ince,False,iki-OK-arasi-monotonluk,,,,,,,,,,,,True,,935.0,2.5,9.5
2026-09-24 15:47:24,MLLB_000_y1.0.3,WHITE,v4_white_MLLB_000_y103_0924,3.4,3.408,100,80,34,ince,False,iki-OK-arasi-monotonluk,,,,,,,,,,,,True,,935.0,2.5,9.5
2026-09-24 15:47:24,MLLB_000_y1.0.3,WHITE,v4_white_MLLB_000_y103_0924,3.4,3.408,100,80,35,ince,False,iki-OK-arasi-monotonluk,,,,,,,,,,,,True,,935.0,2.5,9.5
2026-09-24 15:47:24,MLLB_000_y1.0.3,WHITE,v4_white_MLLB_000_y103_0924,3.4,3.408,100,80,37,ince,False,iki-OK-arasi-monotonluk,,,,,,,,,,,,True,,935.0,2.5,9.5
2026-09-24 15:47:24,MLLB_000_y1.0.3,WHITE,v4_white_MLLB_000_y103_0924,3.4,3.408,100,80,38,ince,False,iki-OK-arasi-monotonluk,,,,,,,,,,,,True,,935.0,2.5,9.5
2026-09-24 15:47:24,MLLB_000_y1.0.3,WHITE,v4_white_MLLB_000_y103_0924,3.4,3.408,100,80,39,ince,False,iki-OK-arasi-monotonluk,,,,,,,,,,,,True,,935.0,2.5,9.5
2026-09-24 15:47:24,MLLB_000_y1.0.3,WHITE,v4_white_MLLB_000_y103_0924,3.4,3.408,100,80,41,ince,False,iki-OK-arasi-monotonluk,,,,,,,,,,,,True,,935.0,2.5,9.5
2026-09-24 15:47:24,MLLB_000_y1.0.3,WHITE,v4_white_MLLB_000_y103_0924,3.4,3.408,100,80,42,ince,False,iki-OK-arasi-monotonluk,,,,,,,,,,,,True,,935.0,2.5,9.5
2026-09-24 15:47:24,MLLB_000_y1.0.3,WHITE,v4_white_MLLB_000_y103_0924,3.4,3.408,100,80,43,ince,False,iki-OK-arasi-monotonluk,,,,,,,,,,,,True,,935.0,2.5,9.5
2026-09-24 15:47:24,MLLB_000_y1.0.3,WHITE,v4_white_MLLB_000_y103_0924,3.4,3.408,100,80,45,ince,False,iki-OK-arasi-monotonluk,,,,,,,,,,,,True,,935.0,2.5,9.5
2026-09-24 15:47:24,MLLB_000_y1.0.3,WHITE,v4_white_MLLB_000_y103_0924,3.4,3.408,100,80,46,ince,False,iki-OK-arasi-monotonluk,,,,,,,,,,,,True,,935.0,2.5,9.5
2026-09-24 15:47:24,MLLB_000_y1.0.3,WHITE,v4_white_MLLB_000_y103_0924,3.4,3.408,100,80,47,ince,False,iki-OK-arasi-monotonluk,,,,,,,,,,,,True,,935.0,2.5,9.5
2026-09-24 15:47:24,MLLB_000_y1.0.3,WHITE,v4_white_MLLB_000_y103_0924,3.4,3.408,100,80,49,ince,False,iki-OK-arasi-monotonluk,,,,,,,,,,,,True,,935.0,2.5,9.5
2026-09-24 15:47:24,MLLB_000_y1.0.3,WHITE,v4_white_MLLB_000_y103_0924,3.4,3.408,100,80,50,ince,False,iki-OK-arasi-monotonluk,,,,,,,,,,,,True,,935.0,2.5,9.5
2026-09-24 15:47:24,MLLB_000_y1.0.3,WHITE,v4_white_MLLB_000_y103_0924,3.4,3.408,100,80,51,ince,False,iki-OK-arasi-monotonluk,,,,,,,,,,,,True,,935.0,2.5,9.5
2026-09-24 15:47:24,MLLB_000_y1.0.3,WHITE,v4_white_MLLB_000_y103_0924,3.4,3.408,100,80,53,ince,False,iki-OK-arasi-monotonluk,,,,,,,,,,,,True,,935.0,2.5,9.5
2026-09-24 15:47:24,MLLB_000_y1.0.3,WHITE,v4_white_MLLB_000_y103_0924,3.4,3.408,100,80,54,ince,False,iki-OK-arasi-monotonluk,,,,,,,,,,,,True,,935.0,2.5,9.5
2026-09-24 15:47:24,MLLB_000_y1.0.3,WHITE,v4_white_MLLB_000_y103_0924,3.4,3.408,100,80,55,ince,False,iki-OK-arasi-monotonluk,,,,,,,,,,,,True,,935.0,2.5,9.5
2026-09-24 15:47:24,MLLB_000_y1.0.3,WHITE,v4_white_MLLB_000_y103_0924,3.4,3.408,100,80,57,ince,False,iki-OK-arasi-monotonluk,,,,,,,,,,,,True,,935.0,2.5,9.5
2026-09-24 15:47:24,MLLB_000_y1.0.3,WHITE,v4_white_MLLB_000_y103_0924,3.4,3.408,100,80,,bitti,False,,,,,,,,,,,,,,,935.0,2.5,9.5
2026-09-24 15:47:40,MLLB_000_y1.0.3,WHITE,v4_white_MLLB_000_y103_0924,3.4,3.408,100,60,12,kaba,True,,34.0,28.0,14.0,968.0,1002.0,1.066,243.864,228.733,0.7783,True,,True,,935.0,2.5,9.5
2026-09-24 15:47:56,MLLB_000_y1.0.3,WHITE,v4_white_MLLB_000_y103_0924,3.4,3.408,100,60,16,kaba,True,,34.0,28.0,14.0,968.0,1002.0,1.07,244.635,228.614,0.778,True,,True,,935.0,2.5,9.5
2026-09-24 15:48:11,MLLB_000_y1.0.3,WHITE,v4_white_MLLB_000_y103_0924,3.4,3.408,100,60,20,kaba,True,,34.0,28.0,14.0,968.0,1002.0,1.066,243.864,228.674,0.7783,True,,True,,935.0,2.5,9.5
2026-09-24 15:48:28,MLLB_000_y1.0.3,WHITE,v4_white_MLLB_000_y103_0924,3.4,3.408,100,60,24,kaba,True,,34.0,28.0,14.0,968.0,1002.0,1.07,244.635,228.609,0.7782,True,,True,,935.0,2.5,9.5
2026-09-24 15:48:44,MLLB_000_y1.0.3,WHITE,v4_white_MLLB_000_y103_0924,3.4,3.408,100,60,28,kaba,True,,34.0,28.0,14.0,968.0,1002.0,1.08,246.947,228.714,0.7783,True,,True,,935.0,2.5,9.5
2026-09-24 15:48:59,MLLB_000_y1.0.3,WHITE,v4_white_MLLB_000_y103_0924,3.4,3.408,100,60,32,kaba,True,,34.0,28.0,14.0,968.0,1002.0,1.072,245.405,228.835,0.7784,True,,True,,935.0,2.5,9.5
2026-09-24 15:49:16,MLLB_000_y1.0.3,WHITE,v4_white_MLLB_000_y103_0924,3.4,3.408,100,60,36,kaba,True,,34.0,28.0,14.0,968.0,1002.0,1.069,244.773,228.888,0.778,True,,True,,935.0,2.5,9.5
2026-09-24 15:49:32,MLLB_000_y1.0.3,WHITE,v4_white_MLLB_000_y103_0924,3.4,3.408,100,60,40,kaba,True,,34.0,28.0,14.0,968.0,1002.0,1.069,244.635,228.804,0.7781,True,,True,,935.0,2.5,9.5
2026-09-24 15:49:48,MLLB_000_y1.0.3,WHITE,v4_white_MLLB_000_y103_0924,3.4,3.408,100,60,44,kaba,True,,34.0,28.0,14.0,968.0,1002.0,1.072,245.405,228.937,0.7781,True,,True,,935.0,2.5,9.5
2026-09-24 15:50:04,MLLB_000_y1.0.3,WHITE,v4_white_MLLB_000_y103_0924,3.4,3.408,100,60,48,kaba,True,,34.0,28.0,14.0,968.0,1002.0,1.069,244.635,228.842,0.7782,True,,True,,935.0,2.5,9.5
2026-09-24 15:50:20,MLLB_000_y1.0.3,WHITE,v4_white_MLLB_000_y103_0924,3.4,3.408,100,60,52,kaba,True,,34.0,28.0,14.0,968.0,1002.0,1.066,243.864,228.74,0.7778,True,,True,,935.0,2.5,9.5
2026-09-24 15:50:36,MLLB_000_y1.0.3,WHITE,v4_white_MLLB_000_y103_0924,3.4,3.408,100,60,56,kaba,True,,34.0,28.0,14.0,968.0,1002.0,1.066,243.864,228.805,0.7783,True,,True,,935.0,2.5,9.5
2026-09-24 15:50:51,MLLB_000_y1.0.3,WHITE,v4_white_MLLB_000_y103_0924,3.4,3.408,100,60,58,kaba,True,,34.0,28.0,14.0,968.0,1002.0,1.072,245.405,228.887,0.7781,True,,True,,935.0,2.5,9.5
2026-09-24 15:50:52,MLLB_000_y1.0.3,WHITE,v4_white_MLLB_000_y103_0924,3.4,3.408,100,60,13,ince,False,iki-OK-arasi-monotonluk,,,,,,,,,,,,True,,935.0,2.5,9.5
2026-09-24 15:50:52,MLLB_000_y1.0.3,WHITE,v4_white_MLLB_000_y103_0924,3.4,3.408,100,60,14,ince,False,iki-OK-arasi-monotonluk,,,,,,,,,,,,True,,935.0,2.5,9.5
2026-09-24 15:50:52,MLLB_000_y1.0.3,WHITE,v4_white_MLLB_000_y103_0924,3.4,3.408,100,60,15,ince,False,iki-OK-arasi-monotonluk,,,,,,,,,,,,True,,935.0,2.5,9.5
2026-09-24 15:50:52,MLLB_000_y1.0.3,WHITE,v4_white_MLLB_000_y103_0924,3.4,3.408,100,60,17,ince,False,iki-OK-arasi-monotonluk,,,,,,,,,,,,True,,935.0,2.5,9.5
2026-09-24 15:50:52,MLLB_000_y1.0.3,WHITE,v4_white_MLLB_000_y103_0924,3.4,3.408,100,60,18,ince,False,iki-OK-arasi-monotonluk,,,,,,,,,,,,True,,935.0,2.5,9.5
2026-09-24 15:50:52,MLLB_000_y1.0.3,WHITE,v4_white_MLLB_000_y103_0924,3.4,3.408,100,60,19,ince,False,iki-OK-arasi-monotonluk,,,,,,,,,,,,True,,935.0,2.5,9.5
2026-09-24 15:50:52,MLLB_000_y1.0.3,WHITE,v4_white_MLLB_000_y103_0924,3.4,3.408,100,60,21,ince,False,iki-OK-arasi-monotonluk,,,,,,,,,,,,True,,935.0,2.5,9.5
2026-09-24 15:50:52,MLLB_000_y1.0.3,WHITE,v4_white_MLLB_000_y103_0924,3.4,3.408,100,60,22,ince,False,iki-OK-arasi-monotonluk,,,,,,,,,,,,True,,935.0,2.5,9.5
2026-09-24 15:50:52,MLLB_000_y1.0.3,WHITE,v4_white_MLLB_000_y103_0924,3.4,3.408,100,60,23,ince,False,iki-OK-arasi-monotonluk,,,,,,,,,,,,True,,935.0,2.5,9.5
2026-09-24 15:50:52,MLLB_000_y1.0.3,WHITE,v4_white_MLLB_000_y103_0924,3.4,3.408,100,60,25,ince,False,iki-OK-arasi-monotonluk,,,,,,,,,,,,True,,935.0,2.5,9.5
2026-09-24 15:50:52,MLLB_000_y1.0.3,WHITE,v4_white_MLLB_000_y103_0924,3.4,3.408,100,60,26,ince,False,iki-OK-arasi-monotonluk,,,,,,,,,,,,True,,935.0,2.5,9.5
2026-09-24 15:50:52,MLLB_000_y1.0.3,WHITE,v4_white_MLLB_000_y103_0924,3.4,3.408,100,60,27,ince,False,iki-OK-arasi-monotonluk,,,,,,,,,,,,True,,935.0,2.5,9.5
2026-09-24 15:50:52,MLLB_000_y1.0.3,WHITE,v4_white_MLLB_000_y103_0924,3.4,3.408,100,60,29,ince,False,iki-OK-arasi-monotonluk,,,,,,,,,,,,True,,935.0,2.5,9.5
2026-09-24 15:50:52,MLLB_000_y1.0.3,WHITE,v4_white_MLLB_000_y103_0924,3.4,3.408,100,60,30,ince,False,iki-OK-arasi-monotonluk,,,,,,,,,,,,True,,935.0,2.5,9.5
2026-09-24 15:50:52,MLLB_000_y1.0.3,WHITE,v4_white_MLLB_000_y103_0924,3.4,3.408,100,60,31,ince,False,iki-OK-arasi-monotonluk,,,,,,,,,,,,True,,935.0,2.5,9.5
2026-09-24 15:50:52,MLLB_000_y1.0.3,WHITE,v4_white_MLLB_000_y103_0924,3.4,3.408,100,60,33,ince,False,iki-OK-arasi-monotonluk,,,,,,,,,,,,True,,935.0,2.5,9.5
2026-09-24 15:50:52,MLLB_000_y1.0.3,WHITE,v4_white_MLLB_000_y103_0924,3.4,3.408,100,60,34,ince,False,iki-OK-arasi-monotonluk,,,,,,,,,,,,True,,935.0,2.5,9.5
2026-09-24 15:50:52,MLLB_000_y1.0.3,WHITE,v4_white_MLLB_000_y103_0924,3.4,3.408,100,60,35,ince,False,iki-OK-arasi-monotonluk,,,,,,,,,,,,True,,935.0,2.5,9.5
2026-09-24 15:50:52,MLLB_000_y1.0.3,WHITE,v4_white_MLLB_000_y103_0924,3.4,3.408,100,60,37,ince,False,iki-OK-arasi-monotonluk,,,,,,,,,,,,True,,935.0,2.5,9.5
2026-09-24 15:50:52,MLLB_000_y1.0.3,WHITE,v4_white_MLLB_000_y103_0924,3.4,3.408,100,60,38,ince,False,iki-OK-arasi-monotonluk,,,,,,,,,,,,True,,935.0,2.5,9.5
2026-09-24 15:50:52,MLLB_000_y1.0.3,WHITE,v4_white_MLLB_000_y103_0924,3.4,3.408,100,60,39,ince,False,iki-OK-arasi-monotonluk,,,,,,,,,,,,True,,935.0,2.5,9.5
2026-09-24 15:50:52,MLLB_000_y1.0.3,WHITE,v4_white_MLLB_000_y103_0924,3.4,3.408,100,60,41,ince,False,iki-OK-arasi-monotonluk,,,,,,,,,,,,True,,935.0,2.5,9.5
2026-09-24 15:50:52,MLLB_000_y1.0.3,WHITE,v4_white_MLLB_000_y103_0924,3.4,3.408,100,60,42,ince,False,iki-OK-arasi-monotonluk,,,,,,,,,,,,True,,935.0,2.5,9.5
2026-09-24 15:50:52,MLLB_000_y1.0.3,WHITE,v4_white_MLLB_000_y103_0924,3.4,3.408,100,60,43,ince,False,iki-OK-arasi-monotonluk,,,,,,,,,,,,True,,935.0,2.5,9.5
2026-09-24 15:50:52,MLLB_000_y1.0.3,WHITE,v4_white_MLLB_000_y103_0924,3.4,3.408,100,60,45,ince,False,iki-OK-arasi-monotonluk,,,,,,,,,,,,True,,935.0,2.5,9.5
2026-09-24 15:50:52,MLLB_000_y1.0.3,WHITE,v4_white_MLLB_000_y103_0924,3.4,3.408,100,60,46,ince,False,iki-OK-arasi-monotonluk,,,,,,,,,,,,True,,935.0,2.5,9.5
2026-09-24 15:50:52,MLLB_000_y1.0.3,WHITE,v4_white_MLLB_000_y103_0924,3.4,3.408,100,60,47,ince,False,iki-OK-arasi-monotonluk,,,,,,,,,,,,True,,935.0,2.5,9.5
2026-09-24 15:50:52,MLLB_000_y1.0.3,WHITE,v4_white_MLLB_000_y103_0924,3.4,3.408,100,60,49,ince,False,iki-OK-arasi-monotonluk,,,,,,,,,,,,True,,935.0,2.5,9.5
2026-09-24 15:50:52,MLLB_000_y1.0.3,WHITE,v4_white_MLLB_000_y103_0924,3.4,3.408,100,60,50,ince,False,iki-OK-arasi-monotonluk,,,,,,,,,,,,True,,935.0,2.5,9.5
2026-09-24 15:50:52,MLLB_000_y1.0.3,WHITE,v4_white_MLLB_000_y103_0924,3.4,3.408,100,60,51,ince,False,iki-OK-arasi-monotonluk,,,,,,,,,,,,True,,935.0,2.5,9.5
2026-09-24 15:50:52,MLLB_000_y1.0.3,WHITE,v4_white_MLLB_000_y103_0924,3.4,3.408,100,60,53,ince,False,iki-OK-arasi-monotonluk,,,,,,,,,,,,True,,935.0,2.5,9.5
2026-09-24 15:50:52,MLLB_000_y1.0.3,WHITE,v4_white_MLLB_000_y103_0924,3.4,3.408,100,60,54,ince,False,iki-OK-arasi-monotonluk,,,,,,,,,,,,True,,935.0,2.5,9.5
2026-09-24 15:50:52,MLLB_000_y1.0.3,WHITE,v4_white_MLLB_000_y103_0924,3.4,3.408,100,60,55,ince,False,iki-OK-arasi-monotonluk,,,,,,,,,,,,True,,935.0,2.5,9.5
2026-09-24 15:50:52,MLLB_000_y1.0.3,WHITE,v4_white_MLLB_000_y103_0924,3.4,3.408,100,60,57,ince,False,iki-OK-arasi-monotonluk,,,,,,,,,,,,True,,935.0,2.5,9.5
2026-09-24 15:50:52,MLLB_000_y1.0.3,WHITE,v4_white_MLLB_000_y103_0924,3.4,3.408,100,60,,bitti,False,,,,,,,,,,,,,,,935.0,2.5,9.5
2026-09-24 15:51:22,MLLB_000_y1.0.3,WHITE,v4_white_MLLB_000_y103_0924,3.2,3.208,6,100,12,kaba,True,,332.0,48.0,304.0,670.0,1002.0,1.105,10.417,9.423,0.7781,True,,False,AKIM,935.0,2.5,9.5
2026-09-24 15:51:38,MLLB_000_y1.0.3,WHITE,v4_white_MLLB_000_y103_0924,3.2,3.208,6,100,16,kaba,True,,246.0,44.0,218.0,756.0,1002.0,1.099,10.433,9.491,0.7785,True,,False,AKIM,935.0,2.5,9.5
2026-09-24 15:51:54,MLLB_000_y1.0.3,WHITE,v4_white_MLLB_000_y103_0924,3.2,3.208,6,100,20,kaba,True,,162.0,46.0,132.0,840.0,1002.0,1.095,10.417,9.511,0.7778,True,,False,ON,935.0,2.5,9.5
2026-09-24 15:52:10,MLLB_000_y1.0.3,WHITE,v4_white_MLLB_000_y103_0924,3.2,3.208,6,100,24,kaba,True,,72.0,48.0,42.0,930.0,1002.0,1.091,10.417,9.547,0.7775,True,,False,ON,935.0,2.5,9.5
2026-09-24 15:52:26,MLLB_000_y1.0.3,WHITE,v4_white_MLLB_000_y103_0924,3.2,3.208,6,100,28,kaba,True,,34.0,28.0,14.0,968.0,1002.0,2.139,20.412,9.544,0.7783,True,,True,,935.0,2.5,9.5
2026-09-24 15:52:42,MLLB_000_y1.0.3,WHITE,v4_white_MLLB_000_y103_0924,3.2,3.208,6,100,32,kaba,True,,34.0,28.0,14.0,968.0,1002.0,19.444,185.572,9.544,0.7778,True,,False,FLAS,935.0,2.5,9.5
2026-09-24 15:52:58,MLLB_000_y1.0.3,WHITE,v4_white_MLLB_000_y103_0924,3.2,3.208,6,100,25,ince,True,,50.0,46.0,20.0,952.0,1002.0,1.09,10.417,9.554,0.7774,True,,True,,935.0,2.5,9.5
2026-09-24 15:53:13,MLLB_000_y1.0.3,WHITE,v4_white_MLLB_000_y103_0924,3.2,3.208,6,100,26,ince,True,,34.0,28.0,14.0,968.0,1002.0,1.09,10.417,9.555,0.7778,True,,True,,935.0,2.5,9.5
2026-09-24 15:53:30,MLLB_000_y1.0.3,WHITE,v4_white_MLLB_000_y103_0924,3.2,3.208,6,100,27,ince,True,,34.0,28.0,14.0,968.0,1002.0,1.477,14.114,9.557,0.7778,True,,True,,935.0,2.5,9.5
2026-09-24 15:53:46,MLLB_000_y1.0.3,WHITE,v4_white_MLLB_000_y103_0924,3.2,3.208,6,100,29,ince,True,,34.0,28.0,14.0,968.0,1002.0,6.356,60.676,9.546,0.7783,True,,False,FLAS,935.0,2.5,9.5
2026-09-24 15:54:02,MLLB_000_y1.0.3,WHITE,v4_white_MLLB_000_y103_0924,3.2,3.208,6,100,30,ince,True,,34.0,28.0,14.0,968.0,1002.0,13.212,126.325,9.561,0.7778,True,,False,FLAS,935.0,2.5,9.5
2026-09-24 15:54:18,MLLB_000_y1.0.3,WHITE,v4_white_MLLB_000_y103_0924,3.2,3.208,6,100,31,ince,True,,34.0,28.0,14.0,968.0,1002.0,18.117,173.371,9.569,0.7779,True,,False,FLAS,935.0,2.5,9.5
2026-09-24 15:54:18,MLLB_000_y1.0.3,WHITE,v4_white_MLLB_000_y103_0924,3.2,3.208,6,100,,bitti,False,,,,,,,,,,,,,,,935.0,2.5,9.5
2026-09-24 15:54:34,MLLB_000_y1.0.3,WHITE,v4_white_MLLB_000_y103_0924,3.2,3.208,6,80,12,kaba,True,,374.0,50.0,346.0,628.0,1002.0,1.108,10.417,9.404,0.7778,True,,False,AKIM,935.0,2.5,9.5
2026-09-24 15:54:50,MLLB_000_y1.0.3,WHITE,v4_white_MLLB_000_y103_0924,3.2,3.208,6,80,16,kaba,True,,306.0,48.0,278.0,696.0,1002.0,1.104,10.417,9.438,0.7783,True,,False,AKIM,935.0,2.5,9.5
2026-09-24 15:55:06,MLLB_000_y1.0.3,WHITE,v4_white_MLLB_000_y103_0924,3.2,3.208,6,80,20,kaba,True,,236.0,48.0,206.0,766.0,1002.0,1.097,10.417,9.496,0.7783,True,,False,AKIM,935.0,2.5,9.5
2026-09-24 15:55:22,MLLB_000_y1.0.3,WHITE,v4_white_MLLB_000_y103_0924,3.2,3.208,6,80,24,kaba,True,,166.0,44.0,138.0,836.0,1002.0,1.095,10.417,9.516,0.7782,True,,False,ON,935.0,2.5,9.5
2026-09-24 15:55:38,MLLB_000_y1.0.3,WHITE,v4_white_MLLB_000_y103_0924,3.2,3.208,6,80,28,kaba,True,,94.0,50.0,66.0,908.0,1002.0,1.09,10.373,9.518,0.7779,True,,False,ON,935.0,2.5,9.5
2026-09-24 15:55:54,MLLB_000_y1.0.3,WHITE,v4_white_MLLB_000_y103_0924,3.2,3.208,6,80,32,kaba,True,,38.0,28.0,18.0,964.0,1002.0,1.092,10.417,9.539,0.7779,True,,True,,935.0,2.5,9.5
2026-09-24 15:56:09,MLLB_000_y1.0.3,WHITE,v4_white_MLLB_000_y103_0924,3.2,3.208,6,80,36,kaba,True,,38.0,28.0,18.0,964.0,1002.0,11.26,107.461,9.544,0.778,True,,False,FLAS,935.0,2.5,9.5
2026-09-24 15:56:26,MLLB_000_y1.0.3,WHITE,v4_white_MLLB_000_y103_0924,3.2,3.208,6,80,29,ince,True,,78.0,48.0,46.0,924.0,1002.0,1.092,10.417,9.537,0.7781,True,,False,ON,935.0,2.5,9.5
2026-09-24 15:56:42,MLLB_000_y1.0.3,WHITE,v4_white_MLLB_000_y103_0924,3.2,3.208,6,80,30,ince,True,,58.0,48.0,26.0,944.0,1002.0,1.091,10.417,9.545,0.7779,True,,True,,935.0,2.5,9.5
2026-09-24 15:56:58,MLLB_000_y1.0.3,WHITE,v4_white_MLLB_000_y103_0924,3.2,3.208,6,80,31,ince,True,,38.0,38.0,18.0,964.0,1002.0,1.092,10.417,9.543,0.778,True,,True,,935.0,2.5,9.5
2026-09-24 15:57:14,MLLB_000_y1.0.3,WHITE,v4_white_MLLB_000_y103_0924,3.2,3.208,6,80,33,ince,True,,38.0,28.0,18.0,964.0,1002.0,1.633,15.609,9.558,0.7778,True,,True,,935.0,2.5,9.5
2026-09-24 15:57:30,MLLB_000_y1.0.3,WHITE,v4_white_MLLB_000_y103_0924,3.2,3.208,6,80,34,ince,True,,38.0,28.0,18.0,964.0,1002.0,2.239,21.329,9.528,0.7782,True,,True,,935.0,2.5,9.5
2026-09-24 15:57:45,MLLB_000_y1.0.3,WHITE,v4_white_MLLB_000_y103_0924,3.2,3.208,6,80,35,ince,True,,38.0,28.0,18.0,964.0,1002.0,5.868,56.062,9.553,0.7778,True,,False,FLAS,935.0,2.5,9.5
2026-09-24 15:57:46,MLLB_000_y1.0.3,WHITE,v4_white_MLLB_000_y103_0924,3.2,3.208,6,80,,bitti,False,,,,,,,,,,,,,,,935.0,2.5,9.5
2026-09-24 15:58:02,MLLB_000_y1.0.3,WHITE,v4_white_MLLB_000_y103_0924,3.2,3.208,6,60,12,kaba,True,,420.0,50.0,390.0,582.0,1002.0,1.075,10.347,9.623,0.7777,True,,False,ON,935.0,2.5,9.5
2026-09-24 15:58:18,MLLB_000_y1.0.3,WHITE,v4_white_MLLB_000_y103_0924,3.2,3.208,6,60,16,kaba,True,,372.0,50.0,342.0,630.0,1002.0,1.106,10.417,9.42,0.7783,True,,False,AKIM,935.0,2.5,9.5
2026-09-24 15:58:34,MLLB_000_y1.0.3,WHITE,v4_white_MLLB_000_y103_0924,3.2,3.208,6,60,20,kaba,True,,320.0,50.0,290.0,682.0,1002.0,1.096,10.325,9.42,0.7784,True,,False,AKIM,935.0,2.5,9.5
2026-09-24 15:58:50,MLLB_000_y1.0.3,WHITE,v4_white_MLLB_000_y103_0924,3.2,3.208,6,60,24,kaba,True,,268.0,46.0,240.0,734.0,1002.0,1.099,10.417,9.481,0.7777,True,,False,AKIM,935.0,2.5,9.5
2026-09-24 15:59:06,MLLB_000_y1.0.3,WHITE,v4_white_MLLB_000_y103_0924,3.2,3.208,6,60,28,kaba,True,,218.0,50.0,190.0,784.0,1002.0,1.098,10.417,9.486,0.778,True,,False,AKIM,935.0,2.5,9.5
2026-09-24 15:59:22,MLLB_000_y1.0.3,WHITE,v4_white_MLLB_000_y103_0924,3.2,3.208,6,60,32,kaba,True,,168.0,50.0,138.0,834.0,1002.0,1.099,10.417,9.478,0.778,True,,False,AKIM,935.0,2.5,9.5
2026-09-24 15:59:38,MLLB_000_y1.0.3,WHITE,v4_white_MLLB_000_y103_0924,3.2,3.208,6,60,36,kaba,True,,114.0,44.0,86.0,888.0,1002.0,1.093,10.417,9.532,0.7781,True,,False,ON,935.0,2.5,9.5
2026-09-24 15:59:53,MLLB_000_y1.0.3,WHITE,v4_white_MLLB_000_y103_0924,3.2,3.208,6,60,40,kaba,True,,58.0,46.0,34.0,944.0,1002.0,1.085,10.34,9.533,0.7779,True,,True,,935.0,2.5,9.5
2026-09-24 16:00:10,MLLB_000_y1.0.3,WHITE,v4_white_MLLB_000_y103_0924,3.2,3.208,6,60,44,kaba,True,,50.0,28.0,30.0,952.0,1002.0,1.729,16.504,9.548,0.7783,True,,True,,935.0,2.5,9.5
2026-09-24 16:00:26,MLLB_000_y1.0.3,WHITE,v4_white_MLLB_000_y103_0924,3.2,3.208,6,60,48,kaba,True,,50.0,28.0,30.0,952.0,1002.0,10.429,99.349,9.527,0.7781,True,,False,FLAS,935.0,2.5,9.5
2026-09-24 16:00:42,MLLB_000_y1.0.3,WHITE,v4_white_MLLB_000_y103_0924,3.2,3.208,6,60,37,ince,True,,102.0,46.0,72.0,900.0,1002.0,1.094,10.417,9.524,0.7778,True,,False,ON,935.0,2.5,9.5
2026-09-24 16:00:57,MLLB_000_y1.0.3,WHITE,v4_white_MLLB_000_y103_0924,3.2,3.208,6,60,38,ince,True,,88.0,48.0,58.0,914.0,1002.0,1.09,10.389,9.53,0.7785,True,,False,ON,935.0,2.5,9.5
2026-09-24 16:01:14,MLLB_000_y1.0.3,WHITE,v4_white_MLLB_000_y103_0924,3.2,3.208,6,60,39,ince,True,,74.0,52.0,44.0,928.0,1002.0,1.093,10.417,9.529,0.7779,True,,False,ON,935.0,2.5,9.5
2026-09-24 16:01:14,MLLB_000_y1.0.3,WHITE,v4_white_MLLB_000_y103_0924,3.2,3.208,6,60,41,ince,False,iki-OK-arasi-monotonluk,,,,,,,,,,,,True,,935.0,2.5,9.5
2026-09-24 16:01:14,MLLB_000_y1.0.3,WHITE,v4_white_MLLB_000_y103_0924,3.2,3.208,6,60,42,ince,False,iki-OK-arasi-monotonluk,,,,,,,,,,,,True,,935.0,2.5,9.5
2026-09-24 16:01:14,MLLB_000_y1.0.3,WHITE,v4_white_MLLB_000_y103_0924,3.2,3.208,6,60,43,ince,False,iki-OK-arasi-monotonluk,,,,,,,,,,,,True,,935.0,2.5,9.5
2026-09-24 16:01:29,MLLB_000_y1.0.3,WHITE,v4_white_MLLB_000_y103_0924,3.2,3.208,6,60,45,ince,True,,52.0,28.0,32.0,952.0,1004.0,2.248,21.46,9.547,0.7778,True,,True,,935.0,2.5,9.5
2026-09-24 16:01:46,MLLB_000_y1.0.3,WHITE,v4_white_MLLB_000_y103_0924,3.2,3.208,6,60,46,ince,True,,50.0,28.0,30.0,952.0,1002.0,4.045,38.576,9.537,0.7782,True,,False,FLAS,935.0,2.5,9.5
2026-09-24 16:02:02,MLLB_000_y1.0.3,WHITE,v4_white_MLLB_000_y103_0924,3.2,3.208,6,60,47,ince,True,,50.0,28.0,30.0,952.0,1002.0,8.517,81.152,9.528,0.7778,True,,False,FLAS,935.0,2.5,9.5
2026-09-24 16:02:02,MLLB_000_y1.0.3,WHITE,v4_white_MLLB_000_y103_0924,3.2,3.208,6,60,,bitti,False,,,,,,,,,,,,,,,935.0,2.5,9.5
2026-09-24 16:02:24,MLLB_000_y1.0.3,WHITE,v4_white_MLLB_000_y103_0924,3.2,3.208,7,100,12,kaba,True,,272.0,46.0,246.0,730.0,1002.0,1.089,12.739,11.703,0.7778,True,,False,ON,935.0,2.5,9.5
2026-09-24 16:02:40,MLLB_000_y1.0.3,WHITE,v4_white_MLLB_000_y103_0924,3.2,3.208,7,100,16,kaba,True,,204.0,44.0,180.0,798.0,1002.0,1.089,12.81,11.758,0.7776,True,,False,ON,935.0,2.5,9.5
2026-09-24 16:02:56,MLLB_000_y1.0.3,WHITE,v4_white_MLLB_000_y103_0924,3.2,3.208,7,100,20,kaba,True,,136.0,40.0,110.0,866.0,1002.0,1.081,12.739,11.785,0.7786,True,,False,ON,935.0,2.5,9.5
2026-09-24 16:03:12,MLLB_000_y1.0.3,WHITE,v4_white_MLLB_000_y103_0924,3.2,3.208,7,100,24,kaba,True,,66.0,46.0,38.0,936.0,1002.0,1.074,12.717,11.836,0.7782,True,,True,,935.0,2.5,9.5
2026-09-24 16:03:28,MLLB_000_y1.0.3,WHITE,v4_white_MLLB_000_y103_0924,3.2,3.208,7,100,28,kaba,True,,34.0,28.0,14.0,968.0,1002.0,1.658,19.603,11.826,0.7782,True,,True,,935.0,2.5,9.5
2026-09-24 16:03:44,MLLB_000_y1.0.3,WHITE,v4_white_MLLB_000_y103_0924,3.2,3.208,7,100,32,kaba,True,,34.0,28.0,14.0,968.0,1002.0,15.788,186.347,11.803,0.7774,True,,False,FLAS,935.0,2.5,9.5
2026-09-24 16:04:00,MLLB_000_y1.0.3,WHITE,v4_white_MLLB_000_y103_0924,3.2,3.208,7,100,21,ince,True,,118.0,40.0,94.0,884.0,1002.0,1.085,12.81,11.808,0.778,True,,False,ON,935.0,2.5,9.5
2026-09-24 16:04:16,MLLB_000_y1.0.3,WHITE,v4_white_MLLB_000_y103_0924,3.2,3.208,7,100,22,ince,True,,102.0,44.0,76.0,900.0,1002.0,1.076,12.717,11.814,0.7782,True,,False,ON,935.0,2.5,9.5
2026-09-24 16:04:32,MLLB_000_y1.0.3,WHITE,v4_white_MLLB_000_y103_0924,3.2,3.208,7,100,23,ince,True,,82.0,40.0,58.0,920.0,1002.0,1.077,12.764,11.848,0.7783,True,,False,ON,935.0,2.5,9.5
2026-09-24 16:04:32,MLLB_000_y1.0.3,WHITE,v4_white_MLLB_000_y103_0924,3.2,3.208,7,100,25,ince,False,iki-OK-arasi-monotonluk,,,,,,,,,,,,True,,935.0,2.5,9.5
2026-09-24 16:04:32,MLLB_000_y1.0.3,WHITE,v4_white_MLLB_000_y103_0924,3.2,3.208,7,100,26,ince,False,iki-OK-arasi-monotonluk,,,,,,,,,,,,True,,935.0,2.5,9.5
2026-09-24 16:04:32,MLLB_000_y1.0.3,WHITE,v4_white_MLLB_000_y103_0924,3.2,3.208,7,100,27,ince,False,iki-OK-arasi-monotonluk,,,,,,,,,,,,True,,935.0,2.5,9.5
2026-09-24 16:04:48,MLLB_000_y1.0.3,WHITE,v4_white_MLLB_000_y103_0924,3.2,3.208,7,100,29,ince,True,,34.0,28.0,14.0,968.0,1002.0,4.85,57.326,11.821,0.7777,True,,False,FLAS,935.0,2.5,9.5
2026-09-24 16:05:04,MLLB_000_y1.0.3,WHITE,v4_white_MLLB_000_y103_0924,3.2,3.208,7,100,30,ince,True,,34.0,28.0,14.0,968.0,1002.0,10.519,124.059,11.794,0.7782,True,,False,FLAS,935.0,2.5,9.5
2026-09-24 16:05:20,MLLB_000_y1.0.3,WHITE,v4_white_MLLB_000_y103_0924,3.2,3.208,7,100,31,ince,True,,34.0,28.0,14.0,968.0,1002.0,14.428,170.324,11.805,0.7782,True,,False,FLAS,935.0,2.5,9.5
2026-09-24 16:05:20,MLLB_000_y1.0.3,WHITE,v4_white_MLLB_000_y103_0924,3.2,3.208,7,100,,bitti,False,,,,,,,,,,,,,,,935.0,2.5,9.5
2026-09-24 16:05:36,MLLB_000_y1.0.3,WHITE,v4_white_MLLB_000_y103_0924,3.2,3.208,7,80,12,kaba,True,,308.0,40.0,282.0,694.0,1002.0,1.088,12.693,11.668,0.7777,True,,False,ON,935.0,2.5,9.5
2026-09-24 16:05:52,MLLB_000_y1.0.3,WHITE,v4_white_MLLB_000_y103_0924,3.2,3.208,7,80,16,kaba,True,,252.0,40.0,226.0,750.0,1002.0,1.094,12.81,11.712,0.7774,True,,False,ON,935.0,2.5,9.5
2026-09-24 16:06:08,MLLB_000_y1.0.3,WHITE,v4_white_MLLB_000_y103_0924,3.2,3.208,7,80,20,kaba,True,,196.0,40.0,170.0,806.0,1002.0,1.081,12.717,11.762,0.778,True,,False,ON,935.0,2.5,9.5
2026-09-24 16:06:24,MLLB_000_y1.0.3,WHITE,v4_white_MLLB_000_y103_0924,3.2,3.208,7,80,24,kaba,True,,140.0,46.0,114.0,862.0,1002.0,1.085,12.81,11.809,0.7774,True,,False,ON,935.0,2.5,9.5
2026-09-24 16:06:39,MLLB_000_y1.0.3,WHITE,v4_white_MLLB_000_y103_0924,3.2,3.208,7,80,28,kaba,True,,84.0,40.0,58.0,918.0,1002.0,1.081,12.81,11.846,0.7777,True,,False,ON,935.0,2.5,9.5
2026-09-24 16:06:56,MLLB_000_y1.0.3,WHITE,v4_white_MLLB_000_y103_0924,3.2,3.208,7,80,32,kaba,True,,38.0,28.0,18.0,964.0,1002.0,1.08,12.764,11.823,0.7778,True,,True,,935.0,2.5,9.5
2026-09-24 16:07:12,MLLB_000_y1.0.3,WHITE,v4_white_MLLB_000_y103_0924,3.2,3.208,7,80,36,kaba,True,,38.0,28.0,18.0,964.0,1002.0,8.655,102.189,11.807,0.7778,True,,False,FLAS,935.0,2.5,9.5
2026-09-24 16:07:28,MLLB_000_y1.0.3,WHITE,v4_white_MLLB_000_y103_0924,3.2,3.208,7,80,29,ince,True,,68.0,46.0,42.0,934.0,1002.0,1.076,12.72,11.823,0.7777,True,,False,ON,935.0,2.5,9.5
2026-09-24 16:07:44,MLLB_000_y1.0.3,WHITE,v4_white_MLLB_000_y103_0924,3.2,3.208,7,80,30,ince,True,,54.0,44.0,28.0,948.0,1002.0,1.076,12.764,11.858,0.7778,True,,True,,935.0,2.5,9.5
2026-09-24 16:08:00,MLLB_000_y1.0.3,WHITE,v4_white_MLLB_000_y103_0924,3.2,3.208,7,80,31,ince,True,,40.0,38.0,18.0,962.0,1002.0,1.083,12.809,11.822,0.7782,True,,True,,935.0,2.5,9.5
2026-09-24 16:08:16,MLLB_000_y1.0.3,WHITE,v4_white_MLLB_000_y103_0924,3.2,3.208,7,80,33,ince,True,,38.0,28.0,18.0,964.0,1002.0,1.289,15.234,11.82,0.7781,True,,True,,935.0,2.5,9.5
2026-09-24 16:08:28,MLLB_000_y1.0.3,WHITE,v4_white_MLLB_000_y103_0924,3.2,3.208,7,80,34,ince,True,,38.0,28.0,18.0,964.0,1002.0,1.766,20.822,11.792,0.7781,True,,True,,935.0,2.5,9.5
2026-09-24 16:08:44,MLLB_000_y1.0.3,WHITE,v4_white_MLLB_000_y103_0924,3.2,3.208,7,80,35,ince,True,,38.0,28.0,18.0,964.0,1002.0,4.533,53.618,11.828,0.778,True,,False,FLAS,935.0,2.5,9.5
2026-09-24 16:08:44,MLLB_000_y1.0.3,WHITE,v4_white_MLLB_000_y103_0924,3.2,3.208,7,80,,bitti,False,,,,,,,,,,,,,,,935.0,2.5,9.5
2026-09-24 16:09:00,MLLB_000_y1.0.3,WHITE,v4_white_MLLB_000_y103_0924,3.2,3.208,7,60,12,kaba,True,,344.0,40.0,318.0,658.0,1002.0,1.098,12.81,11.663,0.7777,True,,False,ON,935.0,2.5,9.5
2026-09-24 16:09:16,MLLB_000_y1.0.3,WHITE,v4_white_MLLB_000_y103_0924,3.2,3.208,7,60,16,kaba,True,,304.0,40.0,278.0,698.0,1002.0,1.089,12.717,11.678,0.7785,True,,False,ON,935.0,2.5,9.5
2026-09-24 16:09:32,MLLB_000_y1.0.3,WHITE,v4_white_MLLB_000_y103_0924,3.2,3.208,7,60,20,kaba,True,,264.0,38.0,240.0,738.0,1002.0,1.087,12.717,11.704,0.7778,True,,False,ON,935.0,2.5,9.5
2026-09-24 16:09:48,MLLB_000_y1.0.3,WHITE,v4_white_MLLB_000_y103_0924,3.2,3.208,7,60,24,kaba,True,,222.0,40.0,198.0,780.0,1002.0,1.082,12.717,11.749,0.7787,True,,False,ON,935.0,2.5,9.5
2026-09-24 16:10:04,MLLB_000_y1.0.3,WHITE,v4_white_MLLB_000_y103_0924,3.2,3.208,7,60,28,kaba,True,,182.0,40.0,158.0,820.0,1002.0,1.084,12.736,11.755,0.7777,True,,False,ON,935.0,2.5,9.5
2026-09-24 16:10:20,MLLB_000_y1.0.3,WHITE,v4_white_MLLB_000_y103_0924,3.2,3.208,7,60,32,kaba,True,,142.0,42.0,116.0,860.0,1002.0,1.079,12.722,11.794,0.7786,True,,False,ON,935.0,2.5,9.5
2026-09-24 16:10:36,MLLB_000_y1.0.3,WHITE,v4_white_MLLB_000_y103_0924,3.2,3.208,7,60,36,kaba,True,,100.0,46.0,74.0,902.0,1002.0,1.077,12.728,11.812,0.7784,True,,False,ON,935.0,2.5,9.5
2026-09-24 16:10:51,MLLB_000_y1.0.3,WHITE,v4_white_MLLB_000_y103_0924,3.2,3.208,7,60,40,kaba,True,,58.0,40.0,34.0,944.0,1002.0,1.082,12.81,11.843,0.7779,True,,True,,935.0,2.5,9.5
2026-09-24 16:11:08,MLLB_000_y1.0.3,WHITE,v4_white_MLLB_000_y103_0924,3.2,3.208,7,60,44,kaba,True,,50.0,28.0,30.0,952.0,1002.0,1.386,16.362,11.809,0.7777,True,,True,,935.0,2.5,9.5
2026-09-24 16:11:24,MLLB_000_y1.0.3,WHITE,v4_white_MLLB_000_y103_0924,3.2,3.208,7,60,48,kaba,True,,50.0,28.0,30.0,952.0,1002.0,8.407,99.373,11.82,0.7788,True,,False,FLAS,935.0,2.5,9.5
2026-09-24 16:11:40,MLLB_000_y1.0.3,WHITE,v4_white_MLLB_000_y103_0924,3.2,3.208,7,60,37,ince,True,,90.0,42.0,64.0,912.0,1002.0,1.084,12.81,11.812,0.7776,True,,False,ON,935.0,2.5,9.5
2026-09-24 16:11:55,MLLB_000_y1.0.3,WHITE,v4_white_MLLB_000_y103_0924,3.2,3.208,7,60,38,ince,True,,80.0,40.0,54.0,922.0,1002.0,1.077,12.717,11.81,0.778,True,,False,ON,935.0,2.5,9.5
2026-09-24 16:12:12,MLLB_000_y1.0.3,WHITE,v4_white_MLLB_000_y103_0924,3.2,3.208,7,60,39,ince,True,,68.0,46.0,42.0,934.0,1002.0,1.078,12.736,11.81,0.7782,True,,False,ON,935.0,2.5,9.5
2026-09-24 16:12:12,MLLB_000_y1.0.3,WHITE,v4_white_MLLB_000_y103_0924,3.2,3.208,7,60,41,ince,False,iki-OK-arasi-monotonluk,,,,,,,,,,,,True,,935.0,2.5,9.5
2026-09-24 16:12:12,MLLB_000_y1.0.3,WHITE,v4_white_MLLB_000_y103_0924,3.2,3.208,7,60,42,ince,False,iki-OK-arasi-monotonluk,,,,,,,,,,,,True,,935.0,2.5,9.5
2026-09-24 16:12:12,MLLB_000_y1.0.3,WHITE,v4_white_MLLB_000_y103_0924,3.2,3.208,7,60,43,ince,False,iki-OK-arasi-monotonluk,,,,,,,,,,,,True,,935.0,2.5,9.5
2026-09-24 16:12:28,MLLB_000_y1.0.3,WHITE,v4_white_MLLB_000_y103_0924,3.2,3.208,7,60,45,ince,True,,50.0,28.0,30.0,952.0,1002.0,1.758,20.749,11.803,0.7773,True,,True,,935.0,2.5,9.5
2026-09-24 16:12:44,MLLB_000_y1.0.3,WHITE,v4_white_MLLB_000_y103_0924,3.2,3.208,7,60,46,ince,True,,50.0,28.0,30.0,952.0,1002.0,3.121,36.903,11.825,0.778,True,,False,FLAS,935.0,2.5,9.5
2026-09-24 16:13:00,MLLB_000_y1.0.3,WHITE,v4_white_MLLB_000_y103_0924,3.2,3.208,7,60,47,ince,True,,50.0,28.0,30.0,952.0,1002.0,6.746,79.82,11.832,0.7783,True,,False,FLAS,935.0,2.5,9.5
2026-09-24 16:13:00,MLLB_000_y1.0.3,WHITE,v4_white_MLLB_000_y103_0924,3.2,3.208,7,60,,bitti,False,,,,,,,,,,,,,,,935.0,2.5,9.5
2026-09-24 16:13:22,MLLB_000_y1.0.3,WHITE,v4_white_MLLB_000_y103_0924,3.2,3.208,8,100,12,kaba,True,,232.0,38.0,208.0,770.0,1002.0,1.08,15.234,14.099,0.7782,True,,False,ON,935.0,2.5,9.5
2026-09-24 16:13:38,MLLB_000_y1.0.3,WHITE,v4_white_MLLB_000_y103_0924,3.2,3.208,8,100,16,kaba,True,,174.0,40.0,150.0,828.0,1002.0,1.079,15.234,14.123,0.7781,True,,False,ON,935.0,2.5,9.5
2026-09-24 16:13:54,MLLB_000_y1.0.3,WHITE,v4_white_MLLB_000_y103_0924,3.2,3.208,8,100,20,kaba,True,,118.0,42.0,94.0,884.0,1002.0,1.075,15.234,14.17,0.7778,True,,False,ON,935.0,2.5,9.5
2026-09-24 16:14:06,MLLB_000_y1.0.3,WHITE,v4_white_MLLB_000_y103_0924,3.2,3.208,8,100,24,kaba,True,,60.0,38.0,36.0,942.0,1002.0,1.074,15.234,14.183,0.7783,True,,True,,935.0,2.5,9.5
2026-09-24 16:14:22,MLLB_000_y1.0.3,WHITE,v4_white_MLLB_000_y103_0924,3.2,3.208,8,100,28,kaba,True,,34.0,28.0,14.0,968.0,1002.0,1.355,19.213,14.184,0.7781,True,,True,,935.0,2.5,9.5
2026-09-24 16:14:38,MLLB_000_y1.0.3,WHITE,v4_white_MLLB_000_y103_0924,3.2,3.208,8,100,32,kaba,True,,34.0,28.0,14.0,968.0,1002.0,13.087,185.711,14.191,0.7781,True,,False,FLAS,935.0,2.5,9.5
2026-09-24 16:14:54,MLLB_000_y1.0.3,WHITE,v4_white_MLLB_000_y103_0924,3.2,3.208,8,100,21,ince,True,,104.0,40.0,78.0,898.0,1002.0,1.076,15.234,14.157,0.7782,True,,False,ON,935.0,2.5,9.5
2026-09-24 16:15:09,MLLB_000_y1.0.3,WHITE,v4_white_MLLB_000_y103_0924,3.2,3.208,8,100,22,ince,True,,88.0,36.0,66.0,914.0,1002.0,1.073,15.234,14.202,0.7782,True,,False,ON,935.0,2.5,9.5
2026-09-24 16:15:26,MLLB_000_y1.0.3,WHITE,v4_white_MLLB_000_y103_0924,3.2,3.208,8,100,23,ince,True,,74.0,42.0,50.0,928.0,1002.0,1.075,15.234,14.172,0.7787,True,,False,ON,935.0,2.5,9.5
2026-09-24 16:15:26,MLLB_000_y1.0.3,WHITE,v4_white_MLLB_000_y103_0924,3.2,3.208,8,100,25,ince,False,iki-OK-arasi-monotonluk,,,,,,,,,,,,True,,935.0,2.5,9.5
2026-09-24 16:15:26,MLLB_000_y1.0.3,WHITE,v4_white_MLLB_000_y103_0924,3.2,3.208,8,100,26,ince,False,iki-OK-arasi-monotonluk,,,,,,,,,,,,True,,935.0,2.5,9.5
2026-09-24 16:15:26,MLLB_000_y1.0.3,WHITE,v4_white_MLLB_000_y103_0924,3.2,3.208,8,100,27,ince,False,iki-OK-arasi-monotonluk,,,,,,,,,,,,True,,935.0,2.5,9.5
2026-09-24 16:15:42,MLLB_000_y1.0.3,WHITE,v4_white_MLLB_000_y103_0924,3.2,3.208,8,100,29,ince,True,,34.0,28.0,14.0,968.0,1002.0,3.944,55.917,14.179,0.7774,True,,False,FLAS,935.0,2.5,9.5
2026-09-24 16:15:58,MLLB_000_y1.0.3,WHITE,v4_white_MLLB_000_y103_0924,3.2,3.208,8,100,30,ince,True,,34.0,28.0,14.0,968.0,1002.0,8.733,124.168,14.219,0.7776,True,,False,FLAS,935.0,2.5,9.5
2026-09-24 16:16:14,MLLB_000_y1.0.3,WHITE,v4_white_MLLB_000_y103_0924,3.2,3.208,8,100,31,ince,True,,34.0,28.0,14.0,968.0,1002.0,12.011,170.324,14.181,0.7782,True,,False,FLAS,935.0,2.5,9.5
2026-09-24 16:16:14,MLLB_000_y1.0.3,WHITE,v4_white_MLLB_000_y103_0924,3.2,3.208,8,100,,bitti,False,,,,,,,,,,,,,,,935.0,2.5,9.5
2026-09-24 16:16:30,MLLB_000_y1.0.3,WHITE,v4_white_MLLB_000_y103_0924,3.2,3.208,8,80,12,kaba,True,,260.0,38.0,236.0,742.0,1002.0,1.085,15.234,14.034,0.7782,True,,False,ON,935.0,2.5,9.5
2026-09-24 16:16:46,MLLB_000_y1.0.3,WHITE,v4_white_MLLB_000_y103_0924,3.2,3.208,8,80,16,kaba,True,,214.0,42.0,190.0,788.0,1002.0,1.08,15.234,14.1,0.7781,True,,False,ON,935.0,2.5,9.5
2026-09-24 16:17:01,MLLB_000_y1.0.3,WHITE,v4_white_MLLB_000_y103_0924,3.2,3.208,8,80,20,kaba,True,,168.0,36.0,146.0,834.0,1002.0,1.074,15.149,14.107,0.7778,True,,False,ON,935.0,2.5,9.5
2026-09-24 16:17:18,MLLB_000_y1.0.3,WHITE,v4_white_MLLB_000_y103_0924,3.2,3.208,8,80,24,kaba,True,,122.0,42.0,98.0,880.0,1002.0,1.076,15.234,14.151,0.7775,True,,False,ON,935.0,2.5,9.5
2026-09-24 16:17:34,MLLB_000_y1.0.3,WHITE,v4_white_MLLB_000_y103_0924,3.2,3.208,8,80,28,kaba,True,,76.0,38.0,52.0,926.0,1002.0,1.074,15.234,14.18,0.7778,True,,False,ON,935.0,2.5,9.5
2026-09-24 16:17:50,MLLB_000_y1.0.3,WHITE,v4_white_MLLB_000_y103_0924,3.2,3.208,8,80,32,kaba,True,,38.0,28.0,18.0,964.0,1002.0,1.074,15.234,14.185,0.7785,True,,True,,935.0,2.5,9.5
2026-09-24 16:18:06,MLLB_000_y1.0.3,WHITE,v4_white_MLLB_000_y103_0924,3.2,3.208,8,80,36,kaba,True,,38.0,28.0,18.0,964.0,1002.0,6.94,98.486,14.191,0.778,True,,False,FLAS,935.0,2.5,9.5
2026-09-24 16:18:22,MLLB_000_y1.0.3,WHITE,v4_white_MLLB_000_y103_0924,3.2,3.208,8,80,29,ince,True,,64.0,38.0,40.0,938.0,1002.0,1.072,15.208,14.193,0.7775,True,,True,,935.0,2.5,9.5
2026-09-24 16:18:38,MLLB_000_y1.0.3,WHITE,v4_white_MLLB_000_y103_0924,3.2,3.208,8,80,30,ince,True,,50.0,40.0,26.0,952.0,1002.0,1.074,15.234,14.186,0.7782,True,,True,,935.0,2.5,9.5
2026-09-24 16:18:54,MLLB_000_y1.0.3,WHITE,v4_white_MLLB_000_y103_0924,3.2,3.208,8,80,31,ince,True,,40.0,38.0,18.0,962.0,1002.0,1.074,15.234,14.188,0.778,True,,True,,935.0,2.5,9.5
2026-09-24 16:19:10,MLLB_000_y1.0.3,WHITE,v4_white_MLLB_000_y103_0924,3.2,3.208,8,80,33,ince,True,,38.0,28.0,18.0,964.0,1002.0,1.074,15.234,14.183,0.7776,True,,True,,935.0,2.5,9.5
2026-09-24 16:19:25,MLLB_000_y1.0.3,WHITE,v4_white_MLLB_000_y103_0924,3.2,3.208,8,80,34,ince,True,,38.0,28.0,18.0,964.0,1002.0,1.432,20.316,14.187,0.778,True,,True,,935.0,2.5,9.5
2026-09-24 16:19:42,MLLB_000_y1.0.3,WHITE,v4_white_MLLB_000_y103_0924,3.2,3.208,8,80,35,ince,True,,38.0,28.0,18.0,964.0,1002.0,3.625,51.413,14.184,0.7779,True,,False,FLAS,935.0,2.5,9.5
2026-09-24 16:19:42,MLLB_000_y1.0.3,WHITE,v4_white_MLLB_000_y103_0924,3.2,3.208,8,80,,bitti,False,,,,,,,,,,,,,,,935.0,2.5,9.5
2026-09-24 16:19:58,MLLB_000_y1.0.3,WHITE,v4_white_MLLB_000_y103_0924,3.2,3.208,8,60,12,kaba,True,,290.0,42.0,266.0,712.0,1002.0,1.084,15.234,14.054,0.7776,True,,False,ON,935.0,2.5,9.5
2026-09-24 16:20:14,MLLB_000_y1.0.3,WHITE,v4_white_MLLB_000_y103_0924,3.2,3.208,8,60,16,kaba,True,,258.0,42.0,234.0,744.0,1002.0,1.084,15.258,14.072,0.7778,True,,False,ON,935.0,2.5,9.5
2026-09-24 16:20:30,MLLB_000_y1.0.3,WHITE,v4_white_MLLB_000_y103_0924,3.2,3.208,8,60,20,kaba,True,,226.0,36.0,202.0,776.0,1002.0,1.083,15.234,14.072,0.7783,True,,False,ON,935.0,2.5,9.5
2026-09-24 16:20:46,MLLB_000_y1.0.3,WHITE,v4_white_MLLB_000_y103_0924,3.2,3.208,8,60,24,kaba,True,,192.0,38.0,168.0,810.0,1002.0,1.08,15.234,14.108,0.7779,True,,False,ON,935.0,2.5,9.5
2026-09-24 16:21:02,MLLB_000_y1.0.3,WHITE,v4_white_MLLB_000_y103_0924,3.2,3.208,8,60,28,kaba,True,,158.0,42.0,134.0,844.0,1002.0,1.078,15.234,14.137,0.778,True,,False,ON,935.0,2.5,9.5
2026-09-24 16:21:18,MLLB_000_y1.0.3,WHITE,v4_white_MLLB_000_y103_0924,3.2,3.208,8,60,32,kaba,True,,124.0,36.0,102.0,878.0,1002.0,1.076,15.234,14.155,0.7779,True,,False,ON,935.0,2.5,9.5
2026-09-24 16:21:34,MLLB_000_y1.0.3,WHITE,v4_white_MLLB_000_y103_0924,3.2,3.208,8,60,36,kaba,True,,90.0,38.0,68.0,912.0,1002.0,1.074,15.234,14.189,0.7785,True,,False,ON,935.0,2.5,9.5
2026-09-24 16:21:50,MLLB_000_y1.0.3,WHITE,v4_white_MLLB_000_y103_0924,3.2,3.208,8,60,40,kaba,True,,56.0,36.0,34.0,946.0,1002.0,1.072,15.234,14.21,0.7779,True,,True,,935.0,2.5,9.5
2026-09-24 16:22:06,MLLB_000_y1.0.3,WHITE,v4_white_MLLB_000_y103_0924,3.2,3.208,8,60,44,kaba,True,,50.0,28.0,30.0,952.0,1002.0,1.134,16.08,14.183,0.7775,True,,True,,935.0,2.5,9.5
2026-09-24 16:22:22,MLLB_000_y1.0.3,WHITE,v4_white_MLLB_000_y103_0924,3.2,3.208,8,60,48,kaba,True,,50.0,28.0,30.0,952.0,1002.0,6.887,97.675,14.183,0.7781,True,,False,FLAS,935.0,2.5,9.5
2026-09-24 16:22:38,MLLB_000_y1.0.3,WHITE,v4_white_MLLB_000_y103_0924,3.2,3.208,8,60,37,ince,True,,82.0,42.0,58.0,920.0,1002.0,1.075,15.234,14.174,0.778,True,,False,ON,935.0,2.5,9.5
2026-09-24 16:22:54,MLLB_000_y1.0.3,WHITE,v4_white_MLLB_000_y103_0924,3.2,3.208,8,60,38,ince,True,,74.0,36.0,50.0,928.0,1002.0,1.072,15.234,14.213,0.7784,True,,False,ON,935.0,2.5,9.5
2026-09-24 16:23:10,MLLB_000_y1.0.3,WHITE,v4_white_MLLB_000_y103_0924,3.2,3.208,8,60,39,ince,True,,66.0,36.0,42.0,936.0,1002.0,1.077,15.25,14.165,0.7784,True,,True,,935.0,2.5,9.5
2026-09-24 16:23:10,MLLB_000_y1.0.3,WHITE,v4_white_MLLB_000_y103_0924,3.2,3.208,8,60,41,ince,False,iki-OK-arasi-monotonluk,,,,,,,,,,,,True,,935.0,2.5,9.5
2026-09-24 16:23:10,MLLB_000_y1.0.3,WHITE,v4_white_MLLB_000_y103_0924,3.2,3.208,8,60,42,ince,False,iki-OK-arasi-monotonluk,,,,,,,,,,,,True,,935.0,2.5,9.5
2026-09-24 16:23:10,MLLB_000_y1.0.3,WHITE,v4_white_MLLB_000_y103_0924,3.2,3.208,8,60,43,ince,False,iki-OK-arasi-monotonluk,,,,,,,,,,,,True,,935.0,2.5,9.5
2026-09-24 16:23:25,MLLB_000_y1.0.3,WHITE,v4_white_MLLB_000_y103_0924,3.2,3.208,8,60,45,ince,True,,50.0,28.0,30.0,952.0,1002.0,1.46,20.685,14.17,0.7781,True,,True,,935.0,2.5,9.5
2026-09-24 16:23:42,MLLB_000_y1.0.3,WHITE,v4_white_MLLB_000_y103_0924,3.2,3.208,8,60,46,ince,True,,50.0,28.0,30.0,952.0,1002.0,2.499,35.456,14.187,0.778,True,,True,,935.0,2.5,9.5
2026-09-24 16:23:58,MLLB_000_y1.0.3,WHITE,v4_white_MLLB_000_y103_0924,3.2,3.208,8,60,47,ince,True,,50.0,28.0,30.0,952.0,1002.0,5.573,79.062,14.187,0.7776,True,,False,FLAS,935.0,2.5,9.5
2026-09-24 16:23:58,MLLB_000_y1.0.3,WHITE,v4_white_MLLB_000_y103_0924,3.2,3.208,8,60,,bitti,False,,,,,,,,,,,,,,,935.0,2.5,9.5
2026-09-24 16:24:19,MLLB_000_y1.0.3,WHITE,v4_white_MLLB_000_y103_0924,3.2,3.208,10,100,12,kaba,True,,180.0,38.0,158.0,822.0,1002.0,1.075,20.364,18.948,0.7779,True,,False,ON,935.0,2.5,9.5
2026-09-24 16:24:36,MLLB_000_y1.0.3,WHITE,v4_white_MLLB_000_y103_0924,3.2,3.208,10,100,16,kaba,True,,138.0,34.0,116.0,864.0,1002.0,1.07,20.268,18.935,0.778,True,,False,ON,935.0,2.5,9.5
2026-09-24 16:24:52,MLLB_000_y1.0.3,WHITE,v4_white_MLLB_000_y103_0924,3.2,3.208,10,100,20,kaba,True,,96.0,38.0,74.0,906.0,1002.0,1.066,20.271,19.021,0.7779,True,,False,ON,935.0,2.5,9.5
2026-09-24 16:25:08,MLLB_000_y1.0.3,WHITE,v4_white_MLLB_000_y103_0924,3.2,3.208,10,100,24,kaba,True,,52.0,36.0,30.0,950.0,1002.0,1.069,20.364,19.056,0.7786,True,,True,,935.0,2.5,9.5
2026-09-24 16:25:24,MLLB_000_y1.0.3,WHITE,v4_white_MLLB_000_y103_0924,3.2,3.208,10,100,28,kaba,True,,34.0,28.0,14.0,968.0,1002.0,1.066,20.285,19.034,0.7782,True,,True,,935.0,2.5,9.5
2026-09-24 16:25:40,MLLB_000_y1.0.3,WHITE,v4_white_MLLB_000_y103_0924,3.2,3.208,10,100,32,kaba,True,,34.0,28.0,14.0,968.0,1002.0,9.75,185.572,19.032,0.7781,True,,False,FLAS,935.0,2.5,9.5
2026-09-24 16:25:56,MLLB_000_y1.0.3,WHITE,v4_white_MLLB_000_y103_0924,3.2,3.208,10,100,21,ince,True,,84.0,36.0,62.0,918.0,1002.0,1.067,20.268,19.001,0.7777,True,,False,ON,935.0,2.5,9.5
2026-09-24 16:26:12,MLLB_000_y1.0.3,WHITE,v4_white_MLLB_000_y103_0924,3.2,3.208,10,100,22,ince,True,,74.0,32.0,54.0,928.0,1002.0,1.07,20.364,19.036,0.7785,True,,False,ON,935.0,2.5,9.5
2026-09-24 16:26:28,MLLB_000_y1.0.3,WHITE,v4_white_MLLB_000_y103_0924,3.2,3.208,10,100,23,ince,True,,64.0,32.0,42.0,938.0,1002.0,1.065,20.268,19.031,0.7786,True,,True,,935.0,2.5,9.5
2026-09-24 16:26:28,MLLB_000_y1.0.3,WHITE,v4_white_MLLB_000_y103_0924,3.2,3.208,10,100,25,ince,False,iki-OK-arasi-monotonluk,,,,,,,,,,,,True,,935.0,2.5,9.5
2026-09-24 16:26:28,MLLB_000_y1.0.3,WHITE,v4_white_MLLB_000_y103_0924,3.2,3.208,10,100,26,ince,False,iki-OK-arasi-monotonluk,,,,,,,,,,,,True,,935.0,2.5,9.5
2026-09-24 16:26:28,MLLB_000_y1.0.3,WHITE,v4_white_MLLB_000_y103_0924,3.2,3.208,10,100,27,ince,False,iki-OK-arasi-monotonluk,,,,,,,,,,,,True,,935.0,2.5,9.5
2026-09-24 16:26:44,MLLB_000_y1.0.3,WHITE,v4_white_MLLB_000_y103_0924,3.2,3.208,10,100,29,ince,True,,34.0,28.0,14.0,968.0,1002.0,2.921,55.697,19.069,0.7781,True,,False,FLAS,935.0,2.5,9.5
2026-09-24 16:26:59,MLLB_000_y1.0.3,WHITE,v4_white_MLLB_000_y103_0924,3.2,3.208,10,100,30,ince,True,,34.0,28.0,14.0,968.0,1002.0,6.398,121.82,19.039,0.7777,True,,False,FLAS,935.0,2.5,9.5
2026-09-24 16:27:16,MLLB_000_y1.0.3,WHITE,v4_white_MLLB_000_y103_0924,3.2,3.208,10,100,31,ince,True,,34.0,28.0,14.0,968.0,1002.0,8.829,168.04,19.033,0.7783,True,,False,FLAS,935.0,2.5,9.5
2026-09-24 16:27:16,MLLB_000_y1.0.3,WHITE,v4_white_MLLB_000_y103_0924,3.2,3.208,10,100,,bitti,False,,,,,,,,,,,,,,,935.0,2.5,9.5
2026-09-24 16:27:31,MLLB_000_y1.0.3,WHITE,v4_white_MLLB_000_y103_0924,3.2,3.208,10,80,12,kaba,True,,202.0,36.0,178.0,800.0,1002.0,1.075,20.316,18.898,0.7778,True,,False,ON,935.0,2.5,9.5
2026-09-24 16:27:48,MLLB_000_y1.0.3,WHITE,v4_white_MLLB_000_y103_0924,3.2,3.208,10,80,16,kaba,True,,168.0,38.0,146.0,834.0,1002.0,1.077,20.401,18.944,0.7777,True,,False,ON,935.0,2.5,9.5
2026-09-24 16:28:03,MLLB_000_y1.0.3,WHITE,v4_white_MLLB_000_y103_0924,3.2,3.208,10,80,20,kaba,True,,134.0,34.0,112.0,868.0,1002.0,1.077,20.446,18.986,0.7784,True,,False,ON,935.0,2.5,9.5
2026-09-24 16:28:20,MLLB_000_y1.0.3,WHITE,v4_white_MLLB_000_y103_0924,3.2,3.208,10,80,24,kaba,True,,100.0,36.0,78.0,902.0,1002.0,1.068,20.268,18.974,0.7782,True,,False,ON,935.0,2.5,9.5
2026-09-24 16:28:36,MLLB_000_y1.0.3,WHITE,v4_white_MLLB_000_y103_0924,3.2,3.208,10,80,28,kaba,True,,66.0,34.0,44.0,936.0,1002.0,1.067,20.316,19.038,0.7781,True,,True,,935.0,2.5,9.5
2026-09-24 16:28:52,MLLB_000_y1.0.3,WHITE,v4_white_MLLB_000_y103_0924,3.2,3.208,10,80,32,kaba,True,,38.0,28.0,18.0,964.0,1002.0,1.069,20.364,19.049,0.7781,True,,True,,935.0,2.5,9.5
2026-09-24 16:29:08,MLLB_000_y1.0.3,WHITE,v4_white_MLLB_000_y103_0924,3.2,3.208,10,80,36,kaba,True,,38.0,28.0,18.0,964.0,1002.0,5.256,100.201,19.065,0.778,True,,False,FLAS,935.0,2.5,9.5
2026-09-24 16:29:20,MLLB_000_y1.0.3,WHITE,v4_white_MLLB_000_y103_0924,3.2,3.208,10,80,40,kaba,True,,38.0,28.0,18.0,964.0,1002.0,9.344,177.711,19.02,0.7781,True,,False,FLAS,935.0,2.5,9.5
2026-09-24 16:29:36,MLLB_000_y1.0.3,WHITE,v4_white_MLLB_000_y103_0924,3.2,3.208,10,80,25,ince,True,,92.0,38.0,70.0,910.0,1002.0,1.066,20.268,19.014,0.7783,True,,False,ON,935.0,2.5,9.5
2026-09-24 16:29:52,MLLB_000_y1.0.3,WHITE,v4_white_MLLB_000_y103_0924,3.2,3.208,10,80,26,ince,True,,84.0,32.0,62.0,918.0,1002.0,1.07,20.364,19.031,0.778,True,,False,ON,935.0,2.5,9.5
2026-09-24 16:30:07,MLLB_000_y1.0.3,WHITE,v4_white_MLLB_000_y103_0924,3.2,3.208,10,80,27,ince,True,,74.0,32.0,54.0,928.0,1002.0,1.07,20.364,19.029,0.7784,True,,False,ON,935.0,2.5,9.5
2026-09-24 16:30:08,MLLB_000_y1.0.3,WHITE,v4_white_MLLB_000_y103_0924,3.2,3.208,10,80,29,ince,False,iki-OK-arasi-monotonluk,,,,,,,,,,,,True,,935.0,2.5,9.5
2026-09-24 16:30:08,MLLB_000_y1.0.3,WHITE,v4_white_MLLB_000_y103_0924,3.2,3.208,10,80,30,ince,False,iki-OK-arasi-monotonluk,,,,,,,,,,,,True,,935.0,2.5,9.5
2026-09-24 16:30:08,MLLB_000_y1.0.3,WHITE,v4_white_MLLB_000_y103_0924,3.2,3.208,10,80,31,ince,False,iki-OK-arasi-monotonluk,,,,,,,,,,,,True,,935.0,2.5,9.5
2026-09-24 16:30:20,MLLB_000_y1.0.3,WHITE,v4_white_MLLB_000_y103_0924,3.2,3.208,10,80,33,ince,True,,40.0,28.0,20.0,964.0,1004.0,1.069,20.345,19.038,0.7785,True,,True,,935.0,2.5,9.5
2026-09-24 16:30:36,MLLB_000_y1.0.3,WHITE,v4_white_MLLB_000_y103_0924,3.2,3.208,10,80,34,ince,True,,38.0,28.0,18.0,964.0,1002.0,1.07,20.364,19.03,0.7788,True,,True,,935.0,2.5,9.5
2026-09-24 16:30:52,MLLB_000_y1.0.3,WHITE,v4_white_MLLB_000_y103_0924,3.2,3.208,10,80,35,ince,True,,38.0,28.0,18.0,964.0,1002.0,2.686,51.194,19.06,0.778,True,,False,FLAS,935.0,2.5,9.5
2026-09-24 16:30:52,MLLB_000_y1.0.3,WHITE,v4_white_MLLB_000_y103_0924,3.2,3.208,10,80,,bitti,False,,,,,,,,,,,,,,,935.0,2.5,9.5
2026-09-24 16:31:08,MLLB_000_y1.0.3,WHITE,v4_white_MLLB_000_y103_0924,3.2,3.208,10,60,12,kaba,True,,224.0,36.0,202.0,778.0,1002.0,1.078,20.364,18.883,0.7781,True,,False,ON,935.0,2.5,9.5
2026-09-24 16:31:24,MLLB_000_y1.0.3,WHITE,v4_white_MLLB_000_y103_0924,3.2,3.208,10,60,16,kaba,True,,200.0,36.0,178.0,802.0,1002.0,1.077,20.376,18.916,0.7783,True,,False,ON,935.0,2.5,9.5
2026-09-24 16:31:40,MLLB_000_y1.0.3,WHITE,v4_white_MLLB_000_y103_0924,3.2,3.208,10,60,20,kaba,True,,176.0,36.0,154.0,826.0,1002.0,1.07,20.268,18.936,0.7781,True,,False,ON,935.0,2.5,9.5
2026-09-24 16:31:55,MLLB_000_y1.0.3,WHITE,v4_white_MLLB_000_y103_0924,3.2,3.208,10,60,24,kaba,True,,152.0,36.0,130.0,850.0,1002.0,1.07,20.293,18.959,0.7782,True,,False,ON,935.0,2.5,9.5
2026-09-24 16:32:12,MLLB_000_y1.0.3,WHITE,v4_white_MLLB_000_y103_0924,3.2,3.208,10,60,28,kaba,True,,128.0,36.0,106.0,874.0,1002.0,1.071,20.316,18.976,0.7782,True,,False,ON,935.0,2.5,9.5
2026-09-24 16:32:28,MLLB_000_y1.0.3,WHITE,v4_white_MLLB_000_y103_0924,3.2,3.208,10,60,32,kaba,True,,104.0,38.0,82.0,898.0,1002.0,1.07,20.332,19.001,0.7782,True,,False,ON,935.0,2.5,9.5
2026-09-24 16:32:44,MLLB_000_y1.0.3,WHITE,v4_white_MLLB_000_y103_0924,3.2,3.208,10,60,36,kaba,True,,78.0,32.0,58.0,924.0,1002.0,1.067,20.316,19.038,0.7777,True,,False,ON,935.0,2.5,9.5
2026-09-24 16:33:00,MLLB_000_y1.0.3,WHITE,v4_white_MLLB_000_y103_0924,3.2,3.208,10,60,40,kaba,True,,54.0,32.0,34.0,948.0,1002.0,1.071,20.364,19.017,0.7778,True,,True,,935.0,2.5,9.5
2026-09-24 16:33:16,MLLB_000_y1.0.3,WHITE,v4_white_MLLB_000_y103_0924,3.2,3.208,10,60,44,kaba,True,,50.0,28.0,30.0,952.0,1002.0,1.07,20.368,19.035,0.7781,True,,True,,935.0,2.5,9.5
2026-09-24 16:33:31,MLLB_000_y1.0.3,WHITE,v4_white_MLLB_000_y103_0924,3.2,3.208,10,60,48,kaba,True,,50.0,28.0,30.0,952.0,1002.0,5.136,97.769,19.037,0.7782,True,,False,FLAS,935.0,2.5,9.5
2026-09-24 16:33:48,MLLB_000_y1.0.3,WHITE,v4_white_MLLB_000_y103_0924,3.2,3.208,10,60,52,kaba,True,,50.0,28.0,30.0,952.0,1002.0,7.512,142.976,19.033,0.7776,True,,False,FLAS,935.0,2.5,9.5
2026-09-24 16:34:04,MLLB_000_y1.0.3,WHITE,v4_white_MLLB_000_y103_0924,3.2,3.208,10,60,37,ince,True,,72.0,36.0,50.0,930.0,1002.0,1.066,20.268,19.019,0.7784,True,,False,ON,935.0,2.5,9.5
2026-09-24 16:34:20,MLLB_000_y1.0.3,WHITE,v4_white_MLLB_000_y103_0924,3.2,3.208,10,60,38,ince,True,,66.0,32.0,46.0,936.0,1002.0,1.068,20.322,19.024,0.7782,True,,True,,935.0,2.5,9.5
2026-09-24 16:34:36,MLLB_000_y1.0.3,WHITE,v4_white_MLLB_000_y103_0924,3.2,3.208,10,60,39,ince,True,,60.0,36.0,38.0,942.0,1002.0,1.065,20.294,19.057,0.7779,True,,True,,935.0,2.5,9.5
2026-09-24 16:34:36,MLLB_000_y1.0.3,WHITE,v4_white_MLLB_000_y103_0924,3.2,3.208,10,60,41,ince,False,iki-OK-arasi-monotonluk,,,,,,,,,,,,True,,935.0,2.5,9.5
2026-09-24 16:34:36,MLLB_000_y1.0.3,WHITE,v4_white_MLLB_000_y103_0924,3.2,3.208,10,60,42,ince,False,iki-OK-arasi-monotonluk,,,,,,,,,,,,True,,935.0,2.5,9.5
2026-09-24 16:34:36,MLLB_000_y1.0.3,WHITE,v4_white_MLLB_000_y103_0924,3.2,3.208,10,60,43,ince,False,iki-OK-arasi-monotonluk,,,,,,,,,,,,True,,935.0,2.5,9.5
2026-09-24 16:34:51,MLLB_000_y1.0.3,WHITE,v4_white_MLLB_000_y103_0924,3.2,3.208,10,60,45,ince,True,,50.0,28.0,30.0,952.0,1002.0,1.075,20.46,19.039,0.7779,True,,True,,935.0,2.5,9.5
2026-09-24 16:35:08,MLLB_000_y1.0.3,WHITE,v4_white_MLLB_000_y103_0924,3.2,3.208,10,60,46,ince,True,,50.0,28.0,30.0,952.0,1002.0,1.74,33.15,19.048,0.7781,True,,True,,935.0,2.5,9.5
2026-09-24 16:35:24,MLLB_000_y1.0.3,WHITE,v4_white_MLLB_000_y103_0924,3.2,3.208,10,60,47,ince,True,,50.0,28.0,30.0,952.0,1002.0,4.183,79.652,19.043,0.7778,True,,False,FLAS,935.0,2.5,9.5
2026-09-24 16:35:24,MLLB_000_y1.0.3,WHITE,v4_white_MLLB_000_y103_0924,3.2,3.208,10,60,,bitti,False,,,,,,,,,,,,,,,935.0,2.5,9.5
2026-09-24 16:35:46,MLLB_000_y1.0.3,WHITE,v4_white_MLLB_000_y103_0924,3.2,3.208,15,100,12,kaba,True,,118.0,32.0,98.0,884.0,1002.0,1.12,35.418,31.612,0.7779,True,,False,ON,935.0,2.5,9.5
2026-09-24 16:36:02,MLLB_000_y1.0.3,WHITE,v4_white_MLLB_000_y103_0924,3.2,3.208,15,100,16,kaba,True,,94.0,32.0,74.0,908.0,1002.0,1.128,35.67,31.611,0.7778,True,,False,ON,935.0,2.5,9.5
2026-09-24 16:36:17,MLLB_000_y1.0.3,WHITE,v4_white_MLLB_000_y103_0924,3.2,3.208,15,100,20,kaba,True,,70.0,34.0,50.0,932.0,1002.0,1.124,35.568,31.639,0.778,True,,False,ON,935.0,2.5,9.5
2026-09-24 16:36:34,MLLB_000_y1.0.3,WHITE,v4_white_MLLB_000_y103_0924,3.2,3.208,15,100,24,kaba,True,,44.0,30.0,24.0,958.0,1002.0,1.132,35.86,31.681,0.7778,True,,True,,935.0,2.5,9.5
2026-09-24 16:36:50,MLLB_000_y1.0.3,WHITE,v4_white_MLLB_000_y103_0924,3.2,3.208,15,100,28,kaba,True,,34.0,28.0,14.0,968.0,1002.0,1.123,35.611,31.697,0.7777,True,,True,,935.0,2.5,9.5
2026-09-24 16:37:06,MLLB_000_y1.0.3,WHITE,v4_white_MLLB_000_y103_0924,3.2,3.208,15,100,32,kaba,True,,34.0,28.0,14.0,968.0,1002.0,5.629,185.572,32.967,0.7785,True,,False,FLAS,935.0,2.5,9.5
2026-09-24 16:37:22,MLLB_000_y1.0.3,WHITE,v4_white_MLLB_000_y103_0924,3.2,3.208,15,100,36,kaba,True,,34.0,28.0,14.0,968.0,1002.0,6.954,220.019,31.637,0.7776,True,,False,FLAS,935.0,2.5,9.5
2026-09-24 16:37:38,MLLB_000_y1.0.3,WHITE,v4_white_MLLB_000_y103_0924,3.2,3.208,15,100,21,ince,True,,64.0,32.0,42.0,938.0,1002.0,1.123,35.559,31.665,0.7785,True,,True,,935.0,2.5,9.5
2026-09-24 16:37:54,MLLB_000_y1.0.3,WHITE,v4_white_MLLB_000_y103_0924,3.2,3.208,15,100,22,ince,True,,58.0,28.0,38.0,944.0,1002.0,1.115,35.333,31.691,0.7777,True,,True,,935.0,2.5,9.5
2026-09-24 16:38:10,MLLB_000_y1.0.3,WHITE,v4_white_MLLB_000_y103_0924,3.2,3.208,15,100,23,ince,True,,52.0,32.0,30.0,950.0,1002.0,1.123,35.559,31.668,0.7778,True,,True,,935.0,2.5,9.5
2026-09-24 16:38:10,MLLB_000_y1.0.3,WHITE,v4_white_MLLB_000_y103_0924,3.2,3.208,15,100,25,ince,False,iki-OK-arasi-monotonluk,,,,,,,,,,,,True,,935.0,2.5,9.5
2026-09-24 16:38:10,MLLB_000_y1.0.3,WHITE,v4_white_MLLB_000_y103_0924,3.2,3.208,15,100,26,ince,False,iki-OK-arasi-monotonluk,,,,,,,,,,,,True,,935.0,2.5,9.5
2026-09-24 16:38:10,MLLB_000_y1.0.3,WHITE,v4_white_MLLB_000_y103_0924,3.2,3.208,15,100,27,ince,False,iki-OK-arasi-monotonluk,,,,,,,,,,,,True,,935.0,2.5,9.5
2026-09-24 16:38:25,MLLB_000_y1.0.3,WHITE,v4_white_MLLB_000_y103_0924,3.2,3.208,15,100,29,ince,True,,34.0,28.0,14.0,968.0,1002.0,1.676,53.091,31.68,0.7776,True,,True,,935.0,2.5,9.5
2026-09-24 16:38:42,MLLB_000_y1.0.3,WHITE,v4_white_MLLB_000_y103_0924,3.2,3.208,15,100,30,ince,True,,34.0,28.0,14.0,968.0,1002.0,3.752,118.772,31.66,0.7779,True,,False,FLAS,935.0,2.5,9.5
2026-09-24 16:38:58,MLLB_000_y1.0.3,WHITE,v4_white_MLLB_000_y103_0924,3.2,3.208,15,100,31,ince,True,,34.0,28.0,14.0,968.0,1002.0,5.256,166.518,31.683,0.7783,True,,False,FLAS,935.0,2.5,9.5
2026-09-24 16:38:58,MLLB_000_y1.0.3,WHITE,v4_white_MLLB_000_y103_0924,3.2,3.208,15,100,,bitti,False,,,,,,,,,,,,,,,935.0,2.5,9.5
2026-09-24 16:39:14,MLLB_000_y1.0.3,WHITE,v4_white_MLLB_000_y103_0924,3.2,3.208,15,80,12,kaba,True,,132.0,30.0,112.0,870.0,1002.0,1.124,35.456,31.555,0.7775,True,,False,ON,935.0,2.5,9.5
2026-09-24 16:39:30,MLLB_000_y1.0.3,WHITE,v4_white_MLLB_000_y103_0924,3.2,3.208,15,80,16,kaba,True,,112.0,28.0,94.0,890.0,1002.0,1.119,35.353,31.59,0.7784,True,,False,ON,935.0,2.5,9.5
2026-09-24 16:39:45,MLLB_000_y1.0.3,WHITE,v4_white_MLLB_000_y103_0924,3.2,3.208,15,80,20,kaba,True,,94.0,28.0,74.0,908.0,1002.0,1.124,35.559,31.624,0.7778,True,,False,ON,935.0,2.5,9.5
2026-09-24 16:40:02,MLLB_000_y1.0.3,WHITE,v4_white_MLLB_000_y103_0924,3.2,3.208,15,80,24,kaba,True,,74.0,32.0,54.0,928.0,1002.0,1.121,35.508,31.671,0.7776,True,,False,ON,935.0,2.5,9.5
2026-09-24 16:40:18,MLLB_000_y1.0.3,WHITE,v4_white_MLLB_000_y103_0924,3.2,3.208,15,80,28,kaba,True,,54.0,32.0,34.0,948.0,1002.0,1.125,35.617,31.671,0.7781,True,,True,,935.0,2.5,9.5
2026-09-24 16:40:33,MLLB_000_y1.0.3,WHITE,v4_white_MLLB_000_y103_0924,3.2,3.208,15,80,32,kaba,True,,38.0,28.0,18.0,964.0,1002.0,1.125,35.62,31.651,0.7779,True,,True,,935.0,2.5,9.5
2026-09-24 16:40:50,MLLB_000_y1.0.3,WHITE,v4_white_MLLB_000_y103_0924,3.2,3.208,15,80,36,kaba,True,,38.0,28.0,18.0,964.0,1002.0,3.014,95.419,31.654,0.7775,True,,False,FLAS,935.0,2.5,9.5
2026-09-24 16:41:02,MLLB_000_y1.0.3,WHITE,v4_white_MLLB_000_y103_0924,3.2,3.208,15,80,40,kaba,True,,38.0,28.0,18.0,964.0,1002.0,5.523,174.894,31.667,0.778,True,,False,FLAS,935.0,2.5,9.5
2026-09-24 16:41:18,MLLB_000_y1.0.3,WHITE,v4_white_MLLB_000_y103_0924,3.2,3.208,15,80,25,ince,True,,68.0,28.0,50.0,934.0,1002.0,1.119,35.439,31.659,0.7778,True,,False,ON,935.0,2.5,9.5
2026-09-24 16:41:34,MLLB_000_y1.0.3,WHITE,v4_white_MLLB_000_y103_0924,3.2,3.208,15,80,26,ince,True,,64.0,30.0,44.0,938.0,1002.0,1.122,35.525,31.669,0.7784,True,,True,,935.0,2.5,9.5
2026-09-24 16:41:50,MLLB_000_y1.0.3,WHITE,v4_white_MLLB_000_y103_0924,3.2,3.208,15,80,27,ince,True,,58.0,32.0,38.0,944.0,1002.0,1.118,35.405,31.657,0.7778,True,,True,,935.0,2.5,9.5
2026-09-24 16:41:50,MLLB_000_y1.0.3,WHITE,v4_white_MLLB_000_y103_0924,3.2,3.208,15,80,29,ince,False,iki-OK-arasi-monotonluk,,,,,,,,,,,,True,,935.0,2.5,9.5
2026-09-24 16:41:50,MLLB_000_y1.0.3,WHITE,v4_white_MLLB_000_y103_0924,3.2,3.208,15,80,30,ince,False,iki-OK-arasi-monotonluk,,,,,,,,,,,,True,,935.0,2.5,9.5
2026-09-24 16:41:50,MLLB_000_y1.0.3,WHITE,v4_white_MLLB_000_y103_0924,3.2,3.208,15,80,31,ince,False,iki-OK-arasi-monotonluk,,,,,,,,,,,,True,,935.0,2.5,9.5
2026-09-24 16:42:06,MLLB_000_y1.0.3,WHITE,v4_white_MLLB_000_y103_0924,3.2,3.208,15,80,33,ince,True,,38.0,28.0,18.0,964.0,1002.0,1.12,35.477,31.675,0.7783,True,,True,,935.0,2.5,9.5
2026-09-24 16:42:22,MLLB_000_y1.0.3,WHITE,v4_white_MLLB_000_y103_0924,3.2,3.208,15,80,34,ince,True,,38.0,28.0,18.0,964.0,1002.0,1.121,35.508,31.67,0.7783,True,,True,,935.0,2.5,9.5
2026-09-24 16:42:38,MLLB_000_y1.0.3,WHITE,v4_white_MLLB_000_y103_0924,3.2,3.208,15,80,35,ince,True,,38.0,28.0,18.0,964.0,1002.0,1.585,50.243,31.692,0.7778,True,,True,,935.0,2.5,9.5
2026-09-24 16:42:38,MLLB_000_y1.0.3,WHITE,v4_white_MLLB_000_y103_0924,3.2,3.208,15,80,,bitti,False,,,,,,,,,,,,,,,935.0,2.5,9.5
2026-09-24 16:42:54,MLLB_000_y1.0.3,WHITE,v4_white_MLLB_000_y103_0924,3.2,3.208,15,60,12,kaba,True,,146.0,32.0,126.0,856.0,1002.0,1.126,35.508,31.546,0.7783,True,,False,ON,935.0,2.5,9.5
2026-09-24 16:43:10,MLLB_000_y1.0.3,WHITE,v4_white_MLLB_000_y103_0924,3.2,3.208,15,60,16,kaba,True,,134.0,34.0,114.0,868.0,1002.0,1.126,35.559,31.577,0.7782,True,,False,ON,935.0,2.5,9.5
2026-09-24 16:43:26,MLLB_000_y1.0.3,WHITE,v4_white_MLLB_000_y103_0924,3.2,3.208,15,60,20,kaba,True,,120.0,30.0,100.0,882.0,1002.0,1.122,35.463,31.606,0.778,True,,False,ON,935.0,2.5,9.5
2026-09-24 16:43:42,MLLB_000_y1.0.3,WHITE,v4_white_MLLB_000_y103_0924,3.2,3.208,15,60,24,kaba,True,,106.0,32.0,86.0,896.0,1002.0,1.121,35.436,31.611,0.778,True,,False,ON,935.0,2.5,9.5
2026-09-24 16:43:58,MLLB_000_y1.0.3,WHITE,v4_white_MLLB_000_y103_0924,3.2,3.208,15,60,28,kaba,True,,92.0,28.0,74.0,910.0,1002.0,1.121,35.47,31.641,0.7781,True,,False,ON,935.0,2.5,9.5
2026-09-24 16:44:14,MLLB_000_y1.0.3,WHITE,v4_white_MLLB_000_y103_0924,3.2,3.208,15,60,32,kaba,True,,80.0,32.0,58.0,922.0,1002.0,1.119,35.405,31.648,0.7779,True,,False,ON,935.0,2.5,9.5
2026-09-24 16:44:29,MLLB_000_y1.0.3,WHITE,v4_white_MLLB_000_y103_0924,3.2,3.208,15,60,36,kaba,True,,66.0,28.0,46.0,936.0,1002.0,1.12,35.457,31.652,0.7785,True,,True,,935.0,2.5,9.5
2026-09-24 16:44:46,MLLB_000_y1.0.3,WHITE,v4_white_MLLB_000_y103_0924,3.2,3.208,15,60,40,kaba,True,,52.0,30.0,32.0,950.0,1002.0,1.12,35.456,31.663,0.7777,True,,True,,935.0,2.5,9.5
2026-09-24 16:45:01,MLLB_000_y1.0.3,WHITE,v4_white_MLLB_000_y103_0924,3.2,3.208,15,60,44,kaba,True,,50.0,28.0,30.0,952.0,1002.0,1.12,35.458,31.652,0.7787,True,,True,,935.0,2.5,9.5
2026-09-24 16:45:18,MLLB_000_y1.0.3,WHITE,v4_white_MLLB_000_y103_0924,3.2,3.208,15,60,48,kaba,True,,50.0,28.0,30.0,952.0,1002.0,3.037,96.171,31.662,0.778,True,,False,FLAS,935.0,2.5,9.5
2026-09-24 16:45:34,MLLB_000_y1.0.3,WHITE,v4_white_MLLB_000_y103_0924,3.2,3.208,15,60,52,kaba,True,,50.0,28.0,30.0,952.0,1002.0,3.938,142.119,36.092,0.7783,True,,False,FLAS,935.0,2.5,9.5
2026-09-24 16:45:50,MLLB_000_y1.0.3,WHITE,v4_white_MLLB_000_y103_0924,3.2,3.208,15,60,33,ince,True,,76.0,30.0,56.0,926.0,1002.0,1.117,35.353,31.661,0.7779,True,,False,ON,935.0,2.5,9.5
2026-09-24 16:46:06,MLLB_000_y1.0.3,WHITE,v4_white_MLLB_000_y103_0924,3.2,3.208,15,60,34,ince,True,,72.0,30.0,52.0,930.0,1002.0,1.12,35.476,31.67,0.778,True,,False,ON,935.0,2.5,9.5
2026-09-24 16:46:22,MLLB_000_y1.0.3,WHITE,v4_white_MLLB_000_y103_0924,3.2,3.208,15,60,35,ince,True,,68.0,28.0,50.0,934.0,1002.0,1.12,35.508,31.693,0.7779,True,,False,ON,935.0,2.5,9.5
2026-09-24 16:46:22,MLLB_000_y1.0.3,WHITE,v4_white_MLLB_000_y103_0924,3.2,3.208,15,60,37,ince,False,iki-OK-arasi-monotonluk,,,,,,,,,,,,True,,935.0,2.5,9.5
2026-09-24 16:46:22,MLLB_000_y1.0.3,WHITE,v4_white_MLLB_000_y103_0924,3.2,3.208,15,60,38,ince,False,iki-OK-arasi-monotonluk,,,,,,,,,,,,True,,935.0,2.5,9.5
2026-09-24 16:46:22,MLLB_000_y1.0.3,WHITE,v4_white_MLLB_000_y103_0924,3.2,3.208,15,60,39,ince,False,iki-OK-arasi-monotonluk,,,,,,,,,,,,True,,935.0,2.5,9.5
2026-09-24 16:46:22,MLLB_000_y1.0.3,WHITE,v4_white_MLLB_000_y103_0924,3.2,3.208,15,60,41,ince,False,iki-OK-arasi-monotonluk,,,,,,,,,,,,True,,935.0,2.5,9.5
2026-09-24 16:46:22,MLLB_000_y1.0.3,WHITE,v4_white_MLLB_000_y103_0924,3.2,3.208,15,60,42,ince,False,iki-OK-arasi-monotonluk,,,,,,,,,,,,True,,935.0,2.5,9.5
2026-09-24 16:46:22,MLLB_000_y1.0.3,WHITE,v4_white_MLLB_000_y103_0924,3.2,3.208,15,60,43,ince,False,iki-OK-arasi-monotonluk,,,,,,,,,,,,True,,935.0,2.5,9.5
2026-09-24 16:46:38,MLLB_000_y1.0.3,WHITE,v4_white_MLLB_000_y103_0924,3.2,3.208,15,60,45,ince,True,,50.0,28.0,30.0,952.0,1002.0,1.119,35.456,31.674,0.7786,True,,True,,935.0,2.5,9.5
2026-09-24 16:46:53,MLLB_000_y1.0.3,WHITE,v4_white_MLLB_000_y103_0924,3.2,3.208,15,60,46,ince,True,,50.0,28.0,30.0,952.0,1002.0,1.12,35.456,31.656,0.7781,True,,True,,935.0,2.5,9.5
2026-09-24 16:47:10,MLLB_000_y1.0.3,WHITE,v4_white_MLLB_000_y103_0924,3.2,3.208,15,60,47,ince,True,,50.0,28.0,30.0,952.0,1002.0,2.494,78.995,31.674,0.7781,True,,True,,935.0,2.5,9.5
2026-09-24 16:47:10,MLLB_000_y1.0.3,WHITE,v4_white_MLLB_000_y103_0924,3.2,3.208,15,60,,bitti,False,,,,,,,,,,,,,,,935.0,2.5,9.5
2026-09-24 16:47:32,MLLB_000_y1.0.3,WHITE,v4_white_MLLB_000_y103_0924,3.2,3.208,100,100,12,kaba,True,,34.0,28.0,14.0,968.0,1002.0,1.066,243.982,228.772,0.7776,True,,True,,935.0,2.5,9.5
2026-09-24 16:47:48,MLLB_000_y1.0.3,WHITE,v4_white_MLLB_000_y103_0924,3.2,3.208,100,100,16,kaba,True,,34.0,28.0,14.0,968.0,1002.0,1.066,243.864,228.856,0.7781,True,,True,,935.0,2.5,9.5
2026-09-24 16:48:04,MLLB_000_y1.0.3,WHITE,v4_white_MLLB_000_y103_0924,3.2,3.208,100,100,20,kaba,True,,34.0,28.0,14.0,968.0,1002.0,1.066,243.864,228.801,0.7781,True,,True,,935.0,2.5,9.5
2026-09-24 16:48:20,MLLB_000_y1.0.3,WHITE,v4_white_MLLB_000_y103_0924,3.2,3.208,100,100,24,kaba,True,,34.0,28.0,14.0,968.0,1002.0,1.066,243.864,228.759,0.7777,True,,True,,935.0,2.5,9.5
2026-09-24 16:48:36,MLLB_000_y1.0.3,WHITE,v4_white_MLLB_000_y103_0924,3.2,3.208,100,100,28,kaba,True,,34.0,28.0,14.0,968.0,1002.0,1.066,243.864,228.865,0.7779,True,,True,,935.0,2.5,9.5
2026-09-24 16:48:52,MLLB_000_y1.0.3,WHITE,v4_white_MLLB_000_y103_0924,3.2,3.208,100,100,32,kaba,True,,34.0,28.0,14.0,968.0,1002.0,1.067,243.864,228.593,0.7781,True,,True,,935.0,2.5,9.5
2026-09-24 16:49:08,MLLB_000_y1.0.3,WHITE,v4_white_MLLB_000_y103_0924,3.2,3.208,100,100,36,kaba,True,,34.0,28.0,14.0,968.0,1002.0,1.066,243.864,228.686,0.7776,True,,True,,935.0,2.5,9.5
2026-09-24 16:49:20,MLLB_000_y1.0.3,WHITE,v4_white_MLLB_000_y103_0924,3.2,3.208,100,100,40,kaba,True,,34.0,28.0,14.0,968.0,1002.0,1.067,243.864,228.566,0.7783,True,,True,,935.0,2.5,9.5
2026-09-24 16:49:36,MLLB_000_y1.0.3,WHITE,v4_white_MLLB_000_y103_0924,3.2,3.208,100,100,44,kaba,True,,34.0,28.0,14.0,968.0,1002.0,1.067,243.864,228.575,0.7786,True,,True,,935.0,2.5,9.5
2026-09-24 16:49:52,MLLB_000_y1.0.3,WHITE,v4_white_MLLB_000_y103_0924,3.2,3.208,100,100,48,kaba,True,,34.0,28.0,14.0,968.0,1002.0,1.067,243.864,228.5,0.7778,True,,True,,935.0,2.5,9.5
2026-09-24 16:50:07,MLLB_000_y1.0.3,WHITE,v4_white_MLLB_000_y103_0924,3.2,3.208,100,100,52,kaba,True,,34.0,28.0,14.0,968.0,1002.0,1.067,243.864,228.608,0.7781,True,,True,,935.0,2.5,9.5
2026-09-24 16:50:24,MLLB_000_y1.0.3,WHITE,v4_white_MLLB_000_y103_0924,3.2,3.208,100,100,56,kaba,True,,34.0,28.0,14.0,968.0,1002.0,1.066,243.864,228.719,0.7784,True,,True,,935.0,2.5,9.5
2026-09-24 16:50:39,MLLB_000_y1.0.3,WHITE,v4_white_MLLB_000_y103_0924,3.2,3.208,100,100,58,kaba,True,,34.0,28.0,14.0,968.0,1002.0,1.067,243.864,228.619,0.7781,True,,True,,935.0,2.5,9.5
2026-09-24 16:50:40,MLLB_000_y1.0.3,WHITE,v4_white_MLLB_000_y103_0924,3.2,3.208,100,100,13,ince,False,iki-OK-arasi-monotonluk,,,,,,,,,,,,True,,935.0,2.5,9.5
2026-09-24 16:50:40,MLLB_000_y1.0.3,WHITE,v4_white_MLLB_000_y103_0924,3.2,3.208,100,100,14,ince,False,iki-OK-arasi-monotonluk,,,,,,,,,,,,True,,935.0,2.5,9.5
2026-09-24 16:50:40,MLLB_000_y1.0.3,WHITE,v4_white_MLLB_000_y103_0924,3.2,3.208,100,100,15,ince,False,iki-OK-arasi-monotonluk,,,,,,,,,,,,True,,935.0,2.5,9.5
2026-09-24 16:50:40,MLLB_000_y1.0.3,WHITE,v4_white_MLLB_000_y103_0924,3.2,3.208,100,100,17,ince,False,iki-OK-arasi-monotonluk,,,,,,,,,,,,True,,935.0,2.5,9.5
2026-09-24 16:50:40,MLLB_000_y1.0.3,WHITE,v4_white_MLLB_000_y103_0924,3.2,3.208,100,100,18,ince,False,iki-OK-arasi-monotonluk,,,,,,,,,,,,True,,935.0,2.5,9.5
2026-09-24 16:50:40,MLLB_000_y1.0.3,WHITE,v4_white_MLLB_000_y103_0924,3.2,3.208,100,100,19,ince,False,iki-OK-arasi-monotonluk,,,,,,,,,,,,True,,935.0,2.5,9.5
2026-09-24 16:50:40,MLLB_000_y1.0.3,WHITE,v4_white_MLLB_000_y103_0924,3.2,3.208,100,100,21,ince,False,iki-OK-arasi-monotonluk,,,,,,,,,,,,True,,935.0,2.5,9.5
2026-09-24 16:50:40,MLLB_000_y1.0.3,WHITE,v4_white_MLLB_000_y103_0924,3.2,3.208,100,100,22,ince,False,iki-OK-arasi-monotonluk,,,,,,,,,,,,True,,935.0,2.5,9.5
2026-09-24 16:50:40,MLLB_000_y1.0.3,WHITE,v4_white_MLLB_000_y103_0924,3.2,3.208,100,100,23,ince,False,iki-OK-arasi-monotonluk,,,,,,,,,,,,True,,935.0,2.5,9.5
2026-09-24 16:50:40,MLLB_000_y1.0.3,WHITE,v4_white_MLLB_000_y103_0924,3.2,3.208,100,100,25,ince,False,iki-OK-arasi-monotonluk,,,,,,,,,,,,True,,935.0,2.5,9.5
2026-09-24 16:50:40,MLLB_000_y1.0.3,WHITE,v4_white_MLLB_000_y103_0924,3.2,3.208,100,100,26,ince,False,iki-OK-arasi-monotonluk,,,,,,,,,,,,True,,935.0,2.5,9.5
2026-09-24 16:50:40,MLLB_000_y1.0.3,WHITE,v4_white_MLLB_000_y103_0924,3.2,3.208,100,100,27,ince,False,iki-OK-arasi-monotonluk,,,,,,,,,,,,True,,935.0,2.5,9.5
2026-09-24 16:50:40,MLLB_000_y1.0.3,WHITE,v4_white_MLLB_000_y103_0924,3.2,3.208,100,100,29,ince,False,iki-OK-arasi-monotonluk,,,,,,,,,,,,True,,935.0,2.5,9.5
2026-09-24 16:50:40,MLLB_000_y1.0.3,WHITE,v4_white_MLLB_000_y103_0924,3.2,3.208,100,100,30,ince,False,iki-OK-arasi-monotonluk,,,,,,,,,,,,True,,935.0,2.5,9.5
2026-09-24 16:50:40,MLLB_000_y1.0.3,WHITE,v4_white_MLLB_000_y103_0924,3.2,3.208,100,100,31,ince,False,iki-OK-arasi-monotonluk,,,,,,,,,,,,True,,935.0,2.5,9.5
2026-09-24 16:50:40,MLLB_000_y1.0.3,WHITE,v4_white_MLLB_000_y103_0924,3.2,3.208,100,100,33,ince,False,iki-OK-arasi-monotonluk,,,,,,,,,,,,True,,935.0,2.5,9.5
2026-09-24 16:50:40,MLLB_000_y1.0.3,WHITE,v4_white_MLLB_000_y103_0924,3.2,3.208,100,100,34,ince,False,iki-OK-arasi-monotonluk,,,,,,,,,,,,True,,935.0,2.5,9.5
2026-09-24 16:50:40,MLLB_000_y1.0.3,WHITE,v4_white_MLLB_000_y103_0924,3.2,3.208,100,100,35,ince,False,iki-OK-arasi-monotonluk,,,,,,,,,,,,True,,935.0,2.5,9.5
2026-09-24 16:50:40,MLLB_000_y1.0.3,WHITE,v4_white_MLLB_000_y103_0924,3.2,3.208,100,100,37,ince,False,iki-OK-arasi-monotonluk,,,,,,,,,,,,True,,935.0,2.5,9.5
2026-09-24 16:50:40,MLLB_000_y1.0.3,WHITE,v4_white_MLLB_000_y103_0924,3.2,3.208,100,100,38,ince,False,iki-OK-arasi-monotonluk,,,,,,,,,,,,True,,935.0,2.5,9.5
2026-09-24 16:50:40,MLLB_000_y1.0.3,WHITE,v4_white_MLLB_000_y103_0924,3.2,3.208,100,100,39,ince,False,iki-OK-arasi-monotonluk,,,,,,,,,,,,True,,935.0,2.5,9.5
2026-09-24 16:50:40,MLLB_000_y1.0.3,WHITE,v4_white_MLLB_000_y103_0924,3.2,3.208,100,100,41,ince,False,iki-OK-arasi-monotonluk,,,,,,,,,,,,True,,935.0,2.5,9.5
2026-09-24 16:50:40,MLLB_000_y1.0.3,WHITE,v4_white_MLLB_000_y103_0924,3.2,3.208,100,100,42,ince,False,iki-OK-arasi-monotonluk,,,,,,,,,,,,True,,935.0,2.5,9.5
2026-09-24 16:50:40,MLLB_000_y1.0.3,WHITE,v4_white_MLLB_000_y103_0924,3.2,3.208,100,100,43,ince,False,iki-OK-arasi-monotonluk,,,,,,,,,,,,True,,935.0,2.5,9.5
2026-09-24 16:50:40,MLLB_000_y1.0.3,WHITE,v4_white_MLLB_000_y103_0924,3.2,3.208,100,100,45,ince,False,iki-OK-arasi-monotonluk,,,,,,,,,,,,True,,935.0,2.5,9.5
2026-09-24 16:50:40,MLLB_000_y1.0.3,WHITE,v4_white_MLLB_000_y103_0924,3.2,3.208,100,100,46,ince,False,iki-OK-arasi-monotonluk,,,,,,,,,,,,True,,935.0,2.5,9.5
2026-09-24 16:50:40,MLLB_000_y1.0.3,WHITE,v4_white_MLLB_000_y103_0924,3.2,3.208,100,100,47,ince,False,iki-OK-arasi-monotonluk,,,,,,,,,,,,True,,935.0,2.5,9.5
2026-09-24 16:50:40,MLLB_000_y1.0.3,WHITE,v4_white_MLLB_000_y103_0924,3.2,3.208,100,100,49,ince,False,iki-OK-arasi-monotonluk,,,,,,,,,,,,True,,935.0,2.5,9.5
2026-09-24 16:50:40,MLLB_000_y1.0.3,WHITE,v4_white_MLLB_000_y103_0924,3.2,3.208,100,100,50,ince,False,iki-OK-arasi-monotonluk,,,,,,,,,,,,True,,935.0,2.5,9.5
2026-09-24 16:50:40,MLLB_000_y1.0.3,WHITE,v4_white_MLLB_000_y103_0924,3.2,3.208,100,100,51,ince,False,iki-OK-arasi-monotonluk,,,,,,,,,,,,True,,935.0,2.5,9.5
2026-09-24 16:50:40,MLLB_000_y1.0.3,WHITE,v4_white_MLLB_000_y103_0924,3.2,3.208,100,100,53,ince,False,iki-OK-arasi-monotonluk,,,,,,,,,,,,True,,935.0,2.5,9.5
2026-09-24 16:50:40,MLLB_000_y1.0.3,WHITE,v4_white_MLLB_000_y103_0924,3.2,3.208,100,100,54,ince,False,iki-OK-arasi-monotonluk,,,,,,,,,,,,True,,935.0,2.5,9.5
2026-09-24 16:50:40,MLLB_000_y1.0.3,WHITE,v4_white_MLLB_000_y103_0924,3.2,3.208,100,100,55,ince,False,iki-OK-arasi-monotonluk,,,,,,,,,,,,True,,935.0,2.5,9.5
2026-09-24 16:50:40,MLLB_000_y1.0.3,WHITE,v4_white_MLLB_000_y103_0924,3.2,3.208,100,100,57,ince,False,iki-OK-arasi-monotonluk,,,,,,,,,,,,True,,935.0,2.5,9.5
2026-09-24 16:50:40,MLLB_000_y1.0.3,WHITE,v4_white_MLLB_000_y103_0924,3.2,3.208,100,100,,bitti,False,,,,,,,,,,,,,,,935.0,2.5,9.5
2026-09-24 16:50:56,MLLB_000_y1.0.3,WHITE,v4_white_MLLB_000_y103_0924,3.2,3.208,100,80,12,kaba,True,,34.0,28.0,14.0,968.0,1002.0,1.068,244.062,228.541,0.7783,True,,True,,935.0,2.5,9.5
2026-09-24 16:51:12,MLLB_000_y1.0.3,WHITE,v4_white_MLLB_000_y103_0924,3.2,3.208,100,80,16,kaba,True,,34.0,28.0,14.0,968.0,1002.0,1.067,243.876,228.56,0.778,True,,True,,935.0,2.5,9.5
2026-09-24 16:51:24,MLLB_000_y1.0.3,WHITE,v4_white_MLLB_000_y103_0924,3.2,3.208,100,80,20,kaba,True,,34.0,28.0,14.0,968.0,1002.0,1.067,243.864,228.476,0.7782,True,,True,,935.0,2.5,9.5
2026-09-24 16:51:40,MLLB_000_y1.0.3,WHITE,v4_white_MLLB_000_y103_0924,3.2,3.208,100,80,24,kaba,True,,34.0,28.0,14.0,968.0,1002.0,1.068,243.864,228.409,0.7783,True,,True,,935.0,2.5,9.5
2026-09-24 16:51:56,MLLB_000_y1.0.3,WHITE,v4_white_MLLB_000_y103_0924,3.2,3.208,100,80,28,kaba,True,,34.0,28.0,14.0,968.0,1002.0,1.067,243.864,228.573,0.7787,True,,True,,935.0,2.5,9.5
2026-09-24 16:52:12,MLLB_000_y1.0.3,WHITE,v4_white_MLLB_000_y103_0924,3.2,3.208,100,80,32,kaba,True,,34.0,28.0,14.0,968.0,1002.0,1.067,243.864,228.494,0.7782,True,,True,,935.0,2.5,9.5
2026-09-24 16:52:28,MLLB_000_y1.0.3,WHITE,v4_white_MLLB_000_y103_0924,3.2,3.208,100,80,36,kaba,True,,34.0,28.0,14.0,968.0,1002.0,1.068,243.864,228.243,0.7784,True,,True,,935.0,2.5,9.5
2026-09-24 16:52:44,MLLB_000_y1.0.3,WHITE,v4_white_MLLB_000_y103_0924,3.2,3.208,100,80,40,kaba,True,,34.0,28.0,14.0,968.0,1002.0,1.067,243.864,228.472,0.7782,True,,True,,935.0,2.5,9.5
2026-09-24 16:53:00,MLLB_000_y1.0.3,WHITE,v4_white_MLLB_000_y103_0924,3.2,3.208,100,80,44,kaba,True,,34.0,28.0,14.0,968.0,1002.0,1.068,244.008,228.542,0.7778,True,,True,,935.0,2.5,9.5
2026-09-24 16:53:16,MLLB_000_y1.0.3,WHITE,v4_white_MLLB_000_y103_0924,3.2,3.208,100,80,48,kaba,True,,34.0,28.0,14.0,968.0,1002.0,1.067,243.864,228.597,0.778,True,,True,,935.0,2.5,9.5
2026-09-24 16:53:32,MLLB_000_y1.0.3,WHITE,v4_white_MLLB_000_y103_0924,3.2,3.208,100,80,52,kaba,True,,34.0,28.0,14.0,968.0,1002.0,1.067,243.864,228.455,0.7779,True,,True,,935.0,2.5,9.5
2026-09-24 16:53:48,MLLB_000_y1.0.3,WHITE,v4_white_MLLB_000_y103_0924,3.2,3.208,100,80,56,kaba,True,,34.0,28.0,14.0,968.0,1002.0,1.067,243.998,228.593,0.778,True,,True,,935.0,2.5,9.5
2026-09-24 16:54:04,MLLB_000_y1.0.3,WHITE,v4_white_MLLB_000_y103_0924,3.2,3.208,100,80,58,kaba,True,,34.0,28.0,14.0,968.0,1002.0,1.067,243.864,228.561,0.7784,True,,True,,935.0,2.5,9.5
2026-09-24 16:54:04,MLLB_000_y1.0.3,WHITE,v4_white_MLLB_000_y103_0924,3.2,3.208,100,80,13,ince,False,iki-OK-arasi-monotonluk,,,,,,,,,,,,True,,935.0,2.5,9.5
2026-09-24 16:54:04,MLLB_000_y1.0.3,WHITE,v4_white_MLLB_000_y103_0924,3.2,3.208,100,80,14,ince,False,iki-OK-arasi-monotonluk,,,,,,,,,,,,True,,935.0,2.5,9.5
2026-09-24 16:54:04,MLLB_000_y1.0.3,WHITE,v4_white_MLLB_000_y103_0924,3.2,3.208,100,80,15,ince,False,iki-OK-arasi-monotonluk,,,,,,,,,,,,True,,935.0,2.5,9.5
2026-09-24 16:54:04,MLLB_000_y1.0.3,WHITE,v4_white_MLLB_000_y103_0924,3.2,3.208,100,80,17,ince,False,iki-OK-arasi-monotonluk,,,,,,,,,,,,True,,935.0,2.5,9.5
2026-09-24 16:54:04,MLLB_000_y1.0.3,WHITE,v4_white_MLLB_000_y103_0924,3.2,3.208,100,80,18,ince,False,iki-OK-arasi-monotonluk,,,,,,,,,,,,True,,935.0,2.5,9.5
2026-09-24 16:54:04,MLLB_000_y1.0.3,WHITE,v4_white_MLLB_000_y103_0924,3.2,3.208,100,80,19,ince,False,iki-OK-arasi-monotonluk,,,,,,,,,,,,True,,935.0,2.5,9.5
2026-09-24 16:54:04,MLLB_000_y1.0.3,WHITE,v4_white_MLLB_000_y103_0924,3.2,3.208,100,80,21,ince,False,iki-OK-arasi-monotonluk,,,,,,,,,,,,True,,935.0,2.5,9.5
2026-09-24 16:54:04,MLLB_000_y1.0.3,WHITE,v4_white_MLLB_000_y103_0924,3.2,3.208,100,80,22,ince,False,iki-OK-arasi-monotonluk,,,,,,,,,,,,True,,935.0,2.5,9.5
2026-09-24 16:54:04,MLLB_000_y1.0.3,WHITE,v4_white_MLLB_000_y103_0924,3.2,3.208,100,80,23,ince,False,iki-OK-arasi-monotonluk,,,,,,,,,,,,True,,935.0,2.5,9.5
2026-09-24 16:54:04,MLLB_000_y1.0.3,WHITE,v4_white_MLLB_000_y103_0924,3.2,3.208,100,80,25,ince,False,iki-OK-arasi-monotonluk,,,,,,,,,,,,True,,935.0,2.5,9.5
2026-09-24 16:54:04,MLLB_000_y1.0.3,WHITE,v4_white_MLLB_000_y103_0924,3.2,3.208,100,80,26,ince,False,iki-OK-arasi-monotonluk,,,,,,,,,,,,True,,935.0,2.5,9.5
2026-09-24 16:54:04,MLLB_000_y1.0.3,WHITE,v4_white_MLLB_000_y103_0924,3.2,3.208,100,80,27,ince,False,iki-OK-arasi-monotonluk,,,,,,,,,,,,True,,935.0,2.5,9.5
2026-09-24 16:54:04,MLLB_000_y1.0.3,WHITE,v4_white_MLLB_000_y103_0924,3.2,3.208,100,80,29,ince,False,iki-OK-arasi-monotonluk,,,,,,,,,,,,True,,935.0,2.5,9.5
2026-09-24 16:54:04,MLLB_000_y1.0.3,WHITE,v4_white_MLLB_000_y103_0924,3.2,3.208,100,80,30,ince,False,iki-OK-arasi-monotonluk,,,,,,,,,,,,True,,935.0,2.5,9.5
2026-09-24 16:54:04,MLLB_000_y1.0.3,WHITE,v4_white_MLLB_000_y103_0924,3.2,3.208,100,80,31,ince,False,iki-OK-arasi-monotonluk,,,,,,,,,,,,True,,935.0,2.5,9.5
2026-09-24 16:54:04,MLLB_000_y1.0.3,WHITE,v4_white_MLLB_000_y103_0924,3.2,3.208,100,80,33,ince,False,iki-OK-arasi-monotonluk,,,,,,,,,,,,True,,935.0,2.5,9.5
2026-09-24 16:54:04,MLLB_000_y1.0.3,WHITE,v4_white_MLLB_000_y103_0924,3.2,3.208,100,80,34,ince,False,iki-OK-arasi-monotonluk,,,,,,,,,,,,True,,935.0,2.5,9.5
2026-09-24 16:54:04,MLLB_000_y1.0.3,WHITE,v4_white_MLLB_000_y103_0924,3.2,3.208,100,80,35,ince,False,iki-OK-arasi-monotonluk,,,,,,,,,,,,True,,935.0,2.5,9.5
2026-09-24 16:54:04,MLLB_000_y1.0.3,WHITE,v4_white_MLLB_000_y103_0924,3.2,3.208,100,80,37,ince,False,iki-OK-arasi-monotonluk,,,,,,,,,,,,True,,935.0,2.5,9.5
2026-09-24 16:54:04,MLLB_000_y1.0.3,WHITE,v4_white_MLLB_000_y103_0924,3.2,3.208,100,80,38,ince,False,iki-OK-arasi-monotonluk,,,,,,,,,,,,True,,935.0,2.5,9.5
2026-09-24 16:54:04,MLLB_000_y1.0.3,WHITE,v4_white_MLLB_000_y103_0924,3.2,3.208,100,80,39,ince,False,iki-OK-arasi-monotonluk,,,,,,,,,,,,True,,935.0,2.5,9.5
2026-09-24 16:54:04,MLLB_000_y1.0.3,WHITE,v4_white_MLLB_000_y103_0924,3.2,3.208,100,80,41,ince,False,iki-OK-arasi-monotonluk,,,,,,,,,,,,True,,935.0,2.5,9.5
2026-09-24 16:54:04,MLLB_000_y1.0.3,WHITE,v4_white_MLLB_000_y103_0924,3.2,3.208,100,80,42,ince,False,iki-OK-arasi-monotonluk,,,,,,,,,,,,True,,935.0,2.5,9.5
2026-09-24 16:54:04,MLLB_000_y1.0.3,WHITE,v4_white_MLLB_000_y103_0924,3.2,3.208,100,80,43,ince,False,iki-OK-arasi-monotonluk,,,,,,,,,,,,True,,935.0,2.5,9.5
2026-09-24 16:54:04,MLLB_000_y1.0.3,WHITE,v4_white_MLLB_000_y103_0924,3.2,3.208,100,80,45,ince,False,iki-OK-arasi-monotonluk,,,,,,,,,,,,True,,935.0,2.5,9.5
2026-09-24 16:54:04,MLLB_000_y1.0.3,WHITE,v4_white_MLLB_000_y103_0924,3.2,3.208,100,80,46,ince,False,iki-OK-arasi-monotonluk,,,,,,,,,,,,True,,935.0,2.5,9.5
2026-09-24 16:54:04,MLLB_000_y1.0.3,WHITE,v4_white_MLLB_000_y103_0924,3.2,3.208,100,80,47,ince,False,iki-OK-arasi-monotonluk,,,,,,,,,,,,True,,935.0,2.5,9.5
2026-09-24 16:54:04,MLLB_000_y1.0.3,WHITE,v4_white_MLLB_000_y103_0924,3.2,3.208,100,80,49,ince,False,iki-OK-arasi-monotonluk,,,,,,,,,,,,True,,935.0,2.5,9.5
2026-09-24 16:54:04,MLLB_000_y1.0.3,WHITE,v4_white_MLLB_000_y103_0924,3.2,3.208,100,80,50,ince,False,iki-OK-arasi-monotonluk,,,,,,,,,,,,True,,935.0,2.5,9.5
2026-09-24 16:54:04,MLLB_000_y1.0.3,WHITE,v4_white_MLLB_000_y103_0924,3.2,3.208,100,80,51,ince,False,iki-OK-arasi-monotonluk,,,,,,,,,,,,True,,935.0,2.5,9.5
2026-09-24 16:54:04,MLLB_000_y1.0.3,WHITE,v4_white_MLLB_000_y103_0924,3.2,3.208,100,80,53,ince,False,iki-OK-arasi-monotonluk,,,,,,,,,,,,True,,935.0,2.5,9.5
2026-09-24 16:54:04,MLLB_000_y1.0.3,WHITE,v4_white_MLLB_000_y103_0924,3.2,3.208,100,80,54,ince,False,iki-OK-arasi-monotonluk,,,,,,,,,,,,True,,935.0,2.5,9.5
2026-09-24 16:54:04,MLLB_000_y1.0.3,WHITE,v4_white_MLLB_000_y103_0924,3.2,3.208,100,80,55,ince,False,iki-OK-arasi-monotonluk,,,,,,,,,,,,True,,935.0,2.5,9.5
2026-09-24 16:54:04,MLLB_000_y1.0.3,WHITE,v4_white_MLLB_000_y103_0924,3.2,3.208,100,80,57,ince,False,iki-OK-arasi-monotonluk,,,,,,,,,,,,True,,935.0,2.5,9.5
2026-09-24 16:54:04,MLLB_000_y1.0.3,WHITE,v4_white_MLLB_000_y103_0924,3.2,3.208,100,80,,bitti,False,,,,,,,,,,,,,,,935.0,2.5,9.5
2026-09-24 16:54:20,MLLB_000_y1.0.3,WHITE,v4_white_MLLB_000_y103_0924,3.2,3.208,100,60,12,kaba,True,,34.0,28.0,14.0,968.0,1002.0,1.068,243.864,228.436,0.778,True,,True,,935.0,2.5,9.5
2026-09-24 16:54:36,MLLB_000_y1.0.3,WHITE,v4_white_MLLB_000_y103_0924,3.2,3.208,100,60,16,kaba,True,,34.0,28.0,14.0,968.0,1002.0,1.067,243.864,228.521,0.7784,True,,True,,935.0,2.5,9.5
2026-09-24 16:54:52,MLLB_000_y1.0.3,WHITE,v4_white_MLLB_000_y103_0924,3.2,3.208,100,60,20,kaba,True,,34.0,28.0,14.0,968.0,1002.0,1.068,243.864,228.359,0.778,True,,True,,935.0,2.5,9.5
2026-09-24 16:55:08,MLLB_000_y1.0.3,WHITE,v4_white_MLLB_000_y103_0924,3.2,3.208,100,60,24,kaba,True,,34.0,28.0,14.0,968.0,1002.0,1.068,243.864,228.342,0.7778,True,,True,,935.0,2.5,9.5
2026-09-24 16:55:24,MLLB_000_y1.0.3,WHITE,v4_white_MLLB_000_y103_0924,3.2,3.208,100,60,28,kaba,True,,34.0,28.0,14.0,968.0,1002.0,1.068,243.864,228.345,0.7778,True,,True,,935.0,2.5,9.5
2026-09-24 16:55:40,MLLB_000_y1.0.3,WHITE,v4_white_MLLB_000_y103_0924,3.2,3.208,100,60,32,kaba,True,,34.0,28.0,14.0,968.0,1002.0,1.084,247.719,228.472,0.7775,True,,True,,935.0,2.5,9.5
2026-09-24 16:55:56,MLLB_000_y1.0.3,WHITE,v4_white_MLLB_000_y103_0924,3.2,3.208,100,60,36,kaba,True,,34.0,28.0,14.0,968.0,1002.0,1.145,261.986,228.784,0.7778,True,,True,,935.0,2.5,9.5
2026-09-24 16:56:11,MLLB_000_y1.0.3,WHITE,v4_white_MLLB_000_y103_0924,3.2,3.208,100,60,40,kaba,True,,34.0,28.0,14.0,968.0,1002.0,1.068,243.883,228.427,0.7779,True,,True,,935.0,2.5,9.5
2026-09-24 16:56:28,MLLB_000_y1.0.3,WHITE,v4_white_MLLB_000_y103_0924,3.2,3.208,100,60,44,kaba,True,,34.0,28.0,14.0,968.0,1002.0,1.119,255.614,228.497,0.7778,True,,True,,935.0,2.5,9.5
2026-09-24 16:56:44,MLLB_000_y1.0.3,WHITE,v4_white_MLLB_000_y103_0924,3.2,3.208,100,60,48,kaba,True,,34.0,28.0,14.0,968.0,1002.0,1.067,244.025,228.696,0.778,True,,True,,935.0,2.5,9.5
2026-09-24 16:56:59,MLLB_000_y1.0.3,WHITE,v4_white_MLLB_000_y103_0924,3.2,3.208,100,60,52,kaba,True,,34.0,28.0,14.0,968.0,1002.0,1.067,243.864,228.524,0.7773,True,,True,,935.0,2.5,9.5
2026-09-24 16:57:16,MLLB_000_y1.0.3,WHITE,v4_white_MLLB_000_y103_0924,3.2,3.208,100,60,56,kaba,True,,34.0,28.0,14.0,968.0,1002.0,1.067,243.864,228.45,0.778,True,,True,,935.0,2.5,9.5
2026-09-24 16:57:32,MLLB_000_y1.0.3,WHITE,v4_white_MLLB_000_y103_0924,3.2,3.208,100,60,58,kaba,True,,34.0,28.0,14.0,968.0,1002.0,1.067,243.864,228.544,0.7774,True,,True,,935.0,2.5,9.5
2026-09-24 16:57:32,MLLB_000_y1.0.3,WHITE,v4_white_MLLB_000_y103_0924,3.2,3.208,100,60,13,ince,False,iki-OK-arasi-monotonluk,,,,,,,,,,,,True,,935.0,2.5,9.5
2026-09-24 16:57:32,MLLB_000_y1.0.3,WHITE,v4_white_MLLB_000_y103_0924,3.2,3.208,100,60,14,ince,False,iki-OK-arasi-monotonluk,,,,,,,,,,,,True,,935.0,2.5,9.5
2026-09-24 16:57:32,MLLB_000_y1.0.3,WHITE,v4_white_MLLB_000_y103_0924,3.2,3.208,100,60,15,ince,False,iki-OK-arasi-monotonluk,,,,,,,,,,,,True,,935.0,2.5,9.5
2026-09-24 16:57:32,MLLB_000_y1.0.3,WHITE,v4_white_MLLB_000_y103_0924,3.2,3.208,100,60,17,ince,False,iki-OK-arasi-monotonluk,,,,,,,,,,,,True,,935.0,2.5,9.5
2026-09-24 16:57:32,MLLB_000_y1.0.3,WHITE,v4_white_MLLB_000_y103_0924,3.2,3.208,100,60,18,ince,False,iki-OK-arasi-monotonluk,,,,,,,,,,,,True,,935.0,2.5,9.5
2026-09-24 16:57:32,MLLB_000_y1.0.3,WHITE,v4_white_MLLB_000_y103_0924,3.2,3.208,100,60,19,ince,False,iki-OK-arasi-monotonluk,,,,,,,,,,,,True,,935.0,2.5,9.5
2026-09-24 16:57:32,MLLB_000_y1.0.3,WHITE,v4_white_MLLB_000_y103_0924,3.2,3.208,100,60,21,ince,False,iki-OK-arasi-monotonluk,,,,,,,,,,,,True,,935.0,2.5,9.5
2026-09-24 16:57:32,MLLB_000_y1.0.3,WHITE,v4_white_MLLB_000_y103_0924,3.2,3.208,100,60,22,ince,False,iki-OK-arasi-monotonluk,,,,,,,,,,,,True,,935.0,2.5,9.5
2026-09-24 16:57:32,MLLB_000_y1.0.3,WHITE,v4_white_MLLB_000_y103_0924,3.2,3.208,100,60,23,ince,False,iki-OK-arasi-monotonluk,,,,,,,,,,,,True,,935.0,2.5,9.5
2026-09-24 16:57:32,MLLB_000_y1.0.3,WHITE,v4_white_MLLB_000_y103_0924,3.2,3.208,100,60,25,ince,False,iki-OK-arasi-monotonluk,,,,,,,,,,,,True,,935.0,2.5,9.5
2026-09-24 16:57:32,MLLB_000_y1.0.3,WHITE,v4_white_MLLB_000_y103_0924,3.2,3.208,100,60,26,ince,False,iki-OK-arasi-monotonluk,,,,,,,,,,,,True,,935.0,2.5,9.5
2026-09-24 16:57:32,MLLB_000_y1.0.3,WHITE,v4_white_MLLB_000_y103_0924,3.2,3.208,100,60,27,ince,False,iki-OK-arasi-monotonluk,,,,,,,,,,,,True,,935.0,2.5,9.5
2026-09-24 16:57:32,MLLB_000_y1.0.3,WHITE,v4_white_MLLB_000_y103_0924,3.2,3.208,100,60,29,ince,False,iki-OK-arasi-monotonluk,,,,,,,,,,,,True,,935.0,2.5,9.5
2026-09-24 16:57:32,MLLB_000_y1.0.3,WHITE,v4_white_MLLB_000_y103_0924,3.2,3.208,100,60,30,ince,False,iki-OK-arasi-monotonluk,,,,,,,,,,,,True,,935.0,2.5,9.5
2026-09-24 16:57:32,MLLB_000_y1.0.3,WHITE,v4_white_MLLB_000_y103_0924,3.2,3.208,100,60,31,ince,False,iki-OK-arasi-monotonluk,,,,,,,,,,,,True,,935.0,2.5,9.5
2026-09-24 16:57:32,MLLB_000_y1.0.3,WHITE,v4_white_MLLB_000_y103_0924,3.2,3.208,100,60,33,ince,False,iki-OK-arasi-monotonluk,,,,,,,,,,,,True,,935.0,2.5,9.5
2026-09-24 16:57:32,MLLB_000_y1.0.3,WHITE,v4_white_MLLB_000_y103_0924,3.2,3.208,100,60,34,ince,False,iki-OK-arasi-monotonluk,,,,,,,,,,,,True,,935.0,2.5,9.5
2026-09-24 16:57:32,MLLB_000_y1.0.3,WHITE,v4_white_MLLB_000_y103_0924,3.2,3.208,100,60,35,ince,False,iki-OK-arasi-monotonluk,,,,,,,,,,,,True,,935.0,2.5,9.5
2026-09-24 16:57:32,MLLB_000_y1.0.3,WHITE,v4_white_MLLB_000_y103_0924,3.2,3.208,100,60,37,ince,False,iki-OK-arasi-monotonluk,,,,,,,,,,,,True,,935.0,2.5,9.5
2026-09-24 16:57:32,MLLB_000_y1.0.3,WHITE,v4_white_MLLB_000_y103_0924,3.2,3.208,100,60,38,ince,False,iki-OK-arasi-monotonluk,,,,,,,,,,,,True,,935.0,2.5,9.5
2026-09-24 16:57:32,MLLB_000_y1.0.3,WHITE,v4_white_MLLB_000_y103_0924,3.2,3.208,100,60,39,ince,False,iki-OK-arasi-monotonluk,,,,,,,,,,,,True,,935.0,2.5,9.5
2026-09-24 16:57:32,MLLB_000_y1.0.3,WHITE,v4_white_MLLB_000_y103_0924,3.2,3.208,100,60,41,ince,False,iki-OK-arasi-monotonluk,,,,,,,,,,,,True,,935.0,2.5,9.5
2026-09-24 16:57:32,MLLB_000_y1.0.3,WHITE,v4_white_MLLB_000_y103_0924,3.2,3.208,100,60,42,ince,False,iki-OK-arasi-monotonluk,,,,,,,,,,,,True,,935.0,2.5,9.5
2026-09-24 16:57:32,MLLB_000_y1.0.3,WHITE,v4_white_MLLB_000_y103_0924,3.2,3.208,100,60,43,ince,False,iki-OK-arasi-monotonluk,,,,,,,,,,,,True,,935.0,2.5,9.5
2026-09-24 16:57:32,MLLB_000_y1.0.3,WHITE,v4_white_MLLB_000_y103_0924,3.2,3.208,100,60,45,ince,False,iki-OK-arasi-monotonluk,,,,,,,,,,,,True,,935.0,2.5,9.5
2026-09-24 16:57:32,MLLB_000_y1.0.3,WHITE,v4_white_MLLB_000_y103_0924,3.2,3.208,100,60,46,ince,False,iki-OK-arasi-monotonluk,,,,,,,,,,,,True,,935.0,2.5,9.5
2026-09-24 16:57:32,MLLB_000_y1.0.3,WHITE,v4_white_MLLB_000_y103_0924,3.2,3.208,100,60,47,ince,False,iki-OK-arasi-monotonluk,,,,,,,,,,,,True,,935.0,2.5,9.5
2026-09-24 16:57:32,MLLB_000_y1.0.3,WHITE,v4_white_MLLB_000_y103_0924,3.2,3.208,100,60,49,ince,False,iki-OK-arasi-monotonluk,,,,,,,,,,,,True,,935.0,2.5,9.5
2026-09-24 16:57:32,MLLB_000_y1.0.3,WHITE,v4_white_MLLB_000_y103_0924,3.2,3.208,100,60,50,ince,False,iki-OK-arasi-monotonluk,,,,,,,,,,,,True,,935.0,2.5,9.5
2026-09-24 16:57:32,MLLB_000_y1.0.3,WHITE,v4_white_MLLB_000_y103_0924,3.2,3.208,100,60,51,ince,False,iki-OK-arasi-monotonluk,,,,,,,,,,,,True,,935.0,2.5,9.5
2026-09-24 16:57:32,MLLB_000_y1.0.3,WHITE,v4_white_MLLB_000_y103_0924,3.2,3.208,100,60,53,ince,False,iki-OK-arasi-monotonluk,,,,,,,,,,,,True,,935.0,2.5,9.5
2026-09-24 16:57:32,MLLB_000_y1.0.3,WHITE,v4_white_MLLB_000_y103_0924,3.2,3.208,100,60,54,ince,False,iki-OK-arasi-monotonluk,,,,,,,,,,,,True,,935.0,2.5,9.5
2026-09-24 16:57:32,MLLB_000_y1.0.3,WHITE,v4_white_MLLB_000_y103_0924,3.2,3.208,100,60,55,ince,False,iki-OK-arasi-monotonluk,,,,,,,,,,,,True,,935.0,2.5,9.5
2026-09-24 16:57:32,MLLB_000_y1.0.3,WHITE,v4_white_MLLB_000_y103_0924,3.2,3.208,100,60,57,ince,False,iki-OK-arasi-monotonluk,,,,,,,,,,,,True,,935.0,2.5,9.5
2026-09-24 16:57:32,MLLB_000_y1.0.3,WHITE,v4_white_MLLB_000_y103_0924,3.2,3.208,100,60,,bitti,False,,,,,,,,,,,,,,,935.0,2.5,9.5
2026-09-24 16:58:01,MLLB_000_y1.0.3,WHITE,v4_white_MLLB_000_y103_0924,3.0,3.008,6,100,12,kaba,True,,374.0,60.0,340.0,628.0,1002.0,1.195,11.333,9.482,0.7776,True,,False,AKIM,935.0,2.5,9.5
2026-09-24 16:58:18,MLLB_000_y1.0.3,WHITE,v4_white_MLLB_000_y103_0924,3.0,3.008,6,100,16,kaba,True,,290.0,62.0,254.0,712.0,1002.0,1.18,11.242,9.531,0.7777,True,,False,ON,935.0,2.5,9.5
2026-09-24 16:58:34,MLLB_000_y1.0.3,WHITE,v4_white_MLLB_000_y103_0924,3.0,3.008,6,100,20,kaba,True,,202.0,60.0,168.0,800.0,1002.0,1.173,11.249,9.593,0.7771,True,,False,ON,935.0,2.5,9.5
2026-09-24 16:58:50,MLLB_000_y1.0.3,WHITE,v4_white_MLLB_000_y103_0924,3.0,3.008,6,100,24,kaba,True,,116.0,64.0,80.0,886.0,1002.0,1.186,11.425,9.631,0.7777,True,,False,ON,935.0,2.5,9.5
2026-09-24 16:59:06,MLLB_000_y1.0.3,WHITE,v4_white_MLLB_000_y103_0924,3.0,3.008,6,100,28,kaba,True,,34.0,32.0,14.0,968.0,1002.0,1.183,11.397,9.63,0.7776,True,,True,,935.0,2.5,9.5
2026-09-24 16:59:22,MLLB_000_y1.0.3,WHITE,v4_white_MLLB_000_y103_0924,3.0,3.008,6,100,32,kaba,True,,34.0,32.0,14.0,968.0,1002.0,16.133,155.4,9.633,0.7776,True,,False,FLAS,935.0,2.5,9.5
2026-09-24 16:59:38,MLLB_000_y1.0.3,WHITE,v4_white_MLLB_000_y103_0924,3.0,3.008,6,100,25,ince,True,,94.0,66.0,58.0,908.0,1002.0,1.186,11.425,9.636,0.7777,True,,False,ON,935.0,2.5,9.5
2026-09-24 16:59:54,MLLB_000_y1.0.3,WHITE,v4_white_MLLB_000_y103_0924,3.0,3.008,6,100,26,ince,True,,70.0,66.0,34.0,932.0,1002.0,1.17,11.242,9.609,0.7779,True,,False,ON,935.0,2.5,9.5
2026-09-24 17:00:10,MLLB_000_y1.0.3,WHITE,v4_white_MLLB_000_y103_0924,3.0,3.008,6,100,27,ince,True,,46.0,60.0,16.0,956.0,1002.0,1.177,11.334,9.63,0.7784,True,,True,,935.0,2.5,9.5
2026-09-24 17:00:26,MLLB_000_y1.0.3,WHITE,v4_white_MLLB_000_y103_0924,3.0,3.008,6,100,29,ince,True,,34.0,32.0,14.0,968.0,1002.0,2.226,21.458,9.641,0.7774,True,,True,,935.0,2.5,9.5
2026-09-24 17:00:42,MLLB_000_y1.0.3,WHITE,v4_white_MLLB_000_y103_0924,3.0,3.008,6,100,30,ince,True,,34.0,32.0,14.0,968.0,1002.0,9.838,94.667,9.622,0.7779,True,,False,FLAS,935.0,2.5,9.5
2026-09-24 17:00:57,MLLB_000_y1.0.3,WHITE,v4_white_MLLB_000_y103_0924,3.0,3.008,6,100,31,ince,True,,34.0,32.0,14.0,968.0,1002.0,13.265,127.837,9.637,0.7773,True,,False,FLAS,935.0,2.5,9.5
2026-09-24 17:00:58,MLLB_000_y1.0.3,WHITE,v4_white_MLLB_000_y103_0924,3.0,3.008,6,100,,bitti,False,,,,,,,,,,,,,,,935.0,2.5,9.5
2026-09-24 17:01:14,MLLB_000_y1.0.3,WHITE,v4_white_MLLB_000_y103_0924,3.0,3.008,6,80,12,kaba,True,,416.0,62.0,382.0,586.0,1002.0,1.163,11.299,9.717,0.7778,True,,False,ON,935.0,2.5,9.5
2026-09-24 17:01:30,MLLB_000_y1.0.3,WHITE,v4_white_MLLB_000_y103_0924,3.0,3.008,6,80,16,kaba,True,,346.0,60.0,312.0,656.0,1002.0,1.196,11.334,9.477,0.7773,True,,False,AKIM,935.0,2.5,9.5
2026-09-24 17:01:46,MLLB_000_y1.0.3,WHITE,v4_white_MLLB_000_y103_0924,3.0,3.008,6,80,20,kaba,True,,278.0,62.0,242.0,724.0,1002.0,1.201,11.471,9.555,0.7772,True,,False,ON,935.0,2.5,9.5
2026-09-24 17:02:02,MLLB_000_y1.0.3,WHITE,v4_white_MLLB_000_y103_0924,3.0,3.008,6,80,24,kaba,True,,208.0,62.0,174.0,794.0,1002.0,1.189,11.382,9.576,0.7772,True,,False,ON,935.0,2.5,9.5
2026-09-24 17:02:18,MLLB_000_y1.0.3,WHITE,v4_white_MLLB_000_y103_0924,3.0,3.008,6,80,28,kaba,True,,138.0,62.0,102.0,864.0,1002.0,1.182,11.382,9.631,0.7772,True,,False,ON,935.0,2.5,9.5
2026-09-24 17:02:30,MLLB_000_y1.0.3,WHITE,v4_white_MLLB_000_y103_0924,3.0,3.008,6,80,32,kaba,True,,64.0,64.0,28.0,938.0,1002.0,1.198,11.492,9.596,0.7765,True,,True,,935.0,2.5,9.5
2026-09-24 17:02:46,MLLB_000_y1.0.3,WHITE,v4_white_MLLB_000_y103_0924,3.0,3.008,6,80,36,kaba,True,,42.0,28.0,22.0,960.0,1002.0,8.262,79.652,9.64,0.7774,True,,False,FLAS,935.0,2.5,9.5
2026-09-24 17:03:02,MLLB_000_y1.0.3,WHITE,v4_white_MLLB_000_y103_0924,3.0,3.008,6,80,29,ince,True,,120.0,62.0,86.0,882.0,1002.0,1.179,11.346,9.621,0.7775,True,,False,ON,935.0,2.5,9.5
2026-09-24 17:03:18,MLLB_000_y1.0.3,WHITE,v4_white_MLLB_000_y103_0924,3.0,3.008,6,80,30,ince,True,,102.0,62.0,66.0,900.0,1002.0,1.171,11.288,9.64,0.7769,True,,False,ON,935.0,2.5,9.5
2026-09-24 17:03:34,MLLB_000_y1.0.3,WHITE,v4_white_MLLB_000_y103_0924,3.0,3.008,6,80,31,ince,True,,84.0,66.0,46.0,918.0,1002.0,1.179,11.334,9.615,0.7779,True,,False,ON,935.0,2.5,9.5
2026-09-24 17:03:50,MLLB_000_y1.0.3,WHITE,v4_white_MLLB_000_y103_0924,3.0,3.008,6,80,33,ince,True,,46.0,50.0,22.0,956.0,1002.0,1.19,11.46,9.633,0.7775,True,,True,,935.0,2.5,9.5
2026-09-24 17:04:06,MLLB_000_y1.0.3,WHITE,v4_white_MLLB_000_y103_0924,3.0,3.008,6,80,34,ince,True,,42.0,28.0,22.0,960.0,1002.0,1.186,11.433,9.641,0.7782,True,,True,,935.0,2.5,9.5
2026-09-24 17:04:21,MLLB_000_y1.0.3,WHITE,v4_white_MLLB_000_y103_0924,3.0,3.008,6,80,35,ince,True,,42.0,28.0,22.0,960.0,1002.0,2.1,20.247,9.642,0.7778,True,,True,,935.0,2.5,9.5
2026-09-24 17:04:22,MLLB_000_y1.0.3,WHITE,v4_white_MLLB_000_y103_0924,3.0,3.008,6,80,,bitti,False,,,,,,,,,,,,,,,935.0,2.5,9.5
2026-09-24 17:04:38,MLLB_000_y1.0.3,WHITE,v4_white_MLLB_000_y103_0924,3.0,3.008,6,60,12,kaba,True,,462.0,62.0,426.0,540.0,1002.0,1.169,11.318,9.682,0.7773,True,,False,ON,935.0,2.5,9.5
2026-09-24 17:04:54,MLLB_000_y1.0.3,WHITE,v4_white_MLLB_000_y103_0924,3.0,3.008,6,60,16,kaba,True,,414.0,62.0,378.0,588.0,1002.0,1.192,11.246,9.431,0.7775,True,,False,AKIM,935.0,2.5,9.5
2026-09-24 17:05:10,MLLB_000_y1.0.3,WHITE,v4_white_MLLB_000_y103_0924,3.0,3.008,6,60,20,kaba,True,,362.0,66.0,326.0,640.0,1002.0,1.198,11.341,9.465,0.7775,True,,False,AKIM,935.0,2.5,9.5
2026-09-24 17:05:26,MLLB_000_y1.0.3,WHITE,v4_white_MLLB_000_y103_0924,3.0,3.008,6,60,24,kaba,True,,312.0,64.0,276.0,690.0,1002.0,1.194,11.354,9.511,0.777,True,,False,ON,935.0,2.5,9.5
2026-09-24 17:05:42,MLLB_000_y1.0.3,WHITE,v4_white_MLLB_000_y103_0924,3.0,3.008,6,60,28,kaba,True,,260.0,62.0,226.0,742.0,1002.0,1.198,11.427,9.536,0.7775,True,,False,ON,935.0,2.5,9.5
2026-09-24 17:05:58,MLLB_000_y1.0.3,WHITE,v4_white_MLLB_000_y103_0924,3.0,3.008,6,60,32,kaba,True,,210.0,62.0,174.0,792.0,1002.0,1.185,11.334,9.561,0.7775,True,,False,ON,935.0,2.5,9.5
2026-09-24 17:06:14,MLLB_000_y1.0.3,WHITE,v4_white_MLLB_000_y103_0924,3.0,3.008,6,60,36,kaba,True,,156.0,62.0,122.0,846.0,1002.0,1.194,11.471,9.61,0.7773,True,,False,ON,935.0,2.5,9.5
2026-09-24 17:06:30,MLLB_000_y1.0.3,WHITE,v4_white_MLLB_000_y103_0924,3.0,3.008,6,60,40,kaba,True,,104.0,66.0,66.0,898.0,1002.0,1.176,11.334,9.64,0.7772,True,,False,ON,935.0,2.5,9.5
2026-09-24 17:06:46,MLLB_000_y1.0.3,WHITE,v4_white_MLLB_000_y103_0924,3.0,3.008,6,60,44,kaba,True,,52.0,40.0,32.0,950.0,1002.0,1.178,11.334,9.623,0.7776,True,,True,,935.0,2.5,9.5
2026-09-24 17:07:02,MLLB_000_y1.0.3,WHITE,v4_white_MLLB_000_y103_0924,3.0,3.008,6,60,48,kaba,True,,52.0,32.0,30.0,950.0,1002.0,8.746,84.152,9.622,0.7776,True,,False,FLAS,935.0,2.5,9.5
2026-09-24 17:07:18,MLLB_000_y1.0.3,WHITE,v4_white_MLLB_000_y103_0924,3.0,3.008,6,60,41,ince,True,,90.0,66.0,54.0,912.0,1002.0,1.188,11.425,9.617,0.7769,True,,False,ON,935.0,2.5,9.5
2026-09-24 17:07:34,MLLB_000_y1.0.3,WHITE,v4_white_MLLB_000_y103_0924,3.0,3.008,6,60,42,ince,True,,78.0,62.0,42.0,924.0,1002.0,1.172,11.288,9.633,0.7769,True,,False,ON,935.0,2.5,9.5
2026-09-24 17:07:49,MLLB_000_y1.0.3,WHITE,v4_white_MLLB_000_y103_0924,3.0,3.008,6,60,43,ince,True,,62.0,60.0,32.0,940.0,1002.0,1.174,11.288,9.618,0.777,True,,True,,935.0,2.5,9.5
2026-09-24 17:08:06,MLLB_000_y1.0.3,WHITE,v4_white_MLLB_000_y103_0924,3.0,3.008,6,60,45,ince,True,,52.0,30.0,32.0,950.0,1002.0,1.179,11.345,9.625,0.7775,True,,True,,935.0,2.5,9.5
2026-09-24 17:08:22,MLLB_000_y1.0.3,WHITE,v4_white_MLLB_000_y103_0924,3.0,3.008,6,60,46,ince,True,,52.0,32.0,30.0,950.0,1002.0,1.907,18.353,9.623,0.777,True,,True,,935.0,2.5,9.5
2026-09-24 17:08:37,MLLB_000_y1.0.3,WHITE,v4_white_MLLB_000_y103_0924,3.0,3.008,6,60,47,ince,True,,52.0,30.0,32.0,950.0,1002.0,4.143,39.928,9.637,0.7776,True,,False,FLAS,935.0,2.5,9.5
2026-09-24 17:08:38,MLLB_000_y1.0.3,WHITE,v4_white_MLLB_000_y103_0924,3.0,3.008,6,60,,bitti,False,,,,,,,,,,,,,,,935.0,2.5,9.5
2026-09-24 17:09:00,MLLB_000_y1.0.3,WHITE,v4_white_MLLB_000_y103_0924,3.0,3.008,7,100,12,kaba,True,,306.0,52.0,276.0,696.0,1002.0,1.09,12.821,11.758,0.7768,True,,False,ON,935.0,2.5,9.5
2026-09-24 17:09:16,MLLB_000_y1.0.3,WHITE,v4_white_MLLB_000_y103_0924,3.0,3.008,7,100,16,kaba,True,,238.0,50.0,208.0,764.0,1002.0,1.086,12.819,11.807,0.7779,True,,False,ON,935.0,2.5,9.5
2026-09-24 17:09:32,MLLB_000_y1.0.3,WHITE,v4_white_MLLB_000_y103_0924,3.0,3.008,7,100,20,kaba,True,,170.0,54.0,138.0,832.0,1002.0,1.081,12.81,11.855,0.7773,True,,False,ON,935.0,2.5,9.5
2026-09-24 17:09:48,MLLB_000_y1.0.3,WHITE,v4_white_MLLB_000_y103_0924,3.0,3.008,7,100,24,kaba,True,,100.0,54.0,70.0,902.0,1002.0,1.086,12.909,11.886,0.7771,True,,False,ON,935.0,2.5,9.5
2026-09-24 17:10:00,MLLB_000_y1.0.3,WHITE,v4_white_MLLB_000_y103_0924,3.0,3.008,7,100,28,kaba,True,,36.0,32.0,14.0,966.0,1002.0,1.082,12.856,11.883,0.7776,True,,True,,935.0,2.5,9.5
2026-09-24 17:10:16,MLLB_000_y1.0.3,WHITE,v4_white_MLLB_000_y103_0924,3.0,3.008,7,100,32,kaba,True,,36.0,32.0,14.0,966.0,1002.0,12.92,153.708,11.897,0.7776,True,,False,FLAS,935.0,2.5,9.5
2026-09-24 17:10:32,MLLB_000_y1.0.3,WHITE,v4_white_MLLB_000_y103_0924,3.0,3.008,7,100,25,ince,True,,82.0,54.0,50.0,920.0,1002.0,1.077,12.81,11.894,0.7775,True,,False,ON,935.0,2.5,9.5
2026-09-24 17:10:48,MLLB_000_y1.0.3,WHITE,v4_white_MLLB_000_y103_0924,3.0,3.008,7,100,26,ince,True,,64.0,54.0,34.0,938.0,1002.0,1.076,12.81,11.904,0.7778,True,,True,,935.0,2.5,9.5
2026-09-24 17:11:04,MLLB_000_y1.0.3,WHITE,v4_white_MLLB_000_y103_0924,3.0,3.008,7,100,27,ince,True,,44.0,50.0,18.0,958.0,1002.0,1.081,12.856,11.896,0.778,True,,True,,935.0,2.5,9.5
2026-09-24 17:11:20,MLLB_000_y1.0.3,WHITE,v4_white_MLLB_000_y103_0924,3.0,3.008,7,100,29,ince,True,,36.0,32.0,14.0,966.0,1002.0,1.68,19.98,11.893,0.7774,True,,True,,935.0,2.5,9.5
2026-09-24 17:11:36,MLLB_000_y1.0.3,WHITE,v4_white_MLLB_000_y103_0924,3.0,3.008,7,100,30,ince,True,,34.0,32.0,14.0,968.0,1002.0,7.585,90.158,11.886,0.7775,True,,False,FLAS,935.0,2.5,9.5
2026-09-24 17:11:52,MLLB_000_y1.0.3,WHITE,v4_white_MLLB_000_y103_0924,3.0,3.008,7,100,31,ince,True,,36.0,32.0,14.0,966.0,1002.0,10.358,123.303,11.904,0.7778,True,,False,FLAS,935.0,2.5,9.5
2026-09-24 17:11:52,MLLB_000_y1.0.3,WHITE,v4_white_MLLB_000_y103_0924,3.0,3.008,7,100,,bitti,False,,,,,,,,,,,,,,,935.0,2.5,9.5
2026-09-24 17:12:08,MLLB_000_y1.0.3,WHITE,v4_white_MLLB_000_y103_0924,3.0,3.008,7,80,12,kaba,True,,340.0,54.0,310.0,662.0,1002.0,1.107,12.995,11.736,0.7777,True,,False,ON,935.0,2.5,9.5
2026-09-24 17:12:24,MLLB_000_y1.0.3,WHITE,v4_white_MLLB_000_y103_0924,3.0,3.008,7,80,16,kaba,True,,284.0,54.0,254.0,718.0,1002.0,1.09,12.822,11.768,0.7777,True,,False,ON,935.0,2.5,9.5
2026-09-24 17:12:40,MLLB_000_y1.0.3,WHITE,v4_white_MLLB_000_y103_0924,3.0,3.008,7,80,20,kaba,True,,230.0,56.0,200.0,772.0,1002.0,1.086,12.856,11.842,0.7773,True,,False,ON,935.0,2.5,9.5
2026-09-24 17:12:55,MLLB_000_y1.0.3,WHITE,v4_white_MLLB_000_y103_0924,3.0,3.008,7,80,24,kaba,True,,174.0,56.0,144.0,828.0,1002.0,1.085,12.903,11.894,0.7773,True,,False,ON,935.0,2.5,9.5
2026-09-24 17:13:12,MLLB_000_y1.0.3,WHITE,v4_white_MLLB_000_y103_0924,3.0,3.008,7,80,28,kaba,True,,118.0,50.0,88.0,884.0,1002.0,1.088,12.995,11.948,0.7781,True,,False,ON,935.0,2.5,9.5
2026-09-24 17:13:24,MLLB_000_y1.0.3,WHITE,v4_white_MLLB_000_y103_0924,3.0,3.008,7,80,32,kaba,True,,60.0,54.0,30.0,942.0,1002.0,1.091,12.995,11.914,0.7777,True,,True,,935.0,2.5,9.5
2026-09-24 17:13:40,MLLB_000_y1.0.3,WHITE,v4_white_MLLB_000_y103_0924,3.0,3.008,7,80,36,kaba,True,,42.0,28.0,22.0,960.0,1002.0,6.238,74.405,11.928,0.7776,True,,False,FLAS,935.0,2.5,9.5
2026-09-24 17:13:56,MLLB_000_y1.0.3,WHITE,v4_white_MLLB_000_y103_0924,3.0,3.008,7,80,29,ince,True,,104.0,54.0,74.0,898.0,1002.0,1.083,12.92,11.933,0.7777,True,,False,ON,935.0,2.5,9.5
2026-09-24 17:14:12,MLLB_000_y1.0.3,WHITE,v4_white_MLLB_000_y103_0924,3.0,3.008,7,80,30,ince,True,,90.0,52.0,58.0,912.0,1002.0,1.078,12.856,11.927,0.7781,True,,False,ON,935.0,2.5,9.5
2026-09-24 17:14:28,MLLB_000_y1.0.3,WHITE,v4_white_MLLB_000_y103_0924,3.0,3.008,7,80,31,ince,True,,76.0,56.0,44.0,926.0,1002.0,1.079,12.903,11.957,0.7776,True,,False,ON,935.0,2.5,9.5
2026-09-24 17:14:44,MLLB_000_y1.0.3,WHITE,v4_white_MLLB_000_y103_0924,3.0,3.008,7,80,33,ince,True,,46.0,44.0,24.0,956.0,1002.0,1.089,12.995,11.939,0.7776,True,,True,,935.0,2.5,9.5
2026-09-24 17:15:00,MLLB_000_y1.0.3,WHITE,v4_white_MLLB_000_y103_0924,3.0,3.008,7,80,34,ince,True,,42.0,28.0,22.0,960.0,1002.0,1.081,12.903,11.937,0.7778,True,,True,,935.0,2.5,9.5
2026-09-24 17:15:16,MLLB_000_y1.0.3,WHITE,v4_white_MLLB_000_y103_0924,3.0,3.008,7,80,35,ince,True,,42.0,28.0,22.0,960.0,1002.0,1.606,19.165,11.93,0.7776,True,,True,,935.0,2.5,9.5
2026-09-24 17:15:16,MLLB_000_y1.0.3,WHITE,v4_white_MLLB_000_y103_0924,3.0,3.008,7,80,,bitti,False,,,,,,,,,,,,,,,935.0,2.5,9.5
2026-09-24 17:15:28,MLLB_000_y1.0.3,WHITE,v4_white_MLLB_000_y103_0924,3.0,3.008,7,60,12,kaba,True,,376.0,54.0,346.0,626.0,1002.0,1.097,12.856,11.724,0.7779,True,,False,ON,935.0,2.5,9.5
2026-09-24 17:15:44,MLLB_000_y1.0.3,WHITE,v4_white_MLLB_000_y103_0924,3.0,3.008,7,60,16,kaba,True,,338.0,54.0,306.0,664.0,1002.0,1.092,12.856,11.77,0.7776,True,,False,ON,935.0,2.5,9.5
2026-09-24 17:15:59,MLLB_000_y1.0.3,WHITE,v4_white_MLLB_000_y103_0924,3.0,3.008,7,60,20,kaba,True,,298.0,52.0,268.0,704.0,1002.0,1.092,12.903,11.813,0.7776,True,,False,ON,935.0,2.5,9.5
2026-09-24 17:16:16,MLLB_000_y1.0.3,WHITE,v4_white_MLLB_000_y103_0924,3.0,3.008,7,60,24,kaba,True,,258.0,52.0,228.0,744.0,1002.0,1.092,12.903,11.817,0.7777,True,,False,ON,935.0,2.5,9.5
2026-09-24 17:16:32,MLLB_000_y1.0.3,WHITE,v4_white_MLLB_000_y103_0924,3.0,3.008,7,60,28,kaba,True,,216.0,54.0,186.0,786.0,1002.0,1.087,12.903,11.872,0.7778,True,,False,ON,935.0,2.5,9.5
2026-09-24 17:16:48,MLLB_000_y1.0.3,WHITE,v4_white_MLLB_000_y103_0924,3.0,3.008,7,60,32,kaba,True,,176.0,54.0,146.0,826.0,1002.0,1.084,12.903,11.902,0.7784,True,,False,ON,935.0,2.5,9.5
2026-09-24 17:17:04,MLLB_000_y1.0.3,WHITE,v4_white_MLLB_000_y103_0924,3.0,3.008,7,60,36,kaba,True,,134.0,54.0,106.0,868.0,1002.0,1.091,12.995,11.916,0.7779,True,,False,ON,935.0,2.5,9.5
2026-09-24 17:17:20,MLLB_000_y1.0.3,WHITE,v4_white_MLLB_000_y103_0924,3.0,3.008,7,60,40,kaba,True,,92.0,54.0,62.0,910.0,1002.0,1.077,12.856,11.936,0.7778,True,,False,ON,935.0,2.5,9.5
2026-09-24 17:17:35,MLLB_000_y1.0.3,WHITE,v4_white_MLLB_000_y103_0924,3.0,3.008,7,60,44,kaba,True,,52.0,40.0,32.0,950.0,1002.0,1.078,12.873,11.938,0.7779,True,,True,,935.0,2.5,9.5
2026-09-24 17:17:52,MLLB_000_y1.0.3,WHITE,v4_white_MLLB_000_y103_0924,3.0,3.008,7,60,48,kaba,True,,52.0,30.0,32.0,950.0,1002.0,6.92,82.652,11.943,0.7775,True,,False,FLAS,935.0,2.5,9.5
2026-09-24 17:18:08,MLLB_000_y1.0.3,WHITE,v4_white_MLLB_000_y103_0924,3.0,3.008,7,60,41,ince,True,,82.0,56.0,52.0,920.0,1002.0,1.084,12.949,11.946,0.7783,True,,False,ON,935.0,2.5,9.5
2026-09-24 17:18:20,MLLB_000_y1.0.3,WHITE,v4_white_MLLB_000_y103_0924,3.0,3.008,7,60,42,ince,True,,72.0,56.0,40.0,930.0,1002.0,1.09,12.995,11.924,0.7776,True,,False,ON,935.0,2.5,9.5
2026-09-24 17:18:35,MLLB_000_y1.0.3,WHITE,v4_white_MLLB_000_y103_0924,3.0,3.008,7,60,43,ince,True,,60.0,48.0,34.0,942.0,1002.0,1.09,12.995,11.928,0.7781,True,,True,,935.0,2.5,9.5
2026-09-24 17:18:52,MLLB_000_y1.0.3,WHITE,v4_white_MLLB_000_y103_0924,3.0,3.008,7,60,45,ince,True,,52.0,30.0,32.0,950.0,1002.0,1.082,12.903,11.925,0.7785,True,,True,,935.0,2.5,9.5
2026-09-24 17:19:08,MLLB_000_y1.0.3,WHITE,v4_white_MLLB_000_y103_0924,3.0,3.008,7,60,46,ince,True,,52.0,30.0,32.0,950.0,1002.0,1.42,16.929,11.925,0.7778,True,,True,,935.0,2.5,9.5
2026-09-24 17:19:24,MLLB_000_y1.0.3,WHITE,v4_white_MLLB_000_y103_0924,3.0,3.008,7,60,47,ince,True,,52.0,30.0,32.0,950.0,1002.0,2.734,32.574,11.913,0.7776,True,,False,FLAS,935.0,2.5,9.5
2026-09-24 17:19:24,MLLB_000_y1.0.3,WHITE,v4_white_MLLB_000_y103_0924,3.0,3.008,7,60,,bitti,False,,,,,,,,,,,,,,,935.0,2.5,9.5
2026-09-24 17:19:46,MLLB_000_y1.0.3,WHITE,v4_white_MLLB_000_y103_0924,3.0,3.008,8,100,12,kaba,True,,258.0,48.0,232.0,744.0,1002.0,1.144,16.221,14.18,0.7777,True,,False,ON,935.0,2.5,9.5
2026-09-24 17:20:02,MLLB_000_y1.0.3,WHITE,v4_white_MLLB_000_y103_0924,3.0,3.008,8,100,16,kaba,True,,202.0,48.0,174.0,800.0,1002.0,1.145,16.268,14.207,0.7778,True,,False,ON,935.0,2.5,9.5
2026-09-24 17:20:18,MLLB_000_y1.0.3,WHITE,v4_white_MLLB_000_y103_0924,3.0,3.008,8,100,20,kaba,True,,146.0,50.0,118.0,856.0,1002.0,1.135,16.221,14.293,0.7778,True,,False,ON,935.0,2.5,9.5
2026-09-24 17:20:34,MLLB_000_y1.0.3,WHITE,v4_white_MLLB_000_y103_0924,3.0,3.008,8,100,24,kaba,True,,90.0,50.0,62.0,912.0,1002.0,1.13,16.187,14.326,0.7779,True,,False,ON,935.0,2.5,9.5
2026-09-24 17:20:46,MLLB_000_y1.0.3,WHITE,v4_white_MLLB_000_y103_0924,3.0,3.008,8,100,28,kaba,True,,36.0,32.0,14.0,966.0,1002.0,1.144,16.362,14.304,0.7775,True,,True,,935.0,2.5,9.5
2026-09-24 17:21:02,MLLB_000_y1.0.3,WHITE,v4_white_MLLB_000_y103_0924,3.0,3.008,8,100,32,kaba,True,,36.0,30.0,16.0,966.0,1002.0,10.531,150.56,14.297,0.7772,True,,False,FLAS,935.0,2.5,9.5
2026-09-24 17:21:18,MLLB_000_y1.0.3,WHITE,v4_white_MLLB_000_y103_0924,3.0,3.008,8,100,25,ince,True,,74.0,48.0,46.0,928.0,1002.0,1.136,16.268,14.319,0.7775,True,,False,ON,935.0,2.5,9.5
2026-09-24 17:21:34,MLLB_000_y1.0.3,WHITE,v4_white_MLLB_000_y103_0924,3.0,3.008,8,100,26,ince,True,,60.0,46.0,32.0,942.0,1002.0,1.137,16.268,14.314,0.7773,True,,True,,935.0,2.5,9.5
2026-09-24 17:21:50,MLLB_000_y1.0.3,WHITE,v4_white_MLLB_000_y103_0924,3.0,3.008,8,100,27,ince,True,,42.0,46.0,18.0,960.0,1002.0,1.142,16.362,14.322,0.7779,True,,True,,935.0,2.5,9.5
2026-09-24 17:22:05,MLLB_000_y1.0.3,WHITE,v4_white_MLLB_000_y103_0924,3.0,3.008,8,100,29,ince,True,,36.0,30.0,16.0,966.0,1002.0,1.319,18.878,14.309,0.7766,True,,True,,935.0,2.5,9.5
2026-09-24 17:22:22,MLLB_000_y1.0.3,WHITE,v4_white_MLLB_000_y103_0924,3.0,3.008,8,100,30,ince,True,,36.0,32.0,14.0,966.0,1002.0,5.837,83.672,14.334,0.7774,True,,False,FLAS,935.0,2.5,9.5
2026-09-24 17:22:38,MLLB_000_y1.0.3,WHITE,v4_white_MLLB_000_y103_0924,3.0,3.008,8,100,31,ince,True,,36.0,30.0,16.0,966.0,1002.0,8.264,118.025,14.282,0.7777,True,,False,FLAS,935.0,2.5,9.5
2026-09-24 17:22:38,MLLB_000_y1.0.3,WHITE,v4_white_MLLB_000_y103_0924,3.0,3.008,8,100,,bitti,False,,,,,,,,,,,,,,,935.0,2.5,9.5
2026-09-24 17:22:54,MLLB_000_y1.0.3,WHITE,v4_white_MLLB_000_y103_0924,3.0,3.008,8,80,12,kaba,True,,288.0,48.0,260.0,714.0,1002.0,1.138,16.113,14.157,0.7783,True,,False,ON,935.0,2.5,9.5
2026-09-24 17:23:10,MLLB_000_y1.0.3,WHITE,v4_white_MLLB_000_y103_0924,3.0,3.008,8,80,16,kaba,True,,242.0,48.0,216.0,760.0,1002.0,1.142,16.174,14.163,0.7778,True,,False,ON,935.0,2.5,9.5
2026-09-24 17:23:26,MLLB_000_y1.0.3,WHITE,v4_white_MLLB_000_y103_0924,3.0,3.008,8,80,20,kaba,True,,196.0,50.0,170.0,806.0,1002.0,1.142,16.195,14.177,0.7773,True,,False,ON,935.0,2.5,9.5
2026-09-24 17:23:41,MLLB_000_y1.0.3,WHITE,v4_white_MLLB_000_y103_0924,3.0,3.008,8,80,24,kaba,True,,150.0,50.0,122.0,852.0,1002.0,1.137,16.174,14.219,0.7778,True,,False,ON,935.0,2.5,9.5
2026-09-24 17:23:58,MLLB_000_y1.0.3,WHITE,v4_white_MLLB_000_y103_0924,3.0,3.008,8,80,28,kaba,True,,104.0,44.0,78.0,898.0,1002.0,1.135,16.182,14.257,0.7775,True,,False,ON,935.0,2.5,9.5
2026-09-24 17:24:14,MLLB_000_y1.0.3,WHITE,v4_white_MLLB_000_y103_0924,3.0,3.008,8,80,32,kaba,True,,56.0,50.0,30.0,946.0,1002.0,1.135,16.216,14.292,0.7773,True,,True,,935.0,2.5,9.5
2026-09-24 17:24:29,MLLB_000_y1.0.3,WHITE,v4_white_MLLB_000_y103_0924,3.0,3.008,8,80,36,kaba,True,,42.0,28.0,22.0,960.0,1002.0,3.872,55.226,14.264,0.7781,True,,False,FLAS,935.0,2.5,9.5
2026-09-24 17:24:46,MLLB_000_y1.0.3,WHITE,v4_white_MLLB_000_y103_0924,3.0,3.008,8,80,40,kaba,True,,42.0,28.0,22.0,960.0,1002.0,10.72,152.838,14.257,0.7776,True,,False,FLAS,935.0,2.5,9.5
2026-09-24 17:25:02,MLLB_000_y1.0.3,WHITE,v4_white_MLLB_000_y103_0924,3.0,3.008,8,80,29,ince,True,,94.0,50.0,66.0,908.0,1002.0,1.131,16.163,14.297,0.7774,True,,False,ON,935.0,2.5,9.5
2026-09-24 17:25:18,MLLB_000_y1.0.3,WHITE,v4_white_MLLB_000_y103_0924,3.0,3.008,8,80,30,ince,True,,82.0,50.0,54.0,920.0,1002.0,1.129,16.099,14.259,0.7773,True,,False,ON,935.0,2.5,9.5
2026-09-24 17:25:34,MLLB_000_y1.0.3,WHITE,v4_white_MLLB_000_y103_0924,3.0,3.008,8,80,31,ince,True,,70.0,50.0,42.0,932.0,1002.0,1.142,16.296,14.275,0.7779,True,,False,ON,935.0,2.5,9.5
2026-09-24 17:25:50,MLLB_000_y1.0.3,WHITE,v4_white_MLLB_000_y103_0924,3.0,3.008,8,80,33,ince,True,,46.0,44.0,24.0,956.0,1002.0,1.128,16.096,14.27,0.7782,True,,True,,935.0,2.5,9.5
2026-09-24 17:26:06,MLLB_000_y1.0.3,WHITE,v4_white_MLLB_000_y103_0924,3.0,3.008,8,80,34,ince,True,,42.0,28.0,22.0,960.0,1002.0,1.126,16.08,14.275,0.7779,True,,True,,935.0,2.5,9.5
2026-09-24 17:26:22,MLLB_000_y1.0.3,WHITE,v4_white_MLLB_000_y103_0924,3.0,3.008,8,80,35,ince,True,,42.0,28.0,22.0,960.0,1002.0,1.268,18.069,14.25,0.7783,True,,True,,935.0,2.5,9.5
2026-09-24 17:26:22,MLLB_000_y1.0.3,WHITE,v4_white_MLLB_000_y103_0924,3.0,3.008,8,80,,bitti,False,,,,,,,,,,,,,,,935.0,2.5,9.5
2026-09-24 17:26:37,MLLB_000_y1.0.3,WHITE,v4_white_MLLB_000_y103_0924,3.0,3.008,8,60,12,kaba,True,,318.0,50.0,290.0,684.0,1002.0,1.151,16.174,14.054,0.7779,True,,False,ON,935.0,2.5,9.5
2026-09-24 17:26:50,MLLB_000_y1.0.3,WHITE,v4_white_MLLB_000_y103_0924,3.0,3.008,8,60,16,kaba,True,,286.0,50.0,258.0,716.0,1002.0,1.144,16.127,14.1,0.7779,True,,False,ON,935.0,2.5,9.5
2026-09-24 17:27:06,MLLB_000_y1.0.3,WHITE,v4_white_MLLB_000_y103_0924,3.0,3.008,8,60,20,kaba,True,,252.0,44.0,226.0,750.0,1002.0,1.136,16.08,14.153,0.7784,True,,False,ON,935.0,2.5,9.5
2026-09-24 17:27:22,MLLB_000_y1.0.3,WHITE,v4_white_MLLB_000_y103_0924,3.0,3.008,8,60,24,kaba,True,,220.0,46.0,194.0,782.0,1002.0,1.14,16.15,14.172,0.7777,True,,False,ON,935.0,2.5,9.5
2026-09-24 17:27:38,MLLB_000_y1.0.3,WHITE,v4_white_MLLB_000_y103_0924,3.0,3.008,8,60,28,kaba,True,,186.0,48.0,160.0,816.0,1002.0,1.148,16.284,14.19,0.7784,True,,False,ON,935.0,2.5,9.5
2026-09-24 17:27:54,MLLB_000_y1.0.3,WHITE,v4_white_MLLB_000_y103_0924,3.0,3.008,8,60,32,kaba,True,,154.0,50.0,126.0,848.0,1002.0,1.137,16.174,14.224,0.7782,True,,False,ON,935.0,2.5,9.5
2026-09-24 17:28:10,MLLB_000_y1.0.3,WHITE,v4_white_MLLB_000_y103_0924,3.0,3.008,8,60,36,kaba,True,,120.0,46.0,94.0,882.0,1002.0,1.139,16.221,14.235,0.778,True,,False,ON,935.0,2.5,9.5
2026-09-24 17:28:26,MLLB_000_y1.0.3,WHITE,v4_white_MLLB_000_y103_0924,3.0,3.008,8,60,40,kaba,True,,86.0,50.0,58.0,916.0,1002.0,1.133,16.127,14.229,0.7777,True,,False,ON,935.0,2.5,9.5
2026-09-24 17:28:42,MLLB_000_y1.0.3,WHITE,v4_white_MLLB_000_y103_0924,3.0,3.008,8,60,44,kaba,True,,52.0,40.0,32.0,950.0,1002.0,1.134,16.174,14.259,0.778,True,,True,,935.0,2.5,9.5
2026-09-24 17:28:58,MLLB_000_y1.0.3,WHITE,v4_white_MLLB_000_y103_0924,3.0,3.008,8,60,48,kaba,True,,52.0,30.0,32.0,950.0,1002.0,5.526,78.902,14.278,0.7781,True,,False,FLAS,935.0,2.5,9.5
2026-09-24 17:29:14,MLLB_000_y1.0.3,WHITE,v4_white_MLLB_000_y103_0924,3.0,3.008,8,60,52,kaba,True,,52.0,30.0,32.0,950.0,1002.0,8.536,121.792,14.268,0.7774,True,,False,FLAS,935.0,2.5,9.5
2026-09-24 17:29:30,MLLB_000_y1.0.3,WHITE,v4_white_MLLB_000_y103_0924,3.0,3.008,8,60,41,ince,True,,76.0,50.0,50.0,926.0,1002.0,1.137,16.221,14.271,0.7775,True,,False,ON,935.0,2.5,9.5
2026-09-24 17:29:46,MLLB_000_y1.0.3,WHITE,v4_white_MLLB_000_y103_0924,3.0,3.008,8,60,42,ince,True,,68.0,44.0,42.0,934.0,1002.0,1.133,16.174,14.273,0.7773,True,,False,ON,935.0,2.5,9.5
2026-09-24 17:30:02,MLLB_000_y1.0.3,WHITE,v4_white_MLLB_000_y103_0924,3.0,3.008,8,60,43,ince,True,,58.0,46.0,34.0,944.0,1002.0,1.132,16.174,14.294,0.7782,True,,True,,935.0,2.5,9.5
2026-09-24 17:30:18,MLLB_000_y1.0.3,WHITE,v4_white_MLLB_000_y103_0924,3.0,3.008,8,60,45,ince,True,,52.0,30.0,32.0,950.0,1002.0,1.136,16.21,14.265,0.7774,True,,True,,935.0,2.5,9.5
2026-09-24 17:30:34,MLLB_000_y1.0.3,WHITE,v4_white_MLLB_000_y103_0924,3.0,3.008,8,60,46,ince,True,,52.0,30.0,32.0,950.0,1002.0,1.14,16.268,14.275,0.778,True,,True,,935.0,2.5,9.5
2026-09-24 17:30:50,MLLB_000_y1.0.3,WHITE,v4_white_MLLB_000_y103_0924,3.0,3.008,8,60,47,ince,True,,52.0,30.0,32.0,950.0,1002.0,2.07,29.557,14.276,0.7776,True,,True,,935.0,2.5,9.5
2026-09-24 17:30:50,MLLB_000_y1.0.3,WHITE,v4_white_MLLB_000_y103_0924,3.0,3.008,8,60,,bitti,False,,,,,,,,,,,,,,,935.0,2.5,9.5
2026-09-24 17:31:12,MLLB_000_y1.0.3,WHITE,v4_white_MLLB_000_y103_0924,3.0,3.008,10,100,12,kaba,True,,202.0,42.0,178.0,800.0,1002.0,1.075,20.412,18.992,0.7771,True,,False,ON,935.0,2.5,9.5
2026-09-24 17:31:28,MLLB_000_y1.0.3,WHITE,v4_white_MLLB_000_y103_0924,3.0,3.008,10,100,16,kaba,True,,160.0,40.0,134.0,842.0,1002.0,1.073,20.427,19.032,0.7774,True,,False,ON,935.0,2.5,9.5
2026-09-24 17:31:43,MLLB_000_y1.0.3,WHITE,v4_white_MLLB_000_y103_0924,3.0,3.008,10,100,20,kaba,True,,118.0,42.0,94.0,884.0,1002.0,1.071,20.412,19.065,0.7779,True,,False,ON,935.0,2.5,9.5
2026-09-24 17:32:00,MLLB_000_y1.0.3,WHITE,v4_white_MLLB_000_y103_0924,3.0,3.008,10,100,24,kaba,True,,74.0,40.0,50.0,928.0,1002.0,1.072,20.468,19.092,0.7781,True,,False,ON,935.0,2.5,9.5
2026-09-24 17:32:16,MLLB_000_y1.0.3,WHITE,v4_white_MLLB_000_y103_0924,3.0,3.008,10,100,28,kaba,True,,36.0,32.0,14.0,966.0,1002.0,1.07,20.46,19.124,0.7779,True,,True,,935.0,2.5,9.5
2026-09-24 17:32:32,MLLB_000_y1.0.3,WHITE,v4_white_MLLB_000_y103_0924,3.0,3.008,10,100,32,kaba,True,,36.0,30.0,16.0,966.0,1002.0,7.722,147.617,19.117,0.7781,True,,False,FLAS,935.0,2.5,9.5
2026-09-24 17:32:48,MLLB_000_y1.0.3,WHITE,v4_white_MLLB_000_y103_0924,3.0,3.008,10,100,25,ince,True,,64.0,46.0,38.0,938.0,1002.0,1.067,20.416,19.128,0.7783,True,,True,,935.0,2.5,9.5
2026-09-24 17:33:04,MLLB_000_y1.0.3,WHITE,v4_white_MLLB_000_y103_0924,3.0,3.008,10,100,26,ince,True,,54.0,42.0,30.0,948.0,1002.0,1.076,20.557,19.106,0.7773,True,,True,,935.0,2.5,9.5
2026-09-24 17:33:20,MLLB_000_y1.0.3,WHITE,v4_white_MLLB_000_y103_0924,3.0,3.008,10,100,27,ince,True,,42.0,42.0,18.0,960.0,1002.0,1.069,20.431,19.119,0.7781,True,,True,,935.0,2.5,9.5
2026-09-24 17:33:36,MLLB_000_y1.0.3,WHITE,v4_white_MLLB_000_y103_0924,3.0,3.008,10,100,29,ince,True,,36.0,32.0,14.0,966.0,1002.0,1.066,20.364,19.11,0.7782,True,,True,,935.0,2.5,9.5
2026-09-24 17:33:52,MLLB_000_y1.0.3,WHITE,v4_white_MLLB_000_y103_0924,3.0,3.008,10,100,30,ince,True,,36.0,32.0,14.0,966.0,1002.0,4.29,82.02,19.118,0.7777,True,,False,FLAS,935.0,2.5,9.5
2026-09-24 17:34:08,MLLB_000_y1.0.3,WHITE,v4_white_MLLB_000_y103_0924,3.0,3.008,10,100,31,ince,True,,36.0,30.0,16.0,966.0,1002.0,6.218,118.772,19.101,0.7776,True,,False,FLAS,935.0,2.5,9.5
2026-09-24 17:34:08,MLLB_000_y1.0.3,WHITE,v4_white_MLLB_000_y103_0924,3.0,3.008,10,100,,bitti,False,,,,,,,,,,,,,,,935.0,2.5,9.5
2026-09-24 17:34:24,MLLB_000_y1.0.3,WHITE,v4_white_MLLB_000_y103_0924,3.0,3.008,10,80,12,kaba,True,,222.0,40.0,198.0,780.0,1002.0,1.077,20.412,18.946,0.7778,True,,False,ON,935.0,2.5,9.5
2026-09-24 17:34:40,MLLB_000_y1.0.3,WHITE,v4_white_MLLB_000_y103_0924,3.0,3.008,10,80,16,kaba,True,,188.0,42.0,166.0,814.0,1002.0,1.077,20.46,19.003,0.7776,True,,False,ON,935.0,2.5,9.5
2026-09-24 17:34:56,MLLB_000_y1.0.3,WHITE,v4_white_MLLB_000_y103_0924,3.0,3.008,10,80,20,kaba,True,,156.0,40.0,130.0,846.0,1002.0,1.073,20.46,19.064,0.7776,True,,False,ON,935.0,2.5,9.5
2026-09-24 17:35:12,MLLB_000_y1.0.3,WHITE,v4_white_MLLB_000_y103_0924,3.0,3.008,10,80,24,kaba,True,,122.0,40.0,98.0,880.0,1002.0,1.075,20.534,19.097,0.778,True,,False,ON,935.0,2.5,9.5
2026-09-24 17:35:28,MLLB_000_y1.0.3,WHITE,v4_white_MLLB_000_y103_0924,3.0,3.008,10,80,28,kaba,True,,88.0,40.0,62.0,914.0,1002.0,1.072,20.46,19.08,0.7776,True,,False,ON,935.0,2.5,9.5
2026-09-24 17:35:44,MLLB_000_y1.0.3,WHITE,v4_white_MLLB_000_y103_0924,3.0,3.008,10,80,32,kaba,True,,52.0,44.0,28.0,950.0,1002.0,1.067,20.407,19.134,0.7774,True,,True,,935.0,2.5,9.5
2026-09-24 17:36:00,MLLB_000_y1.0.3,WHITE,v4_white_MLLB_000_y103_0924,3.0,3.008,10,80,36,kaba,True,,42.0,28.0,22.0,960.0,1002.0,2.617,50.07,19.133,0.7773,True,,False,FLAS,935.0,2.5,9.5
2026-09-24 17:36:16,MLLB_000_y1.0.3,WHITE,v4_white_MLLB_000_y103_0924,3.0,3.008,10,80,40,kaba,True,,42.0,28.0,22.0,960.0,1002.0,8.088,154.356,19.084,0.7776,True,,False,FLAS,935.0,2.5,9.5
2026-09-24 17:36:32,MLLB_000_y1.0.3,WHITE,v4_white_MLLB_000_y103_0924,3.0,3.008,10,80,29,ince,True,,78.0,44.0,56.0,924.0,1002.0,1.07,20.412,19.084,0.7774,True,,False,ON,935.0,2.5,9.5
2026-09-24 17:36:48,MLLB_000_y1.0.3,WHITE,v4_white_MLLB_000_y103_0924,3.0,3.008,10,80,30,ince,True,,70.0,40.0,46.0,932.0,1002.0,1.074,20.524,19.114,0.7783,True,,False,ON,935.0,2.5,9.5
2026-09-24 17:37:04,MLLB_000_y1.0.3,WHITE,v4_white_MLLB_000_y103_0924,3.0,3.008,10,80,31,ince,True,,62.0,42.0,38.0,940.0,1002.0,1.072,20.495,19.119,0.7777,True,,True,,935.0,2.5,9.5
2026-09-24 17:37:20,MLLB_000_y1.0.3,WHITE,v4_white_MLLB_000_y103_0924,3.0,3.008,10,80,33,ince,True,,44.0,34.0,24.0,958.0,1002.0,1.071,20.46,19.103,0.7773,True,,True,,935.0,2.5,9.5
2026-09-24 17:37:36,MLLB_000_y1.0.3,WHITE,v4_white_MLLB_000_y103_0924,3.0,3.008,10,80,34,ince,True,,42.0,28.0,22.0,960.0,1002.0,1.071,20.461,19.11,0.7775,True,,True,,935.0,2.5,9.5
2026-09-24 17:37:52,MLLB_000_y1.0.3,WHITE,v4_white_MLLB_000_y103_0924,3.0,3.008,10,80,35,ince,True,,42.0,28.0,22.0,960.0,1002.0,1.066,20.387,19.127,0.7774,True,,True,,935.0,2.5,9.5
2026-09-24 17:37:52,MLLB_000_y1.0.3,WHITE,v4_white_MLLB_000_y103_0924,3.0,3.008,10,80,,bitti,False,,,,,,,,,,,,,,,935.0,2.5,9.5
2026-09-24 17:38:08,MLLB_000_y1.0.3,WHITE,v4_white_MLLB_000_y103_0924,3.0,3.008,10,60,12,kaba,True,,246.0,40.0,222.0,756.0,1002.0,1.08,20.436,18.919,0.7776,True,,False,ON,935.0,2.5,9.5
2026-09-24 17:38:24,MLLB_000_y1.0.3,WHITE,v4_white_MLLB_000_y103_0924,3.0,3.008,10,60,16,kaba,True,,222.0,40.0,198.0,780.0,1002.0,1.076,20.364,18.933,0.7772,True,,False,ON,935.0,2.5,9.5
2026-09-24 17:38:40,MLLB_000_y1.0.3,WHITE,v4_white_MLLB_000_y103_0924,3.0,3.008,10,60,20,kaba,True,,198.0,40.0,174.0,804.0,1002.0,1.076,20.446,19.001,0.778,True,,False,ON,935.0,2.5,9.5
2026-09-24 17:38:56,MLLB_000_y1.0.3,WHITE,v4_white_MLLB_000_y103_0924,3.0,3.008,10,60,24,kaba,True,,174.0,40.0,150.0,828.0,1002.0,1.077,20.505,19.041,0.7775,True,,False,ON,935.0,2.5,9.5
2026-09-24 17:39:12,MLLB_000_y1.0.3,WHITE,v4_white_MLLB_000_y103_0924,3.0,3.008,10,60,28,kaba,True,,150.0,40.0,126.0,852.0,1002.0,1.073,20.412,19.022,0.7777,True,,False,ON,935.0,2.5,9.5
2026-09-24 17:39:28,MLLB_000_y1.0.3,WHITE,v4_white_MLLB_000_y103_0924,3.0,3.008,10,60,32,kaba,True,,126.0,40.0,102.0,876.0,1002.0,1.073,20.46,19.068,0.7774,True,,False,ON,935.0,2.5,9.5
2026-09-24 17:39:44,MLLB_000_y1.0.3,WHITE,v4_white_MLLB_000_y103_0924,3.0,3.008,10,60,36,kaba,True,,100.0,44.0,76.0,902.0,1002.0,1.072,20.46,19.083,0.7773,True,,False,ON,935.0,2.5,9.5
2026-09-24 17:40:00,MLLB_000_y1.0.3,WHITE,v4_white_MLLB_000_y103_0924,3.0,3.008,10,60,40,kaba,True,,76.0,46.0,50.0,926.0,1002.0,1.07,20.446,19.109,0.7781,True,,False,ON,935.0,2.5,9.5
2026-09-24 17:40:16,MLLB_000_y1.0.3,WHITE,v4_white_MLLB_000_y103_0924,3.0,3.008,10,60,44,kaba,True,,52.0,36.0,32.0,950.0,1002.0,1.069,20.412,19.102,0.7776,True,,True,,935.0,2.5,9.5
2026-09-24 17:40:32,MLLB_000_y1.0.3,WHITE,v4_white_MLLB_000_y103_0924,3.0,3.008,10,60,48,kaba,True,,52.0,30.0,32.0,950.0,1002.0,4.095,78.274,19.116,0.7776,True,,False,FLAS,935.0,2.5,9.5
2026-09-24 17:40:48,MLLB_000_y1.0.3,WHITE,v4_white_MLLB_000_y103_0924,3.0,3.008,10,60,52,kaba,True,,52.0,30.0,32.0,950.0,1002.0,6.419,122.559,19.094,0.7778,True,,False,FLAS,935.0,2.5,9.5
2026-09-24 17:41:04,MLLB_000_y1.0.3,WHITE,v4_white_MLLB_000_y103_0924,3.0,3.008,10,60,41,ince,True,,70.0,40.0,46.0,932.0,1002.0,1.069,20.431,19.108,0.7776,True,,False,ON,935.0,2.5,9.5
2026-09-24 17:41:20,MLLB_000_y1.0.3,WHITE,v4_white_MLLB_000_y103_0924,3.0,3.008,10,60,42,ince,True,,64.0,40.0,38.0,938.0,1002.0,1.07,20.46,19.116,0.7783,True,,True,,935.0,2.5,9.5
2026-09-24 17:41:36,MLLB_000_y1.0.3,WHITE,v4_white_MLLB_000_y103_0924,3.0,3.008,10,60,43,ince,True,,56.0,42.0,34.0,946.0,1002.0,1.068,20.412,19.12,0.7774,True,,True,,935.0,2.5,9.5
2026-09-24 17:41:52,MLLB_000_y1.0.3,WHITE,v4_white_MLLB_000_y103_0924,3.0,3.008,10,60,45,ince,True,,52.0,30.0,32.0,950.0,1002.0,1.072,20.478,19.1,0.7779,True,,True,,935.0,2.5,9.5
2026-09-24 17:42:08,MLLB_000_y1.0.3,WHITE,v4_white_MLLB_000_y103_0924,3.0,3.008,10,60,46,ince,True,,52.0,30.0,32.0,950.0,1002.0,1.074,20.557,19.14,0.7775,True,,True,,935.0,2.5,9.5
2026-09-24 17:42:24,MLLB_000_y1.0.3,WHITE,v4_white_MLLB_000_y103_0924,3.0,3.008,10,60,47,ince,True,,52.0,30.0,32.0,950.0,1002.0,1.532,29.278,19.111,0.7775,True,,True,,935.0,2.5,9.5
2026-09-24 17:42:24,MLLB_000_y1.0.3,WHITE,v4_white_MLLB_000_y103_0924,3.0,3.008,10,60,,bitti,False,,,,,,,,,,,,,,,935.0,2.5,9.5
2026-09-24 17:42:46,MLLB_000_y1.0.3,WHITE,v4_white_MLLB_000_y103_0924,3.0,3.008,15,100,12,kaba,True,,132.0,38.0,110.0,870.0,1002.0,1.127,35.302,31.33,0.778,True,,False,ON,935.0,2.5,9.5
2026-09-24 17:43:02,MLLB_000_y1.0.3,WHITE,v4_white_MLLB_000_y103_0924,3.0,3.008,15,100,16,kaba,True,,108.0,38.0,86.0,894.0,1002.0,1.131,35.442,31.348,0.7777,True,,False,ON,935.0,2.5,9.5
2026-09-24 17:43:18,MLLB_000_y1.0.3,WHITE,v4_white_MLLB_000_y103_0924,3.0,3.008,15,100,20,kaba,True,,82.0,32.0,62.0,920.0,1002.0,1.134,35.581,31.378,0.7782,True,,False,ON,935.0,2.5,9.5
2026-09-24 17:43:34,MLLB_000_y1.0.3,WHITE,v4_white_MLLB_000_y103_0924,3.0,3.008,15,100,24,kaba,True,,58.0,32.0,38.0,944.0,1002.0,1.123,35.279,31.407,0.7778,True,,True,,935.0,2.5,9.5
2026-09-24 17:43:50,MLLB_000_y1.0.3,WHITE,v4_white_MLLB_000_y103_0924,3.0,3.008,15,100,28,kaba,True,,36.0,32.0,14.0,966.0,1002.0,1.125,35.322,31.41,0.7777,True,,True,,935.0,2.5,9.5
2026-09-24 17:44:06,MLLB_000_y1.0.3,WHITE,v4_white_MLLB_000_y103_0924,3.0,3.008,15,100,32,kaba,True,,36.0,32.0,14.0,966.0,1002.0,4.724,148.322,31.399,0.7783,True,,False,FLAS,935.0,2.5,9.5
2026-09-24 17:44:22,MLLB_000_y1.0.3,WHITE,v4_white_MLLB_000_y103_0924,3.0,3.008,15,100,36,kaba,True,,36.0,32.0,14.0,966.0,1002.0,5.731,187.098,32.649,0.778,True,,False,FLAS,935.0,2.5,9.5
2026-09-24 17:44:38,MLLB_000_y1.0.3,WHITE,v4_white_MLLB_000_y103_0924,3.0,3.008,15,100,21,ince,True,,76.0,36.0,54.0,926.0,1002.0,1.112,34.891,31.376,0.7784,True,,False,ON,935.0,2.5,9.5
2026-09-24 17:44:54,MLLB_000_y1.0.3,WHITE,v4_white_MLLB_000_y103_0924,3.0,3.008,15,100,22,ince,True,,70.0,32.0,50.0,932.0,1002.0,1.12,35.148,31.383,0.778,True,,False,ON,935.0,2.5,9.5
2026-09-24 17:45:10,MLLB_000_y1.0.3,WHITE,v4_white_MLLB_000_y103_0924,3.0,3.008,15,100,23,ince,True,,64.0,38.0,42.0,938.0,1002.0,1.113,34.942,31.4,0.7781,True,,True,,935.0,2.5,9.5
2026-09-24 17:45:10,MLLB_000_y1.0.3,WHITE,v4_white_MLLB_000_y103_0924,3.0,3.008,15,100,25,ince,False,iki-OK-arasi-monotonluk,,,,,,,,,,,,True,,935.0,2.5,9.5
2026-09-24 17:45:10,MLLB_000_y1.0.3,WHITE,v4_white_MLLB_000_y103_0924,3.0,3.008,15,100,26,ince,False,iki-OK-arasi-monotonluk,,,,,,,,,,,,True,,935.0,2.5,9.5
2026-09-24 17:45:10,MLLB_000_y1.0.3,WHITE,v4_white_MLLB_000_y103_0924,3.0,3.008,15,100,27,ince,False,iki-OK-arasi-monotonluk,,,,,,,,,,,,True,,935.0,2.5,9.5
2026-09-24 17:45:26,MLLB_000_y1.0.3,WHITE,v4_white_MLLB_000_y103_0924,3.0,3.008,15,100,29,ince,True,,36.0,30.0,16.0,966.0,1002.0,1.119,35.165,31.439,0.7778,True,,True,,935.0,2.5,9.5
2026-09-24 17:45:42,MLLB_000_y1.0.3,WHITE,v4_white_MLLB_000_y103_0924,3.0,3.008,15,100,30,ince,True,,36.0,30.0,16.0,966.0,1002.0,2.681,84.197,31.404,0.7777,True,,False,FLAS,935.0,2.5,9.5
2026-09-24 17:45:58,MLLB_000_y1.0.3,WHITE,v4_white_MLLB_000_y103_0924,3.0,3.008,15,100,31,ince,True,,36.0,30.0,16.0,966.0,1002.0,3.804,119.527,31.419,0.7775,True,,False,FLAS,935.0,2.5,9.5
2026-09-24 17:45:58,MLLB_000_y1.0.3,WHITE,v4_white_MLLB_000_y103_0924,3.0,3.008,15,100,,bitti,False,,,,,,,,,,,,,,,935.0,2.5,9.5
2026-09-24 17:46:14,MLLB_000_y1.0.3,WHITE,v4_white_MLLB_000_y103_0924,3.0,3.008,15,80,12,kaba,True,,144.0,34.0,124.0,858.0,1002.0,1.128,35.302,31.283,0.7779,True,,False,ON,935.0,2.5,9.5
2026-09-24 17:46:30,MLLB_000_y1.0.3,WHITE,v4_white_MLLB_000_y103_0924,3.0,3.008,15,80,16,kaba,True,,126.0,32.0,106.0,876.0,1002.0,1.127,35.302,31.316,0.7778,True,,False,ON,935.0,2.5,9.5
2026-09-24 17:46:46,MLLB_000_y1.0.3,WHITE,v4_white_MLLB_000_y103_0924,3.0,3.008,15,80,20,kaba,True,,106.0,32.0,86.0,896.0,1002.0,1.119,35.092,31.364,0.7779,True,,False,ON,935.0,2.5,9.5
2026-09-24 17:47:02,MLLB_000_y1.0.3,WHITE,v4_white_MLLB_000_y103_0924,3.0,3.008,15,80,24,kaba,True,,86.0,32.0,66.0,916.0,1002.0,1.124,35.272,31.392,0.777,True,,False,ON,935.0,2.5,9.5
2026-09-24 17:47:18,MLLB_000_y1.0.3,WHITE,v4_white_MLLB_000_y103_0924,3.0,3.008,15,80,28,kaba,True,,68.0,38.0,46.0,934.0,1002.0,1.128,35.429,31.419,0.778,True,,False,ON,935.0,2.5,9.5
2026-09-24 17:47:34,MLLB_000_y1.0.3,WHITE,v4_white_MLLB_000_y103_0924,3.0,3.008,15,80,32,kaba,True,,48.0,38.0,26.0,954.0,1002.0,1.116,35.048,31.407,0.7782,True,,True,,935.0,2.5,9.5
2026-09-24 17:47:50,MLLB_000_y1.0.3,WHITE,v4_white_MLLB_000_y103_0924,3.0,3.008,15,80,36,kaba,True,,42.0,28.0,22.0,960.0,1002.0,1.604,50.417,31.425,0.7782,True,,True,,935.0,2.5,9.5
2026-09-24 17:48:06,MLLB_000_y1.0.3,WHITE,v4_white_MLLB_000_y103_0924,3.0,3.008,15,80,40,kaba,True,,42.0,28.0,22.0,960.0,1002.0,4.914,154.356,31.411,0.7786,True,,False,FLAS,935.0,2.5,9.5
2026-09-24 17:48:22,MLLB_000_y1.0.3,WHITE,v4_white_MLLB_000_y103_0924,3.0,3.008,15,80,44,kaba,True,,42.0,28.0,22.0,960.0,1002.0,5.471,171.847,31.411,0.778,True,,False,FLAS,935.0,2.5,9.5
2026-09-24 17:48:38,MLLB_000_y1.0.3,WHITE,v4_white_MLLB_000_y103_0924,3.0,3.008,15,80,29,ince,True,,62.0,32.0,42.0,940.0,1002.0,1.124,35.302,31.418,0.7786,True,,True,,935.0,2.5,9.5
2026-09-24 17:48:54,MLLB_000_y1.0.3,WHITE,v4_white_MLLB_000_y103_0924,3.0,3.008,15,80,30,ince,True,,58.0,34.0,36.0,944.0,1002.0,1.122,35.25,31.424,0.778,True,,True,,935.0,2.5,9.5
2026-09-24 17:49:10,MLLB_000_y1.0.3,WHITE,v4_white_MLLB_000_y103_0924,3.0,3.008,15,80,31,ince,True,,52.0,36.0,30.0,950.0,1002.0,1.123,35.302,31.423,0.7781,True,,True,,935.0,2.5,9.5
2026-09-24 17:49:10,MLLB_000_y1.0.3,WHITE,v4_white_MLLB_000_y103_0924,3.0,3.008,15,80,33,ince,False,iki-OK-arasi-monotonluk,,,,,,,,,,,,True,,935.0,2.5,9.5
2026-09-24 17:49:10,MLLB_000_y1.0.3,WHITE,v4_white_MLLB_000_y103_0924,3.0,3.008,15,80,34,ince,False,iki-OK-arasi-monotonluk,,,,,,,,,,,,True,,935.0,2.5,9.5
2026-09-24 17:49:10,MLLB_000_y1.0.3,WHITE,v4_white_MLLB_000_y103_0924,3.0,3.008,15,80,35,ince,False,iki-OK-arasi-monotonluk,,,,,,,,,,,,True,,935.0,2.5,9.5
2026-09-24 17:49:26,MLLB_000_y1.0.3,WHITE,v4_white_MLLB_000_y103_0924,3.0,3.008,15,80,37,ince,True,,42.0,28.0,22.0,960.0,1002.0,3.396,106.707,31.419,0.778,True,,False,FLAS,935.0,2.5,9.5
2026-09-24 17:49:42,MLLB_000_y1.0.3,WHITE,v4_white_MLLB_000_y103_0924,3.0,3.008,15,80,38,ince,True,,42.0,28.0,22.0,960.0,1002.0,3.927,123.303,31.402,0.7784,True,,False,FLAS,935.0,2.5,9.5
2026-09-24 17:49:58,MLLB_000_y1.0.3,WHITE,v4_white_MLLB_000_y103_0924,3.0,3.008,15,80,39,ince,True,,42.0,28.0,22.0,960.0,1002.0,4.479,140.703,31.415,0.7774,True,,False,FLAS,935.0,2.5,9.5
2026-09-24 17:49:58,MLLB_000_y1.0.3,WHITE,v4_white_MLLB_000_y103_0924,3.0,3.008,15,80,,bitti,False,,,,,,,,,,,,,,,935.0,2.5,9.5
2026-09-24 17:50:14,MLLB_000_y1.0.3,WHITE,v4_white_MLLB_000_y103_0924,3.0,3.008,15,60,12,kaba,True,,160.0,38.0,138.0,842.0,1002.0,1.119,34.993,31.267,0.7775,True,,False,ON,935.0,2.5,9.5
2026-09-24 17:50:26,MLLB_000_y1.0.3,WHITE,v4_white_MLLB_000_y103_0924,3.0,3.008,15,60,16,kaba,True,,146.0,32.0,126.0,856.0,1002.0,1.138,35.585,31.263,0.7776,True,,False,ON,935.0,2.5,9.5
2026-09-24 17:50:42,MLLB_000_y1.0.3,WHITE,v4_white_MLLB_000_y103_0924,3.0,3.008,15,60,20,kaba,True,,132.0,34.0,112.0,870.0,1002.0,1.124,35.168,31.298,0.7779,True,,False,ON,935.0,2.5,9.5
2026-09-24 17:50:58,MLLB_000_y1.0.3,WHITE,v4_white_MLLB_000_y103_0924,3.0,3.008,15,60,24,kaba,True,,120.0,38.0,98.0,882.0,1002.0,1.126,35.286,31.332,0.7778,True,,False,ON,935.0,2.5,9.5
2026-09-24 17:51:14,MLLB_000_y1.0.3,WHITE,v4_white_MLLB_000_y103_0924,3.0,3.008,15,60,28,kaba,True,,106.0,32.0,86.0,896.0,1002.0,1.131,35.456,31.345,0.7778,True,,False,ON,935.0,2.5,9.5
2026-09-24 17:51:30,MLLB_000_y1.0.3,WHITE,v4_white_MLLB_000_y103_0924,3.0,3.008,15,60,32,kaba,True,,92.0,38.0,70.0,910.0,1002.0,1.115,34.949,31.342,0.7778,True,,False,ON,935.0,2.5,9.5
2026-09-24 17:51:46,MLLB_000_y1.0.3,WHITE,v4_white_MLLB_000_y103_0924,3.0,3.008,15,60,36,kaba,True,,78.0,32.0,58.0,924.0,1002.0,1.13,35.466,31.379,0.7782,True,,False,ON,935.0,2.5,9.5
2026-09-24 17:52:02,MLLB_000_y1.0.3,WHITE,v4_white_MLLB_000_y103_0924,3.0,3.008,15,60,40,kaba,True,,64.0,36.0,42.0,938.0,1002.0,1.13,35.508,31.422,0.778,True,,True,,935.0,2.5,9.5
2026-09-24 17:52:18,MLLB_000_y1.0.3,WHITE,v4_white_MLLB_000_y103_0924,3.0,3.008,15,60,44,kaba,True,,52.0,30.0,32.0,950.0,1002.0,1.111,34.891,31.398,0.7772,True,,True,,935.0,2.5,9.5
2026-09-24 17:52:34,MLLB_000_y1.0.3,WHITE,v4_white_MLLB_000_y103_0924,3.0,3.008,15,60,48,kaba,True,,52.0,30.0,32.0,950.0,1002.0,2.491,78.239,31.404,0.778,True,,True,,935.0,2.5,9.5
2026-09-24 17:52:50,MLLB_000_y1.0.3,WHITE,v4_white_MLLB_000_y103_0924,3.0,3.008,15,60,52,kaba,True,,52.0,30.0,32.0,950.0,1002.0,3.881,121.792,31.38,0.778,True,,False,FLAS,935.0,2.5,9.5
2026-09-24 17:53:06,MLLB_000_y1.0.3,WHITE,v4_white_MLLB_000_y103_0924,3.0,3.008,15,60,56,kaba,True,,52.0,30.0,32.0,950.0,1002.0,4.407,138.431,31.411,0.778,True,,False,FLAS,935.0,2.5,9.5
2026-09-24 17:53:22,MLLB_000_y1.0.3,WHITE,v4_white_MLLB_000_y103_0924,3.0,3.008,15,60,37,ince,True,,76.0,32.0,54.0,926.0,1002.0,1.117,35.096,31.412,0.7776,True,,False,ON,935.0,2.5,9.5
2026-09-24 17:53:38,MLLB_000_y1.0.3,WHITE,v4_white_MLLB_000_y103_0924,3.0,3.008,15,60,38,ince,True,,72.0,36.0,50.0,930.0,1002.0,1.128,35.443,31.407,0.7776,True,,False,ON,935.0,2.5,9.5
2026-09-24 17:53:54,MLLB_000_y1.0.3,WHITE,v4_white_MLLB_000_y103_0924,3.0,3.008,15,60,39,ince,True,,68.0,36.0,46.0,934.0,1002.0,1.116,35.045,31.405,0.7777,True,,False,ON,935.0,2.5,9.5
2026-09-24 17:53:54,MLLB_000_y1.0.3,WHITE,v4_white_MLLB_000_y103_0924,3.0,3.008,15,60,41,ince,False,iki-OK-arasi-monotonluk,,,,,,,,,,,,True,,935.0,2.5,9.5
2026-09-24 17:53:54,MLLB_000_y1.0.3,WHITE,v4_white_MLLB_000_y103_0924,3.0,3.008,15,60,42,ince,False,iki-OK-arasi-monotonluk,,,,,,,,,,,,True,,935.0,2.5,9.5
2026-09-24 17:53:54,MLLB_000_y1.0.3,WHITE,v4_white_MLLB_000_y103_0924,3.0,3.008,15,60,43,ince,False,iki-OK-arasi-monotonluk,,,,,,,,,,,,True,,935.0,2.5,9.5
2026-09-24 17:53:54,MLLB_000_y1.0.3,WHITE,v4_white_MLLB_000_y103_0924,3.0,3.008,15,60,45,ince,False,iki-OK-arasi-monotonluk,,,,,,,,,,,,True,,935.0,2.5,9.5
2026-09-24 17:53:54,MLLB_000_y1.0.3,WHITE,v4_white_MLLB_000_y103_0924,3.0,3.008,15,60,46,ince,False,iki-OK-arasi-monotonluk,,,,,,,,,,,,True,,935.0,2.5,9.5
2026-09-24 17:53:54,MLLB_000_y1.0.3,WHITE,v4_white_MLLB_000_y103_0924,3.0,3.008,15,60,47,ince,False,iki-OK-arasi-monotonluk,,,,,,,,,,,,True,,935.0,2.5,9.5
2026-09-24 17:54:10,MLLB_000_y1.0.3,WHITE,v4_white_MLLB_000_y103_0924,3.0,3.008,15,60,49,ince,True,,52.0,30.0,32.0,950.0,1002.0,3.186,99.932,31.362,0.7778,True,,False,FLAS,935.0,2.5,9.5
2026-09-24 17:54:26,MLLB_000_y1.0.3,WHITE,v4_white_MLLB_000_y103_0924,3.0,3.008,15,60,50,ince,True,,52.0,30.0,32.0,950.0,1002.0,3.473,109.011,31.388,0.7781,True,,False,FLAS,935.0,2.5,9.5
2026-09-24 17:54:42,MLLB_000_y1.0.3,WHITE,v4_white_MLLB_000_y103_0924,3.0,3.008,15,60,51,ince,True,,52.0,30.0,32.0,950.0,1002.0,3.735,117.263,31.394,0.7777,True,,False,FLAS,935.0,2.5,9.5
2026-09-24 17:54:42,MLLB_000_y1.0.3,WHITE,v4_white_MLLB_000_y103_0924,3.0,3.008,15,60,,bitti,False,,,,,,,,,,,,,,,935.0,2.5,9.5
2026-09-24 17:55:04,MLLB_000_y1.0.3,WHITE,v4_white_MLLB_000_y103_0924,3.0,3.008,100,100,12,kaba,True,,36.0,32.0,14.0,966.0,1002.0,1.065,241.552,226.801,0.778,True,,True,,935.0,2.5,9.5
2026-09-24 17:55:20,MLLB_000_y1.0.3,WHITE,v4_white_MLLB_000_y103_0924,3.0,3.008,100,100,16,kaba,True,,36.0,32.0,14.0,966.0,1002.0,1.068,242.323,226.832,0.7781,True,,True,,935.0,2.5,9.5
2026-09-24 17:55:36,MLLB_000_y1.0.3,WHITE,v4_white_MLLB_000_y103_0924,3.0,3.008,100,100,20,kaba,True,,34.0,32.0,14.0,968.0,1002.0,1.068,242.523,227.034,0.7779,True,,True,,935.0,2.5,9.5
2026-09-24 17:55:52,MLLB_000_y1.0.3,WHITE,v4_white_MLLB_000_y103_0924,3.0,3.008,100,100,24,kaba,True,,36.0,32.0,14.0,966.0,1002.0,1.068,242.323,226.985,0.7775,True,,True,,935.0,2.5,9.5
2026-09-24 17:56:08,MLLB_000_y1.0.3,WHITE,v4_white_MLLB_000_y103_0924,3.0,3.008,100,100,28,kaba,True,,36.0,32.0,14.0,966.0,1002.0,1.067,242.323,227.06,0.7777,True,,True,,935.0,2.5,9.5
2026-09-24 17:56:20,MLLB_000_y1.0.3,WHITE,v4_white_MLLB_000_y103_0924,3.0,3.008,100,100,32,kaba,True,,34.0,32.0,14.0,968.0,1002.0,1.068,242.323,226.928,0.7781,True,,True,,935.0,2.5,9.5
2026-09-24 17:56:36,MLLB_000_y1.0.3,WHITE,v4_white_MLLB_000_y103_0924,3.0,3.008,100,100,36,kaba,True,,34.0,32.0,14.0,968.0,1002.0,1.067,242.323,227.042,0.7776,True,,True,,935.0,2.5,9.5
2026-09-24 17:56:52,MLLB_000_y1.0.3,WHITE,v4_white_MLLB_000_y103_0924,3.0,3.008,100,100,40,kaba,True,,34.0,32.0,14.0,968.0,1002.0,1.068,242.323,226.999,0.778,True,,True,,935.0,2.5,9.5
2026-09-24 17:57:08,MLLB_000_y1.0.3,WHITE,v4_white_MLLB_000_y103_0924,3.0,3.008,100,100,44,kaba,True,,34.0,32.0,14.0,968.0,1002.0,1.068,242.448,226.996,0.7777,True,,True,,935.0,2.5,9.5
2026-09-24 17:57:24,MLLB_000_y1.0.3,WHITE,v4_white_MLLB_000_y103_0924,3.0,3.008,100,100,48,kaba,True,,34.0,32.0,14.0,968.0,1002.0,1.064,241.552,227.001,0.7776,True,,True,,935.0,2.5,9.5
2026-09-24 17:57:40,MLLB_000_y1.0.3,WHITE,v4_white_MLLB_000_y103_0924,3.0,3.008,100,100,52,kaba,True,,34.0,32.0,14.0,968.0,1002.0,1.068,242.323,226.963,0.778,True,,True,,935.0,2.5,9.5
2026-09-24 17:57:56,MLLB_000_y1.0.3,WHITE,v4_white_MLLB_000_y103_0924,3.0,3.008,100,100,56,kaba,True,,34.0,32.0,14.0,968.0,1002.0,1.068,242.323,226.896,0.7777,True,,True,,935.0,2.5,9.5
2026-09-24 17:58:12,MLLB_000_y1.0.3,WHITE,v4_white_MLLB_000_y103_0924,3.0,3.008,100,100,58,kaba,True,,34.0,32.0,14.0,968.0,1002.0,1.068,242.323,226.807,0.7776,True,,True,,935.0,2.5,9.5
2026-09-24 17:58:12,MLLB_000_y1.0.3,WHITE,v4_white_MLLB_000_y103_0924,3.0,3.008,100,100,13,ince,False,iki-OK-arasi-monotonluk,,,,,,,,,,,,True,,935.0,2.5,9.5
2026-09-24 17:58:12,MLLB_000_y1.0.3,WHITE,v4_white_MLLB_000_y103_0924,3.0,3.008,100,100,14,ince,False,iki-OK-arasi-monotonluk,,,,,,,,,,,,True,,935.0,2.5,9.5
2026-09-24 17:58:12,MLLB_000_y1.0.3,WHITE,v4_white_MLLB_000_y103_0924,3.0,3.008,100,100,15,ince,False,iki-OK-arasi-monotonluk,,,,,,,,,,,,True,,935.0,2.5,9.5
2026-09-24 17:58:12,MLLB_000_y1.0.3,WHITE,v4_white_MLLB_000_y103_0924,3.0,3.008,100,100,17,ince,False,iki-OK-arasi-monotonluk,,,,,,,,,,,,True,,935.0,2.5,9.5
2026-09-24 17:58:12,MLLB_000_y1.0.3,WHITE,v4_white_MLLB_000_y103_0924,3.0,3.008,100,100,18,ince,False,iki-OK-arasi-monotonluk,,,,,,,,,,,,True,,935.0,2.5,9.5
2026-09-24 17:58:12,MLLB_000_y1.0.3,WHITE,v4_white_MLLB_000_y103_0924,3.0,3.008,100,100,19,ince,False,iki-OK-arasi-monotonluk,,,,,,,,,,,,True,,935.0,2.5,9.5
2026-09-24 17:58:12,MLLB_000_y1.0.3,WHITE,v4_white_MLLB_000_y103_0924,3.0,3.008,100,100,21,ince,False,iki-OK-arasi-monotonluk,,,,,,,,,,,,True,,935.0,2.5,9.5
2026-09-24 17:58:12,MLLB_000_y1.0.3,WHITE,v4_white_MLLB_000_y103_0924,3.0,3.008,100,100,22,ince,False,iki-OK-arasi-monotonluk,,,,,,,,,,,,True,,935.0,2.5,9.5
2026-09-24 17:58:12,MLLB_000_y1.0.3,WHITE,v4_white_MLLB_000_y103_0924,3.0,3.008,100,100,23,ince,False,iki-OK-arasi-monotonluk,,,,,,,,,,,,True,,935.0,2.5,9.5
2026-09-24 17:58:12,MLLB_000_y1.0.3,WHITE,v4_white_MLLB_000_y103_0924,3.0,3.008,100,100,25,ince,False,iki-OK-arasi-monotonluk,,,,,,,,,,,,True,,935.0,2.5,9.5
2026-09-24 17:58:12,MLLB_000_y1.0.3,WHITE,v4_white_MLLB_000_y103_0924,3.0,3.008,100,100,26,ince,False,iki-OK-arasi-monotonluk,,,,,,,,,,,,True,,935.0,2.5,9.5
2026-09-24 17:58:12,MLLB_000_y1.0.3,WHITE,v4_white_MLLB_000_y103_0924,3.0,3.008,100,100,27,ince,False,iki-OK-arasi-monotonluk,,,,,,,,,,,,True,,935.0,2.5,9.5
2026-09-24 17:58:12,MLLB_000_y1.0.3,WHITE,v4_white_MLLB_000_y103_0924,3.0,3.008,100,100,29,ince,False,iki-OK-arasi-monotonluk,,,,,,,,,,,,True,,935.0,2.5,9.5
2026-09-24 17:58:12,MLLB_000_y1.0.3,WHITE,v4_white_MLLB_000_y103_0924,3.0,3.008,100,100,30,ince,False,iki-OK-arasi-monotonluk,,,,,,,,,,,,True,,935.0,2.5,9.5
2026-09-24 17:58:12,MLLB_000_y1.0.3,WHITE,v4_white_MLLB_000_y103_0924,3.0,3.008,100,100,31,ince,False,iki-OK-arasi-monotonluk,,,,,,,,,,,,True,,935.0,2.5,9.5
2026-09-24 17:58:12,MLLB_000_y1.0.3,WHITE,v4_white_MLLB_000_y103_0924,3.0,3.008,100,100,33,ince,False,iki-OK-arasi-monotonluk,,,,,,,,,,,,True,,935.0,2.5,9.5
2026-09-24 17:58:12,MLLB_000_y1.0.3,WHITE,v4_white_MLLB_000_y103_0924,3.0,3.008,100,100,34,ince,False,iki-OK-arasi-monotonluk,,,,,,,,,,,,True,,935.0,2.5,9.5
2026-09-24 17:58:12,MLLB_000_y1.0.3,WHITE,v4_white_MLLB_000_y103_0924,3.0,3.008,100,100,35,ince,False,iki-OK-arasi-monotonluk,,,,,,,,,,,,True,,935.0,2.5,9.5
2026-09-24 17:58:12,MLLB_000_y1.0.3,WHITE,v4_white_MLLB_000_y103_0924,3.0,3.008,100,100,37,ince,False,iki-OK-arasi-monotonluk,,,,,,,,,,,,True,,935.0,2.5,9.5
2026-09-24 17:58:12,MLLB_000_y1.0.3,WHITE,v4_white_MLLB_000_y103_0924,3.0,3.008,100,100,38,ince,False,iki-OK-arasi-monotonluk,,,,,,,,,,,,True,,935.0,2.5,9.5
2026-09-24 17:58:12,MLLB_000_y1.0.3,WHITE,v4_white_MLLB_000_y103_0924,3.0,3.008,100,100,39,ince,False,iki-OK-arasi-monotonluk,,,,,,,,,,,,True,,935.0,2.5,9.5
2026-09-24 17:58:12,MLLB_000_y1.0.3,WHITE,v4_white_MLLB_000_y103_0924,3.0,3.008,100,100,41,ince,False,iki-OK-arasi-monotonluk,,,,,,,,,,,,True,,935.0,2.5,9.5
2026-09-24 17:58:12,MLLB_000_y1.0.3,WHITE,v4_white_MLLB_000_y103_0924,3.0,3.008,100,100,42,ince,False,iki-OK-arasi-monotonluk,,,,,,,,,,,,True,,935.0,2.5,9.5
2026-09-24 17:58:12,MLLB_000_y1.0.3,WHITE,v4_white_MLLB_000_y103_0924,3.0,3.008,100,100,43,ince,False,iki-OK-arasi-monotonluk,,,,,,,,,,,,True,,935.0,2.5,9.5
2026-09-24 17:58:12,MLLB_000_y1.0.3,WHITE,v4_white_MLLB_000_y103_0924,3.0,3.008,100,100,45,ince,False,iki-OK-arasi-monotonluk,,,,,,,,,,,,True,,935.0,2.5,9.5
2026-09-24 17:58:12,MLLB_000_y1.0.3,WHITE,v4_white_MLLB_000_y103_0924,3.0,3.008,100,100,46,ince,False,iki-OK-arasi-monotonluk,,,,,,,,,,,,True,,935.0,2.5,9.5
2026-09-24 17:58:12,MLLB_000_y1.0.3,WHITE,v4_white_MLLB_000_y103_0924,3.0,3.008,100,100,47,ince,False,iki-OK-arasi-monotonluk,,,,,,,,,,,,True,,935.0,2.5,9.5
2026-09-24 17:58:12,MLLB_000_y1.0.3,WHITE,v4_white_MLLB_000_y103_0924,3.0,3.008,100,100,49,ince,False,iki-OK-arasi-monotonluk,,,,,,,,,,,,True,,935.0,2.5,9.5
2026-09-24 17:58:12,MLLB_000_y1.0.3,WHITE,v4_white_MLLB_000_y103_0924,3.0,3.008,100,100,50,ince,False,iki-OK-arasi-monotonluk,,,,,,,,,,,,True,,935.0,2.5,9.5
2026-09-24 17:58:12,MLLB_000_y1.0.3,WHITE,v4_white_MLLB_000_y103_0924,3.0,3.008,100,100,51,ince,False,iki-OK-arasi-monotonluk,,,,,,,,,,,,True,,935.0,2.5,9.5
2026-09-24 17:58:12,MLLB_000_y1.0.3,WHITE,v4_white_MLLB_000_y103_0924,3.0,3.008,100,100,53,ince,False,iki-OK-arasi-monotonluk,,,,,,,,,,,,True,,935.0,2.5,9.5
2026-09-24 17:58:12,MLLB_000_y1.0.3,WHITE,v4_white_MLLB_000_y103_0924,3.0,3.008,100,100,54,ince,False,iki-OK-arasi-monotonluk,,,,,,,,,,,,True,,935.0,2.5,9.5
2026-09-24 17:58:12,MLLB_000_y1.0.3,WHITE,v4_white_MLLB_000_y103_0924,3.0,3.008,100,100,55,ince,False,iki-OK-arasi-monotonluk,,,,,,,,,,,,True,,935.0,2.5,9.5
2026-09-24 17:58:12,MLLB_000_y1.0.3,WHITE,v4_white_MLLB_000_y103_0924,3.0,3.008,100,100,57,ince,False,iki-OK-arasi-monotonluk,,,,,,,,,,,,True,,935.0,2.5,9.5
2026-09-24 17:58:12,MLLB_000_y1.0.3,WHITE,v4_white_MLLB_000_y103_0924,3.0,3.008,100,100,,bitti,False,,,,,,,,,,,,,,,935.0,2.5,9.5
2026-09-24 17:58:28,MLLB_000_y1.0.3,WHITE,v4_white_MLLB_000_y103_0924,3.0,3.008,100,80,12,kaba,True,,34.0,32.0,14.0,968.0,1002.0,1.069,242.323,226.785,0.7777,True,,True,,935.0,2.5,9.5
2026-09-24 17:58:44,MLLB_000_y1.0.3,WHITE,v4_white_MLLB_000_y103_0924,3.0,3.008,100,80,16,kaba,True,,34.0,32.0,14.0,968.0,1002.0,1.068,242.323,226.935,0.778,True,,True,,935.0,2.5,9.5
2026-09-24 17:59:00,MLLB_000_y1.0.3,WHITE,v4_white_MLLB_000_y103_0924,3.0,3.008,100,80,20,kaba,True,,34.0,34.0,14.0,968.0,1002.0,1.068,242.323,226.953,0.7781,True,,True,,935.0,2.5,9.5
2026-09-24 17:59:16,MLLB_000_y1.0.3,WHITE,v4_white_MLLB_000_y103_0924,3.0,3.008,100,80,24,kaba,True,,34.0,32.0,14.0,968.0,1002.0,1.068,242.323,226.836,0.7779,True,,True,,935.0,2.5,9.5
2026-09-24 17:59:32,MLLB_000_y1.0.3,WHITE,v4_white_MLLB_000_y103_0924,3.0,3.008,100,80,28,kaba,True,,34.0,32.0,14.0,968.0,1002.0,1.068,242.323,226.937,0.7775,True,,True,,935.0,2.5,9.5
2026-09-24 17:59:48,MLLB_000_y1.0.3,WHITE,v4_white_MLLB_000_y103_0924,3.0,3.008,100,80,32,kaba,True,,34.0,32.0,14.0,968.0,1002.0,1.068,242.323,226.899,0.7777,True,,True,,935.0,2.5,9.5
2026-09-24 18:00:04,MLLB_000_y1.0.3,WHITE,v4_white_MLLB_000_y103_0924,3.0,3.008,100,80,36,kaba,True,,34.0,32.0,14.0,968.0,1002.0,1.069,242.323,226.778,0.7774,True,,True,,935.0,2.5,9.5
2026-09-24 18:00:20,MLLB_000_y1.0.3,WHITE,v4_white_MLLB_000_y103_0924,3.0,3.008,100,80,40,kaba,True,,34.0,32.0,14.0,968.0,1002.0,1.069,242.491,226.832,0.7781,True,,True,,935.0,2.5,9.5
2026-09-24 18:00:36,MLLB_000_y1.0.3,WHITE,v4_white_MLLB_000_y103_0924,3.0,3.008,100,80,44,kaba,True,,34.0,32.0,14.0,968.0,1002.0,1.065,241.552,226.773,0.7773,True,,True,,935.0,2.5,9.5
2026-09-24 18:00:52,MLLB_000_y1.0.3,WHITE,v4_white_MLLB_000_y103_0924,3.0,3.008,100,80,48,kaba,True,,34.0,32.0,14.0,968.0,1002.0,1.065,241.586,226.771,0.7773,True,,True,,935.0,2.5,9.5
2026-09-24 18:01:04,MLLB_000_y1.0.3,WHITE,v4_white_MLLB_000_y103_0924,3.0,3.008,100,80,52,kaba,True,,34.0,32.0,14.0,968.0,1002.0,1.069,242.323,226.767,0.7776,True,,True,,935.0,2.5,9.5
2026-09-24 18:01:20,MLLB_000_y1.0.3,WHITE,v4_white_MLLB_000_y103_0924,3.0,3.008,100,80,56,kaba,True,,34.0,32.0,14.0,968.0,1002.0,1.065,241.761,227.016,0.7779,True,,True,,935.0,2.5,9.5
2026-09-24 18:01:36,MLLB_000_y1.0.3,WHITE,v4_white_MLLB_000_y103_0924,3.0,3.008,100,80,58,kaba,True,,34.0,34.0,14.0,968.0,1002.0,1.068,242.323,226.852,0.7785,True,,True,,935.0,2.5,9.5
2026-09-24 18:01:36,MLLB_000_y1.0.3,WHITE,v4_white_MLLB_000_y103_0924,3.0,3.008,100,80,13,ince,False,iki-OK-arasi-monotonluk,,,,,,,,,,,,True,,935.0,2.5,9.5
2026-09-24 18:01:36,MLLB_000_y1.0.3,WHITE,v4_white_MLLB_000_y103_0924,3.0,3.008,100,80,14,ince,False,iki-OK-arasi-monotonluk,,,,,,,,,,,,True,,935.0,2.5,9.5
2026-09-24 18:01:36,MLLB_000_y1.0.3,WHITE,v4_white_MLLB_000_y103_0924,3.0,3.008,100,80,15,ince,False,iki-OK-arasi-monotonluk,,,,,,,,,,,,True,,935.0,2.5,9.5
2026-09-24 18:01:36,MLLB_000_y1.0.3,WHITE,v4_white_MLLB_000_y103_0924,3.0,3.008,100,80,17,ince,False,iki-OK-arasi-monotonluk,,,,,,,,,,,,True,,935.0,2.5,9.5
2026-09-24 18:01:36,MLLB_000_y1.0.3,WHITE,v4_white_MLLB_000_y103_0924,3.0,3.008,100,80,18,ince,False,iki-OK-arasi-monotonluk,,,,,,,,,,,,True,,935.0,2.5,9.5
2026-09-24 18:01:36,MLLB_000_y1.0.3,WHITE,v4_white_MLLB_000_y103_0924,3.0,3.008,100,80,19,ince,False,iki-OK-arasi-monotonluk,,,,,,,,,,,,True,,935.0,2.5,9.5
2026-09-24 18:01:36,MLLB_000_y1.0.3,WHITE,v4_white_MLLB_000_y103_0924,3.0,3.008,100,80,21,ince,False,iki-OK-arasi-monotonluk,,,,,,,,,,,,True,,935.0,2.5,9.5
2026-09-24 18:01:36,MLLB_000_y1.0.3,WHITE,v4_white_MLLB_000_y103_0924,3.0,3.008,100,80,22,ince,False,iki-OK-arasi-monotonluk,,,,,,,,,,,,True,,935.0,2.5,9.5
2026-09-24 18:01:36,MLLB_000_y1.0.3,WHITE,v4_white_MLLB_000_y103_0924,3.0,3.008,100,80,23,ince,False,iki-OK-arasi-monotonluk,,,,,,,,,,,,True,,935.0,2.5,9.5
2026-09-24 18:01:36,MLLB_000_y1.0.3,WHITE,v4_white_MLLB_000_y103_0924,3.0,3.008,100,80,25,ince,False,iki-OK-arasi-monotonluk,,,,,,,,,,,,True,,935.0,2.5,9.5
2026-09-24 18:01:36,MLLB_000_y1.0.3,WHITE,v4_white_MLLB_000_y103_0924,3.0,3.008,100,80,26,ince,False,iki-OK-arasi-monotonluk,,,,,,,,,,,,True,,935.0,2.5,9.5
2026-09-24 18:01:36,MLLB_000_y1.0.3,WHITE,v4_white_MLLB_000_y103_0924,3.0,3.008,100,80,27,ince,False,iki-OK-arasi-monotonluk,,,,,,,,,,,,True,,935.0,2.5,9.5
2026-09-24 18:01:36,MLLB_000_y1.0.3,WHITE,v4_white_MLLB_000_y103_0924,3.0,3.008,100,80,29,ince,False,iki-OK-arasi-monotonluk,,,,,,,,,,,,True,,935.0,2.5,9.5
2026-09-24 18:01:36,MLLB_000_y1.0.3,WHITE,v4_white_MLLB_000_y103_0924,3.0,3.008,100,80,30,ince,False,iki-OK-arasi-monotonluk,,,,,,,,,,,,True,,935.0,2.5,9.5
2026-09-24 18:01:36,MLLB_000_y1.0.3,WHITE,v4_white_MLLB_000_y103_0924,3.0,3.008,100,80,31,ince,False,iki-OK-arasi-monotonluk,,,,,,,,,,,,True,,935.0,2.5,9.5
2026-09-24 18:01:36,MLLB_000_y1.0.3,WHITE,v4_white_MLLB_000_y103_0924,3.0,3.008,100,80,33,ince,False,iki-OK-arasi-monotonluk,,,,,,,,,,,,True,,935.0,2.5,9.5
2026-09-24 18:01:36,MLLB_000_y1.0.3,WHITE,v4_white_MLLB_000_y103_0924,3.0,3.008,100,80,34,ince,False,iki-OK-arasi-monotonluk,,,,,,,,,,,,True,,935.0,2.5,9.5
2026-09-24 18:01:36,MLLB_000_y1.0.3,WHITE,v4_white_MLLB_000_y103_0924,3.0,3.008,100,80,35,ince,False,iki-OK-arasi-monotonluk,,,,,,,,,,,,True,,935.0,2.5,9.5
2026-09-24 18:01:36,MLLB_000_y1.0.3,WHITE,v4_white_MLLB_000_y103_0924,3.0,3.008,100,80,37,ince,False,iki-OK-arasi-monotonluk,,,,,,,,,,,,True,,935.0,2.5,9.5
2026-09-24 18:01:36,MLLB_000_y1.0.3,WHITE,v4_white_MLLB_000_y103_0924,3.0,3.008,100,80,38,ince,False,iki-OK-arasi-monotonluk,,,,,,,,,,,,True,,935.0,2.5,9.5
2026-09-24 18:01:36,MLLB_000_y1.0.3,WHITE,v4_white_MLLB_000_y103_0924,3.0,3.008,100,80,39,ince,False,iki-OK-arasi-monotonluk,,,,,,,,,,,,True,,935.0,2.5,9.5
2026-09-24 18:01:36,MLLB_000_y1.0.3,WHITE,v4_white_MLLB_000_y103_0924,3.0,3.008,100,80,41,ince,False,iki-OK-arasi-monotonluk,,,,,,,,,,,,True,,935.0,2.5,9.5
2026-09-24 18:01:36,MLLB_000_y1.0.3,WHITE,v4_white_MLLB_000_y103_0924,3.0,3.008,100,80,42,ince,False,iki-OK-arasi-monotonluk,,,,,,,,,,,,True,,935.0,2.5,9.5
2026-09-24 18:01:36,MLLB_000_y1.0.3,WHITE,v4_white_MLLB_000_y103_0924,3.0,3.008,100,80,43,ince,False,iki-OK-arasi-monotonluk,,,,,,,,,,,,True,,935.0,2.5,9.5
2026-09-24 18:01:36,MLLB_000_y1.0.3,WHITE,v4_white_MLLB_000_y103_0924,3.0,3.008,100,80,45,ince,False,iki-OK-arasi-monotonluk,,,,,,,,,,,,True,,935.0,2.5,9.5
2026-09-24 18:01:36,MLLB_000_y1.0.3,WHITE,v4_white_MLLB_000_y103_0924,3.0,3.008,100,80,46,ince,False,iki-OK-arasi-monotonluk,,,,,,,,,,,,True,,935.0,2.5,9.5
2026-09-24 18:01:36,MLLB_000_y1.0.3,WHITE,v4_white_MLLB_000_y103_0924,3.0,3.008,100,80,47,ince,False,iki-OK-arasi-monotonluk,,,,,,,,,,,,True,,935.0,2.5,9.5
2026-09-24 18:01:36,MLLB_000_y1.0.3,WHITE,v4_white_MLLB_000_y103_0924,3.0,3.008,100,80,49,ince,False,iki-OK-arasi-monotonluk,,,,,,,,,,,,True,,935.0,2.5,9.5
2026-09-24 18:01:36,MLLB_000_y1.0.3,WHITE,v4_white_MLLB_000_y103_0924,3.0,3.008,100,80,50,ince,False,iki-OK-arasi-monotonluk,,,,,,,,,,,,True,,935.0,2.5,9.5
2026-09-24 18:01:36,MLLB_000_y1.0.3,WHITE,v4_white_MLLB_000_y103_0924,3.0,3.008,100,80,51,ince,False,iki-OK-arasi-monotonluk,,,,,,,,,,,,True,,935.0,2.5,9.5
2026-09-24 18:01:36,MLLB_000_y1.0.3,WHITE,v4_white_MLLB_000_y103_0924,3.0,3.008,100,80,53,ince,False,iki-OK-arasi-monotonluk,,,,,,,,,,,,True,,935.0,2.5,9.5
2026-09-24 18:01:36,MLLB_000_y1.0.3,WHITE,v4_white_MLLB_000_y103_0924,3.0,3.008,100,80,54,ince,False,iki-OK-arasi-monotonluk,,,,,,,,,,,,True,,935.0,2.5,9.5
2026-09-24 18:01:36,MLLB_000_y1.0.3,WHITE,v4_white_MLLB_000_y103_0924,3.0,3.008,100,80,55,ince,False,iki-OK-arasi-monotonluk,,,,,,,,,,,,True,,935.0,2.5,9.5
2026-09-24 18:01:36,MLLB_000_y1.0.3,WHITE,v4_white_MLLB_000_y103_0924,3.0,3.008,100,80,57,ince,False,iki-OK-arasi-monotonluk,,,,,,,,,,,,True,,935.0,2.5,9.5
2026-09-24 18:01:36,MLLB_000_y1.0.3,WHITE,v4_white_MLLB_000_y103_0924,3.0,3.008,100,80,,bitti,False,,,,,,,,,,,,,,,935.0,2.5,9.5
2026-09-24 18:01:48,MLLB_000_y1.0.3,WHITE,v4_white_MLLB_000_y103_0924,3.0,3.008,100,60,12,kaba,True,,34.0,32.0,14.0,968.0,1002.0,1.068,242.323,226.896,0.7779,True,,True,,935.0,2.5,9.5
2026-09-24 18:02:04,MLLB_000_y1.0.3,WHITE,v4_white_MLLB_000_y103_0924,3.0,3.008,100,60,16,kaba,True,,34.0,32.0,14.0,968.0,1002.0,1.069,242.47,226.777,0.7783,True,,True,,935.0,2.5,9.5
2026-09-24 18:02:20,MLLB_000_y1.0.3,WHITE,v4_white_MLLB_000_y103_0924,3.0,3.008,100,60,20,kaba,True,,34.0,34.0,14.0,968.0,1002.0,1.068,242.462,227.055,0.778,True,,True,,935.0,2.5,9.5
2026-09-24 18:02:36,MLLB_000_y1.0.3,WHITE,v4_white_MLLB_000_y103_0924,3.0,3.008,100,60,24,kaba,True,,34.0,34.0,14.0,968.0,1002.0,1.068,242.323,226.956,0.7775,True,,True,,935.0,2.5,9.5
2026-09-24 18:02:52,MLLB_000_y1.0.3,WHITE,v4_white_MLLB_000_y103_0924,3.0,3.008,100,60,28,kaba,True,,34.0,32.0,14.0,968.0,1002.0,1.069,242.725,227.096,0.7779,True,,True,,935.0,2.5,9.5
2026-09-24 18:03:08,MLLB_000_y1.0.3,WHITE,v4_white_MLLB_000_y103_0924,3.0,3.008,100,60,32,kaba,True,,34.0,34.0,14.0,968.0,1002.0,1.067,242.323,227.034,0.7774,True,,True,,935.0,2.5,9.5
2026-09-24 18:03:24,MLLB_000_y1.0.3,WHITE,v4_white_MLLB_000_y103_0924,3.0,3.008,100,60,36,kaba,True,,34.0,34.0,14.0,968.0,1002.0,1.068,242.323,226.9,0.7776,True,,True,,935.0,2.5,9.5
2026-09-24 18:03:40,MLLB_000_y1.0.3,WHITE,v4_white_MLLB_000_y103_0924,3.0,3.008,100,60,40,kaba,True,,34.0,34.0,14.0,968.0,1002.0,1.068,242.323,226.871,0.7774,True,,True,,935.0,2.5,9.5
2026-09-24 18:03:56,MLLB_000_y1.0.3,WHITE,v4_white_MLLB_000_y103_0924,3.0,3.008,100,60,44,kaba,True,,34.0,32.0,14.0,968.0,1002.0,1.068,242.323,226.822,0.7776,True,,True,,935.0,2.5,9.5
2026-09-24 18:04:12,MLLB_000_y1.0.3,WHITE,v4_white_MLLB_000_y103_0924,3.0,3.008,100,60,48,kaba,True,,34.0,34.0,14.0,968.0,1002.0,1.068,242.323,226.865,0.777,True,,True,,935.0,2.5,9.5
2026-09-24 18:04:28,MLLB_000_y1.0.3,WHITE,v4_white_MLLB_000_y103_0924,3.0,3.008,100,60,52,kaba,True,,34.0,34.0,14.0,968.0,1002.0,1.069,242.323,226.706,0.7777,True,,True,,935.0,2.5,9.5
2026-09-24 18:04:44,MLLB_000_y1.0.3,WHITE,v4_white_MLLB_000_y103_0924,3.0,3.008,100,60,56,kaba,True,,34.0,34.0,14.0,968.0,1002.0,1.076,243.864,226.694,0.7774,True,,True,,935.0,2.5,9.5
2026-09-24 18:05:00,MLLB_000_y1.0.3,WHITE,v4_white_MLLB_000_y103_0924,3.0,3.008,100,60,58,kaba,True,,34.0,32.0,14.0,968.0,1002.0,1.066,241.609,226.747,0.7772,True,,True,,935.0,2.5,9.5
2026-09-24 18:05:00,MLLB_000_y1.0.3,WHITE,v4_white_MLLB_000_y103_0924,3.0,3.008,100,60,13,ince,False,iki-OK-arasi-monotonluk,,,,,,,,,,,,True,,935.0,2.5,9.5
2026-09-24 18:05:00,MLLB_000_y1.0.3,WHITE,v4_white_MLLB_000_y103_0924,3.0,3.008,100,60,14,ince,False,iki-OK-arasi-monotonluk,,,,,,,,,,,,True,,935.0,2.5,9.5
2026-09-24 18:05:00,MLLB_000_y1.0.3,WHITE,v4_white_MLLB_000_y103_0924,3.0,3.008,100,60,15,ince,False,iki-OK-arasi-monotonluk,,,,,,,,,,,,True,,935.0,2.5,9.5
2026-09-24 18:05:00,MLLB_000_y1.0.3,WHITE,v4_white_MLLB_000_y103_0924,3.0,3.008,100,60,17,ince,False,iki-OK-arasi-monotonluk,,,,,,,,,,,,True,,935.0,2.5,9.5
2026-09-24 18:05:00,MLLB_000_y1.0.3,WHITE,v4_white_MLLB_000_y103_0924,3.0,3.008,100,60,18,ince,False,iki-OK-arasi-monotonluk,,,,,,,,,,,,True,,935.0,2.5,9.5
2026-09-24 18:05:00,MLLB_000_y1.0.3,WHITE,v4_white_MLLB_000_y103_0924,3.0,3.008,100,60,19,ince,False,iki-OK-arasi-monotonluk,,,,,,,,,,,,True,,935.0,2.5,9.5
2026-09-24 18:05:00,MLLB_000_y1.0.3,WHITE,v4_white_MLLB_000_y103_0924,3.0,3.008,100,60,21,ince,False,iki-OK-arasi-monotonluk,,,,,,,,,,,,True,,935.0,2.5,9.5
2026-09-24 18:05:00,MLLB_000_y1.0.3,WHITE,v4_white_MLLB_000_y103_0924,3.0,3.008,100,60,22,ince,False,iki-OK-arasi-monotonluk,,,,,,,,,,,,True,,935.0,2.5,9.5
2026-09-24 18:05:00,MLLB_000_y1.0.3,WHITE,v4_white_MLLB_000_y103_0924,3.0,3.008,100,60,23,ince,False,iki-OK-arasi-monotonluk,,,,,,,,,,,,True,,935.0,2.5,9.5
2026-09-24 18:05:00,MLLB_000_y1.0.3,WHITE,v4_white_MLLB_000_y103_0924,3.0,3.008,100,60,25,ince,False,iki-OK-arasi-monotonluk,,,,,,,,,,,,True,,935.0,2.5,9.5
2026-09-24 18:05:00,MLLB_000_y1.0.3,WHITE,v4_white_MLLB_000_y103_0924,3.0,3.008,100,60,26,ince,False,iki-OK-arasi-monotonluk,,,,,,,,,,,,True,,935.0,2.5,9.5
2026-09-24 18:05:00,MLLB_000_y1.0.3,WHITE,v4_white_MLLB_000_y103_0924,3.0,3.008,100,60,27,ince,False,iki-OK-arasi-monotonluk,,,,,,,,,,,,True,,935.0,2.5,9.5
2026-09-24 18:05:00,MLLB_000_y1.0.3,WHITE,v4_white_MLLB_000_y103_0924,3.0,3.008,100,60,29,ince,False,iki-OK-arasi-monotonluk,,,,,,,,,,,,True,,935.0,2.5,9.5
2026-09-24 18:05:00,MLLB_000_y1.0.3,WHITE,v4_white_MLLB_000_y103_0924,3.0,3.008,100,60,30,ince,False,iki-OK-arasi-monotonluk,,,,,,,,,,,,True,,935.0,2.5,9.5
2026-09-24 18:05:00,MLLB_000_y1.0.3,WHITE,v4_white_MLLB_000_y103_0924,3.0,3.008,100,60,31,ince,False,iki-OK-arasi-monotonluk,,,,,,,,,,,,True,,935.0,2.5,9.5
2026-09-24 18:05:00,MLLB_000_y1.0.3,WHITE,v4_white_MLLB_000_y103_0924,3.0,3.008,100,60,33,ince,False,iki-OK-arasi-monotonluk,,,,,,,,,,,,True,,935.0,2.5,9.5
2026-09-24 18:05:00,MLLB_000_y1.0.3,WHITE,v4_white_MLLB_000_y103_0924,3.0,3.008,100,60,34,ince,False,iki-OK-arasi-monotonluk,,,,,,,,,,,,True,,935.0,2.5,9.5
2026-09-24 18:05:00,MLLB_000_y1.0.3,WHITE,v4_white_MLLB_000_y103_0924,3.0,3.008,100,60,35,ince,False,iki-OK-arasi-monotonluk,,,,,,,,,,,,True,,935.0,2.5,9.5
2026-09-24 18:05:00,MLLB_000_y1.0.3,WHITE,v4_white_MLLB_000_y103_0924,3.0,3.008,100,60,37,ince,False,iki-OK-arasi-monotonluk,,,,,,,,,,,,True,,935.0,2.5,9.5
2026-09-24 18:05:00,MLLB_000_y1.0.3,WHITE,v4_white_MLLB_000_y103_0924,3.0,3.008,100,60,38,ince,False,iki-OK-arasi-monotonluk,,,,,,,,,,,,True,,935.0,2.5,9.5
2026-09-24 18:05:00,MLLB_000_y1.0.3,WHITE,v4_white_MLLB_000_y103_0924,3.0,3.008,100,60,39,ince,False,iki-OK-arasi-monotonluk,,,,,,,,,,,,True,,935.0,2.5,9.5
2026-09-24 18:05:00,MLLB_000_y1.0.3,WHITE,v4_white_MLLB_000_y103_0924,3.0,3.008,100,60,41,ince,False,iki-OK-arasi-monotonluk,,,,,,,,,,,,True,,935.0,2.5,9.5
2026-09-24 18:05:00,MLLB_000_y1.0.3,WHITE,v4_white_MLLB_000_y103_0924,3.0,3.008,100,60,42,ince,False,iki-OK-arasi-monotonluk,,,,,,,,,,,,True,,935.0,2.5,9.5
2026-09-24 18:05:00,MLLB_000_y1.0.3,WHITE,v4_white_MLLB_000_y103_0924,3.0,3.008,100,60,43,ince,False,iki-OK-arasi-monotonluk,,,,,,,,,,,,True,,935.0,2.5,9.5
2026-09-24 18:05:00,MLLB_000_y1.0.3,WHITE,v4_white_MLLB_000_y103_0924,3.0,3.008,100,60,45,ince,False,iki-OK-arasi-monotonluk,,,,,,,,,,,,True,,935.0,2.5,9.5
2026-09-24 18:05:00,MLLB_000_y1.0.3,WHITE,v4_white_MLLB_000_y103_0924,3.0,3.008,100,60,46,ince,False,iki-OK-arasi-monotonluk,,,,,,,,,,,,True,,935.0,2.5,9.5
2026-09-24 18:05:00,MLLB_000_y1.0.3,WHITE,v4_white_MLLB_000_y103_0924,3.0,3.008,100,60,47,ince,False,iki-OK-arasi-monotonluk,,,,,,,,,,,,True,,935.0,2.5,9.5
2026-09-24 18:05:00,MLLB_000_y1.0.3,WHITE,v4_white_MLLB_000_y103_0924,3.0,3.008,100,60,49,ince,False,iki-OK-arasi-monotonluk,,,,,,,,,,,,True,,935.0,2.5,9.5
2026-09-24 18:05:00,MLLB_000_y1.0.3,WHITE,v4_white_MLLB_000_y103_0924,3.0,3.008,100,60,50,ince,False,iki-OK-arasi-monotonluk,,,,,,,,,,,,True,,935.0,2.5,9.5
2026-09-24 18:05:00,MLLB_000_y1.0.3,WHITE,v4_white_MLLB_000_y103_0924,3.0,3.008,100,60,51,ince,False,iki-OK-arasi-monotonluk,,,,,,,,,,,,True,,935.0,2.5,9.5
2026-09-24 18:05:00,MLLB_000_y1.0.3,WHITE,v4_white_MLLB_000_y103_0924,3.0,3.008,100,60,53,ince,False,iki-OK-arasi-monotonluk,,,,,,,,,,,,True,,935.0,2.5,9.5
2026-09-24 18:05:00,MLLB_000_y1.0.3,WHITE,v4_white_MLLB_000_y103_0924,3.0,3.008,100,60,54,ince,False,iki-OK-arasi-monotonluk,,,,,,,,,,,,True,,935.0,2.5,9.5
2026-09-24 18:05:00,MLLB_000_y1.0.3,WHITE,v4_white_MLLB_000_y103_0924,3.0,3.008,100,60,55,ince,False,iki-OK-arasi-monotonluk,,,,,,,,,,,,True,,935.0,2.5,9.5
2026-09-24 18:05:00,MLLB_000_y1.0.3,WHITE,v4_white_MLLB_000_y103_0924,3.0,3.008,100,60,57,ince,False,iki-OK-arasi-monotonluk,,,,,,,,,,,,True,,935.0,2.5,9.5
2026-09-24 18:05:00,MLLB_000_y1.0.3,WHITE,v4_white_MLLB_000_y103_0924,3.0,3.008,100,60,,bitti,False,,,,,,,,,,,,,,,935.0,2.5,9.5
2026-09-24 18:05:30,MLLB_000_y1.0.3,WHITE,v4_white_MLLB_000_y103_0924,2.8,2.808,6,100,12,kaba,True,,414.0,40.0,390.0,588.0,1002.0,1.106,10.234,9.251,0.7778,True,,False,AKIM,935.0,2.5,9.5
2026-09-24 18:05:46,MLLB_000_y1.0.3,WHITE,v4_white_MLLB_000_y103_0924,2.8,2.808,6,100,16,kaba,True,,328.0,38.0,304.0,674.0,1002.0,1.106,10.279,9.295,0.7775,True,,False,AKIM,935.0,2.5,9.5
2026-09-24 18:06:02,MLLB_000_y1.0.3,WHITE,v4_white_MLLB_000_y103_0924,2.8,2.808,6,100,20,kaba,True,,242.0,40.0,218.0,760.0,1002.0,1.09,10.234,9.385,0.7777,True,,False,AKIM,935.0,2.5,9.5
2026-09-24 18:06:18,MLLB_000_y1.0.3,WHITE,v4_white_MLLB_000_y103_0924,2.8,2.808,6,100,24,kaba,True,,156.0,36.0,134.0,846.0,1002.0,1.088,10.234,9.408,0.777,True,,False,AKIM,935.0,2.5,9.5
2026-09-24 18:06:34,MLLB_000_y1.0.3,WHITE,v4_white_MLLB_000_y103_0924,2.8,2.808,6,100,28,kaba,True,,64.0,42.0,42.0,938.0,1002.0,1.089,10.25,9.409,0.7774,True,,False,AKIM,935.0,2.5,9.5
2026-09-24 18:06:50,MLLB_000_y1.0.3,WHITE,v4_white_MLLB_000_y103_0924,2.8,2.808,6,100,32,kaba,True,,38.0,28.0,18.0,964.0,1002.0,10.78,101.459,9.412,0.7777,True,,False,AKIM,935.0,2.5,9.5
2026-09-24 18:07:06,MLLB_000_y1.0.3,WHITE,v4_white_MLLB_000_y103_0924,2.8,2.808,6,100,25,ince,True,,134.0,40.0,110.0,868.0,1002.0,1.089,10.271,9.435,0.7779,True,,False,AKIM,935.0,2.5,9.5
2026-09-24 18:07:22,MLLB_000_y1.0.3,WHITE,v4_white_MLLB_000_y103_0924,2.8,2.808,6,100,26,ince,True,,110.0,40.0,86.0,892.0,1002.0,1.085,10.246,9.444,0.7771,True,,False,AKIM,935.0,2.5,9.5
2026-09-24 18:07:38,MLLB_000_y1.0.3,WHITE,v4_white_MLLB_000_y103_0924,2.8,2.808,6,100,27,ince,True,,88.0,42.0,66.0,914.0,1002.0,1.084,10.234,9.441,0.7775,True,,False,AKIM,935.0,2.5,9.5
2026-09-24 18:07:54,MLLB_000_y1.0.3,WHITE,v4_white_MLLB_000_y103_0924,2.8,2.808,6,100,29,ince,True,,40.0,42.0,18.0,962.0,1002.0,1.084,10.234,9.44,0.7776,True,,False,AKIM,935.0,2.5,9.5
2026-09-24 18:08:10,MLLB_000_y1.0.3,WHITE,v4_white_MLLB_000_y103_0924,2.8,2.808,6,100,30,ince,True,,38.0,28.0,18.0,964.0,1002.0,2.749,25.954,9.442,0.7776,True,,False,AKIM,935.0,2.5,9.5
2026-09-24 18:08:26,MLLB_000_y1.0.3,WHITE,v4_white_MLLB_000_y103_0924,2.8,2.808,6,100,31,ince,True,,38.0,28.0,18.0,964.0,1002.0,8.11,76.662,9.453,0.7779,True,,False,AKIM,935.0,2.5,9.5
2026-09-24 18:08:26,MLLB_000_y1.0.3,WHITE,v4_white_MLLB_000_y103_0924,2.8,2.808,6,100,,bitti,False,,,,,,,,,,,,,,,935.0,2.5,9.5
2026-09-24 18:08:42,MLLB_000_y1.0.3,WHITE,v4_white_MLLB_000_y103_0924,2.8,2.808,6,80,12,kaba,True,,456.0,42.0,434.0,546.0,1002.0,1.109,10.234,9.23,0.7775,True,,False,AKIM,935.0,2.5,9.5
2026-09-24 18:08:58,MLLB_000_y1.0.3,WHITE,v4_white_MLLB_000_y103_0924,2.8,2.808,6,80,16,kaba,True,,388.0,38.0,364.0,614.0,1002.0,1.1,10.234,9.302,0.7779,True,,False,AKIM,935.0,2.5,9.5
2026-09-24 18:09:14,MLLB_000_y1.0.3,WHITE,v4_white_MLLB_000_y103_0924,2.8,2.808,6,80,20,kaba,True,,318.0,40.0,294.0,684.0,1002.0,1.098,10.254,9.342,0.778,True,,False,AKIM,935.0,2.5,9.5
2026-09-24 18:09:30,MLLB_000_y1.0.3,WHITE,v4_white_MLLB_000_y103_0924,2.8,2.808,6,80,24,kaba,True,,248.0,42.0,226.0,754.0,1002.0,1.094,10.262,9.382,0.778,True,,False,AKIM,935.0,2.5,9.5
2026-09-24 18:09:46,MLLB_000_y1.0.3,WHITE,v4_white_MLLB_000_y103_0924,2.8,2.808,6,80,28,kaba,True,,178.0,40.0,154.0,824.0,1002.0,1.088,10.234,9.407,0.7772,True,,False,AKIM,935.0,2.5,9.5
2026-09-24 18:10:02,MLLB_000_y1.0.3,WHITE,v4_white_MLLB_000_y103_0924,2.8,2.808,6,80,32,kaba,True,,104.0,42.0,82.0,898.0,1002.0,1.085,10.234,9.431,0.7771,True,,False,AKIM,935.0,2.5,9.5
2026-09-24 18:10:18,MLLB_000_y1.0.3,WHITE,v4_white_MLLB_000_y103_0924,2.8,2.808,6,80,36,kaba,True,,42.0,28.0,22.0,960.0,1002.0,1.914,18.118,9.469,0.7774,True,,False,AKIM,935.0,2.5,9.5
2026-09-24 18:10:30,MLLB_000_y1.0.3,WHITE,v4_white_MLLB_000_y103_0924,2.8,2.808,6,80,40,kaba,True,,42.0,28.0,22.0,960.0,1002.0,11.93,112.737,9.45,0.7773,True,,False,AKIM,935.0,2.5,9.5
2026-09-24 18:10:46,MLLB_000_y1.0.3,WHITE,v4_white_MLLB_000_y103_0924,2.8,2.808,6,80,33,ince,True,,86.0,40.0,62.0,916.0,1002.0,1.085,10.234,9.429,0.7772,True,,False,AKIM,935.0,2.5,9.5
2026-09-24 18:11:02,MLLB_000_y1.0.3,WHITE,v4_white_MLLB_000_y103_0924,2.8,2.808,6,80,34,ince,True,,66.0,40.0,42.0,936.0,1002.0,1.084,10.235,9.439,0.7771,True,,False,AKIM,935.0,2.5,9.5
2026-09-24 18:11:18,MLLB_000_y1.0.3,WHITE,v4_white_MLLB_000_y103_0924,2.8,2.808,6,80,35,ince,True,,46.0,38.0,24.0,956.0,1002.0,1.085,10.246,9.446,0.7774,True,,False,AKIM,935.0,2.5,9.5
2026-09-24 18:11:34,MLLB_000_y1.0.3,WHITE,v4_white_MLLB_000_y103_0924,2.8,2.808,6,80,37,ince,True,,42.0,28.0,22.0,960.0,1002.0,4.916,46.478,9.454,0.7769,True,,False,AKIM,935.0,2.5,9.5
2026-09-24 18:11:50,MLLB_000_y1.0.3,WHITE,v4_white_MLLB_000_y103_0924,2.8,2.808,6,80,38,ince,True,,42.0,28.0,22.0,960.0,1002.0,9.404,88.656,9.427,0.7779,True,,False,AKIM,935.0,2.5,9.5
2026-09-24 18:12:06,MLLB_000_y1.0.3,WHITE,v4_white_MLLB_000_y103_0924,2.8,2.808,6,80,39,ince,True,,42.0,28.0,22.0,960.0,1002.0,10.757,101.437,9.43,0.7773,True,,False,AKIM,935.0,2.5,9.5
2026-09-24 18:12:06,MLLB_000_y1.0.3,WHITE,v4_white_MLLB_000_y103_0924,2.8,2.808,6,80,,bitti,False,,,,,,,,,,,,,,,935.0,2.5,9.5
2026-09-24 18:12:22,MLLB_000_y1.0.3,WHITE,v4_white_MLLB_000_y103_0924,2.8,2.808,6,60,12,kaba,True,,502.0,42.0,478.0,500.0,1002.0,1.114,10.234,9.184,0.7775,True,,False,AKIM,935.0,2.5,9.5
2026-09-24 18:12:34,MLLB_000_y1.0.3,WHITE,v4_white_MLLB_000_y103_0924,2.8,2.808,6,60,16,kaba,True,,454.0,42.0,430.0,548.0,1002.0,1.08,10.249,9.49,0.7776,True,,False,AKIM,935.0,2.5,9.5
2026-09-24 18:12:50,MLLB_000_y1.0.3,WHITE,v4_white_MLLB_000_y103_0924,2.8,2.808,6,60,20,kaba,True,,402.0,40.0,378.0,600.0,1002.0,1.104,10.234,9.266,0.7776,True,,False,AKIM,935.0,2.5,9.5
2026-09-24 18:13:06,MLLB_000_y1.0.3,WHITE,v4_white_MLLB_000_y103_0924,2.8,2.808,6,60,24,kaba,True,,352.0,36.0,330.0,650.0,1002.0,1.097,10.234,9.326,0.7774,True,,False,AKIM,935.0,2.5,9.5
2026-09-24 18:13:18,MLLB_000_y1.0.3,WHITE,v4_white_MLLB_000_y103_0924,2.8,2.808,6,60,28,kaba,True,,300.0,42.0,278.0,702.0,1002.0,1.102,10.279,9.33,0.7776,True,,False,AKIM,935.0,2.5,9.5
2026-09-24 18:13:34,MLLB_000_y1.0.3,WHITE,v4_white_MLLB_000_y103_0924,2.8,2.808,6,60,32,kaba,True,,248.0,42.0,226.0,754.0,1002.0,1.091,10.236,9.386,0.7772,True,,False,AKIM,935.0,2.5,9.5
2026-09-24 18:13:50,MLLB_000_y1.0.3,WHITE,v4_white_MLLB_000_y103_0924,2.8,2.808,6,60,36,kaba,True,,196.0,42.0,174.0,806.0,1002.0,1.089,10.234,9.398,0.7772,True,,False,AKIM,935.0,2.5,9.5
2026-09-24 18:14:06,MLLB_000_y1.0.3,WHITE,v4_white_MLLB_000_y103_0924,2.8,2.808,6,60,40,kaba,True,,142.0,38.0,120.0,860.0,1002.0,1.088,10.234,9.409,0.7774,True,,False,AKIM,935.0,2.5,9.5
2026-09-24 18:14:22,MLLB_000_y1.0.3,WHITE,v4_white_MLLB_000_y103_0924,2.8,2.808,6,60,44,kaba,True,,90.0,40.0,66.0,912.0,1002.0,1.085,10.234,9.43,0.7774,True,,False,AKIM,935.0,2.5,9.5
2026-09-24 18:14:38,MLLB_000_y1.0.3,WHITE,v4_white_MLLB_000_y103_0924,2.8,2.808,6,60,48,kaba,True,,54.0,28.0,34.0,948.0,1002.0,2.973,28.106,9.453,0.7774,True,,False,AKIM,935.0,2.5,9.5
2026-09-24 18:14:54,MLLB_000_y1.0.3,WHITE,v4_white_MLLB_000_y103_0924,2.8,2.808,6,60,52,kaba,True,,54.0,28.0,34.0,948.0,1002.0,10.438,98.633,9.45,0.7774,True,,False,AKIM,935.0,2.5,9.5
2026-09-24 18:15:10,MLLB_000_y1.0.3,WHITE,v4_white_MLLB_000_y103_0924,2.8,2.808,6,60,45,ince,True,,74.0,40.0,50.0,928.0,1002.0,1.097,10.337,9.426,0.7776,True,,False,AKIM,935.0,2.5,9.5
2026-09-24 18:15:26,MLLB_000_y1.0.3,WHITE,v4_white_MLLB_000_y103_0924,2.8,2.808,6,60,46,ince,True,,60.0,44.0,36.0,942.0,1002.0,1.084,10.241,9.45,0.7763,True,,False,AKIM,935.0,2.5,9.5
2026-09-24 18:15:42,MLLB_000_y1.0.3,WHITE,v4_white_MLLB_000_y103_0924,2.8,2.808,6,60,47,ince,True,,54.0,28.0,34.0,948.0,1002.0,1.083,10.237,9.453,0.7769,True,,False,AKIM,935.0,2.5,9.5
2026-09-24 18:15:42,MLLB_000_y1.0.3,WHITE,v4_white_MLLB_000_y103_0924,2.8,2.808,6,60,,bitti,False,,,,,,,,,,,,,,,935.0,2.5,9.5
2026-09-24 18:16:04,MLLB_000_y1.0.3,WHITE,v4_white_MLLB_000_y103_0924,2.8,2.808,7,100,12,kaba,True,,338.0,40.0,316.0,664.0,1002.0,1.095,12.671,11.57,0.7778,True,,False,ON,935.0,2.5,9.5
2026-09-24 18:16:20,MLLB_000_y1.0.3,WHITE,v4_white_MLLB_000_y103_0924,2.8,2.808,7,100,16,kaba,True,,270.0,40.0,248.0,732.0,1002.0,1.094,12.717,11.627,0.7773,True,,False,ON,935.0,2.5,9.5
2026-09-24 18:16:36,MLLB_000_y1.0.3,WHITE,v4_white_MLLB_000_y103_0924,2.8,2.808,7,100,20,kaba,True,,202.0,34.0,180.0,800.0,1002.0,1.09,12.717,11.671,0.7771,True,,False,ON,935.0,2.5,9.5
2026-09-24 18:16:52,MLLB_000_y1.0.3,WHITE,v4_white_MLLB_000_y103_0924,2.8,2.808,7,100,24,kaba,True,,132.0,36.0,110.0,870.0,1002.0,1.082,12.671,11.709,0.7775,True,,False,ON,935.0,2.5,9.5
2026-09-24 18:17:08,MLLB_000_y1.0.3,WHITE,v4_white_MLLB_000_y103_0924,2.8,2.808,7,100,28,kaba,True,,60.0,36.0,38.0,942.0,1002.0,1.084,12.717,11.728,0.7769,True,,True,,935.0,2.5,9.5
2026-09-24 18:17:20,MLLB_000_y1.0.3,WHITE,v4_white_MLLB_000_y103_0924,2.8,2.808,7,100,32,kaba,True,,38.0,28.0,18.0,964.0,1002.0,8.715,102.14,11.72,0.7778,True,,False,FLAS,935.0,2.5,9.5
2026-09-24 18:17:36,MLLB_000_y1.0.3,WHITE,v4_white_MLLB_000_y103_0924,2.8,2.808,7,100,25,ince,True,,114.0,38.0,92.0,888.0,1002.0,1.085,12.717,11.717,0.7782,True,,False,ON,935.0,2.5,9.5
2026-09-24 18:17:52,MLLB_000_y1.0.3,WHITE,v4_white_MLLB_000_y103_0924,2.8,2.808,7,100,26,ince,True,,96.0,36.0,74.0,906.0,1002.0,1.082,12.697,11.735,0.7779,True,,False,ON,935.0,2.5,9.5
2026-09-24 18:18:08,MLLB_000_y1.0.3,WHITE,v4_white_MLLB_000_y103_0924,2.8,2.808,7,100,27,ince,True,,78.0,38.0,56.0,924.0,1002.0,1.084,12.738,11.75,0.778,True,,False,ON,935.0,2.5,9.5
2026-09-24 18:18:24,MLLB_000_y1.0.3,WHITE,v4_white_MLLB_000_y103_0924,2.8,2.808,7,100,29,ince,True,,40.0,34.0,20.0,962.0,1002.0,1.081,12.717,11.76,0.7776,True,,True,,935.0,2.5,9.5
2026-09-24 18:18:40,MLLB_000_y1.0.3,WHITE,v4_white_MLLB_000_y103_0924,2.8,2.808,7,100,30,ince,True,,38.0,28.0,18.0,964.0,1002.0,1.981,23.243,11.735,0.7775,True,,True,,935.0,2.5,9.5
2026-09-24 18:18:56,MLLB_000_y1.0.3,WHITE,v4_white_MLLB_000_y103_0924,2.8,2.808,7,100,31,ince,True,,38.0,28.0,18.0,964.0,1002.0,5.218,61.244,11.738,0.7774,True,,False,FLAS,935.0,2.5,9.5
2026-09-24 18:18:56,MLLB_000_y1.0.3,WHITE,v4_white_MLLB_000_y103_0924,2.8,2.808,7,100,,bitti,False,,,,,,,,,,,,,,,935.0,2.5,9.5
2026-09-24 18:19:08,MLLB_000_y1.0.3,WHITE,v4_white_MLLB_000_y103_0924,2.8,2.808,7,80,12,kaba,True,,374.0,40.0,352.0,628.0,1002.0,1.102,12.718,11.541,0.7777,True,,False,ON,935.0,2.5,9.5
2026-09-24 18:19:21,MLLB_000_y1.0.3,WHITE,v4_white_MLLB_000_y103_0924,2.8,2.808,7,80,16,kaba,True,,318.0,36.0,294.0,684.0,1002.0,1.098,12.717,11.579,0.7778,True,,False,ON,935.0,2.5,9.5
2026-09-24 18:19:36,MLLB_000_y1.0.3,WHITE,v4_white_MLLB_000_y103_0924,2.8,2.808,7,80,20,kaba,True,,262.0,40.0,240.0,740.0,1002.0,1.09,12.671,11.625,0.7773,True,,False,ON,935.0,2.5,9.5
2026-09-24 18:19:52,MLLB_000_y1.0.3,WHITE,v4_white_MLLB_000_y103_0924,2.8,2.808,7,80,24,kaba,True,,206.0,42.0,182.0,796.0,1002.0,1.09,12.718,11.664,0.7778,True,,False,ON,935.0,2.5,9.5
2026-09-24 18:20:08,MLLB_000_y1.0.3,WHITE,v4_white_MLLB_000_y103_0924,2.8,2.808,7,80,28,kaba,True,,150.0,40.0,128.0,852.0,1002.0,1.085,12.671,11.68,0.7778,True,,False,ON,935.0,2.5,9.5
2026-09-24 18:20:24,MLLB_000_y1.0.3,WHITE,v4_white_MLLB_000_y103_0924,2.8,2.808,7,80,32,kaba,True,,92.0,36.0,70.0,910.0,1002.0,1.083,12.733,11.754,0.7776,True,,False,ON,935.0,2.5,9.5
2026-09-24 18:20:36,MLLB_000_y1.0.3,WHITE,v4_white_MLLB_000_y103_0924,2.8,2.808,7,80,36,kaba,True,,42.0,28.0,22.0,960.0,1002.0,1.401,16.41,11.717,0.7781,True,,True,,935.0,2.5,9.5
2026-09-24 18:20:52,MLLB_000_y1.0.3,WHITE,v4_white_MLLB_000_y103_0924,2.8,2.808,7,80,40,kaba,True,,42.0,28.0,22.0,960.0,1002.0,9.622,112.737,11.717,0.7775,True,,False,FLAS,935.0,2.5,9.5
2026-09-24 18:21:08,MLLB_000_y1.0.3,WHITE,v4_white_MLLB_000_y103_0924,2.8,2.808,7,80,33,ince,True,,78.0,42.0,54.0,924.0,1002.0,1.084,12.745,11.757,0.7774,True,,False,ON,935.0,2.5,9.5
2026-09-24 18:21:24,MLLB_000_y1.0.3,WHITE,v4_white_MLLB_000_y103_0924,2.8,2.808,7,80,34,ince,True,,62.0,40.0,40.0,940.0,1002.0,1.083,12.697,11.729,0.7776,True,,True,,935.0,2.5,9.5
2026-09-24 18:21:40,MLLB_000_y1.0.3,WHITE,v4_white_MLLB_000_y103_0924,2.8,2.808,7,80,35,ince,True,,46.0,38.0,24.0,956.0,1002.0,1.081,12.671,11.722,0.7772,True,,True,,935.0,2.5,9.5
2026-09-24 18:21:56,MLLB_000_y1.0.3,WHITE,v4_white_MLLB_000_y103_0924,2.8,2.808,7,80,37,ince,True,,42.0,28.0,22.0,960.0,1002.0,3.877,45.445,11.721,0.7774,True,,False,FLAS,935.0,2.5,9.5
2026-09-24 18:22:12,MLLB_000_y1.0.3,WHITE,v4_white_MLLB_000_y103_0924,2.8,2.808,7,80,38,ince,True,,42.0,28.0,22.0,960.0,1002.0,7.328,85.87,11.719,0.7771,True,,False,FLAS,935.0,2.5,9.5
2026-09-24 18:22:28,MLLB_000_y1.0.3,WHITE,v4_white_MLLB_000_y103_0924,2.8,2.808,7,80,39,ince,True,,42.0,28.0,22.0,960.0,1002.0,8.653,101.437,11.723,0.7776,True,,False,FLAS,935.0,2.5,9.5
2026-09-24 18:22:28,MLLB_000_y1.0.3,WHITE,v4_white_MLLB_000_y103_0924,2.8,2.808,7,80,,bitti,False,,,,,,,,,,,,,,,935.0,2.5,9.5
2026-09-24 18:22:44,MLLB_000_y1.0.3,WHITE,v4_white_MLLB_000_y103_0924,2.8,2.808,7,60,12,kaba,True,,410.0,40.0,388.0,592.0,1002.0,1.099,12.625,11.487,0.7776,True,,False,ON,935.0,2.5,9.5
2026-09-24 18:23:00,MLLB_000_y1.0.3,WHITE,v4_white_MLLB_000_y103_0924,2.8,2.808,7,60,16,kaba,True,,370.0,34.0,348.0,632.0,1002.0,1.097,12.671,11.551,0.7776,True,,False,ON,935.0,2.5,9.5
2026-09-24 18:23:16,MLLB_000_y1.0.3,WHITE,v4_white_MLLB_000_y103_0924,2.8,2.808,7,60,20,kaba,True,,330.0,34.0,308.0,672.0,1002.0,1.076,12.757,11.852,0.7772,True,,False,ON,935.0,2.5,9.5
2026-09-24 18:23:32,MLLB_000_y1.0.3,WHITE,v4_white_MLLB_000_y103_0924,2.8,2.808,7,60,24,kaba,True,,290.0,34.0,268.0,712.0,1002.0,1.094,12.717,11.628,0.7773,True,,False,ON,935.0,2.5,9.5
2026-09-24 18:23:48,MLLB_000_y1.0.3,WHITE,v4_white_MLLB_000_y103_0924,2.8,2.808,7,60,28,kaba,True,,248.0,36.0,226.0,754.0,1002.0,1.09,12.683,11.633,0.777,True,,False,ON,935.0,2.5,9.5
2026-09-24 18:24:04,MLLB_000_y1.0.3,WHITE,v4_white_MLLB_000_y103_0924,2.8,2.808,7,60,32,kaba,True,,208.0,36.0,186.0,794.0,1002.0,1.091,12.717,11.653,0.7777,True,,False,ON,935.0,2.5,9.5
2026-09-24 18:24:20,MLLB_000_y1.0.3,WHITE,v4_white_MLLB_000_y103_0924,2.8,2.808,7,60,36,kaba,True,,166.0,40.0,144.0,836.0,1002.0,1.086,12.717,11.713,0.7775,True,,False,ON,935.0,2.5,9.5
2026-09-24 18:24:36,MLLB_000_y1.0.3,WHITE,v4_white_MLLB_000_y103_0924,2.8,2.808,7,60,40,kaba,True,,124.0,36.0,102.0,878.0,1002.0,1.082,12.682,11.722,0.7776,True,,False,ON,935.0,2.5,9.5
2026-09-24 18:24:52,MLLB_000_y1.0.3,WHITE,v4_white_MLLB_000_y103_0924,2.8,2.808,7,60,44,kaba,True,,82.0,40.0,60.0,920.0,1002.0,1.087,12.764,11.742,0.7779,True,,False,ON,935.0,2.5,9.5
2026-09-24 18:25:08,MLLB_000_y1.0.3,WHITE,v4_white_MLLB_000_y103_0924,2.8,2.808,7,60,48,kaba,True,,54.0,28.0,34.0,948.0,1002.0,2.198,25.774,11.727,0.7772,True,,True,,935.0,2.5,9.5
2026-09-24 18:25:24,MLLB_000_y1.0.3,WHITE,v4_white_MLLB_000_y103_0924,2.8,2.808,7,60,52,kaba,True,,54.0,28.0,34.0,948.0,1002.0,8.468,99.179,11.712,0.7773,True,,False,FLAS,935.0,2.5,9.5
2026-09-24 18:25:40,MLLB_000_y1.0.3,WHITE,v4_white_MLLB_000_y103_0924,2.8,2.808,7,60,45,ince,True,,70.0,36.0,50.0,932.0,1002.0,1.085,12.717,11.72,0.7773,True,,False,ON,935.0,2.5,9.5
2026-09-24 18:25:56,MLLB_000_y1.0.3,WHITE,v4_white_MLLB_000_y103_0924,2.8,2.808,7,60,46,ince,True,,58.0,38.0,36.0,944.0,1002.0,1.09,12.764,11.714,0.7775,True,,True,,935.0,2.5,9.5
2026-09-24 18:26:12,MLLB_000_y1.0.3,WHITE,v4_white_MLLB_000_y103_0924,2.8,2.808,7,60,47,ince,True,,54.0,28.0,34.0,948.0,1002.0,1.084,12.717,11.735,0.7776,True,,True,,935.0,2.5,9.5
2026-09-24 18:26:28,MLLB_000_y1.0.3,WHITE,v4_white_MLLB_000_y103_0924,2.8,2.808,7,60,49,ince,True,,54.0,28.0,34.0,948.0,1002.0,3.838,45.043,11.736,0.7778,True,,False,FLAS,935.0,2.5,9.5
2026-09-24 18:26:44,MLLB_000_y1.0.3,WHITE,v4_white_MLLB_000_y103_0924,2.8,2.808,7,60,50,ince,True,,54.0,28.0,34.0,948.0,1002.0,6.663,78.152,11.729,0.7774,True,,False,FLAS,935.0,2.5,9.5
2026-09-24 18:27:00,MLLB_000_y1.0.3,WHITE,v4_white_MLLB_000_y103_0924,2.8,2.808,7,60,51,ince,True,,54.0,28.0,34.0,948.0,1002.0,7.895,92.412,11.706,0.7772,True,,False,FLAS,935.0,2.5,9.5
2026-09-24 18:27:00,MLLB_000_y1.0.3,WHITE,v4_white_MLLB_000_y103_0924,2.8,2.808,7,60,,bitti,False,,,,,,,,,,,,,,,935.0,2.5,9.5
2026-09-24 18:27:22,MLLB_000_y1.0.3,WHITE,v4_white_MLLB_000_y103_0924,2.8,2.808,8,100,12,kaba,True,,286.0,32.0,266.0,716.0,1002.0,1.159,16.127,13.916,0.7782,True,,False,ON,935.0,2.5,9.5
2026-09-24 18:27:38,MLLB_000_y1.0.3,WHITE,v4_white_MLLB_000_y103_0924,2.8,2.808,8,100,16,kaba,True,,230.0,34.0,208.0,772.0,1002.0,1.146,16.023,13.976,0.7778,True,,False,ON,935.0,2.5,9.5
2026-09-24 18:27:54,MLLB_000_y1.0.3,WHITE,v4_white_MLLB_000_y103_0924,2.8,2.808,8,100,20,kaba,True,,172.0,36.0,150.0,830.0,1002.0,1.149,16.08,13.996,0.7776,True,,False,ON,935.0,2.5,9.5
2026-09-24 18:28:10,MLLB_000_y1.0.3,WHITE,v4_white_MLLB_000_y103_0924,2.8,2.808,8,100,24,kaba,True,,116.0,36.0,94.0,886.0,1002.0,1.138,15.985,14.043,0.7774,True,,False,ON,935.0,2.5,9.5
2026-09-24 18:28:26,MLLB_000_y1.0.3,WHITE,v4_white_MLLB_000_y103_0924,2.8,2.808,8,100,28,kaba,True,,56.0,36.0,34.0,946.0,1002.0,1.142,16.102,14.096,0.7777,True,,True,,935.0,2.5,9.5
2026-09-24 18:28:42,MLLB_000_y1.0.3,WHITE,v4_white_MLLB_000_y103_0924,2.8,2.808,8,100,32,kaba,True,,38.0,28.0,18.0,964.0,1002.0,7.189,101.461,14.114,0.7777,True,,False,FLAS,935.0,2.5,9.5
2026-09-24 18:28:58,MLLB_000_y1.0.3,WHITE,v4_white_MLLB_000_y103_0924,2.8,2.808,8,100,25,ince,True,,100.0,34.0,80.0,902.0,1002.0,1.144,16.127,14.097,0.7775,True,,False,ON,935.0,2.5,9.5
2026-09-24 18:29:14,MLLB_000_y1.0.3,WHITE,v4_white_MLLB_000_y103_0924,2.8,2.808,8,100,26,ince,True,,86.0,32.0,66.0,916.0,1002.0,1.137,16.033,14.106,0.7778,True,,False,ON,935.0,2.5,9.5
2026-09-24 18:29:30,MLLB_000_y1.0.3,WHITE,v4_white_MLLB_000_y103_0924,2.8,2.808,8,100,27,ince,True,,72.0,38.0,50.0,930.0,1002.0,1.133,15.985,14.104,0.7774,True,,False,ON,935.0,2.5,9.5
2026-09-24 18:29:46,MLLB_000_y1.0.3,WHITE,v4_white_MLLB_000_y103_0924,2.8,2.808,8,100,29,ince,True,,40.0,34.0,20.0,962.0,1002.0,1.138,16.036,14.086,0.7773,True,,True,,935.0,2.5,9.5
2026-09-24 18:30:02,MLLB_000_y1.0.3,WHITE,v4_white_MLLB_000_y103_0924,2.8,2.808,8,100,30,ince,True,,38.0,28.0,18.0,964.0,1002.0,1.541,21.721,14.095,0.778,True,,True,,935.0,2.5,9.5
2026-09-24 18:30:18,MLLB_000_y1.0.3,WHITE,v4_white_MLLB_000_y103_0924,2.8,2.808,8,100,31,ince,True,,38.0,28.0,18.0,964.0,1002.0,4.276,60.223,14.083,0.7778,True,,False,FLAS,935.0,2.5,9.5
2026-09-24 18:30:18,MLLB_000_y1.0.3,WHITE,v4_white_MLLB_000_y103_0924,2.8,2.808,8,100,,bitti,False,,,,,,,,,,,,,,,935.0,2.5,9.5
2026-09-24 18:30:34,MLLB_000_y1.0.3,WHITE,v4_white_MLLB_000_y103_0924,2.8,2.808,8,80,12,kaba,True,,314.0,32.0,294.0,688.0,1002.0,1.149,15.985,13.912,0.7777,True,,False,ON,935.0,2.5,9.5
2026-09-24 18:30:50,MLLB_000_y1.0.3,WHITE,v4_white_MLLB_000_y103_0924,2.8,2.808,8,80,16,kaba,True,,270.0,34.0,248.0,732.0,1002.0,1.142,15.898,13.916,0.7777,True,,False,ON,935.0,2.5,9.5
2026-09-24 18:31:06,MLLB_000_y1.0.3,WHITE,v4_white_MLLB_000_y103_0924,2.8,2.808,8,80,20,kaba,True,,224.0,38.0,202.0,778.0,1002.0,1.146,16.033,13.992,0.7775,True,,False,ON,935.0,2.5,9.5
2026-09-24 18:31:22,MLLB_000_y1.0.3,WHITE,v4_white_MLLB_000_y103_0924,2.8,2.808,8,80,24,kaba,True,,178.0,34.0,156.0,824.0,1002.0,1.144,16.08,14.061,0.7777,True,,False,ON,935.0,2.5,9.5
2026-09-24 18:31:38,MLLB_000_y1.0.3,WHITE,v4_white_MLLB_000_y103_0924,2.8,2.808,8,80,28,kaba,True,,130.0,32.0,110.0,872.0,1002.0,1.151,16.174,14.053,0.7775,True,,False,ON,935.0,2.5,9.5
2026-09-24 18:31:54,MLLB_000_y1.0.3,WHITE,v4_white_MLLB_000_y103_0924,2.8,2.808,8,80,32,kaba,True,,84.0,36.0,62.0,918.0,1002.0,1.135,15.985,14.083,0.7776,True,,False,ON,935.0,2.5,9.5
2026-09-24 18:32:10,MLLB_000_y1.0.3,WHITE,v4_white_MLLB_000_y103_0924,2.8,2.808,8,80,36,kaba,True,,42.0,28.0,22.0,960.0,1002.0,1.138,16.033,14.092,0.7775,True,,True,,935.0,2.5,9.5
2026-09-24 18:32:26,MLLB_000_y1.0.3,WHITE,v4_white_MLLB_000_y103_0924,2.8,2.808,8,80,40,kaba,True,,42.0,28.0,22.0,960.0,1002.0,8.003,112.737,14.088,0.7777,True,,False,FLAS,935.0,2.5,9.5
2026-09-24 18:32:42,MLLB_000_y1.0.3,WHITE,v4_white_MLLB_000_y103_0924,2.8,2.808,8,80,33,ince,True,,72.0,36.0,50.0,930.0,1002.0,1.14,16.046,14.076,0.7779,True,,False,ON,935.0,2.5,9.5
2026-09-24 18:32:58,MLLB_000_y1.0.3,WHITE,v4_white_MLLB_000_y103_0924,2.8,2.808,8,80,34,ince,True,,60.0,38.0,38.0,942.0,1002.0,1.139,16.033,14.078,0.7776,True,,True,,935.0,2.5,9.5
2026-09-24 18:33:14,MLLB_000_y1.0.3,WHITE,v4_white_MLLB_000_y103_0924,2.8,2.808,8,80,35,ince,True,,46.0,34.0,24.0,956.0,1002.0,1.136,15.985,14.074,0.778,True,,True,,935.0,2.5,9.5
2026-09-24 18:33:26,MLLB_000_y1.0.3,WHITE,v4_white_MLLB_000_y103_0924,2.8,2.808,8,80,37,ince,True,,42.0,28.0,22.0,960.0,1002.0,3.139,44.161,14.067,0.778,True,,False,FLAS,935.0,2.5,9.5
2026-09-24 18:33:42,MLLB_000_y1.0.3,WHITE,v4_white_MLLB_000_y103_0924,2.8,2.808,8,80,38,ince,True,,42.0,28.0,22.0,960.0,1002.0,6.135,86.404,14.085,0.7777,True,,False,FLAS,935.0,2.5,9.5
2026-09-24 18:33:54,MLLB_000_y1.0.3,WHITE,v4_white_MLLB_000_y103_0924,2.8,2.808,8,80,39,ince,True,,42.0,28.0,22.0,960.0,1002.0,7.211,101.603,14.091,0.7777,True,,False,FLAS,935.0,2.5,9.5
2026-09-24 18:33:54,MLLB_000_y1.0.3,WHITE,v4_white_MLLB_000_y103_0924,2.8,2.808,8,80,,bitti,False,,,,,,,,,,,,,,,935.0,2.5,9.5
2026-09-24 18:34:10,MLLB_000_y1.0.3,WHITE,v4_white_MLLB_000_y103_0924,2.8,2.808,8,60,12,kaba,True,,346.0,34.0,324.0,656.0,1002.0,1.151,15.985,13.89,0.7777,True,,False,ON,935.0,2.5,9.5
2026-09-24 18:34:26,MLLB_000_y1.0.3,WHITE,v4_white_MLLB_000_y103_0924,2.8,2.808,8,60,16,kaba,True,,314.0,34.0,292.0,688.0,1002.0,1.149,15.995,13.915,0.7777,True,,False,ON,935.0,2.5,9.5
2026-09-24 18:34:42,MLLB_000_y1.0.3,WHITE,v4_white_MLLB_000_y103_0924,2.8,2.808,8,60,20,kaba,True,,280.0,36.0,258.0,722.0,1002.0,1.149,16.08,13.988,0.7777,True,,False,ON,935.0,2.5,9.5
2026-09-24 18:34:58,MLLB_000_y1.0.3,WHITE,v4_white_MLLB_000_y103_0924,2.8,2.808,8,60,24,kaba,True,,246.0,32.0,226.0,756.0,1002.0,1.154,16.127,13.98,0.7775,True,,False,ON,935.0,2.5,9.5
2026-09-24 18:35:14,MLLB_000_y1.0.3,WHITE,v4_white_MLLB_000_y103_0924,2.8,2.808,8,60,28,kaba,True,,214.0,34.0,192.0,788.0,1002.0,1.146,16.046,14.005,0.7771,True,,False,ON,935.0,2.5,9.5
2026-09-24 18:35:30,MLLB_000_y1.0.3,WHITE,v4_white_MLLB_000_y103_0924,2.8,2.808,8,60,32,kaba,True,,180.0,38.0,158.0,822.0,1002.0,1.141,15.999,14.028,0.7778,True,,False,ON,935.0,2.5,9.5
2026-09-24 18:35:46,MLLB_000_y1.0.3,WHITE,v4_white_MLLB_000_y103_0924,2.8,2.808,8,60,36,kaba,True,,146.0,32.0,126.0,856.0,1002.0,1.138,15.985,14.053,0.7773,True,,False,ON,935.0,2.5,9.5
2026-09-24 18:36:02,MLLB_000_y1.0.3,WHITE,v4_white_MLLB_000_y103_0924,2.8,2.808,8,60,40,kaba,True,,112.0,36.0,90.0,890.0,1002.0,1.14,16.039,14.071,0.7774,True,,False,ON,935.0,2.5,9.5
2026-09-24 18:36:18,MLLB_000_y1.0.3,WHITE,v4_white_MLLB_000_y103_0924,2.8,2.808,8,60,44,kaba,True,,78.0,36.0,54.0,924.0,1002.0,1.135,15.985,14.081,0.7775,True,,False,ON,935.0,2.5,9.5
2026-09-24 18:36:34,MLLB_000_y1.0.3,WHITE,v4_white_MLLB_000_y103_0924,2.8,2.808,8,60,48,kaba,True,,54.0,28.0,34.0,948.0,1002.0,1.724,24.266,14.073,0.7781,True,,True,,935.0,2.5,9.5
2026-09-24 18:36:50,MLLB_000_y1.0.3,WHITE,v4_white_MLLB_000_y103_0924,2.8,2.808,8,60,52,kaba,True,,54.0,28.0,34.0,948.0,1002.0,6.982,98.427,14.097,0.7781,True,,False,FLAS,935.0,2.5,9.5
2026-09-24 18:37:06,MLLB_000_y1.0.3,WHITE,v4_white_MLLB_000_y103_0924,2.8,2.808,8,60,45,ince,True,,68.0,36.0,46.0,934.0,1002.0,1.136,16.002,14.082,0.7781,True,,False,ON,935.0,2.5,9.5
2026-09-24 18:37:22,MLLB_000_y1.0.3,WHITE,v4_white_MLLB_000_y103_0924,2.8,2.808,8,60,46,ince,True,,58.0,34.0,36.0,944.0,1002.0,1.148,16.174,14.094,0.7776,True,,True,,935.0,2.5,9.5
2026-09-24 18:37:38,MLLB_000_y1.0.3,WHITE,v4_white_MLLB_000_y103_0924,2.8,2.808,8,60,47,ince,True,,54.0,28.0,34.0,948.0,1002.0,1.142,16.08,14.084,0.778,True,,True,,935.0,2.5,9.5
2026-09-24 18:37:54,MLLB_000_y1.0.3,WHITE,v4_white_MLLB_000_y103_0924,2.8,2.808,8,60,49,ince,True,,54.0,28.0,34.0,948.0,1002.0,3.141,44.215,14.076,0.7782,True,,False,FLAS,935.0,2.5,9.5
2026-09-24 18:38:10,MLLB_000_y1.0.3,WHITE,v4_white_MLLB_000_y103_0924,2.8,2.808,8,60,50,ince,True,,54.0,28.0,34.0,948.0,1002.0,5.543,78.152,14.099,0.7779,True,,False,FLAS,935.0,2.5,9.5
2026-09-24 18:38:26,MLLB_000_y1.0.3,WHITE,v4_white_MLLB_000_y103_0924,2.8,2.808,8,60,51,ince,True,,54.0,28.0,34.0,948.0,1002.0,6.574,92.537,14.077,0.7779,True,,False,FLAS,935.0,2.5,9.5
2026-09-24 18:38:26,MLLB_000_y1.0.3,WHITE,v4_white_MLLB_000_y103_0924,2.8,2.808,8,60,,bitti,False,,,,,,,,,,,,,,,935.0,2.5,9.5
2026-09-24 18:38:45,MLLB_000_y1.0.3,WHITE,v4_white_MLLB_000_y103_0924,2.8,2.808,10,100,12,kaba,True,,222.0,34.0,200.0,780.0,1002.0,1.092,20.316,18.612,0.778,True,,False,ON,935.0,2.5,9.5
2026-09-24 18:39:02,MLLB_000_y1.0.3,WHITE,v4_white_MLLB_000_y103_0924,2.8,2.808,10,100,16,kaba,True,,180.0,32.0,158.0,822.0,1002.0,1.089,20.333,18.671,0.7782,True,,False,ON,935.0,2.5,9.5
2026-09-24 18:39:18,MLLB_000_y1.0.3,WHITE,v4_white_MLLB_000_y103_0924,2.8,2.808,10,100,20,kaba,True,,136.0,34.0,116.0,866.0,1002.0,1.086,20.316,18.714,0.778,True,,False,ON,935.0,2.5,9.5
2026-09-24 18:39:34,MLLB_000_y1.0.3,WHITE,v4_white_MLLB_000_y103_0924,2.8,2.808,10,100,24,kaba,True,,94.0,32.0,74.0,908.0,1002.0,1.085,20.364,18.769,0.7778,True,,False,ON,935.0,2.5,9.5
2026-09-24 18:39:50,MLLB_000_y1.0.3,WHITE,v4_white_MLLB_000_y103_0924,2.8,2.808,10,100,28,kaba,True,,50.0,32.0,30.0,952.0,1002.0,1.084,20.364,18.792,0.777,True,,True,,935.0,2.5,9.5
2026-09-24 18:40:06,MLLB_000_y1.0.3,WHITE,v4_white_MLLB_000_y103_0924,2.8,2.808,10,100,32,kaba,True,,38.0,28.0,18.0,964.0,1002.0,5.374,100.684,18.737,0.7778,True,,False,FLAS,935.0,2.5,9.5
2026-09-24 18:40:22,MLLB_000_y1.0.3,WHITE,v4_white_MLLB_000_y103_0924,2.8,2.808,10,100,36,kaba,True,,38.0,28.0,18.0,964.0,1002.0,8.748,164.236,18.774,0.7779,True,,False,FLAS,935.0,2.5,9.5
2026-09-24 18:40:38,MLLB_000_y1.0.3,WHITE,v4_white_MLLB_000_y103_0924,2.8,2.808,10,100,25,ince,True,,84.0,30.0,64.0,918.0,1002.0,1.086,20.369,18.752,0.778,True,,False,ON,935.0,2.5,9.5
2026-09-24 18:40:54,MLLB_000_y1.0.3,WHITE,v4_white_MLLB_000_y103_0924,2.8,2.808,10,100,26,ince,True,,72.0,34.0,52.0,930.0,1002.0,1.081,20.281,18.767,0.7782,True,,False,ON,935.0,2.5,9.5
2026-09-24 18:41:10,MLLB_000_y1.0.3,WHITE,v4_white_MLLB_000_y103_0924,2.8,2.808,10,100,27,ince,True,,62.0,32.0,42.0,940.0,1002.0,1.08,20.268,18.764,0.777,True,,True,,935.0,2.5,9.5
2026-09-24 18:41:26,MLLB_000_y1.0.3,WHITE,v4_white_MLLB_000_y103_0924,2.8,2.808,10,100,29,ince,True,,40.0,30.0,20.0,962.0,1002.0,1.08,20.274,18.768,0.7775,True,,True,,935.0,2.5,9.5
2026-09-24 18:41:42,MLLB_000_y1.0.3,WHITE,v4_white_MLLB_000_y103_0924,2.8,2.808,10,100,30,ince,True,,38.0,28.0,18.0,964.0,1002.0,1.093,20.528,18.773,0.778,True,,True,,935.0,2.5,9.5
2026-09-24 18:41:58,MLLB_000_y1.0.3,WHITE,v4_white_MLLB_000_y103_0924,2.8,2.808,10,100,31,ince,True,,38.0,28.0,18.0,964.0,1002.0,3.152,59.262,18.801,0.7778,True,,False,FLAS,935.0,2.5,9.5
2026-09-24 18:41:58,MLLB_000_y1.0.3,WHITE,v4_white_MLLB_000_y103_0924,2.8,2.808,10,100,,bitti,False,,,,,,,,,,,,,,,935.0,2.5,9.5
2026-09-24 18:42:14,MLLB_000_y1.0.3,WHITE,v4_white_MLLB_000_y103_0924,2.8,2.808,10,80,12,kaba,True,,242.0,32.0,222.0,760.0,1002.0,1.093,20.34,18.613,0.7779,True,,False,ON,935.0,2.5,9.5
2026-09-24 18:42:30,MLLB_000_y1.0.3,WHITE,v4_white_MLLB_000_y103_0924,2.8,2.808,10,80,16,kaba,True,,208.0,36.0,188.0,794.0,1002.0,1.088,20.319,18.668,0.7784,True,,False,ON,935.0,2.5,9.5
2026-09-24 18:42:46,MLLB_000_y1.0.3,WHITE,v4_white_MLLB_000_y103_0924,2.8,2.808,10,80,20,kaba,True,,176.0,32.0,154.0,826.0,1002.0,1.086,20.268,18.658,0.7773,True,,False,ON,935.0,2.5,9.5
2026-09-24 18:43:02,MLLB_000_y1.0.3,WHITE,v4_white_MLLB_000_y103_0924,2.8,2.808,10,80,24,kaba,True,,142.0,32.0,122.0,860.0,1002.0,1.087,20.324,18.695,0.7781,True,,False,ON,935.0,2.5,9.5
2026-09-24 18:43:18,MLLB_000_y1.0.3,WHITE,v4_white_MLLB_000_y103_0924,2.8,2.808,10,80,28,kaba,True,,108.0,30.0,88.0,894.0,1002.0,1.086,20.364,18.749,0.7779,True,,False,ON,935.0,2.5,9.5
2026-09-24 18:43:34,MLLB_000_y1.0.3,WHITE,v4_white_MLLB_000_y103_0924,2.8,2.808,10,80,32,kaba,True,,72.0,36.0,52.0,930.0,1002.0,1.084,20.364,18.785,0.7778,True,,False,ON,935.0,2.5,9.5
2026-09-24 18:43:50,MLLB_000_y1.0.3,WHITE,v4_white_MLLB_000_y103_0924,2.8,2.808,10,80,36,kaba,True,,42.0,28.0,22.0,960.0,1002.0,1.08,20.268,18.766,0.7783,True,,True,,935.0,2.5,9.5
2026-09-24 18:44:06,MLLB_000_y1.0.3,WHITE,v4_white_MLLB_000_y103_0924,2.8,2.808,10,80,40,kaba,True,,42.0,28.0,22.0,960.0,1002.0,5.936,111.418,18.769,0.7776,True,,False,FLAS,935.0,2.5,9.5
2026-09-24 18:44:22,MLLB_000_y1.0.3,WHITE,v4_white_MLLB_000_y103_0924,2.8,2.808,10,80,44,kaba,True,,42.0,28.0,22.0,960.0,1002.0,7.954,149.043,18.739,0.7774,True,,False,FLAS,935.0,2.5,9.5
2026-09-24 18:44:38,MLLB_000_y1.0.3,WHITE,v4_white_MLLB_000_y103_0924,2.8,2.808,10,80,33,ince,True,,64.0,30.0,44.0,938.0,1002.0,1.08,20.268,18.764,0.778,True,,True,,935.0,2.5,9.5
2026-09-24 18:44:50,MLLB_000_y1.0.3,WHITE,v4_white_MLLB_000_y103_0924,2.8,2.808,10,80,34,ince,True,,54.0,32.0,34.0,948.0,1002.0,1.085,20.364,18.761,0.7782,True,,True,,935.0,2.5,9.5
2026-09-24 18:45:06,MLLB_000_y1.0.3,WHITE,v4_white_MLLB_000_y103_0924,2.8,2.808,10,80,35,ince,True,,44.0,34.0,24.0,958.0,1002.0,1.087,20.384,18.748,0.7771,True,,True,,935.0,2.5,9.5
2026-09-24 18:45:22,MLLB_000_y1.0.3,WHITE,v4_white_MLLB_000_y103_0924,2.8,2.808,10,80,37,ince,True,,42.0,28.0,22.0,960.0,1002.0,2.35,44.13,18.781,0.7783,True,,True,,935.0,2.5,9.5
2026-09-24 18:45:38,MLLB_000_y1.0.3,WHITE,v4_white_MLLB_000_y103_0924,2.8,2.808,10,80,38,ince,True,,42.0,28.0,22.0,960.0,1002.0,4.604,86.404,18.768,0.7775,True,,False,FLAS,935.0,2.5,9.5
2026-09-24 18:45:54,MLLB_000_y1.0.3,WHITE,v4_white_MLLB_000_y103_0924,2.8,2.808,10,80,39,ince,True,,42.0,28.0,22.0,960.0,1002.0,5.362,100.684,18.779,0.7773,True,,False,FLAS,935.0,2.5,9.5
2026-09-24 18:45:54,MLLB_000_y1.0.3,WHITE,v4_white_MLLB_000_y103_0924,2.8,2.808,10,80,,bitti,False,,,,,,,,,,,,,,,935.0,2.5,9.5
2026-09-24 18:46:10,MLLB_000_y1.0.3,WHITE,v4_white_MLLB_000_y103_0924,2.8,2.808,10,60,12,kaba,True,,266.0,32.0,246.0,736.0,1002.0,1.094,20.364,18.609,0.7776,True,,False,ON,935.0,2.5,9.5
2026-09-24 18:46:26,MLLB_000_y1.0.3,WHITE,v4_white_MLLB_000_y103_0924,2.8,2.808,10,60,16,kaba,True,,242.0,32.0,222.0,760.0,1002.0,1.086,20.224,18.617,0.778,True,,False,ON,935.0,2.5,9.5
2026-09-24 18:46:42,MLLB_000_y1.0.3,WHITE,v4_white_MLLB_000_y103_0924,2.8,2.808,10,60,20,kaba,True,,218.0,32.0,198.0,784.0,1002.0,1.089,20.268,18.611,0.7776,True,,False,ON,935.0,2.5,9.5
2026-09-24 18:46:58,MLLB_000_y1.0.3,WHITE,v4_white_MLLB_000_y103_0924,2.8,2.808,10,60,24,kaba,True,,194.0,32.0,174.0,808.0,1002.0,1.091,20.364,18.658,0.7778,True,,False,ON,935.0,2.5,9.5
2026-09-24 18:47:14,MLLB_000_y1.0.3,WHITE,v4_white_MLLB_000_y103_0924,2.8,2.808,10,60,28,kaba,True,,170.0,32.0,150.0,832.0,1002.0,1.085,20.268,18.687,0.7778,True,,False,ON,935.0,2.5,9.5
2026-09-24 18:47:30,MLLB_000_y1.0.3,WHITE,v4_white_MLLB_000_y103_0924,2.8,2.808,10,60,32,kaba,True,,146.0,34.0,124.0,856.0,1002.0,1.082,20.268,18.723,0.7782,True,,False,ON,935.0,2.5,9.5
2026-09-24 18:47:42,MLLB_000_y1.0.3,WHITE,v4_white_MLLB_000_y103_0924,2.8,2.808,10,60,36,kaba,True,,120.0,36.0,100.0,882.0,1002.0,1.082,20.268,18.731,0.7779,True,,False,ON,935.0,2.5,9.5
2026-09-24 18:47:58,MLLB_000_y1.0.3,WHITE,v4_white_MLLB_000_y103_0924,2.8,2.808,10,60,40,kaba,True,,96.0,30.0,76.0,906.0,1002.0,1.082,20.291,18.751,0.7782,True,,False,ON,935.0,2.5,9.5
2026-09-24 18:48:14,MLLB_000_y1.0.3,WHITE,v4_white_MLLB_000_y103_0924,2.8,2.808,10,60,44,kaba,True,,70.0,32.0,50.0,932.0,1002.0,1.085,20.364,18.776,0.7773,True,,False,ON,935.0,2.5,9.5
2026-09-24 18:48:30,MLLB_000_y1.0.3,WHITE,v4_white_MLLB_000_y103_0924,2.8,2.808,10,60,48,kaba,True,,54.0,28.0,34.0,948.0,1002.0,1.266,23.731,18.738,0.7774,True,,True,,935.0,2.5,9.5
2026-09-24 18:48:46,MLLB_000_y1.0.3,WHITE,v4_white_MLLB_000_y103_0924,2.8,2.808,10,60,52,kaba,True,,54.0,28.0,34.0,948.0,1002.0,5.245,98.427,18.766,0.7776,True,,False,FLAS,935.0,2.5,9.5
2026-09-24 18:49:02,MLLB_000_y1.0.3,WHITE,v4_white_MLLB_000_y103_0924,2.8,2.808,10,60,56,kaba,True,,54.0,28.0,34.0,948.0,1002.0,6.252,117.347,18.771,0.7777,True,,False,FLAS,935.0,2.5,9.5
2026-09-24 18:49:18,MLLB_000_y1.0.3,WHITE,v4_white_MLLB_000_y103_0924,2.8,2.808,10,60,45,ince,True,,64.0,30.0,44.0,938.0,1002.0,1.079,20.268,18.782,0.7781,True,,True,,935.0,2.5,9.5
2026-09-24 18:49:34,MLLB_000_y1.0.3,WHITE,v4_white_MLLB_000_y103_0924,2.8,2.808,10,60,46,ince,True,,58.0,34.0,36.0,944.0,1002.0,1.082,20.316,18.785,0.7782,True,,True,,935.0,2.5,9.5
2026-09-24 18:49:50,MLLB_000_y1.0.3,WHITE,v4_white_MLLB_000_y103_0924,2.8,2.808,10,60,47,ince,True,,54.0,28.0,34.0,948.0,1002.0,1.082,20.316,18.779,0.778,True,,True,,935.0,2.5,9.5
2026-09-24 18:50:06,MLLB_000_y1.0.3,WHITE,v4_white_MLLB_000_y103_0924,2.8,2.808,10,60,49,ince,True,,54.0,28.0,34.0,948.0,1002.0,2.361,44.392,18.801,0.7783,True,,True,,935.0,2.5,9.5
2026-09-24 18:50:22,MLLB_000_y1.0.3,WHITE,v4_white_MLLB_000_y103_0924,2.8,2.808,10,60,50,ince,True,,54.0,28.0,34.0,948.0,1002.0,4.125,77.403,18.765,0.7781,True,,False,FLAS,935.0,2.5,9.5
2026-09-24 18:50:38,MLLB_000_y1.0.3,WHITE,v4_white_MLLB_000_y103_0924,2.8,2.808,10,60,51,ince,True,,54.0,28.0,34.0,948.0,1002.0,4.889,91.718,18.762,0.7785,True,,False,FLAS,935.0,2.5,9.5
2026-09-24 18:50:38,MLLB_000_y1.0.3,WHITE,v4_white_MLLB_000_y103_0924,2.8,2.808,10,60,,bitti,False,,,,,,,,,,,,,,,935.0,2.5,9.5
2026-09-24 18:51:00,MLLB_000_y1.0.3,WHITE,v4_white_MLLB_000_y103_0924,2.8,2.808,15,100,12,kaba,True,,144.0,30.0,124.0,858.0,1002.0,1.081,33.462,30.963,0.7782,True,,False,ON,935.0,2.5,9.5
2026-09-24 18:51:16,MLLB_000_y1.0.3,WHITE,v4_white_MLLB_000_y103_0924,2.8,2.808,15,100,16,kaba,True,,120.0,30.0,100.0,882.0,1002.0,1.084,33.616,31.008,0.7787,True,,False,ON,935.0,2.5,9.5
2026-09-24 18:51:32,MLLB_000_y1.0.3,WHITE,v4_white_MLLB_000_y103_0924,2.8,2.808,15,100,20,kaba,True,,96.0,32.0,74.0,906.0,1002.0,1.078,33.456,31.021,0.779,True,,False,ON,935.0,2.5,9.5
2026-09-24 18:51:48,MLLB_000_y1.0.3,WHITE,v4_white_MLLB_000_y103_0924,2.8,2.808,15,100,24,kaba,True,,70.0,32.0,50.0,932.0,1002.0,1.084,33.661,31.058,0.7784,True,,False,ON,935.0,2.5,9.5
2026-09-24 18:52:04,MLLB_000_y1.0.3,WHITE,v4_white_MLLB_000_y103_0924,2.8,2.808,15,100,28,kaba,True,,44.0,28.0,26.0,958.0,1002.0,1.077,33.466,31.079,0.7784,True,,True,,935.0,2.5,9.5
2026-09-24 18:52:20,MLLB_000_y1.0.3,WHITE,v4_white_MLLB_000_y103_0924,2.8,2.808,15,100,32,kaba,True,,38.0,28.0,18.0,964.0,1002.0,3.24,100.684,31.074,0.778,True,,False,FLAS,935.0,2.5,9.5
2026-09-24 18:52:36,MLLB_000_y1.0.3,WHITE,v4_white_MLLB_000_y103_0924,2.8,2.808,15,100,36,kaba,True,,38.0,28.0,18.0,964.0,1002.0,5.213,162.021,31.08,0.7786,True,,False,FLAS,935.0,2.5,9.5
2026-09-24 18:52:52,MLLB_000_y1.0.3,WHITE,v4_white_MLLB_000_y103_0924,2.8,2.808,15,100,25,ince,True,,64.0,30.0,44.0,938.0,1002.0,1.083,33.661,31.087,0.7782,True,,True,,935.0,2.5,9.5
2026-09-24 18:53:04,MLLB_000_y1.0.3,WHITE,v4_white_MLLB_000_y103_0924,2.8,2.808,15,100,26,ince,True,,58.0,28.0,38.0,944.0,1002.0,1.084,33.661,31.064,0.7778,True,,True,,935.0,2.5,9.5
2026-09-24 18:53:20,MLLB_000_y1.0.3,WHITE,v4_white_MLLB_000_y103_0924,2.8,2.808,15,100,27,ince,True,,52.0,30.0,32.0,950.0,1002.0,1.077,33.464,31.075,0.7778,True,,True,,935.0,2.5,9.5
2026-09-24 18:53:36,MLLB_000_y1.0.3,WHITE,v4_white_MLLB_000_y103_0924,2.8,2.808,15,100,29,ince,True,,38.0,32.0,18.0,964.0,1002.0,1.078,33.507,31.071,0.7781,True,,True,,935.0,2.5,9.5
2026-09-24 18:53:52,MLLB_000_y1.0.3,WHITE,v4_white_MLLB_000_y103_0924,2.8,2.808,15,100,30,ince,True,,38.0,28.0,18.0,964.0,1002.0,1.077,33.456,31.067,0.778,True,,True,,935.0,2.5,9.5
2026-09-24 18:54:08,MLLB_000_y1.0.3,WHITE,v4_white_MLLB_000_y103_0924,2.8,2.808,15,100,31,ince,True,,38.0,28.0,18.0,964.0,1002.0,1.855,57.629,31.07,0.7776,True,,True,,935.0,2.5,9.5
2026-09-24 18:54:08,MLLB_000_y1.0.3,WHITE,v4_white_MLLB_000_y103_0924,2.8,2.808,15,100,,bitti,False,,,,,,,,,,,,,,,935.0,2.5,9.5
2026-09-24 18:54:24,MLLB_000_y1.0.3,WHITE,v4_white_MLLB_000_y103_0924,2.8,2.808,15,80,12,kaba,True,,158.0,28.0,138.0,844.0,1002.0,1.081,33.459,30.943,0.7784,True,,False,ON,935.0,2.5,9.5
2026-09-24 18:54:40,MLLB_000_y1.0.3,WHITE,v4_white_MLLB_000_y103_0924,2.8,2.808,15,80,16,kaba,True,,138.0,32.0,118.0,864.0,1002.0,1.087,33.661,30.972,0.7786,True,,False,ON,935.0,2.5,9.5
2026-09-24 18:54:56,MLLB_000_y1.0.3,WHITE,v4_white_MLLB_000_y103_0924,2.8,2.808,15,80,20,kaba,True,,118.0,32.0,98.0,884.0,1002.0,1.083,33.563,30.983,0.7787,True,,False,ON,935.0,2.5,9.5
2026-09-24 18:55:12,MLLB_000_y1.0.3,WHITE,v4_white_MLLB_000_y103_0924,2.8,2.808,15,80,24,kaba,True,,100.0,32.0,78.0,902.0,1002.0,1.08,33.479,31.011,0.7786,True,,False,ON,935.0,2.5,9.5
2026-09-24 18:55:28,MLLB_000_y1.0.3,WHITE,v4_white_MLLB_000_y103_0924,2.8,2.808,15,80,28,kaba,True,,80.0,30.0,60.0,922.0,1002.0,1.077,33.456,31.051,0.7783,True,,False,ON,935.0,2.5,9.5
2026-09-24 18:55:44,MLLB_000_y1.0.3,WHITE,v4_white_MLLB_000_y103_0924,2.8,2.808,15,80,32,kaba,True,,60.0,30.0,40.0,942.0,1002.0,1.079,33.547,31.092,0.7788,True,,True,,935.0,2.5,9.5
2026-09-24 18:56:00,MLLB_000_y1.0.3,WHITE,v4_white_MLLB_000_y103_0924,2.8,2.808,15,80,36,kaba,True,,42.0,28.0,22.0,960.0,1002.0,1.08,33.574,31.078,0.778,True,,True,,935.0,2.5,9.5
2026-09-24 18:56:16,MLLB_000_y1.0.3,WHITE,v4_white_MLLB_000_y103_0924,2.8,2.808,15,80,40,kaba,True,,42.0,28.0,22.0,960.0,1002.0,3.628,112.737,31.07,0.7776,True,,False,FLAS,935.0,2.5,9.5
2026-09-24 18:56:32,MLLB_000_y1.0.3,WHITE,v4_white_MLLB_000_y103_0924,2.8,2.808,15,80,44,kaba,True,,42.0,28.0,22.0,960.0,1002.0,4.898,152.078,31.049,0.7788,True,,False,FLAS,935.0,2.5,9.5
2026-09-24 18:56:48,MLLB_000_y1.0.3,WHITE,v4_white_MLLB_000_y103_0924,2.8,2.808,15,80,29,ince,True,,76.0,32.0,54.0,926.0,1002.0,1.078,33.456,31.039,0.7785,True,,False,ON,935.0,2.5,9.5
2026-09-24 18:57:04,MLLB_000_y1.0.3,WHITE,v4_white_MLLB_000_y103_0924,2.8,2.808,15,80,30,ince,True,,70.0,28.0,50.0,932.0,1002.0,1.08,33.514,31.038,0.7782,True,,False,ON,935.0,2.5,9.5
2026-09-24 18:57:20,MLLB_000_y1.0.3,WHITE,v4_white_MLLB_000_y103_0924,2.8,2.808,15,80,31,ince,True,,64.0,28.0,46.0,938.0,1002.0,1.084,33.661,31.062,0.7782,True,,True,,935.0,2.5,9.5
2026-09-24 18:57:20,MLLB_000_y1.0.3,WHITE,v4_white_MLLB_000_y103_0924,2.8,2.808,15,80,33,ince,False,iki-OK-arasi-monotonluk,,,,,,,,,,,,True,,935.0,2.5,9.5
2026-09-24 18:57:20,MLLB_000_y1.0.3,WHITE,v4_white_MLLB_000_y103_0924,2.8,2.808,15,80,34,ince,False,iki-OK-arasi-monotonluk,,,,,,,,,,,,True,,935.0,2.5,9.5
2026-09-24 18:57:20,MLLB_000_y1.0.3,WHITE,v4_white_MLLB_000_y103_0924,2.8,2.808,15,80,35,ince,False,iki-OK-arasi-monotonluk,,,,,,,,,,,,True,,935.0,2.5,9.5
2026-09-24 18:57:32,MLLB_000_y1.0.3,WHITE,v4_white_MLLB_000_y103_0924,2.8,2.808,15,80,37,ince,True,,42.0,28.0,22.0,960.0,1002.0,1.392,43.252,31.079,0.7786,True,,True,,935.0,2.5,9.5
2026-09-24 18:57:48,MLLB_000_y1.0.3,WHITE,v4_white_MLLB_000_y103_0924,2.8,2.808,15,80,38,ince,True,,42.0,28.0,22.0,960.0,1002.0,2.754,85.653,31.099,0.7782,True,,False,FLAS,935.0,2.5,9.5
2026-09-24 18:58:04,MLLB_000_y1.0.3,WHITE,v4_white_MLLB_000_y103_0924,2.8,2.808,15,80,39,ince,True,,42.0,28.0,22.0,960.0,1002.0,3.266,101.437,31.055,0.7782,True,,False,FLAS,935.0,2.5,9.5
2026-09-24 18:58:04,MLLB_000_y1.0.3,WHITE,v4_white_MLLB_000_y103_0924,2.8,2.808,15,80,,bitti,False,,,,,,,,,,,,,,,935.0,2.5,9.5
2026-09-24 18:58:20,MLLB_000_y1.0.3,WHITE,v4_white_MLLB_000_y103_0924,2.8,2.808,15,60,12,kaba,True,,172.0,30.0,152.0,830.0,1002.0,1.088,33.661,30.932,0.7787,True,,False,ON,935.0,2.5,9.5
2026-09-24 18:58:36,MLLB_000_y1.0.3,WHITE,v4_white_MLLB_000_y103_0924,2.8,2.808,15,60,16,kaba,True,,160.0,32.0,138.0,842.0,1002.0,1.082,33.456,30.911,0.7779,True,,False,ON,935.0,2.5,9.5
2026-09-24 18:58:52,MLLB_000_y1.0.3,WHITE,v4_white_MLLB_000_y103_0924,2.8,2.808,15,60,20,kaba,True,,146.0,28.0,126.0,856.0,1002.0,1.085,33.576,30.937,0.7781,True,,False,ON,935.0,2.5,9.5
2026-09-24 18:59:08,MLLB_000_y1.0.3,WHITE,v4_white_MLLB_000_y103_0924,2.8,2.808,15,60,24,kaba,True,,132.0,30.0,112.0,870.0,1002.0,1.082,33.513,30.979,0.7784,True,,False,ON,935.0,2.5,9.5
2026-09-24 18:59:24,MLLB_000_y1.0.3,WHITE,v4_white_MLLB_000_y103_0924,2.8,2.808,15,60,28,kaba,True,,118.0,32.0,98.0,884.0,1002.0,1.082,33.558,31.003,0.778,True,,False,ON,935.0,2.5,9.5
2026-09-24 18:59:40,MLLB_000_y1.0.3,WHITE,v4_white_MLLB_000_y103_0924,2.8,2.808,15,60,32,kaba,True,,104.0,30.0,84.0,898.0,1002.0,1.079,33.456,31.009,0.7779,True,,False,ON,935.0,2.5,9.5
2026-09-24 18:59:56,MLLB_000_y1.0.3,WHITE,v4_white_MLLB_000_y103_0924,2.8,2.808,15,60,36,kaba,True,,92.0,32.0,70.0,910.0,1002.0,1.078,33.456,31.034,0.7773,True,,False,ON,935.0,2.5,9.5
2026-09-24 19:00:12,MLLB_000_y1.0.3,WHITE,v4_white_MLLB_000_y103_0924,2.8,2.808,15,60,40,kaba,True,,78.0,28.0,58.0,924.0,1002.0,1.079,33.507,31.04,0.7778,True,,False,ON,935.0,2.5,9.5
2026-09-24 19:00:28,MLLB_000_y1.0.3,WHITE,v4_white_MLLB_000_y103_0924,2.8,2.808,15,60,44,kaba,True,,64.0,30.0,44.0,938.0,1002.0,1.081,33.56,31.039,0.7774,True,,True,,935.0,2.5,9.5
2026-09-24 19:00:44,MLLB_000_y1.0.3,WHITE,v4_white_MLLB_000_y103_0924,2.8,2.808,15,60,48,kaba,True,,54.0,28.0,34.0,948.0,1002.0,1.08,33.558,31.079,0.7781,True,,True,,935.0,2.5,9.5
2026-09-24 19:01:00,MLLB_000_y1.0.3,WHITE,v4_white_MLLB_000_y103_0924,2.8,2.808,15,60,52,kaba,True,,54.0,28.0,34.0,948.0,1002.0,3.194,99.179,31.053,0.7782,True,,False,FLAS,935.0,2.5,9.5
2026-09-24 19:01:16,MLLB_000_y1.0.3,WHITE,v4_white_MLLB_000_y103_0924,2.8,2.808,15,60,56,kaba,True,,54.0,28.0,34.0,948.0,1002.0,3.749,116.508,31.074,0.778,True,,False,FLAS,935.0,2.5,9.5
2026-09-24 19:01:32,MLLB_000_y1.0.3,WHITE,v4_white_MLLB_000_y103_0924,2.8,2.808,15,60,41,ince,True,,74.0,28.0,54.0,928.0,1002.0,1.079,33.507,31.042,0.778,True,,False,ON,935.0,2.5,9.5
2026-09-24 19:01:48,MLLB_000_y1.0.3,WHITE,v4_white_MLLB_000_y103_0924,2.8,2.808,15,60,42,ince,True,,70.0,32.0,50.0,932.0,1002.0,1.083,33.641,31.059,0.7779,True,,False,ON,935.0,2.5,9.5
2026-09-24 19:02:04,MLLB_000_y1.0.3,WHITE,v4_white_MLLB_000_y103_0924,2.8,2.808,15,60,43,ince,True,,68.0,32.0,46.0,934.0,1002.0,1.078,33.48,31.05,0.7778,True,,False,ON,935.0,2.5,9.5
2026-09-24 19:02:04,MLLB_000_y1.0.3,WHITE,v4_white_MLLB_000_y103_0924,2.8,2.808,15,60,45,ince,False,iki-OK-arasi-monotonluk,,,,,,,,,,,,True,,935.0,2.5,9.5
2026-09-24 19:02:04,MLLB_000_y1.0.3,WHITE,v4_white_MLLB_000_y103_0924,2.8,2.808,15,60,46,ince,False,iki-OK-arasi-monotonluk,,,,,,,,,,,,True,,935.0,2.5,9.5
2026-09-24 19:02:04,MLLB_000_y1.0.3,WHITE,v4_white_MLLB_000_y103_0924,2.8,2.808,15,60,47,ince,False,iki-OK-arasi-monotonluk,,,,,,,,,,,,True,,935.0,2.5,9.5
2026-09-24 19:02:20,MLLB_000_y1.0.3,WHITE,v4_white_MLLB_000_y103_0924,2.8,2.808,15,60,49,ince,True,,54.0,28.0,34.0,948.0,1002.0,1.42,44.127,31.078,0.7777,True,,True,,935.0,2.5,9.5
2026-09-24 19:02:36,MLLB_000_y1.0.3,WHITE,v4_white_MLLB_000_y103_0924,2.8,2.808,15,60,50,ince,True,,54.0,28.0,34.0,948.0,1002.0,2.492,77.403,31.063,0.7778,True,,True,,935.0,2.5,9.5
2026-09-24 19:02:52,MLLB_000_y1.0.3,WHITE,v4_white_MLLB_000_y103_0924,2.8,2.808,15,60,51,ince,True,,54.0,28.0,34.0,948.0,1002.0,2.972,92.412,31.095,0.7784,True,,False,FLAS,935.0,2.5,9.5
2026-09-24 19:02:52,MLLB_000_y1.0.3,WHITE,v4_white_MLLB_000_y103_0924,2.8,2.808,15,60,,bitti,False,,,,,,,,,,,,,,,935.0,2.5,9.5
2026-09-24 19:03:14,MLLB_000_y1.0.3,WHITE,v4_white_MLLB_000_y103_0924,2.8,2.808,100,100,12,kaba,True,,38.0,28.0,18.0,964.0,1002.0,1.066,240.782,225.791,0.7785,True,,True,,935.0,2.5,9.5
2026-09-24 19:03:30,MLLB_000_y1.0.3,WHITE,v4_white_MLLB_000_y103_0924,2.8,2.808,100,100,16,kaba,True,,38.0,28.0,18.0,964.0,1002.0,1.067,240.782,225.762,0.7782,True,,True,,935.0,2.5,9.5
2026-09-24 19:03:46,MLLB_000_y1.0.3,WHITE,v4_white_MLLB_000_y103_0924,2.8,2.808,100,100,20,kaba,True,,38.0,28.0,18.0,964.0,1002.0,1.067,240.874,225.754,0.778,True,,True,,935.0,2.5,9.5
2026-09-24 19:04:02,MLLB_000_y1.0.3,WHITE,v4_white_MLLB_000_y103_0924,2.8,2.808,100,100,24,kaba,True,,38.0,28.0,18.0,964.0,1002.0,1.067,240.842,225.818,0.7781,True,,True,,935.0,2.5,9.5
2026-09-24 19:04:18,MLLB_000_y1.0.3,WHITE,v4_white_MLLB_000_y103_0924,2.8,2.808,100,100,28,kaba,True,,38.0,28.0,18.0,964.0,1002.0,1.067,240.782,225.577,0.7783,True,,True,,935.0,2.5,9.5
2026-09-24 19:04:34,MLLB_000_y1.0.3,WHITE,v4_white_MLLB_000_y103_0924,2.8,2.808,100,100,32,kaba,True,,38.0,28.0,18.0,964.0,1002.0,1.067,240.782,225.585,0.778,True,,True,,935.0,2.5,9.5
2026-09-24 19:04:50,MLLB_000_y1.0.3,WHITE,v4_white_MLLB_000_y103_0924,2.8,2.808,100,100,36,kaba,True,,38.0,28.0,18.0,964.0,1002.0,1.067,240.782,225.616,0.7789,True,,True,,935.0,2.5,9.5
2026-09-24 19:05:06,MLLB_000_y1.0.3,WHITE,v4_white_MLLB_000_y103_0924,2.8,2.808,100,100,40,kaba,True,,38.0,28.0,18.0,964.0,1002.0,1.067,240.782,225.571,0.7783,True,,True,,935.0,2.5,9.5
2026-09-24 19:05:22,MLLB_000_y1.0.3,WHITE,v4_white_MLLB_000_y103_0924,2.8,2.808,100,100,44,kaba,True,,38.0,28.0,18.0,964.0,1002.0,1.068,240.782,225.551,0.7787,True,,True,,935.0,2.5,9.5
2026-09-24 19:05:38,MLLB_000_y1.0.3,WHITE,v4_white_MLLB_000_y103_0924,2.8,2.808,100,100,48,kaba,True,,38.0,28.0,18.0,964.0,1002.0,1.068,240.782,225.515,0.7784,True,,True,,935.0,2.5,9.5
2026-09-24 19:05:54,MLLB_000_y1.0.3,WHITE,v4_white_MLLB_000_y103_0924,2.8,2.808,100,100,52,kaba,True,,38.0,28.0,18.0,964.0,1002.0,1.068,240.782,225.45,0.778,True,,True,,935.0,2.5,9.5
2026-09-24 19:06:10,MLLB_000_y1.0.3,WHITE,v4_white_MLLB_000_y103_0924,2.8,2.808,100,100,56,kaba,True,,38.0,28.0,18.0,964.0,1002.0,1.068,240.966,225.629,0.778,True,,True,,935.0,2.5,9.5
2026-09-24 19:06:26,MLLB_000_y1.0.3,WHITE,v4_white_MLLB_000_y103_0924,2.8,2.808,100,100,58,kaba,True,,38.0,28.0,18.0,964.0,1002.0,1.068,240.782,225.392,0.7776,True,,True,,935.0,2.5,9.5
2026-09-24 19:06:26,MLLB_000_y1.0.3,WHITE,v4_white_MLLB_000_y103_0924,2.8,2.808,100,100,13,ince,False,iki-OK-arasi-monotonluk,,,,,,,,,,,,True,,935.0,2.5,9.5
2026-09-24 19:06:26,MLLB_000_y1.0.3,WHITE,v4_white_MLLB_000_y103_0924,2.8,2.808,100,100,14,ince,False,iki-OK-arasi-monotonluk,,,,,,,,,,,,True,,935.0,2.5,9.5
2026-09-24 19:06:26,MLLB_000_y1.0.3,WHITE,v4_white_MLLB_000_y103_0924,2.8,2.808,100,100,15,ince,False,iki-OK-arasi-monotonluk,,,,,,,,,,,,True,,935.0,2.5,9.5
2026-09-24 19:06:26,MLLB_000_y1.0.3,WHITE,v4_white_MLLB_000_y103_0924,2.8,2.808,100,100,17,ince,False,iki-OK-arasi-monotonluk,,,,,,,,,,,,True,,935.0,2.5,9.5
2026-09-24 19:06:26,MLLB_000_y1.0.3,WHITE,v4_white_MLLB_000_y103_0924,2.8,2.808,100,100,18,ince,False,iki-OK-arasi-monotonluk,,,,,,,,,,,,True,,935.0,2.5,9.5
2026-09-24 19:06:26,MLLB_000_y1.0.3,WHITE,v4_white_MLLB_000_y103_0924,2.8,2.808,100,100,19,ince,False,iki-OK-arasi-monotonluk,,,,,,,,,,,,True,,935.0,2.5,9.5
2026-09-24 19:06:26,MLLB_000_y1.0.3,WHITE,v4_white_MLLB_000_y103_0924,2.8,2.808,100,100,21,ince,False,iki-OK-arasi-monotonluk,,,,,,,,,,,,True,,935.0,2.5,9.5
2026-09-24 19:06:26,MLLB_000_y1.0.3,WHITE,v4_white_MLLB_000_y103_0924,2.8,2.808,100,100,22,ince,False,iki-OK-arasi-monotonluk,,,,,,,,,,,,True,,935.0,2.5,9.5
2026-09-24 19:06:26,MLLB_000_y1.0.3,WHITE,v4_white_MLLB_000_y103_0924,2.8,2.808,100,100,23,ince,False,iki-OK-arasi-monotonluk,,,,,,,,,,,,True,,935.0,2.5,9.5
2026-09-24 19:06:26,MLLB_000_y1.0.3,WHITE,v4_white_MLLB_000_y103_0924,2.8,2.808,100,100,25,ince,False,iki-OK-arasi-monotonluk,,,,,,,,,,,,True,,935.0,2.5,9.5
2026-09-24 19:06:26,MLLB_000_y1.0.3,WHITE,v4_white_MLLB_000_y103_0924,2.8,2.808,100,100,26,ince,False,iki-OK-arasi-monotonluk,,,,,,,,,,,,True,,935.0,2.5,9.5
2026-09-24 19:06:26,MLLB_000_y1.0.3,WHITE,v4_white_MLLB_000_y103_0924,2.8,2.808,100,100,27,ince,False,iki-OK-arasi-monotonluk,,,,,,,,,,,,True,,935.0,2.5,9.5
2026-09-24 19:06:26,MLLB_000_y1.0.3,WHITE,v4_white_MLLB_000_y103_0924,2.8,2.808,100,100,29,ince,False,iki-OK-arasi-monotonluk,,,,,,,,,,,,True,,935.0,2.5,9.5
2026-09-24 19:06:26,MLLB_000_y1.0.3,WHITE,v4_white_MLLB_000_y103_0924,2.8,2.808,100,100,30,ince,False,iki-OK-arasi-monotonluk,,,,,,,,,,,,True,,935.0,2.5,9.5
2026-09-24 19:06:26,MLLB_000_y1.0.3,WHITE,v4_white_MLLB_000_y103_0924,2.8,2.808,100,100,31,ince,False,iki-OK-arasi-monotonluk,,,,,,,,,,,,True,,935.0,2.5,9.5
2026-09-24 19:06:26,MLLB_000_y1.0.3,WHITE,v4_white_MLLB_000_y103_0924,2.8,2.808,100,100,33,ince,False,iki-OK-arasi-monotonluk,,,,,,,,,,,,True,,935.0,2.5,9.5
2026-09-24 19:06:26,MLLB_000_y1.0.3,WHITE,v4_white_MLLB_000_y103_0924,2.8,2.808,100,100,34,ince,False,iki-OK-arasi-monotonluk,,,,,,,,,,,,True,,935.0,2.5,9.5
2026-09-24 19:06:26,MLLB_000_y1.0.3,WHITE,v4_white_MLLB_000_y103_0924,2.8,2.808,100,100,35,ince,False,iki-OK-arasi-monotonluk,,,,,,,,,,,,True,,935.0,2.5,9.5
2026-09-24 19:06:26,MLLB_000_y1.0.3,WHITE,v4_white_MLLB_000_y103_0924,2.8,2.808,100,100,37,ince,False,iki-OK-arasi-monotonluk,,,,,,,,,,,,True,,935.0,2.5,9.5
2026-09-24 19:06:26,MLLB_000_y1.0.3,WHITE,v4_white_MLLB_000_y103_0924,2.8,2.808,100,100,38,ince,False,iki-OK-arasi-monotonluk,,,,,,,,,,,,True,,935.0,2.5,9.5
2026-09-24 19:06:26,MLLB_000_y1.0.3,WHITE,v4_white_MLLB_000_y103_0924,2.8,2.808,100,100,39,ince,False,iki-OK-arasi-monotonluk,,,,,,,,,,,,True,,935.0,2.5,9.5
2026-09-24 19:06:26,MLLB_000_y1.0.3,WHITE,v4_white_MLLB_000_y103_0924,2.8,2.808,100,100,41,ince,False,iki-OK-arasi-monotonluk,,,,,,,,,,,,True,,935.0,2.5,9.5
2026-09-24 19:06:26,MLLB_000_y1.0.3,WHITE,v4_white_MLLB_000_y103_0924,2.8,2.808,100,100,42,ince,False,iki-OK-arasi-monotonluk,,,,,,,,,,,,True,,935.0,2.5,9.5
2026-09-24 19:06:26,MLLB_000_y1.0.3,WHITE,v4_white_MLLB_000_y103_0924,2.8,2.808,100,100,43,ince,False,iki-OK-arasi-monotonluk,,,,,,,,,,,,True,,935.0,2.5,9.5
2026-09-24 19:06:26,MLLB_000_y1.0.3,WHITE,v4_white_MLLB_000_y103_0924,2.8,2.808,100,100,45,ince,False,iki-OK-arasi-monotonluk,,,,,,,,,,,,True,,935.0,2.5,9.5
2026-09-24 19:06:26,MLLB_000_y1.0.3,WHITE,v4_white_MLLB_000_y103_0924,2.8,2.808,100,100,46,ince,False,iki-OK-arasi-monotonluk,,,,,,,,,,,,True,,935.0,2.5,9.5
2026-09-24 19:06:26,MLLB_000_y1.0.3,WHITE,v4_white_MLLB_000_y103_0924,2.8,2.808,100,100,47,ince,False,iki-OK-arasi-monotonluk,,,,,,,,,,,,True,,935.0,2.5,9.5
2026-09-24 19:06:26,MLLB_000_y1.0.3,WHITE,v4_white_MLLB_000_y103_0924,2.8,2.808,100,100,49,ince,False,iki-OK-arasi-monotonluk,,,,,,,,,,,,True,,935.0,2.5,9.5
2026-09-24 19:06:26,MLLB_000_y1.0.3,WHITE,v4_white_MLLB_000_y103_0924,2.8,2.808,100,100,50,ince,False,iki-OK-arasi-monotonluk,,,,,,,,,,,,True,,935.0,2.5,9.5
2026-09-24 19:06:26,MLLB_000_y1.0.3,WHITE,v4_white_MLLB_000_y103_0924,2.8,2.808,100,100,51,ince,False,iki-OK-arasi-monotonluk,,,,,,,,,,,,True,,935.0,2.5,9.5
2026-09-24 19:06:26,MLLB_000_y1.0.3,WHITE,v4_white_MLLB_000_y103_0924,2.8,2.808,100,100,53,ince,False,iki-OK-arasi-monotonluk,,,,,,,,,,,,True,,935.0,2.5,9.5
2026-09-24 19:06:26,MLLB_000_y1.0.3,WHITE,v4_white_MLLB_000_y103_0924,2.8,2.808,100,100,54,ince,False,iki-OK-arasi-monotonluk,,,,,,,,,,,,True,,935.0,2.5,9.5
2026-09-24 19:06:26,MLLB_000_y1.0.3,WHITE,v4_white_MLLB_000_y103_0924,2.8,2.808,100,100,55,ince,False,iki-OK-arasi-monotonluk,,,,,,,,,,,,True,,935.0,2.5,9.5
2026-09-24 19:06:26,MLLB_000_y1.0.3,WHITE,v4_white_MLLB_000_y103_0924,2.8,2.808,100,100,57,ince,False,iki-OK-arasi-monotonluk,,,,,,,,,,,,True,,935.0,2.5,9.5
2026-09-24 19:06:26,MLLB_000_y1.0.3,WHITE,v4_white_MLLB_000_y103_0924,2.8,2.808,100,100,,bitti,False,,,,,,,,,,,,,,,935.0,2.5,9.5
2026-09-24 19:06:42,MLLB_000_y1.0.3,WHITE,v4_white_MLLB_000_y103_0924,2.8,2.808,100,80,12,kaba,True,,38.0,28.0,18.0,964.0,1002.0,1.068,240.782,225.495,0.778,True,,True,,935.0,2.5,9.5
2026-09-24 19:06:58,MLLB_000_y1.0.3,WHITE,v4_white_MLLB_000_y103_0924,2.8,2.808,100,80,16,kaba,True,,38.0,28.0,18.0,964.0,1002.0,1.067,240.782,225.624,0.7781,True,,True,,935.0,2.5,9.5
2026-09-24 19:07:14,MLLB_000_y1.0.3,WHITE,v4_white_MLLB_000_y103_0924,2.8,2.808,100,80,20,kaba,True,,38.0,28.0,18.0,964.0,1002.0,1.067,240.782,225.606,0.7776,True,,True,,935.0,2.5,9.5
2026-09-24 19:07:30,MLLB_000_y1.0.3,WHITE,v4_white_MLLB_000_y103_0924,2.8,2.808,100,80,24,kaba,True,,38.0,28.0,18.0,964.0,1002.0,1.067,240.843,225.774,0.7783,True,,True,,935.0,2.5,9.5
2026-09-24 19:07:42,MLLB_000_y1.0.3,WHITE,v4_white_MLLB_000_y103_0924,2.8,2.808,100,80,28,kaba,True,,38.0,28.0,18.0,964.0,1002.0,1.074,242.323,225.651,0.7778,True,,True,,935.0,2.5,9.5
2026-09-24 19:07:58,MLLB_000_y1.0.3,WHITE,v4_white_MLLB_000_y103_0924,2.8,2.808,100,80,32,kaba,True,,38.0,28.0,18.0,964.0,1002.0,1.067,240.782,225.672,0.778,True,,True,,935.0,2.5,9.5
2026-09-24 19:08:14,MLLB_000_y1.0.3,WHITE,v4_white_MLLB_000_y103_0924,2.8,2.808,100,80,36,kaba,True,,38.0,28.0,18.0,964.0,1002.0,1.067,240.782,225.735,0.7782,True,,True,,935.0,2.5,9.5
2026-09-24 19:08:30,MLLB_000_y1.0.3,WHITE,v4_white_MLLB_000_y103_0924,2.8,2.808,100,80,40,kaba,True,,38.0,28.0,18.0,964.0,1002.0,1.068,240.782,225.539,0.7775,True,,True,,935.0,2.5,9.5
2026-09-24 19:08:46,MLLB_000_y1.0.3,WHITE,v4_white_MLLB_000_y103_0924,2.8,2.808,100,80,44,kaba,True,,38.0,28.0,18.0,964.0,1002.0,1.066,240.782,225.773,0.7778,True,,True,,935.0,2.5,9.5
2026-09-24 19:09:02,MLLB_000_y1.0.3,WHITE,v4_white_MLLB_000_y103_0924,2.8,2.808,100,80,48,kaba,True,,38.0,28.0,18.0,964.0,1002.0,1.067,240.812,225.657,0.7775,True,,True,,935.0,2.5,9.5
2026-09-24 19:09:18,MLLB_000_y1.0.3,WHITE,v4_white_MLLB_000_y103_0924,2.8,2.808,100,80,52,kaba,True,,38.0,28.0,18.0,964.0,1002.0,1.067,240.782,225.645,0.7784,True,,True,,935.0,2.5,9.5
2026-09-24 19:09:34,MLLB_000_y1.0.3,WHITE,v4_white_MLLB_000_y103_0924,2.8,2.808,100,80,56,kaba,True,,38.0,28.0,18.0,964.0,1002.0,1.067,240.782,225.736,0.778,True,,True,,935.0,2.5,9.5
2026-09-24 19:09:50,MLLB_000_y1.0.3,WHITE,v4_white_MLLB_000_y103_0924,2.8,2.808,100,80,58,kaba,True,,38.0,28.0,18.0,964.0,1002.0,1.066,240.782,225.841,0.7781,True,,True,,935.0,2.5,9.5
2026-09-24 19:09:50,MLLB_000_y1.0.3,WHITE,v4_white_MLLB_000_y103_0924,2.8,2.808,100,80,13,ince,False,iki-OK-arasi-monotonluk,,,,,,,,,,,,True,,935.0,2.5,9.5
2026-09-24 19:09:50,MLLB_000_y1.0.3,WHITE,v4_white_MLLB_000_y103_0924,2.8,2.808,100,80,14,ince,False,iki-OK-arasi-monotonluk,,,,,,,,,,,,True,,935.0,2.5,9.5
2026-09-24 19:09:50,MLLB_000_y1.0.3,WHITE,v4_white_MLLB_000_y103_0924,2.8,2.808,100,80,15,ince,False,iki-OK-arasi-monotonluk,,,,,,,,,,,,True,,935.0,2.5,9.5
2026-09-24 19:09:50,MLLB_000_y1.0.3,WHITE,v4_white_MLLB_000_y103_0924,2.8,2.808,100,80,17,ince,False,iki-OK-arasi-monotonluk,,,,,,,,,,,,True,,935.0,2.5,9.5
2026-09-24 19:09:50,MLLB_000_y1.0.3,WHITE,v4_white_MLLB_000_y103_0924,2.8,2.808,100,80,18,ince,False,iki-OK-arasi-monotonluk,,,,,,,,,,,,True,,935.0,2.5,9.5
2026-09-24 19:09:50,MLLB_000_y1.0.3,WHITE,v4_white_MLLB_000_y103_0924,2.8,2.808,100,80,19,ince,False,iki-OK-arasi-monotonluk,,,,,,,,,,,,True,,935.0,2.5,9.5
2026-09-24 19:09:50,MLLB_000_y1.0.3,WHITE,v4_white_MLLB_000_y103_0924,2.8,2.808,100,80,21,ince,False,iki-OK-arasi-monotonluk,,,,,,,,,,,,True,,935.0,2.5,9.5
2026-09-24 19:09:50,MLLB_000_y1.0.3,WHITE,v4_white_MLLB_000_y103_0924,2.8,2.808,100,80,22,ince,False,iki-OK-arasi-monotonluk,,,,,,,,,,,,True,,935.0,2.5,9.5
2026-09-24 19:09:50,MLLB_000_y1.0.3,WHITE,v4_white_MLLB_000_y103_0924,2.8,2.808,100,80,23,ince,False,iki-OK-arasi-monotonluk,,,,,,,,,,,,True,,935.0,2.5,9.5
2026-09-24 19:09:50,MLLB_000_y1.0.3,WHITE,v4_white_MLLB_000_y103_0924,2.8,2.808,100,80,25,ince,False,iki-OK-arasi-monotonluk,,,,,,,,,,,,True,,935.0,2.5,9.5
2026-09-24 19:09:50,MLLB_000_y1.0.3,WHITE,v4_white_MLLB_000_y103_0924,2.8,2.808,100,80,26,ince,False,iki-OK-arasi-monotonluk,,,,,,,,,,,,True,,935.0,2.5,9.5
2026-09-24 19:09:50,MLLB_000_y1.0.3,WHITE,v4_white_MLLB_000_y103_0924,2.8,2.808,100,80,27,ince,False,iki-OK-arasi-monotonluk,,,,,,,,,,,,True,,935.0,2.5,9.5
2026-09-24 19:09:50,MLLB_000_y1.0.3,WHITE,v4_white_MLLB_000_y103_0924,2.8,2.808,100,80,29,ince,False,iki-OK-arasi-monotonluk,,,,,,,,,,,,True,,935.0,2.5,9.5
2026-09-24 19:09:50,MLLB_000_y1.0.3,WHITE,v4_white_MLLB_000_y103_0924,2.8,2.808,100,80,30,ince,False,iki-OK-arasi-monotonluk,,,,,,,,,,,,True,,935.0,2.5,9.5
2026-09-24 19:09:50,MLLB_000_y1.0.3,WHITE,v4_white_MLLB_000_y103_0924,2.8,2.808,100,80,31,ince,False,iki-OK-arasi-monotonluk,,,,,,,,,,,,True,,935.0,2.5,9.5
2026-09-24 19:09:50,MLLB_000_y1.0.3,WHITE,v4_white_MLLB_000_y103_0924,2.8,2.808,100,80,33,ince,False,iki-OK-arasi-monotonluk,,,,,,,,,,,,True,,935.0,2.5,9.5
2026-09-24 19:09:50,MLLB_000_y1.0.3,WHITE,v4_white_MLLB_000_y103_0924,2.8,2.808,100,80,34,ince,False,iki-OK-arasi-monotonluk,,,,,,,,,,,,True,,935.0,2.5,9.5
2026-09-24 19:09:50,MLLB_000_y1.0.3,WHITE,v4_white_MLLB_000_y103_0924,2.8,2.808,100,80,35,ince,False,iki-OK-arasi-monotonluk,,,,,,,,,,,,True,,935.0,2.5,9.5
2026-09-24 19:09:50,MLLB_000_y1.0.3,WHITE,v4_white_MLLB_000_y103_0924,2.8,2.808,100,80,37,ince,False,iki-OK-arasi-monotonluk,,,,,,,,,,,,True,,935.0,2.5,9.5
2026-09-24 19:09:50,MLLB_000_y1.0.3,WHITE,v4_white_MLLB_000_y103_0924,2.8,2.808,100,80,38,ince,False,iki-OK-arasi-monotonluk,,,,,,,,,,,,True,,935.0,2.5,9.5
2026-09-24 19:09:50,MLLB_000_y1.0.3,WHITE,v4_white_MLLB_000_y103_0924,2.8,2.808,100,80,39,ince,False,iki-OK-arasi-monotonluk,,,,,,,,,,,,True,,935.0,2.5,9.5
2026-09-24 19:09:50,MLLB_000_y1.0.3,WHITE,v4_white_MLLB_000_y103_0924,2.8,2.808,100,80,41,ince,False,iki-OK-arasi-monotonluk,,,,,,,,,,,,True,,935.0,2.5,9.5
2026-09-24 19:09:50,MLLB_000_y1.0.3,WHITE,v4_white_MLLB_000_y103_0924,2.8,2.808,100,80,42,ince,False,iki-OK-arasi-monotonluk,,,,,,,,,,,,True,,935.0,2.5,9.5
2026-09-24 19:09:50,MLLB_000_y1.0.3,WHITE,v4_white_MLLB_000_y103_0924,2.8,2.808,100,80,43,ince,False,iki-OK-arasi-monotonluk,,,,,,,,,,,,True,,935.0,2.5,9.5
2026-09-24 19:09:50,MLLB_000_y1.0.3,WHITE,v4_white_MLLB_000_y103_0924,2.8,2.808,100,80,45,ince,False,iki-OK-arasi-monotonluk,,,,,,,,,,,,True,,935.0,2.5,9.5
2026-09-24 19:09:50,MLLB_000_y1.0.3,WHITE,v4_white_MLLB_000_y103_0924,2.8,2.808,100,80,46,ince,False,iki-OK-arasi-monotonluk,,,,,,,,,,,,True,,935.0,2.5,9.5
2026-09-24 19:09:50,MLLB_000_y1.0.3,WHITE,v4_white_MLLB_000_y103_0924,2.8,2.808,100,80,47,ince,False,iki-OK-arasi-monotonluk,,,,,,,,,,,,True,,935.0,2.5,9.5
2026-09-24 19:09:50,MLLB_000_y1.0.3,WHITE,v4_white_MLLB_000_y103_0924,2.8,2.808,100,80,49,ince,False,iki-OK-arasi-monotonluk,,,,,,,,,,,,True,,935.0,2.5,9.5
2026-09-24 19:09:50,MLLB_000_y1.0.3,WHITE,v4_white_MLLB_000_y103_0924,2.8,2.808,100,80,50,ince,False,iki-OK-arasi-monotonluk,,,,,,,,,,,,True,,935.0,2.5,9.5
2026-09-24 19:09:50,MLLB_000_y1.0.3,WHITE,v4_white_MLLB_000_y103_0924,2.8,2.808,100,80,51,ince,False,iki-OK-arasi-monotonluk,,,,,,,,,,,,True,,935.0,2.5,9.5
2026-09-24 19:09:50,MLLB_000_y1.0.3,WHITE,v4_white_MLLB_000_y103_0924,2.8,2.808,100,80,53,ince,False,iki-OK-arasi-monotonluk,,,,,,,,,,,,True,,935.0,2.5,9.5
2026-09-24 19:09:50,MLLB_000_y1.0.3,WHITE,v4_white_MLLB_000_y103_0924,2.8,2.808,100,80,54,ince,False,iki-OK-arasi-monotonluk,,,,,,,,,,,,True,,935.0,2.5,9.5
2026-09-24 19:09:50,MLLB_000_y1.0.3,WHITE,v4_white_MLLB_000_y103_0924,2.8,2.808,100,80,55,ince,False,iki-OK-arasi-monotonluk,,,,,,,,,,,,True,,935.0,2.5,9.5
2026-09-24 19:09:50,MLLB_000_y1.0.3,WHITE,v4_white_MLLB_000_y103_0924,2.8,2.808,100,80,57,ince,False,iki-OK-arasi-monotonluk,,,,,,,,,,,,True,,935.0,2.5,9.5
2026-09-24 19:09:50,MLLB_000_y1.0.3,WHITE,v4_white_MLLB_000_y103_0924,2.8,2.808,100,80,,bitti,False,,,,,,,,,,,,,,,935.0,2.5,9.5
2026-09-24 19:10:06,MLLB_000_y1.0.3,WHITE,v4_white_MLLB_000_y103_0924,2.8,2.808,100,60,12,kaba,True,,38.0,28.0,18.0,964.0,1002.0,1.066,240.782,225.892,0.778,True,,True,,935.0,2.5,9.5
2026-09-24 19:10:22,MLLB_000_y1.0.3,WHITE,v4_white_MLLB_000_y103_0924,2.8,2.808,100,60,16,kaba,True,,38.0,28.0,18.0,964.0,1002.0,1.065,240.782,226.125,0.7784,True,,True,,935.0,2.5,9.5
2026-09-24 19:10:38,MLLB_000_y1.0.3,WHITE,v4_white_MLLB_000_y103_0924,2.8,2.808,100,60,20,kaba,True,,38.0,28.0,18.0,964.0,1002.0,1.066,240.782,225.905,0.7779,True,,True,,935.0,2.5,9.5
2026-09-24 19:10:54,MLLB_000_y1.0.3,WHITE,v4_white_MLLB_000_y103_0924,2.8,2.808,100,60,24,kaba,True,,38.0,28.0,18.0,964.0,1002.0,1.066,240.819,225.917,0.778,True,,True,,935.0,2.5,9.5
2026-09-24 19:11:10,MLLB_000_y1.0.3,WHITE,v4_white_MLLB_000_y103_0924,2.8,2.808,100,60,28,kaba,True,,38.0,28.0,18.0,964.0,1002.0,1.069,241.552,225.895,0.7779,True,,True,,935.0,2.5,9.5
2026-09-24 19:11:26,MLLB_000_y1.0.3,WHITE,v4_white_MLLB_000_y103_0924,2.8,2.808,100,60,32,kaba,True,,38.0,28.0,18.0,964.0,1002.0,1.065,240.782,226.068,0.7781,True,,True,,935.0,2.5,9.5
2026-09-24 19:11:38,MLLB_000_y1.0.3,WHITE,v4_white_MLLB_000_y103_0924,2.8,2.808,100,60,36,kaba,True,,38.0,28.0,18.0,964.0,1002.0,1.069,241.413,225.812,0.7776,True,,True,,935.0,2.5,9.5
2026-09-24 19:11:54,MLLB_000_y1.0.3,WHITE,v4_white_MLLB_000_y103_0924,2.8,2.808,100,60,40,kaba,True,,38.0,28.0,18.0,964.0,1002.0,1.066,240.831,225.924,0.7782,True,,True,,935.0,2.5,9.5
2026-09-24 19:12:10,MLLB_000_y1.0.3,WHITE,v4_white_MLLB_000_y103_0924,2.8,2.808,100,60,44,kaba,True,,38.0,28.0,18.0,964.0,1002.0,1.066,240.867,225.968,0.778,True,,True,,935.0,2.5,9.5
2026-09-24 19:12:26,MLLB_000_y1.0.3,WHITE,v4_white_MLLB_000_y103_0924,2.8,2.808,100,60,48,kaba,True,,38.0,28.0,18.0,964.0,1002.0,1.066,240.782,225.932,0.7781,True,,True,,935.0,2.5,9.5
2026-09-24 19:12:42,MLLB_000_y1.0.3,WHITE,v4_white_MLLB_000_y103_0924,2.8,2.808,100,60,52,kaba,True,,38.0,28.0,18.0,964.0,1002.0,1.066,240.782,225.838,0.7779,True,,True,,935.0,2.5,9.5
2026-09-24 19:12:58,MLLB_000_y1.0.3,WHITE,v4_white_MLLB_000_y103_0924,2.8,2.808,100,60,56,kaba,True,,38.0,28.0,18.0,964.0,1002.0,1.066,240.782,225.779,0.7778,True,,True,,935.0,2.5,9.5
2026-09-24 19:13:14,MLLB_000_y1.0.3,WHITE,v4_white_MLLB_000_y103_0924,2.8,2.808,100,60,58,kaba,True,,38.0,28.0,18.0,964.0,1002.0,1.066,240.782,225.913,0.7785,True,,True,,935.0,2.5,9.5
2026-09-24 19:13:14,MLLB_000_y1.0.3,WHITE,v4_white_MLLB_000_y103_0924,2.8,2.808,100,60,13,ince,False,iki-OK-arasi-monotonluk,,,,,,,,,,,,True,,935.0,2.5,9.5
2026-09-24 19:13:14,MLLB_000_y1.0.3,WHITE,v4_white_MLLB_000_y103_0924,2.8,2.808,100,60,14,ince,False,iki-OK-arasi-monotonluk,,,,,,,,,,,,True,,935.0,2.5,9.5
2026-09-24 19:13:14,MLLB_000_y1.0.3,WHITE,v4_white_MLLB_000_y103_0924,2.8,2.808,100,60,15,ince,False,iki-OK-arasi-monotonluk,,,,,,,,,,,,True,,935.0,2.5,9.5
2026-09-24 19:13:14,MLLB_000_y1.0.3,WHITE,v4_white_MLLB_000_y103_0924,2.8,2.808,100,60,17,ince,False,iki-OK-arasi-monotonluk,,,,,,,,,,,,True,,935.0,2.5,9.5
2026-09-24 19:13:14,MLLB_000_y1.0.3,WHITE,v4_white_MLLB_000_y103_0924,2.8,2.808,100,60,18,ince,False,iki-OK-arasi-monotonluk,,,,,,,,,,,,True,,935.0,2.5,9.5
2026-09-24 19:13:14,MLLB_000_y1.0.3,WHITE,v4_white_MLLB_000_y103_0924,2.8,2.808,100,60,19,ince,False,iki-OK-arasi-monotonluk,,,,,,,,,,,,True,,935.0,2.5,9.5
2026-09-24 19:13:14,MLLB_000_y1.0.3,WHITE,v4_white_MLLB_000_y103_0924,2.8,2.808,100,60,21,ince,False,iki-OK-arasi-monotonluk,,,,,,,,,,,,True,,935.0,2.5,9.5
2026-09-24 19:13:14,MLLB_000_y1.0.3,WHITE,v4_white_MLLB_000_y103_0924,2.8,2.808,100,60,22,ince,False,iki-OK-arasi-monotonluk,,,,,,,,,,,,True,,935.0,2.5,9.5
2026-09-24 19:13:14,MLLB_000_y1.0.3,WHITE,v4_white_MLLB_000_y103_0924,2.8,2.808,100,60,23,ince,False,iki-OK-arasi-monotonluk,,,,,,,,,,,,True,,935.0,2.5,9.5
2026-09-24 19:13:14,MLLB_000_y1.0.3,WHITE,v4_white_MLLB_000_y103_0924,2.8,2.808,100,60,25,ince,False,iki-OK-arasi-monotonluk,,,,,,,,,,,,True,,935.0,2.5,9.5
2026-09-24 19:13:14,MLLB_000_y1.0.3,WHITE,v4_white_MLLB_000_y103_0924,2.8,2.808,100,60,26,ince,False,iki-OK-arasi-monotonluk,,,,,,,,,,,,True,,935.0,2.5,9.5
2026-09-24 19:13:14,MLLB_000_y1.0.3,WHITE,v4_white_MLLB_000_y103_0924,2.8,2.808,100,60,27,ince,False,iki-OK-arasi-monotonluk,,,,,,,,,,,,True,,935.0,2.5,9.5
2026-09-24 19:13:14,MLLB_000_y1.0.3,WHITE,v4_white_MLLB_000_y103_0924,2.8,2.808,100,60,29,ince,False,iki-OK-arasi-monotonluk,,,,,,,,,,,,True,,935.0,2.5,9.5
2026-09-24 19:13:14,MLLB_000_y1.0.3,WHITE,v4_white_MLLB_000_y103_0924,2.8,2.808,100,60,30,ince,False,iki-OK-arasi-monotonluk,,,,,,,,,,,,True,,935.0,2.5,9.5
2026-09-24 19:13:14,MLLB_000_y1.0.3,WHITE,v4_white_MLLB_000_y103_0924,2.8,2.808,100,60,31,ince,False,iki-OK-arasi-monotonluk,,,,,,,,,,,,True,,935.0,2.5,9.5
2026-09-24 19:13:14,MLLB_000_y1.0.3,WHITE,v4_white_MLLB_000_y103_0924,2.8,2.808,100,60,33,ince,False,iki-OK-arasi-monotonluk,,,,,,,,,,,,True,,935.0,2.5,9.5
2026-09-24 19:13:14,MLLB_000_y1.0.3,WHITE,v4_white_MLLB_000_y103_0924,2.8,2.808,100,60,34,ince,False,iki-OK-arasi-monotonluk,,,,,,,,,,,,True,,935.0,2.5,9.5
2026-09-24 19:13:14,MLLB_000_y1.0.3,WHITE,v4_white_MLLB_000_y103_0924,2.8,2.808,100,60,35,ince,False,iki-OK-arasi-monotonluk,,,,,,,,,,,,True,,935.0,2.5,9.5
2026-09-24 19:13:14,MLLB_000_y1.0.3,WHITE,v4_white_MLLB_000_y103_0924,2.8,2.808,100,60,37,ince,False,iki-OK-arasi-monotonluk,,,,,,,,,,,,True,,935.0,2.5,9.5
2026-09-24 19:13:14,MLLB_000_y1.0.3,WHITE,v4_white_MLLB_000_y103_0924,2.8,2.808,100,60,38,ince,False,iki-OK-arasi-monotonluk,,,,,,,,,,,,True,,935.0,2.5,9.5
2026-09-24 19:13:14,MLLB_000_y1.0.3,WHITE,v4_white_MLLB_000_y103_0924,2.8,2.808,100,60,39,ince,False,iki-OK-arasi-monotonluk,,,,,,,,,,,,True,,935.0,2.5,9.5
2026-09-24 19:13:14,MLLB_000_y1.0.3,WHITE,v4_white_MLLB_000_y103_0924,2.8,2.808,100,60,41,ince,False,iki-OK-arasi-monotonluk,,,,,,,,,,,,True,,935.0,2.5,9.5
2026-09-24 19:13:14,MLLB_000_y1.0.3,WHITE,v4_white_MLLB_000_y103_0924,2.8,2.808,100,60,42,ince,False,iki-OK-arasi-monotonluk,,,,,,,,,,,,True,,935.0,2.5,9.5
2026-09-24 19:13:14,MLLB_000_y1.0.3,WHITE,v4_white_MLLB_000_y103_0924,2.8,2.808,100,60,43,ince,False,iki-OK-arasi-monotonluk,,,,,,,,,,,,True,,935.0,2.5,9.5
2026-09-24 19:13:14,MLLB_000_y1.0.3,WHITE,v4_white_MLLB_000_y103_0924,2.8,2.808,100,60,45,ince,False,iki-OK-arasi-monotonluk,,,,,,,,,,,,True,,935.0,2.5,9.5
2026-09-24 19:13:14,MLLB_000_y1.0.3,WHITE,v4_white_MLLB_000_y103_0924,2.8,2.808,100,60,46,ince,False,iki-OK-arasi-monotonluk,,,,,,,,,,,,True,,935.0,2.5,9.5
2026-09-24 19:13:14,MLLB_000_y1.0.3,WHITE,v4_white_MLLB_000_y103_0924,2.8,2.808,100,60,47,ince,False,iki-OK-arasi-monotonluk,,,,,,,,,,,,True,,935.0,2.5,9.5
2026-09-24 19:13:14,MLLB_000_y1.0.3,WHITE,v4_white_MLLB_000_y103_0924,2.8,2.808,100,60,49,ince,False,iki-OK-arasi-monotonluk,,,,,,,,,,,,True,,935.0,2.5,9.5
2026-09-24 19:13:14,MLLB_000_y1.0.3,WHITE,v4_white_MLLB_000_y103_0924,2.8,2.808,100,60,50,ince,False,iki-OK-arasi-monotonluk,,,,,,,,,,,,True,,935.0,2.5,9.5
2026-09-24 19:13:14,MLLB_000_y1.0.3,WHITE,v4_white_MLLB_000_y103_0924,2.8,2.808,100,60,51,ince,False,iki-OK-arasi-monotonluk,,,,,,,,,,,,True,,935.0,2.5,9.5
2026-09-24 19:13:14,MLLB_000_y1.0.3,WHITE,v4_white_MLLB_000_y103_0924,2.8,2.808,100,60,53,ince,False,iki-OK-arasi-monotonluk,,,,,,,,,,,,True,,935.0,2.5,9.5
2026-09-24 19:13:14,MLLB_000_y1.0.3,WHITE,v4_white_MLLB_000_y103_0924,2.8,2.808,100,60,54,ince,False,iki-OK-arasi-monotonluk,,,,,,,,,,,,True,,935.0,2.5,9.5
2026-09-24 19:13:14,MLLB_000_y1.0.3,WHITE,v4_white_MLLB_000_y103_0924,2.8,2.808,100,60,55,ince,False,iki-OK-arasi-monotonluk,,,,,,,,,,,,True,,935.0,2.5,9.5
2026-09-24 19:13:14,MLLB_000_y1.0.3,WHITE,v4_white_MLLB_000_y103_0924,2.8,2.808,100,60,57,ince,False,iki-OK-arasi-monotonluk,,,,,,,,,,,,True,,935.0,2.5,9.5
2026-09-24 19:13:14,MLLB_000_y1.0.3,WHITE,v4_white_MLLB_000_y103_0924,2.8,2.808,100,60,,bitti,False,,,,,,,,,,,,,,,935.0,2.5,9.5
2026-09-24 19:13:44,MLLB_000_y1.0.3,WHITE,v4_white_MLLB_000_y103_0924,2.6,2.608,6,100,12,kaba,True,,442.0,40.0,418.0,560.0,1002.0,1.105,10.234,9.261,0.7779,True,,False,AKIM,935.0,2.5,9.5
2026-09-24 19:14:00,MLLB_000_y1.0.3,WHITE,v4_white_MLLB_000_y103_0924,2.6,2.608,6,100,16,kaba,True,,356.0,36.0,334.0,646.0,1002.0,1.099,10.279,9.356,0.7778,True,,False,AKIM,935.0,2.5,9.5
2026-09-24 19:14:16,MLLB_000_y1.0.3,WHITE,v4_white_MLLB_000_y103_0924,2.6,2.608,6,100,20,kaba,True,,268.0,36.0,246.0,734.0,1002.0,1.107,10.417,9.412,0.7777,True,,False,AKIM,935.0,2.5,9.5
2026-09-24 19:14:32,MLLB_000_y1.0.3,WHITE,v4_white_MLLB_000_y103_0924,2.6,2.608,6,100,24,kaba,True,,180.0,36.0,158.0,822.0,1002.0,1.09,10.279,9.431,0.7773,True,,False,AKIM,935.0,2.5,9.5
2026-09-24 19:14:44,MLLB_000_y1.0.3,WHITE,v4_white_MLLB_000_y103_0924,2.6,2.608,6,100,28,kaba,True,,90.0,40.0,66.0,912.0,1002.0,1.099,10.417,9.482,0.7781,True,,False,AKIM,935.0,2.5,9.5
2026-09-24 19:15:00,MLLB_000_y1.0.3,WHITE,v4_white_MLLB_000_y103_0924,2.6,2.608,6,100,32,kaba,True,,38.0,28.0,18.0,964.0,1002.0,3.756,35.663,9.494,0.7778,True,,False,AKIM,935.0,2.5,9.5
2026-09-24 19:15:16,MLLB_000_y1.0.3,WHITE,v4_white_MLLB_000_y103_0924,2.6,2.608,6,100,36,kaba,True,,38.0,28.0,18.0,964.0,1002.0,13.091,124.332,9.498,0.7783,True,,False,AKIM,935.0,2.5,9.5
2026-09-24 19:15:32,MLLB_000_y1.0.3,WHITE,v4_white_MLLB_000_y103_0924,2.6,2.608,6,100,29,ince,True,,66.0,38.0,44.0,936.0,1002.0,1.085,10.325,9.515,0.7776,True,,True,,935.0,2.5,9.5
2026-09-24 19:15:48,MLLB_000_y1.0.3,WHITE,v4_white_MLLB_000_y103_0924,2.6,2.608,6,100,30,ince,True,,42.0,42.0,18.0,960.0,1002.0,1.082,10.279,9.498,0.7779,True,,False,AKIM,935.0,2.5,9.5
2026-09-24 19:16:04,MLLB_000_y1.0.3,WHITE,v4_white_MLLB_000_y103_0924,2.6,2.608,6,100,31,ince,True,,38.0,28.0,18.0,964.0,1002.0,1.859,17.688,9.515,0.7773,True,,True,,935.0,2.5,9.5
2026-09-24 19:16:04,MLLB_000_y1.0.3,WHITE,v4_white_MLLB_000_y103_0924,2.6,2.608,6,100,,bitti,False,,,,,,,,,,,,,,,935.0,2.5,9.5
2026-09-24 19:16:20,MLLB_000_y1.0.3,WHITE,v4_white_MLLB_000_y103_0924,2.6,2.608,6,80,12,kaba,True,,486.0,40.0,462.0,516.0,1002.0,1.12,10.325,9.219,0.778,True,,False,AKIM,935.0,2.5,9.5
2026-09-24 19:16:36,MLLB_000_y1.0.3,WHITE,v4_white_MLLB_000_y103_0924,2.6,2.608,6,80,16,kaba,True,,416.0,36.0,394.0,586.0,1002.0,1.1,10.234,9.307,0.7786,True,,False,AKIM,935.0,2.5,9.5
2026-09-24 19:16:52,MLLB_000_y1.0.3,WHITE,v4_white_MLLB_000_y103_0924,2.6,2.608,6,80,20,kaba,True,,346.0,36.0,322.0,656.0,1002.0,1.11,10.417,9.384,0.778,True,,False,AKIM,935.0,2.5,9.5
2026-09-24 19:17:08,MLLB_000_y1.0.3,WHITE,v4_white_MLLB_000_y103_0924,2.6,2.608,6,80,24,kaba,True,,274.0,42.0,250.0,728.0,1002.0,1.098,10.34,9.415,0.778,True,,False,AKIM,935.0,2.5,9.5
2026-09-24 19:17:24,MLLB_000_y1.0.3,WHITE,v4_white_MLLB_000_y103_0924,2.6,2.608,6,80,28,kaba,True,,202.0,42.0,178.0,800.0,1002.0,1.089,10.325,9.477,0.7781,True,,False,AKIM,935.0,2.5,9.5
2026-09-24 19:17:40,MLLB_000_y1.0.3,WHITE,v4_white_MLLB_000_y103_0924,2.6,2.608,6,80,32,kaba,True,,130.0,42.0,106.0,872.0,1002.0,1.081,10.247,9.48,0.7781,True,,False,AKIM,935.0,2.5,9.5
2026-09-24 19:17:56,MLLB_000_y1.0.3,WHITE,v4_white_MLLB_000_y103_0924,2.6,2.608,6,80,36,kaba,True,,54.0,40.0,30.0,948.0,1002.0,1.082,10.289,9.507,0.778,True,,True,,935.0,2.5,9.5
2026-09-24 19:18:12,MLLB_000_y1.0.3,WHITE,v4_white_MLLB_000_y103_0924,2.6,2.608,6,80,40,kaba,True,,46.0,28.0,26.0,956.0,1002.0,5.387,51.249,9.513,0.7774,True,,False,FLAS,935.0,2.5,9.5
2026-09-24 19:18:28,MLLB_000_y1.0.3,WHITE,v4_white_MLLB_000_y103_0924,2.6,2.608,6,80,44,kaba,True,,46.0,28.0,26.0,956.0,1002.0,12.654,120.389,9.514,0.7777,True,,False,FLAS,935.0,2.5,9.5
2026-09-24 19:18:44,MLLB_000_y1.0.3,WHITE,v4_white_MLLB_000_y103_0924,2.6,2.608,6,80,33,ince,True,,110.0,38.0,88.0,892.0,1002.0,1.095,10.417,9.514,0.7785,True,,False,ON,935.0,2.5,9.5
2026-09-24 19:19:00,MLLB_000_y1.0.3,WHITE,v4_white_MLLB_000_y103_0924,2.6,2.608,6,80,34,ince,True,,92.0,36.0,70.0,910.0,1002.0,1.095,10.417,9.509,0.778,True,,False,ON,935.0,2.5,9.5
2026-09-24 19:19:16,MLLB_000_y1.0.3,WHITE,v4_white_MLLB_000_y103_0924,2.6,2.608,6,80,35,ince,True,,74.0,40.0,50.0,928.0,1002.0,1.077,10.234,9.499,0.7778,True,,False,AKIM,935.0,2.5,9.5
2026-09-24 19:19:32,MLLB_000_y1.0.3,WHITE,v4_white_MLLB_000_y103_0924,2.6,2.608,6,80,37,ince,True,,46.0,28.0,26.0,956.0,1002.0,1.138,10.831,9.521,0.7779,True,,True,,935.0,2.5,9.5
2026-09-24 19:19:48,MLLB_000_y1.0.3,WHITE,v4_white_MLLB_000_y103_0924,2.6,2.608,6,80,38,ince,True,,46.0,28.0,26.0,956.0,1002.0,2.661,25.281,9.5,0.7781,True,,False,FLAS,935.0,2.5,9.5
2026-09-24 19:20:04,MLLB_000_y1.0.3,WHITE,v4_white_MLLB_000_y103_0924,2.6,2.608,6,80,39,ince,True,,46.0,28.0,26.0,956.0,1002.0,4.001,37.988,9.495,0.7779,True,,False,AKIM,935.0,2.5,9.5
2026-09-24 19:20:04,MLLB_000_y1.0.3,WHITE,v4_white_MLLB_000_y103_0924,2.6,2.608,6,80,,bitti,False,,,,,,,,,,,,,,,935.0,2.5,9.5
2026-09-24 19:20:20,MLLB_000_y1.0.3,WHITE,v4_white_MLLB_000_y103_0924,2.6,2.608,6,60,12,kaba,True,,530.0,38.0,508.0,472.0,1002.0,1.118,10.257,9.175,0.7777,True,,False,AKIM,935.0,2.5,9.5
2026-09-24 19:20:36,MLLB_000_y1.0.3,WHITE,v4_white_MLLB_000_y103_0924,2.6,2.608,6,60,16,kaba,True,,482.0,42.0,458.0,520.0,1002.0,1.112,10.279,9.244,0.7782,True,,False,AKIM,935.0,2.5,9.5
2026-09-24 19:20:52,MLLB_000_y1.0.3,WHITE,v4_white_MLLB_000_y103_0924,2.6,2.608,6,60,20,kaba,True,,430.0,42.0,406.0,572.0,1002.0,1.106,10.312,9.321,0.778,True,,False,AKIM,935.0,2.5,9.5
2026-09-24 19:21:04,MLLB_000_y1.0.3,WHITE,v4_white_MLLB_000_y103_0924,2.6,2.608,6,60,24,kaba,True,,378.0,40.0,354.0,624.0,1002.0,1.105,10.313,9.335,0.778,True,,False,AKIM,935.0,2.5,9.5
2026-09-24 19:21:20,MLLB_000_y1.0.3,WHITE,v4_white_MLLB_000_y103_0924,2.6,2.608,6,60,28,kaba,True,,326.0,40.0,302.0,676.0,1002.0,1.091,10.234,9.378,0.7777,True,,False,AKIM,935.0,2.5,9.5
2026-09-24 19:21:36,MLLB_000_y1.0.3,WHITE,v4_white_MLLB_000_y103_0924,2.6,2.608,6,60,32,kaba,True,,274.0,40.0,250.0,728.0,1002.0,1.095,10.28,9.39,0.7771,True,,False,AKIM,935.0,2.5,9.5
2026-09-24 19:21:52,MLLB_000_y1.0.3,WHITE,v4_white_MLLB_000_y103_0924,2.6,2.608,6,60,36,kaba,True,,220.0,36.0,198.0,782.0,1002.0,1.1,10.417,9.47,0.7778,True,,False,AKIM,935.0,2.5,9.5
2026-09-24 19:22:08,MLLB_000_y1.0.3,WHITE,v4_white_MLLB_000_y103_0924,2.6,2.608,6,60,40,kaba,True,,168.0,36.0,146.0,834.0,1002.0,1.089,10.279,9.44,0.778,True,,False,AKIM,935.0,2.5,9.5
2026-09-24 19:22:24,MLLB_000_y1.0.3,WHITE,v4_white_MLLB_000_y103_0924,2.6,2.608,6,60,44,kaba,True,,114.0,38.0,92.0,888.0,1002.0,1.08,10.248,9.49,0.7781,True,,False,AKIM,935.0,2.5,9.5
2026-09-24 19:22:40,MLLB_000_y1.0.3,WHITE,v4_white_MLLB_000_y103_0924,2.6,2.608,6,60,48,kaba,True,,60.0,38.0,38.0,942.0,1002.0,1.087,10.342,9.516,0.7774,True,,True,,935.0,2.5,9.5
2026-09-24 19:22:56,MLLB_000_y1.0.3,WHITE,v4_white_MLLB_000_y103_0924,2.6,2.608,6,60,52,kaba,True,,58.0,28.0,38.0,944.0,1002.0,4.321,41.085,9.508,0.7774,True,,False,FLAS,935.0,2.5,9.5
2026-09-24 19:23:08,MLLB_000_y1.0.3,WHITE,v4_white_MLLB_000_y103_0924,2.6,2.608,6,60,56,kaba,True,,58.0,28.0,38.0,944.0,1002.0,10.046,95.357,9.492,0.7781,True,,False,AKIM,935.0,2.5,9.5
2026-09-24 19:23:24,MLLB_000_y1.0.3,WHITE,v4_white_MLLB_000_y103_0924,2.6,2.608,6,60,45,ince,True,,100.0,36.0,78.0,902.0,1002.0,1.08,10.252,9.492,0.7779,True,,False,AKIM,935.0,2.5,9.5
2026-09-24 19:23:40,MLLB_000_y1.0.3,WHITE,v4_white_MLLB_000_y103_0924,2.6,2.608,6,60,46,ince,True,,88.0,36.0,66.0,914.0,1002.0,1.087,10.329,9.502,0.7775,True,,False,ON,935.0,2.5,9.5
2026-09-24 19:23:53,MLLB_000_y1.0.3,WHITE,v4_white_MLLB_000_y103_0924,2.6,2.608,6,60,47,ince,True,,72.0,42.0,50.0,930.0,1002.0,1.1,10.417,9.468,0.7777,True,,False,AKIM,935.0,2.5,9.5
2026-09-24 19:24:08,MLLB_000_y1.0.3,WHITE,v4_white_MLLB_000_y103_0924,2.6,2.608,6,60,49,ince,True,,58.0,28.0,38.0,944.0,1002.0,1.236,11.748,9.501,0.7785,True,,True,,935.0,2.5,9.5
2026-09-24 19:24:24,MLLB_000_y1.0.3,WHITE,v4_white_MLLB_000_y103_0924,2.6,2.608,6,60,50,ince,True,,58.0,28.0,38.0,944.0,1002.0,2.32,22.063,9.51,0.7776,True,,True,,935.0,2.5,9.5
2026-09-24 19:24:40,MLLB_000_y1.0.3,WHITE,v4_white_MLLB_000_y103_0924,2.6,2.608,6,60,51,ince,True,,58.0,28.0,38.0,944.0,1002.0,3.273,31.119,9.508,0.7776,True,,False,FLAS,935.0,2.5,9.5
2026-09-24 19:24:40,MLLB_000_y1.0.3,WHITE,v4_white_MLLB_000_y103_0924,2.6,2.608,6,60,,bitti,False,,,,,,,,,,,,,,,935.0,2.5,9.5
2026-09-24 19:25:02,MLLB_000_y1.0.3,WHITE,v4_white_MLLB_000_y103_0924,2.6,2.608,7,100,12,kaba,True,,362.0,34.0,340.0,640.0,1002.0,1.091,12.625,11.573,0.7779,True,,False,ON,935.0,2.5,9.5
2026-09-24 19:25:18,MLLB_000_y1.0.3,WHITE,v4_white_MLLB_000_y103_0924,2.6,2.608,7,100,16,kaba,True,,292.0,36.0,270.0,710.0,1002.0,1.086,12.671,11.667,0.778,True,,False,ON,935.0,2.5,9.5
2026-09-24 19:25:34,MLLB_000_y1.0.3,WHITE,v4_white_MLLB_000_y103_0924,2.6,2.608,7,100,20,kaba,True,,222.0,34.0,200.0,780.0,1002.0,1.086,12.717,11.71,0.7783,True,,False,ON,935.0,2.5,9.5
2026-09-24 19:25:50,MLLB_000_y1.0.3,WHITE,v4_white_MLLB_000_y103_0924,2.6,2.608,7,100,24,kaba,True,,152.0,36.0,130.0,850.0,1002.0,1.081,12.717,11.761,0.7776,True,,False,ON,935.0,2.5,9.5
2026-09-24 19:26:06,MLLB_000_y1.0.3,WHITE,v4_white_MLLB_000_y103_0924,2.6,2.608,7,100,28,kaba,True,,80.0,36.0,58.0,922.0,1002.0,1.082,12.757,11.789,0.7777,True,,False,ON,935.0,2.5,9.5
2026-09-24 19:26:22,MLLB_000_y1.0.3,WHITE,v4_white_MLLB_000_y103_0924,2.6,2.608,7,100,32,kaba,True,,38.0,28.0,18.0,964.0,1002.0,2.874,33.889,11.79,0.7779,True,,False,FLAS,935.0,2.5,9.5
2026-09-24 19:26:38,MLLB_000_y1.0.3,WHITE,v4_white_MLLB_000_y103_0924,2.6,2.608,7,100,36,kaba,True,,38.0,28.0,18.0,964.0,1002.0,10.348,121.797,11.77,0.7775,True,,False,FLAS,935.0,2.5,9.5
2026-09-24 19:26:54,MLLB_000_y1.0.3,WHITE,v4_white_MLLB_000_y103_0924,2.6,2.608,7,100,29,ince,True,,62.0,34.0,40.0,940.0,1002.0,1.083,12.766,11.784,0.7776,True,,True,,935.0,2.5,9.5
2026-09-24 19:27:10,MLLB_000_y1.0.3,WHITE,v4_white_MLLB_000_y103_0924,2.6,2.608,7,100,30,ince,True,,42.0,40.0,20.0,960.0,1002.0,1.076,12.7,11.804,0.7774,True,,True,,935.0,2.5,9.5
2026-09-24 19:27:26,MLLB_000_y1.0.3,WHITE,v4_white_MLLB_000_y103_0924,2.6,2.608,7,100,31,ince,True,,38.0,28.0,18.0,964.0,1002.0,1.328,15.672,11.805,0.7782,True,,True,,935.0,2.5,9.5
2026-09-24 19:27:26,MLLB_000_y1.0.3,WHITE,v4_white_MLLB_000_y103_0924,2.6,2.608,7,100,,bitti,False,,,,,,,,,,,,,,,935.0,2.5,9.5
2026-09-24 19:27:42,MLLB_000_y1.0.3,WHITE,v4_white_MLLB_000_y103_0924,2.6,2.608,7,80,12,kaba,True,,396.0,36.0,374.0,606.0,1002.0,1.071,12.726,11.884,0.778,True,,False,ON,935.0,2.5,9.5
2026-09-24 19:27:58,MLLB_000_y1.0.3,WHITE,v4_white_MLLB_000_y103_0924,2.6,2.608,7,80,16,kaba,True,,340.0,36.0,318.0,662.0,1002.0,1.092,12.678,11.608,0.7779,True,,False,ON,935.0,2.5,9.5
2026-09-24 19:28:14,MLLB_000_y1.0.3,WHITE,v4_white_MLLB_000_y103_0924,2.6,2.608,7,80,20,kaba,True,,284.0,36.0,262.0,718.0,1002.0,1.088,12.673,11.652,0.7779,True,,False,ON,935.0,2.5,9.5
2026-09-24 19:28:30,MLLB_000_y1.0.3,WHITE,v4_white_MLLB_000_y103_0924,2.6,2.608,7,80,24,kaba,True,,226.0,32.0,206.0,776.0,1002.0,1.091,12.741,11.679,0.778,True,,False,ON,935.0,2.5,9.5
2026-09-24 19:28:46,MLLB_000_y1.0.3,WHITE,v4_white_MLLB_000_y103_0924,2.6,2.608,7,80,28,kaba,True,,170.0,32.0,150.0,832.0,1002.0,1.083,12.717,11.743,0.7776,True,,False,ON,935.0,2.5,9.5
2026-09-24 19:29:02,MLLB_000_y1.0.3,WHITE,v4_white_MLLB_000_y103_0924,2.6,2.608,7,80,32,kaba,True,,112.0,36.0,90.0,890.0,1002.0,1.081,12.731,11.775,0.7779,True,,False,ON,935.0,2.5,9.5
2026-09-24 19:29:18,MLLB_000_y1.0.3,WHITE,v4_white_MLLB_000_y103_0924,2.6,2.608,7,80,36,kaba,True,,52.0,36.0,30.0,950.0,1002.0,1.079,12.734,11.798,0.7781,True,,True,,935.0,2.5,9.5
2026-09-24 19:29:34,MLLB_000_y1.0.3,WHITE,v4_white_MLLB_000_y103_0924,2.6,2.608,7,80,40,kaba,True,,46.0,28.0,26.0,956.0,1002.0,4.251,50.154,11.8,0.7774,True,,False,FLAS,935.0,2.5,9.5
2026-09-24 19:29:50,MLLB_000_y1.0.3,WHITE,v4_white_MLLB_000_y103_0924,2.6,2.608,7,80,44,kaba,True,,46.0,28.0,26.0,956.0,1002.0,10.124,119.527,11.806,0.7776,True,,False,FLAS,935.0,2.5,9.5
2026-09-24 19:30:06,MLLB_000_y1.0.3,WHITE,v4_white_MLLB_000_y103_0924,2.6,2.608,7,80,33,ince,True,,98.0,32.0,78.0,904.0,1002.0,1.077,12.673,11.767,0.7779,True,,False,ON,935.0,2.5,9.5
2026-09-24 19:30:22,MLLB_000_y1.0.3,WHITE,v4_white_MLLB_000_y103_0924,2.6,2.608,7,80,34,ince,True,,84.0,36.0,62.0,918.0,1002.0,1.081,12.739,11.787,0.7779,True,,False,ON,935.0,2.5,9.5
2026-09-24 19:30:38,MLLB_000_y1.0.3,WHITE,v4_white_MLLB_000_y103_0924,2.6,2.608,7,80,35,ince,True,,68.0,36.0,46.0,934.0,1002.0,1.078,12.717,11.798,0.7781,True,,False,ON,935.0,2.5,9.5
2026-09-24 19:30:54,MLLB_000_y1.0.3,WHITE,v4_white_MLLB_000_y103_0924,2.6,2.608,7,80,37,ince,True,,46.0,28.0,26.0,956.0,1002.0,1.075,12.717,11.827,0.7773,True,,True,,935.0,2.5,9.5
2026-09-24 19:31:10,MLLB_000_y1.0.3,WHITE,v4_white_MLLB_000_y103_0924,2.6,2.608,7,80,38,ince,True,,46.0,28.0,26.0,956.0,1002.0,2.073,24.452,11.798,0.7783,True,,True,,935.0,2.5,9.5
2026-09-24 19:31:26,MLLB_000_y1.0.3,WHITE,v4_white_MLLB_000_y103_0924,2.6,2.608,7,80,39,ince,True,,46.0,28.0,26.0,956.0,1002.0,3.074,36.23,11.785,0.7775,True,,False,FLAS,935.0,2.5,9.5
2026-09-24 19:31:26,MLLB_000_y1.0.3,WHITE,v4_white_MLLB_000_y103_0924,2.6,2.608,7,80,,bitti,False,,,,,,,,,,,,,,,935.0,2.5,9.5
2026-09-24 19:31:42,MLLB_000_y1.0.3,WHITE,v4_white_MLLB_000_y103_0924,2.6,2.608,7,60,12,kaba,True,,432.0,36.0,410.0,570.0,1002.0,1.104,12.717,11.517,0.7784,True,,False,ON,935.0,2.5,9.5
2026-09-24 19:31:58,MLLB_000_y1.0.3,WHITE,v4_white_MLLB_000_y103_0924,2.6,2.608,7,60,16,kaba,True,,392.0,36.0,370.0,610.0,1002.0,1.094,12.625,11.541,0.7778,True,,False,ON,935.0,2.5,9.5
2026-09-24 19:32:14,MLLB_000_y1.0.3,WHITE,v4_white_MLLB_000_y103_0924,2.6,2.608,7,60,20,kaba,True,,352.0,34.0,332.0,650.0,1002.0,1.096,12.663,11.556,0.7776,True,,False,ON,935.0,2.5,9.5
2026-09-24 19:32:26,MLLB_000_y1.0.3,WHITE,v4_white_MLLB_000_y103_0924,2.6,2.608,7,60,24,kaba,True,,312.0,36.0,290.0,690.0,1002.0,1.092,12.671,11.602,0.7777,True,,False,ON,935.0,2.5,9.5
2026-09-24 19:32:42,MLLB_000_y1.0.3,WHITE,v4_white_MLLB_000_y103_0924,2.6,2.608,7,60,28,kaba,True,,270.0,32.0,250.0,732.0,1002.0,1.084,12.625,11.651,0.7775,True,,False,ON,935.0,2.5,9.5
2026-09-24 19:32:54,MLLB_000_y1.0.3,WHITE,v4_white_MLLB_000_y103_0924,2.6,2.608,7,60,32,kaba,True,,228.0,36.0,206.0,774.0,1002.0,1.09,12.748,11.696,0.7776,True,,False,ON,935.0,2.5,9.5
2026-09-24 19:33:10,MLLB_000_y1.0.3,WHITE,v4_white_MLLB_000_y103_0924,2.6,2.608,7,60,36,kaba,True,,188.0,38.0,166.0,814.0,1002.0,1.082,12.671,11.708,0.7779,True,,False,ON,935.0,2.5,9.5
2026-09-24 19:33:26,MLLB_000_y1.0.3,WHITE,v4_white_MLLB_000_y103_0924,2.6,2.608,7,60,40,kaba,True,,144.0,36.0,122.0,858.0,1002.0,1.077,12.649,11.741,0.778,True,,False,ON,935.0,2.5,9.5
2026-09-24 19:33:42,MLLB_000_y1.0.3,WHITE,v4_white_MLLB_000_y103_0924,2.6,2.608,7,60,44,kaba,True,,102.0,32.0,82.0,900.0,1002.0,1.081,12.717,11.764,0.7781,True,,False,ON,935.0,2.5,9.5
2026-09-24 19:33:58,MLLB_000_y1.0.3,WHITE,v4_white_MLLB_000_y103_0924,2.6,2.608,7,60,48,kaba,True,,60.0,32.0,38.0,942.0,1002.0,1.079,12.717,11.789,0.7782,True,,True,,935.0,2.5,9.5
2026-09-24 19:34:14,MLLB_000_y1.0.3,WHITE,v4_white_MLLB_000_y103_0924,2.6,2.608,7,60,52,kaba,True,,58.0,28.0,38.0,944.0,1002.0,3.356,39.561,11.788,0.7786,True,,False,FLAS,935.0,2.5,9.5
2026-09-24 19:34:30,MLLB_000_y1.0.3,WHITE,v4_white_MLLB_000_y103_0924,2.6,2.608,7,60,56,kaba,True,,58.0,28.0,38.0,944.0,1002.0,7.982,94.162,11.797,0.7777,True,,False,FLAS,935.0,2.5,9.5
2026-09-24 19:34:46,MLLB_000_y1.0.3,WHITE,v4_white_MLLB_000_y103_0924,2.6,2.608,7,60,45,ince,True,,92.0,36.0,70.0,910.0,1002.0,1.08,12.717,11.778,0.7777,True,,False,ON,935.0,2.5,9.5
2026-09-24 19:35:02,MLLB_000_y1.0.3,WHITE,v4_white_MLLB_000_y103_0924,2.6,2.608,7,60,46,ince,True,,82.0,36.0,58.0,920.0,1002.0,1.078,12.671,11.758,0.7781,True,,False,ON,935.0,2.5,9.5
2026-09-24 19:35:18,MLLB_000_y1.0.3,WHITE,v4_white_MLLB_000_y103_0924,2.6,2.608,7,60,47,ince,True,,70.0,34.0,48.0,932.0,1002.0,1.076,12.697,11.797,0.7779,True,,False,ON,935.0,2.5,9.5
2026-09-24 19:35:34,MLLB_000_y1.0.3,WHITE,v4_white_MLLB_000_y103_0924,2.6,2.608,7,60,49,ince,True,,58.0,28.0,38.0,944.0,1002.0,1.076,12.702,11.8,0.7777,True,,True,,935.0,2.5,9.5
2026-09-24 19:35:50,MLLB_000_y1.0.3,WHITE,v4_white_MLLB_000_y103_0924,2.6,2.608,7,60,50,ince,True,,58.0,28.0,38.0,944.0,1002.0,1.778,21.008,11.818,0.7779,True,,True,,935.0,2.5,9.5
2026-09-24 19:36:06,MLLB_000_y1.0.3,WHITE,v4_white_MLLB_000_y103_0924,2.6,2.608,7,60,51,ince,True,,58.0,28.0,38.0,944.0,1002.0,2.573,30.362,11.802,0.7786,True,,False,FLAS,935.0,2.5,9.5
2026-09-24 19:36:06,MLLB_000_y1.0.3,WHITE,v4_white_MLLB_000_y103_0924,2.6,2.608,7,60,,bitti,False,,,,,,,,,,,,,,,935.0,2.5,9.5
2026-09-24 19:36:26,MLLB_000_y1.0.3,WHITE,v4_white_MLLB_000_y103_0924,2.6,2.608,8,100,12,kaba,True,,304.0,36.0,284.0,698.0,1002.0,1.088,15.187,13.956,0.7786,True,,False,ON,935.0,2.5,9.5
2026-09-24 19:36:38,MLLB_000_y1.0.3,WHITE,v4_white_MLLB_000_y103_0924,2.6,2.608,8,100,16,kaba,True,,248.0,34.0,228.0,754.0,1002.0,1.062,15.199,14.314,0.7786,True,,False,ON,935.0,2.5,9.5
2026-09-24 19:36:54,MLLB_000_y1.0.3,WHITE,v4_white_MLLB_000_y103_0924,2.6,2.608,8,100,20,kaba,True,,190.0,32.0,170.0,812.0,1002.0,1.083,15.234,14.068,0.7785,True,,False,ON,935.0,2.5,9.5
2026-09-24 19:37:10,MLLB_000_y1.0.3,WHITE,v4_white_MLLB_000_y103_0924,2.6,2.608,8,100,24,kaba,True,,132.0,32.0,110.0,870.0,1002.0,1.081,15.234,14.099,0.7782,True,,False,ON,935.0,2.5,9.5
2026-09-24 19:37:26,MLLB_000_y1.0.3,WHITE,v4_white_MLLB_000_y103_0924,2.6,2.608,8,100,28,kaba,True,,74.0,34.0,52.0,928.0,1002.0,1.077,15.234,14.149,0.7778,True,,False,ON,935.0,2.5,9.5
2026-09-24 19:37:42,MLLB_000_y1.0.3,WHITE,v4_white_MLLB_000_y103_0924,2.6,2.608,8,100,32,kaba,True,,38.0,28.0,18.0,964.0,1002.0,2.308,32.64,14.141,0.7777,True,,True,,935.0,2.5,9.5
2026-09-24 19:37:58,MLLB_000_y1.0.3,WHITE,v4_white_MLLB_000_y103_0924,2.6,2.608,8,100,36,kaba,True,,38.0,28.0,18.0,964.0,1002.0,8.717,123.303,14.146,0.7775,True,,False,FLAS,935.0,2.5,9.5
2026-09-24 19:38:14,MLLB_000_y1.0.3,WHITE,v4_white_MLLB_000_y103_0924,2.6,2.608,8,100,29,ince,True,,58.0,32.0,38.0,944.0,1002.0,1.074,15.234,14.184,0.7781,True,,True,,935.0,2.5,9.5
2026-09-24 19:38:26,MLLB_000_y1.0.3,WHITE,v4_white_MLLB_000_y103_0924,2.6,2.608,8,100,30,ince,True,,42.0,34.0,20.0,960.0,1002.0,1.076,15.234,14.164,0.7782,True,,True,,935.0,2.5,9.5
2026-09-24 19:38:42,MLLB_000_y1.0.3,WHITE,v4_white_MLLB_000_y103_0924,2.6,2.608,8,100,31,ince,True,,38.0,28.0,18.0,964.0,1002.0,1.077,15.234,14.146,0.7781,True,,True,,935.0,2.5,9.5
2026-09-24 19:38:58,MLLB_000_y1.0.3,WHITE,v4_white_MLLB_000_y103_0924,2.6,2.608,8,100,33,ince,True,,38.0,28.0,18.0,964.0,1002.0,3.439,48.684,14.155,0.778,True,,False,FLAS,935.0,2.5,9.5
2026-09-24 19:39:14,MLLB_000_y1.0.3,WHITE,v4_white_MLLB_000_y103_0924,2.6,2.608,8,100,34,ince,True,,38.0,28.0,18.0,964.0,1002.0,6.264,88.656,14.154,0.7782,True,,False,FLAS,935.0,2.5,9.5
2026-09-24 19:39:30,MLLB_000_y1.0.3,WHITE,v4_white_MLLB_000_y103_0924,2.6,2.608,8,100,35,ince,True,,38.0,28.0,18.0,964.0,1002.0,7.59,107.461,14.159,0.7778,True,,False,FLAS,935.0,2.5,9.5
2026-09-24 19:39:31,MLLB_000_y1.0.3,WHITE,v4_white_MLLB_000_y103_0924,2.6,2.608,8,100,,bitti,False,,,,,,,,,,,,,,,935.0,2.5,9.5
2026-09-24 19:39:46,MLLB_000_y1.0.3,WHITE,v4_white_MLLB_000_y103_0924,2.6,2.608,8,80,12,kaba,True,,332.0,34.0,312.0,670.0,1002.0,1.095,15.234,13.911,0.7785,True,,False,ON,935.0,2.5,9.5
2026-09-24 19:40:02,MLLB_000_y1.0.3,WHITE,v4_white_MLLB_000_y103_0924,2.6,2.608,8,80,16,kaba,True,,288.0,36.0,266.0,714.0,1002.0,1.089,15.234,13.985,0.7779,True,,False,ON,935.0,2.5,9.5
2026-09-24 19:40:18,MLLB_000_y1.0.3,WHITE,v4_white_MLLB_000_y103_0924,2.6,2.608,8,80,20,kaba,True,,242.0,34.0,220.0,760.0,1002.0,1.086,15.234,14.023,0.7783,True,,False,ON,935.0,2.5,9.5
2026-09-24 19:40:34,MLLB_000_y1.0.3,WHITE,v4_white_MLLB_000_y103_0924,2.6,2.608,8,80,24,kaba,True,,194.0,32.0,174.0,808.0,1002.0,1.084,15.234,14.059,0.7784,True,,False,ON,935.0,2.5,9.5
2026-09-24 19:40:50,MLLB_000_y1.0.3,WHITE,v4_white_MLLB_000_y103_0924,2.6,2.608,8,80,28,kaba,True,,148.0,32.0,126.0,854.0,1002.0,1.08,15.234,14.105,0.7783,True,,False,ON,935.0,2.5,9.5
2026-09-24 19:41:06,MLLB_000_y1.0.3,WHITE,v4_white_MLLB_000_y103_0924,2.6,2.608,8,80,32,kaba,True,,100.0,36.0,78.0,902.0,1002.0,1.079,15.234,14.121,0.7783,True,,False,ON,935.0,2.5,9.5
2026-09-24 19:41:22,MLLB_000_y1.0.3,WHITE,v4_white_MLLB_000_y103_0924,2.6,2.608,8,80,36,kaba,True,,52.0,38.0,30.0,950.0,1002.0,1.072,15.156,14.143,0.7783,True,,True,,935.0,2.5,9.5
2026-09-24 19:41:38,MLLB_000_y1.0.3,WHITE,v4_white_MLLB_000_y103_0924,2.6,2.608,8,80,40,kaba,True,,46.0,28.0,26.0,956.0,1002.0,3.487,49.306,14.141,0.7782,True,,False,FLAS,935.0,2.5,9.5
2026-09-24 19:41:54,MLLB_000_y1.0.3,WHITE,v4_white_MLLB_000_y103_0924,2.6,2.608,8,80,44,kaba,True,,46.0,28.0,26.0,956.0,1002.0,8.499,120.282,14.153,0.778,True,,False,FLAS,935.0,2.5,9.5
2026-09-24 19:42:10,MLLB_000_y1.0.3,WHITE,v4_white_MLLB_000_y103_0924,2.6,2.608,8,80,33,ince,True,,88.0,34.0,68.0,914.0,1002.0,1.077,15.234,14.14,0.7786,True,,False,ON,935.0,2.5,9.5
2026-09-24 19:42:26,MLLB_000_y1.0.3,WHITE,v4_white_MLLB_000_y103_0924,2.6,2.608,8,80,34,ince,True,,76.0,34.0,56.0,926.0,1002.0,1.076,15.234,14.161,0.7777,True,,False,ON,935.0,2.5,9.5
2026-09-24 19:42:42,MLLB_000_y1.0.3,WHITE,v4_white_MLLB_000_y103_0924,2.6,2.608,8,80,35,ince,True,,64.0,34.0,44.0,938.0,1002.0,1.075,15.234,14.165,0.778,True,,True,,935.0,2.5,9.5
2026-09-24 19:42:58,MLLB_000_y1.0.3,WHITE,v4_white_MLLB_000_y103_0924,2.6,2.608,8,80,37,ince,True,,46.0,28.0,26.0,956.0,1002.0,1.075,15.234,14.169,0.7782,True,,True,,935.0,2.5,9.5
2026-09-24 19:43:14,MLLB_000_y1.0.3,WHITE,v4_white_MLLB_000_y103_0924,2.6,2.608,8,80,38,ince,True,,46.0,28.0,26.0,956.0,1002.0,1.655,23.417,14.149,0.7782,True,,True,,935.0,2.5,9.5
2026-09-24 19:43:30,MLLB_000_y1.0.3,WHITE,v4_white_MLLB_000_y103_0924,2.6,2.608,8,80,39,ince,True,,46.0,28.0,26.0,956.0,1002.0,2.552,36.139,14.161,0.778,True,,False,FLAS,935.0,2.5,9.5
2026-09-24 19:43:30,MLLB_000_y1.0.3,WHITE,v4_white_MLLB_000_y103_0924,2.6,2.608,8,80,,bitti,False,,,,,,,,,,,,,,,935.0,2.5,9.5
2026-09-24 19:43:46,MLLB_000_y1.0.3,WHITE,v4_white_MLLB_000_y103_0924,2.6,2.608,8,60,12,kaba,True,,364.0,32.0,342.0,638.0,1002.0,1.095,15.234,13.918,0.7778,True,,False,ON,935.0,2.5,9.5
2026-09-24 19:44:02,MLLB_000_y1.0.3,WHITE,v4_white_MLLB_000_y103_0924,2.6,2.608,8,60,16,kaba,True,,330.0,32.0,310.0,672.0,1002.0,1.092,15.234,13.948,0.7779,True,,False,ON,935.0,2.5,9.5
2026-09-24 19:44:18,MLLB_000_y1.0.3,WHITE,v4_white_MLLB_000_y103_0924,2.6,2.608,8,60,20,kaba,True,,298.0,32.0,278.0,704.0,1002.0,1.089,15.234,13.987,0.7777,True,,False,ON,935.0,2.5,9.5
2026-09-24 19:44:34,MLLB_000_y1.0.3,WHITE,v4_white_MLLB_000_y103_0924,2.6,2.608,8,60,24,kaba,True,,264.0,34.0,244.0,738.0,1002.0,1.087,15.234,14.017,0.7783,True,,False,ON,935.0,2.5,9.5
2026-09-24 19:44:50,MLLB_000_y1.0.3,WHITE,v4_white_MLLB_000_y103_0924,2.6,2.608,8,60,28,kaba,True,,232.0,32.0,210.0,770.0,1002.0,1.081,15.197,14.061,0.7781,True,,False,ON,935.0,2.5,9.5
2026-09-24 19:45:06,MLLB_000_y1.0.3,WHITE,v4_white_MLLB_000_y103_0924,2.6,2.608,8,60,32,kaba,True,,198.0,34.0,176.0,804.0,1002.0,1.081,15.234,14.091,0.7782,True,,False,ON,935.0,2.5,9.5
2026-09-24 19:45:22,MLLB_000_y1.0.3,WHITE,v4_white_MLLB_000_y103_0924,2.6,2.608,8,60,36,kaba,True,,164.0,32.0,142.0,838.0,1002.0,1.08,15.234,14.099,0.7781,True,,False,ON,935.0,2.5,9.5
2026-09-24 19:45:38,MLLB_000_y1.0.3,WHITE,v4_white_MLLB_000_y103_0924,2.6,2.608,8,60,40,kaba,True,,128.0,34.0,108.0,874.0,1002.0,1.08,15.275,14.138,0.7784,True,,False,ON,935.0,2.5,9.5
2026-09-24 19:45:54,MLLB_000_y1.0.3,WHITE,v4_white_MLLB_000_y103_0924,2.6,2.608,8,60,44,kaba,True,,94.0,32.0,74.0,908.0,1002.0,1.076,15.21,14.137,0.7781,True,,False,ON,935.0,2.5,9.5
2026-09-24 19:46:10,MLLB_000_y1.0.3,WHITE,v4_white_MLLB_000_y103_0924,2.6,2.608,8,60,48,kaba,True,,60.0,32.0,38.0,942.0,1002.0,1.077,15.234,14.144,0.7781,True,,True,,935.0,2.5,9.5
2026-09-24 19:46:26,MLLB_000_y1.0.3,WHITE,v4_white_MLLB_000_y103_0924,2.6,2.608,8,60,52,kaba,True,,58.0,28.0,38.0,944.0,1002.0,2.803,39.77,14.189,0.7778,True,,False,FLAS,935.0,2.5,9.5
2026-09-24 19:46:42,MLLB_000_y1.0.3,WHITE,v4_white_MLLB_000_y103_0924,2.6,2.608,8,60,56,kaba,True,,58.0,28.0,38.0,944.0,1002.0,6.757,95.732,14.167,0.7774,True,,False,FLAS,935.0,2.5,9.5
2026-09-24 19:46:58,MLLB_000_y1.0.3,WHITE,v4_white_MLLB_000_y103_0924,2.6,2.608,8,60,45,ince,True,,86.0,32.0,66.0,916.0,1002.0,1.078,15.234,14.129,0.7779,True,,False,ON,935.0,2.5,9.5
2026-09-24 19:47:14,MLLB_000_y1.0.3,WHITE,v4_white_MLLB_000_y103_0924,2.6,2.608,8,60,46,ince,True,,78.0,34.0,56.0,924.0,1002.0,1.075,15.234,14.167,0.7781,True,,False,ON,935.0,2.5,9.5
2026-09-24 19:47:30,MLLB_000_y1.0.3,WHITE,v4_white_MLLB_000_y103_0924,2.6,2.608,8,60,47,ince,True,,68.0,38.0,46.0,934.0,1002.0,1.077,15.234,14.144,0.7782,True,,False,ON,935.0,2.5,9.5
2026-09-24 19:47:46,MLLB_000_y1.0.3,WHITE,v4_white_MLLB_000_y103_0924,2.6,2.608,8,60,49,ince,True,,58.0,28.0,38.0,944.0,1002.0,1.077,15.234,14.148,0.7782,True,,True,,935.0,2.5,9.5
2026-09-24 19:48:02,MLLB_000_y1.0.3,WHITE,v4_white_MLLB_000_y103_0924,2.6,2.608,8,60,50,ince,True,,58.0,28.0,38.0,944.0,1002.0,1.469,20.749,14.124,0.7781,True,,True,,935.0,2.5,9.5
2026-09-24 19:48:18,MLLB_000_y1.0.3,WHITE,v4_white_MLLB_000_y103_0924,2.6,2.608,8,60,51,ince,True,,58.0,28.0,38.0,944.0,1002.0,2.123,30.009,14.134,0.7778,True,,True,,935.0,2.5,9.5
2026-09-24 19:48:18,MLLB_000_y1.0.3,WHITE,v4_white_MLLB_000_y103_0924,2.6,2.608,8,60,,bitti,False,,,,,,,,,,,,,,,935.0,2.5,9.5
2026-09-24 19:48:40,MLLB_000_y1.0.3,WHITE,v4_white_MLLB_000_y103_0924,2.6,2.608,10,100,12,kaba,True,,236.0,32.0,214.0,766.0,1002.0,1.08,20.172,18.676,0.7779,True,,False,ON,935.0,2.5,9.5
2026-09-24 19:48:56,MLLB_000_y1.0.3,WHITE,v4_white_MLLB_000_y103_0924,2.6,2.608,10,100,16,kaba,True,,192.0,34.0,174.0,810.0,1002.0,1.076,20.172,18.741,0.7781,True,,False,ON,935.0,2.5,9.5
2026-09-24 19:49:12,MLLB_000_y1.0.3,WHITE,v4_white_MLLB_000_y103_0924,2.6,2.608,10,100,20,kaba,True,,150.0,32.0,130.0,852.0,1002.0,1.074,20.172,18.774,0.7778,True,,False,ON,935.0,2.5,9.5
2026-09-24 19:49:28,MLLB_000_y1.0.3,WHITE,v4_white_MLLB_000_y103_0924,2.6,2.608,10,100,24,kaba,True,,108.0,30.0,88.0,894.0,1002.0,1.074,20.193,18.807,0.7779,True,,False,ON,935.0,2.5,9.5
2026-09-24 19:49:44,MLLB_000_y1.0.3,WHITE,v4_white_MLLB_000_y103_0924,2.6,2.608,10,100,28,kaba,True,,64.0,30.0,44.0,938.0,1002.0,1.073,20.22,18.837,0.7779,True,,True,,935.0,2.5,9.5
2026-09-24 19:50:00,MLLB_000_y1.0.3,WHITE,v4_white_MLLB_000_y103_0924,2.6,2.608,10,100,32,kaba,True,,38.0,28.0,18.0,964.0,1002.0,1.722,32.482,18.868,0.7781,True,,True,,935.0,2.5,9.5
2026-09-24 19:50:16,MLLB_000_y1.0.3,WHITE,v4_white_MLLB_000_y103_0924,2.6,2.608,10,100,36,kaba,True,,38.0,28.0,18.0,964.0,1002.0,6.457,121.792,18.862,0.7778,True,,False,FLAS,935.0,2.5,9.5
2026-09-24 19:50:32,MLLB_000_y1.0.3,WHITE,v4_white_MLLB_000_y103_0924,2.6,2.608,10,100,25,ince,True,,96.0,32.0,74.0,906.0,1002.0,1.072,20.172,18.82,0.778,True,,False,ON,935.0,2.5,9.5
2026-09-24 19:50:48,MLLB_000_y1.0.3,WHITE,v4_white_MLLB_000_y103_0924,2.6,2.608,10,100,26,ince,True,,86.0,32.0,66.0,916.0,1002.0,1.07,20.172,18.855,0.7777,True,,False,ON,935.0,2.5,9.5
2026-09-24 19:51:04,MLLB_000_y1.0.3,WHITE,v4_white_MLLB_000_y103_0924,2.6,2.608,10,100,27,ince,True,,76.0,32.0,54.0,926.0,1002.0,1.07,20.172,18.848,0.7783,True,,False,ON,935.0,2.5,9.5
2026-09-24 19:51:04,MLLB_000_y1.0.3,WHITE,v4_white_MLLB_000_y103_0924,2.6,2.608,10,100,29,ince,False,iki-OK-arasi-monotonluk,,,,,,,,,,,,True,,935.0,2.5,9.5
2026-09-24 19:51:04,MLLB_000_y1.0.3,WHITE,v4_white_MLLB_000_y103_0924,2.6,2.608,10,100,30,ince,False,iki-OK-arasi-monotonluk,,,,,,,,,,,,True,,935.0,2.5,9.5
2026-09-24 19:51:04,MLLB_000_y1.0.3,WHITE,v4_white_MLLB_000_y103_0924,2.6,2.608,10,100,31,ince,False,iki-OK-arasi-monotonluk,,,,,,,,,,,,True,,935.0,2.5,9.5
2026-09-24 19:51:20,MLLB_000_y1.0.3,WHITE,v4_white_MLLB_000_y103_0924,2.6,2.608,10,100,33,ince,True,,38.0,28.0,18.0,964.0,1002.0,2.597,48.967,18.856,0.7781,True,,False,FLAS,935.0,2.5,9.5
2026-09-24 19:51:36,MLLB_000_y1.0.3,WHITE,v4_white_MLLB_000_y103_0924,2.6,2.608,10,100,34,ince,True,,38.0,28.0,18.0,964.0,1002.0,4.705,88.656,18.844,0.7779,True,,False,FLAS,935.0,2.5,9.5
2026-09-24 19:51:52,MLLB_000_y1.0.3,WHITE,v4_white_MLLB_000_y103_0924,2.6,2.608,10,100,35,ince,True,,38.0,28.0,18.0,964.0,1002.0,5.657,106.707,18.864,0.7781,True,,False,FLAS,935.0,2.5,9.5
2026-09-24 19:51:52,MLLB_000_y1.0.3,WHITE,v4_white_MLLB_000_y103_0924,2.6,2.608,10,100,,bitti,False,,,,,,,,,,,,,,,935.0,2.5,9.5
2026-09-24 19:52:08,MLLB_000_y1.0.3,WHITE,v4_white_MLLB_000_y103_0924,2.6,2.608,10,80,12,kaba,True,,256.0,30.0,236.0,746.0,1002.0,1.081,20.196,18.681,0.7775,True,,False,ON,935.0,2.5,9.5
2026-09-24 19:52:24,MLLB_000_y1.0.3,WHITE,v4_white_MLLB_000_y103_0924,2.6,2.608,10,80,16,kaba,True,,224.0,32.0,202.0,778.0,1002.0,1.08,20.195,18.702,0.7781,True,,False,ON,935.0,2.5,9.5
2026-09-24 19:52:40,MLLB_000_y1.0.3,WHITE,v4_white_MLLB_000_y103_0924,2.6,2.608,10,80,20,kaba,True,,188.0,30.0,168.0,814.0,1002.0,1.078,20.19,18.731,0.7779,True,,False,ON,935.0,2.5,9.5
2026-09-24 19:52:56,MLLB_000_y1.0.3,WHITE,v4_white_MLLB_000_y103_0924,2.6,2.608,10,80,24,kaba,True,,156.0,32.0,134.0,846.0,1002.0,1.075,20.172,18.766,0.7784,True,,False,ON,935.0,2.5,9.5
2026-09-24 19:53:12,MLLB_000_y1.0.3,WHITE,v4_white_MLLB_000_y103_0924,2.6,2.608,10,80,28,kaba,True,,120.0,30.0,100.0,882.0,1002.0,1.073,20.172,18.799,0.7778,True,,False,ON,935.0,2.5,9.5
2026-09-24 19:53:28,MLLB_000_y1.0.3,WHITE,v4_white_MLLB_000_y103_0924,2.6,2.608,10,80,32,kaba,True,,86.0,32.0,66.0,916.0,1002.0,1.072,20.172,18.811,0.7783,True,,False,ON,935.0,2.5,9.5
2026-09-24 19:53:44,MLLB_000_y1.0.3,WHITE,v4_white_MLLB_000_y103_0924,2.6,2.608,10,80,36,kaba,True,,50.0,32.0,30.0,952.0,1002.0,1.072,20.2,18.85,0.778,True,,True,,935.0,2.5,9.5
2026-09-24 19:54:00,MLLB_000_y1.0.3,WHITE,v4_white_MLLB_000_y103_0924,2.6,2.608,10,80,40,kaba,True,,46.0,28.0,26.0,956.0,1002.0,2.582,48.684,18.852,0.778,True,,False,FLAS,935.0,2.5,9.5
2026-09-24 19:54:16,MLLB_000_y1.0.3,WHITE,v4_white_MLLB_000_y103_0924,2.6,2.608,10,80,44,kaba,True,,46.0,28.0,26.0,956.0,1002.0,6.264,118.19,18.868,0.7782,True,,False,FLAS,935.0,2.5,9.5
2026-09-24 19:54:32,MLLB_000_y1.0.3,WHITE,v4_white_MLLB_000_y103_0924,2.6,2.608,10,80,33,ince,True,,76.0,30.0,56.0,926.0,1002.0,1.072,20.172,18.823,0.7784,True,,False,ON,935.0,2.5,9.5
2026-09-24 19:54:48,MLLB_000_y1.0.3,WHITE,v4_white_MLLB_000_y103_0924,2.6,2.608,10,80,34,ince,True,,68.0,30.0,48.0,934.0,1002.0,1.071,20.179,18.849,0.7778,True,,False,ON,935.0,2.5,9.5
2026-09-24 19:55:04,MLLB_000_y1.0.3,WHITE,v4_white_MLLB_000_y103_0924,2.6,2.608,10,80,35,ince,True,,60.0,32.0,38.0,942.0,1002.0,1.072,20.172,18.823,0.7773,True,,True,,935.0,2.5,9.5
2026-09-24 19:55:20,MLLB_000_y1.0.3,WHITE,v4_white_MLLB_000_y103_0924,2.6,2.608,10,80,37,ince,True,,46.0,28.0,26.0,956.0,1002.0,1.072,20.178,18.817,0.7772,True,,True,,935.0,2.5,9.5
2026-09-24 19:55:32,MLLB_000_y1.0.3,WHITE,v4_white_MLLB_000_y103_0924,2.6,2.608,10,80,38,ince,True,,46.0,28.0,26.0,956.0,1002.0,1.209,22.784,18.849,0.7777,True,,True,,935.0,2.5,9.5
2026-09-24 19:55:48,MLLB_000_y1.0.3,WHITE,v4_white_MLLB_000_y103_0924,2.6,2.608,10,80,39,ince,True,,46.0,28.0,26.0,956.0,1002.0,1.9,35.766,18.826,0.778,True,,True,,935.0,2.5,9.5
2026-09-24 19:55:48,MLLB_000_y1.0.3,WHITE,v4_white_MLLB_000_y103_0924,2.6,2.608,10,80,,bitti,False,,,,,,,,,,,,,,,935.0,2.5,9.5
2026-09-24 19:56:04,MLLB_000_y1.0.3,WHITE,v4_white_MLLB_000_y103_0924,2.6,2.608,10,60,12,kaba,True,,280.0,30.0,260.0,722.0,1002.0,1.085,20.196,18.62,0.7775,True,,False,ON,935.0,2.5,9.5
2026-09-24 19:56:20,MLLB_000_y1.0.3,WHITE,v4_white_MLLB_000_y103_0924,2.6,2.608,10,60,16,kaba,True,,256.0,30.0,236.0,746.0,1002.0,1.083,20.211,18.669,0.7777,True,,False,ON,935.0,2.5,9.5
2026-09-24 19:56:36,MLLB_000_y1.0.3,WHITE,v4_white_MLLB_000_y103_0924,2.6,2.608,10,60,20,kaba,True,,232.0,32.0,210.0,770.0,1002.0,1.083,20.22,18.668,0.7784,True,,False,ON,935.0,2.5,9.5
2026-09-24 19:56:52,MLLB_000_y1.0.3,WHITE,v4_white_MLLB_000_y103_0924,2.6,2.608,10,60,24,kaba,True,,208.0,30.0,188.0,794.0,1002.0,1.079,20.172,18.701,0.7774,True,,False,ON,935.0,2.5,9.5
2026-09-24 19:57:08,MLLB_000_y1.0.3,WHITE,v4_white_MLLB_000_y103_0924,2.6,2.608,10,60,28,kaba,True,,184.0,30.0,164.0,818.0,1002.0,1.077,20.172,18.737,0.7778,True,,False,ON,935.0,2.5,9.5
2026-09-24 19:57:24,MLLB_000_y1.0.3,WHITE,v4_white_MLLB_000_y103_0924,2.6,2.608,10,60,32,kaba,True,,158.0,32.0,138.0,844.0,1002.0,1.076,20.172,18.745,0.778,True,,False,ON,935.0,2.5,9.5
2026-09-24 19:57:40,MLLB_000_y1.0.3,WHITE,v4_white_MLLB_000_y103_0924,2.6,2.608,10,60,36,kaba,True,,134.0,32.0,114.0,868.0,1002.0,1.073,20.172,18.8,0.778,True,,False,ON,935.0,2.5,9.5
2026-09-24 19:57:56,MLLB_000_y1.0.3,WHITE,v4_white_MLLB_000_y103_0924,2.6,2.608,10,60,40,kaba,True,,108.0,30.0,88.0,894.0,1002.0,1.074,20.22,18.82,0.7782,True,,False,ON,935.0,2.5,9.5
2026-09-24 19:58:12,MLLB_000_y1.0.3,WHITE,v4_white_MLLB_000_y103_0924,2.6,2.608,10,60,44,kaba,True,,84.0,30.0,64.0,918.0,1002.0,1.072,20.22,18.854,0.7784,True,,False,ON,935.0,2.5,9.5
2026-09-24 19:58:28,MLLB_000_y1.0.3,WHITE,v4_white_MLLB_000_y103_0924,2.6,2.608,10,60,48,kaba,True,,58.0,32.0,38.0,944.0,1002.0,1.073,20.22,18.84,0.778,True,,True,,935.0,2.5,9.5
2026-09-24 19:58:44,MLLB_000_y1.0.3,WHITE,v4_white_MLLB_000_y103_0924,2.6,2.608,10,60,52,kaba,True,,58.0,28.0,38.0,944.0,1002.0,2.051,38.619,18.834,0.7789,True,,True,,935.0,2.5,9.5
2026-09-24 19:59:00,MLLB_000_y1.0.3,WHITE,v4_white_MLLB_000_y103_0924,2.6,2.608,10,60,56,kaba,True,,58.0,28.0,38.0,944.0,1002.0,4.941,93.164,18.856,0.7776,True,,False,FLAS,935.0,2.5,9.5
2026-09-24 19:59:16,MLLB_000_y1.0.3,WHITE,v4_white_MLLB_000_y103_0924,2.6,2.608,10,60,58,kaba,True,,58.0,28.0,38.0,944.0,1002.0,5.663,106.707,18.841,0.778,True,,False,FLAS,935.0,2.5,9.5
2026-09-24 19:59:32,MLLB_000_y1.0.3,WHITE,v4_white_MLLB_000_y103_0924,2.6,2.608,10,60,45,ince,True,,78.0,32.0,58.0,924.0,1002.0,1.072,20.176,18.813,0.7789,True,,False,ON,935.0,2.5,9.5
2026-09-24 19:59:48,MLLB_000_y1.0.3,WHITE,v4_white_MLLB_000_y103_0924,2.6,2.608,10,60,46,ince,True,,72.0,32.0,50.0,930.0,1002.0,1.076,20.268,18.838,0.7785,True,,False,ON,935.0,2.5,9.5
2026-09-24 20:00:04,MLLB_000_y1.0.3,WHITE,v4_white_MLLB_000_y103_0924,2.6,2.608,10,60,47,ince,True,,64.0,30.0,44.0,938.0,1002.0,1.076,20.268,18.84,0.7784,True,,True,,935.0,2.5,9.5
2026-09-24 20:00:05,MLLB_000_y1.0.3,WHITE,v4_white_MLLB_000_y103_0924,2.6,2.608,10,60,49,ince,False,iki-OK-arasi-monotonluk,,,,,,,,,,,,True,,935.0,2.5,9.5
2026-09-24 20:00:05,MLLB_000_y1.0.3,WHITE,v4_white_MLLB_000_y103_0924,2.6,2.608,10,60,50,ince,False,iki-OK-arasi-monotonluk,,,,,,,,,,,,True,,935.0,2.5,9.5
2026-09-24 20:00:05,MLLB_000_y1.0.3,WHITE,v4_white_MLLB_000_y103_0924,2.6,2.608,10,60,51,ince,False,iki-OK-arasi-monotonluk,,,,,,,,,,,,True,,935.0,2.5,9.5
2026-09-24 20:00:20,MLLB_000_y1.0.3,WHITE,v4_white_MLLB_000_y103_0924,2.6,2.608,10,60,53,ince,True,,58.0,28.0,38.0,944.0,1002.0,2.538,47.816,18.842,0.7781,True,,False,FLAS,935.0,2.5,9.5
2026-09-24 20:00:36,MLLB_000_y1.0.3,WHITE,v4_white_MLLB_000_y103_0924,2.6,2.608,10,60,54,ince,True,,58.0,28.0,38.0,944.0,1002.0,2.926,55.152,18.848,0.7782,True,,False,FLAS,935.0,2.5,9.5
2026-09-24 20:00:52,MLLB_000_y1.0.3,WHITE,v4_white_MLLB_000_y103_0924,2.6,2.608,10,60,55,ince,True,,58.0,28.0,38.0,944.0,1002.0,4.466,84.152,18.844,0.7772,True,,False,FLAS,935.0,2.5,9.5
2026-09-24 20:00:53,MLLB_000_y1.0.3,WHITE,v4_white_MLLB_000_y103_0924,2.6,2.608,10,60,,bitti,False,,,,,,,,,,,,,,,935.0,2.5,9.5
2026-09-24 20:01:14,MLLB_000_y1.0.3,WHITE,v4_white_MLLB_000_y103_0924,2.6,2.608,15,100,12,kaba,True,,152.0,28.0,134.0,850.0,1002.0,1.075,33.354,31.021,0.7774,True,,False,ON,935.0,2.5,9.5
2026-09-24 20:01:30,MLLB_000_y1.0.3,WHITE,v4_white_MLLB_000_y103_0924,2.6,2.608,15,100,16,kaba,True,,128.0,30.0,108.0,874.0,1002.0,1.073,33.341,31.071,0.7778,True,,False,ON,935.0,2.5,9.5
2026-09-24 20:01:46,MLLB_000_y1.0.3,WHITE,v4_white_MLLB_000_y103_0924,2.6,2.608,15,100,20,kaba,True,,104.0,30.0,84.0,898.0,1002.0,1.073,33.36,31.097,0.7779,True,,False,ON,935.0,2.5,9.5
2026-09-24 20:02:02,MLLB_000_y1.0.3,WHITE,v4_white_MLLB_000_y103_0924,2.6,2.608,15,100,24,kaba,True,,78.0,28.0,58.0,924.0,1002.0,1.071,33.364,31.154,0.7779,True,,False,ON,935.0,2.5,9.5
2026-09-24 20:02:18,MLLB_000_y1.0.3,WHITE,v4_white_MLLB_000_y103_0924,2.6,2.608,15,100,28,kaba,True,,54.0,28.0,34.0,948.0,1002.0,1.068,33.252,31.143,0.7784,True,,True,,935.0,2.5,9.5
2026-09-24 20:02:34,MLLB_000_y1.0.3,WHITE,v4_white_MLLB_000_y103_0924,2.6,2.608,15,100,32,kaba,True,,38.0,28.0,18.0,964.0,1002.0,1.068,33.303,31.188,0.7782,True,,True,,935.0,2.5,9.5
2026-09-24 20:02:50,MLLB_000_y1.0.3,WHITE,v4_white_MLLB_000_y103_0924,2.6,2.608,15,100,36,kaba,True,,38.0,28.0,18.0,964.0,1002.0,3.861,120.341,31.166,0.7785,True,,False,FLAS,935.0,2.5,9.5
2026-09-24 20:03:06,MLLB_000_y1.0.3,WHITE,v4_white_MLLB_000_y103_0924,2.6,2.608,15,100,40,kaba,True,,38.0,28.0,18.0,964.0,1002.0,5.369,167.301,31.161,0.7782,True,,False,FLAS,935.0,2.5,9.5
2026-09-24 20:03:22,MLLB_000_y1.0.3,WHITE,v4_white_MLLB_000_y103_0924,2.6,2.608,15,100,25,ince,True,,72.0,30.0,52.0,930.0,1002.0,1.071,33.352,31.147,0.7781,True,,False,ON,935.0,2.5,9.5
2026-09-24 20:03:38,MLLB_000_y1.0.3,WHITE,v4_white_MLLB_000_y103_0924,2.6,2.608,15,100,26,ince,True,,66.0,28.0,46.0,936.0,1002.0,1.07,33.322,31.152,0.7774,True,,True,,935.0,2.5,9.5
2026-09-24 20:03:54,MLLB_000_y1.0.3,WHITE,v4_white_MLLB_000_y103_0924,2.6,2.608,15,100,27,ince,True,,60.0,30.0,40.0,942.0,1002.0,1.069,33.347,31.188,0.778,True,,True,,935.0,2.5,9.5
2026-09-24 20:03:54,MLLB_000_y1.0.3,WHITE,v4_white_MLLB_000_y103_0924,2.6,2.608,15,100,29,ince,False,iki-OK-arasi-monotonluk,,,,,,,,,,,,True,,935.0,2.5,9.5
2026-09-24 20:03:54,MLLB_000_y1.0.3,WHITE,v4_white_MLLB_000_y103_0924,2.6,2.608,15,100,30,ince,False,iki-OK-arasi-monotonluk,,,,,,,,,,,,True,,935.0,2.5,9.5
2026-09-24 20:03:54,MLLB_000_y1.0.3,WHITE,v4_white_MLLB_000_y103_0924,2.6,2.608,15,100,31,ince,False,iki-OK-arasi-monotonluk,,,,,,,,,,,,True,,935.0,2.5,9.5
2026-09-24 20:04:10,MLLB_000_y1.0.3,WHITE,v4_white_MLLB_000_y103_0924,2.6,2.608,15,100,33,ince,True,,38.0,28.0,18.0,964.0,1002.0,1.563,48.751,31.184,0.778,True,,True,,935.0,2.5,9.5
2026-09-24 20:04:26,MLLB_000_y1.0.3,WHITE,v4_white_MLLB_000_y103_0924,2.6,2.608,15,100,34,ince,True,,38.0,28.0,18.0,964.0,1002.0,2.774,86.5,31.187,0.7784,True,,False,FLAS,935.0,2.5,9.5
2026-09-24 20:04:42,MLLB_000_y1.0.3,WHITE,v4_white_MLLB_000_y103_0924,2.6,2.608,15,100,35,ince,True,,38.0,28.0,18.0,964.0,1002.0,3.423,106.707,31.177,0.7786,True,,False,FLAS,935.0,2.5,9.5
2026-09-24 20:04:42,MLLB_000_y1.0.3,WHITE,v4_white_MLLB_000_y103_0924,2.6,2.608,15,100,,bitti,False,,,,,,,,,,,,,,,935.0,2.5,9.5
2026-09-24 20:04:58,MLLB_000_y1.0.3,WHITE,v4_white_MLLB_000_y103_0924,2.6,2.608,15,80,12,kaba,True,,166.0,28.0,146.0,836.0,1002.0,1.076,33.362,30.997,0.7788,True,,False,ON,935.0,2.5,9.5
2026-09-24 20:05:14,MLLB_000_y1.0.3,WHITE,v4_white_MLLB_000_y103_0924,2.6,2.608,15,80,16,kaba,True,,148.0,32.0,126.0,854.0,1002.0,1.073,33.303,31.042,0.778,True,,False,ON,935.0,2.5,9.5
2026-09-24 20:05:30,MLLB_000_y1.0.3,WHITE,v4_white_MLLB_000_y103_0924,2.6,2.608,15,80,20,kaba,True,,128.0,30.0,108.0,874.0,1002.0,1.074,33.354,31.06,0.778,True,,False,ON,935.0,2.5,9.5
2026-09-24 20:05:46,MLLB_000_y1.0.3,WHITE,v4_white_MLLB_000_y103_0924,2.6,2.608,15,80,24,kaba,True,,108.0,30.0,88.0,894.0,1002.0,1.073,33.354,31.085,0.7781,True,,False,ON,935.0,2.5,9.5
2026-09-24 20:06:02,MLLB_000_y1.0.3,WHITE,v4_white_MLLB_000_y103_0924,2.6,2.608,15,80,28,kaba,True,,88.0,30.0,68.0,914.0,1002.0,1.071,33.33,31.125,0.778,True,,False,ON,935.0,2.5,9.5
2026-09-24 20:06:18,MLLB_000_y1.0.3,WHITE,v4_white_MLLB_000_y103_0924,2.6,2.608,15,80,32,kaba,True,,68.0,30.0,48.0,934.0,1002.0,1.068,33.283,31.168,0.7784,True,,False,ON,935.0,2.5,9.5
2026-09-24 20:06:34,MLLB_000_y1.0.3,WHITE,v4_white_MLLB_000_y103_0924,2.6,2.608,15,80,36,kaba,True,,48.0,30.0,28.0,954.0,1002.0,1.071,33.354,31.156,0.778,True,,True,,935.0,2.5,9.5
2026-09-24 20:06:50,MLLB_000_y1.0.3,WHITE,v4_white_MLLB_000_y103_0924,2.6,2.608,15,80,40,kaba,True,,46.0,28.0,26.0,956.0,1002.0,1.557,48.521,31.171,0.7775,True,,True,,935.0,2.5,9.5
2026-09-24 20:07:02,MLLB_000_y1.0.3,WHITE,v4_white_MLLB_000_y103_0924,2.6,2.608,15,80,44,kaba,True,,46.0,28.0,26.0,956.0,1002.0,3.348,118.772,35.471,0.7778,True,,False,FLAS,935.0,2.5,9.5
2026-09-24 20:07:18,MLLB_000_y1.0.3,WHITE,v4_white_MLLB_000_y103_0924,2.6,2.608,15,80,48,kaba,True,,46.0,28.0,26.0,956.0,1002.0,4.786,149.043,31.143,0.7775,True,,False,FLAS,935.0,2.5,9.5
2026-09-24 20:07:34,MLLB_000_y1.0.3,WHITE,v4_white_MLLB_000_y103_0924,2.6,2.608,15,80,33,ince,True,,64.0,32.0,42.0,938.0,1002.0,1.068,33.306,31.172,0.7777,True,,True,,935.0,2.5,9.5
2026-09-24 20:07:50,MLLB_000_y1.0.3,WHITE,v4_white_MLLB_000_y103_0924,2.6,2.608,15,80,34,ince,True,,58.0,28.0,38.0,944.0,1002.0,1.068,33.303,31.179,0.7782,True,,True,,935.0,2.5,9.5
2026-09-24 20:08:06,MLLB_000_y1.0.3,WHITE,v4_white_MLLB_000_y103_0924,2.6,2.608,15,80,35,ince,True,,52.0,28.0,34.0,950.0,1002.0,1.067,33.252,31.152,0.7778,True,,True,,935.0,2.5,9.5
2026-09-24 20:08:06,MLLB_000_y1.0.3,WHITE,v4_white_MLLB_000_y103_0924,2.6,2.608,15,80,37,ince,False,iki-OK-arasi-monotonluk,,,,,,,,,,,,True,,935.0,2.5,9.5
2026-09-24 20:08:06,MLLB_000_y1.0.3,WHITE,v4_white_MLLB_000_y103_0924,2.6,2.608,15,80,38,ince,False,iki-OK-arasi-monotonluk,,,,,,,,,,,,True,,935.0,2.5,9.5
2026-09-24 20:08:06,MLLB_000_y1.0.3,WHITE,v4_white_MLLB_000_y103_0924,2.6,2.608,15,80,39,ince,False,iki-OK-arasi-monotonluk,,,,,,,,,,,,True,,935.0,2.5,9.5
2026-09-24 20:08:22,MLLB_000_y1.0.3,WHITE,v4_white_MLLB_000_y103_0924,2.6,2.608,15,80,41,ince,True,,46.0,28.0,26.0,956.0,1002.0,2.581,80.433,31.166,0.7778,True,,False,FLAS,935.0,2.5,9.5
2026-09-24 20:08:38,MLLB_000_y1.0.3,WHITE,v4_white_MLLB_000_y103_0924,2.6,2.608,15,80,42,ince,True,,46.0,28.0,26.0,956.0,1002.0,3.156,98.427,31.189,0.7773,True,,False,FLAS,935.0,2.5,9.5
2026-09-24 20:08:54,MLLB_000_y1.0.3,WHITE,v4_white_MLLB_000_y103_0924,2.6,2.608,15,80,43,ince,True,,46.0,28.0,26.0,956.0,1002.0,3.494,108.968,31.187,0.7777,True,,False,FLAS,935.0,2.5,9.5
2026-09-24 20:08:55,MLLB_000_y1.0.3,WHITE,v4_white_MLLB_000_y103_0924,2.6,2.608,15,80,,bitti,False,,,,,,,,,,,,,,,935.0,2.5,9.5
2026-09-24 20:09:10,MLLB_000_y1.0.3,WHITE,v4_white_MLLB_000_y103_0924,2.6,2.608,15,60,12,kaba,True,,180.0,30.0,160.0,822.0,1002.0,1.074,33.303,31.001,0.7782,True,,False,ON,935.0,2.5,9.5
2026-09-24 20:09:26,MLLB_000_y1.0.3,WHITE,v4_white_MLLB_000_y103_0924,2.6,2.608,15,60,16,kaba,True,,168.0,30.0,148.0,834.0,1002.0,1.076,33.335,30.993,0.7785,True,,False,ON,935.0,2.5,9.5
2026-09-24 20:09:42,MLLB_000_y1.0.3,WHITE,v4_white_MLLB_000_y103_0924,2.6,2.608,15,60,20,kaba,True,,154.0,28.0,134.0,848.0,1002.0,1.074,33.345,31.05,0.7777,True,,False,ON,935.0,2.5,9.5
2026-09-24 20:09:58,MLLB_000_y1.0.3,WHITE,v4_white_MLLB_000_y103_0924,2.6,2.608,15,60,24,kaba,True,,140.0,30.0,120.0,862.0,1002.0,1.075,33.378,31.047,0.7777,True,,False,ON,935.0,2.5,9.5
2026-09-24 20:10:14,MLLB_000_y1.0.3,WHITE,v4_white_MLLB_000_y103_0924,2.6,2.608,15,60,28,kaba,True,,126.0,32.0,106.0,876.0,1002.0,1.071,33.281,31.078,0.7784,True,,False,ON,935.0,2.5,9.5
2026-09-24 20:10:30,MLLB_000_y1.0.3,WHITE,v4_white_MLLB_000_y103_0924,2.6,2.608,15,60,32,kaba,True,,112.0,28.0,94.0,890.0,1002.0,1.072,33.32,31.075,0.7778,True,,False,ON,935.0,2.5,9.5
2026-09-24 20:10:46,MLLB_000_y1.0.3,WHITE,v4_white_MLLB_000_y103_0924,2.6,2.608,15,60,36,kaba,True,,100.0,32.0,78.0,902.0,1002.0,1.07,33.303,31.137,0.7776,True,,False,ON,935.0,2.5,9.5
2026-09-24 20:11:02,MLLB_000_y1.0.3,WHITE,v4_white_MLLB_000_y103_0924,2.6,2.608,15,60,40,kaba,True,,86.0,28.0,66.0,916.0,1002.0,1.073,33.425,31.153,0.778,True,,False,ON,935.0,2.5,9.5
2026-09-24 20:11:18,MLLB_000_y1.0.3,WHITE,v4_white_MLLB_000_y103_0924,2.6,2.608,15,60,44,kaba,True,,72.0,30.0,52.0,930.0,1002.0,1.071,33.36,31.158,0.7781,True,,False,ON,935.0,2.5,9.5
2026-09-24 20:11:34,MLLB_000_y1.0.3,WHITE,v4_white_MLLB_000_y103_0924,2.6,2.608,15,60,48,kaba,True,,58.0,28.0,38.0,944.0,1002.0,1.069,33.303,31.153,0.7775,True,,True,,935.0,2.5,9.5
2026-09-24 20:11:50,MLLB_000_y1.0.3,WHITE,v4_white_MLLB_000_y103_0924,2.6,2.608,15,60,52,kaba,True,,58.0,28.0,38.0,944.0,1002.0,1.253,39.037,31.154,0.7779,True,,True,,935.0,2.5,9.5
2026-09-24 20:12:06,MLLB_000_y1.0.3,WHITE,v4_white_MLLB_000_y103_0924,2.6,2.608,15,60,56,kaba,True,,58.0,28.0,38.0,944.0,1002.0,2.657,94.667,35.623,0.7772,True,,False,FLAS,935.0,2.5,9.5
2026-09-24 20:12:22,MLLB_000_y1.0.3,WHITE,v4_white_MLLB_000_y103_0924,2.6,2.608,15,60,58,kaba,True,,58.0,28.0,38.0,944.0,1002.0,3.425,106.707,31.156,0.778,True,,False,FLAS,935.0,2.5,9.5
2026-09-24 20:12:38,MLLB_000_y1.0.3,WHITE,v4_white_MLLB_000_y103_0924,2.6,2.608,15,60,45,ince,True,,68.0,30.0,48.0,934.0,1002.0,1.071,33.354,31.156,0.7773,True,,False,ON,935.0,2.5,9.5
2026-09-24 20:12:54,MLLB_000_y1.0.3,WHITE,v4_white_MLLB_000_y103_0924,2.6,2.608,15,60,46,ince,True,,64.0,30.0,44.0,938.0,1002.0,1.07,33.354,31.173,0.7777,True,,True,,935.0,2.5,9.5
2026-09-24 20:13:10,MLLB_000_y1.0.3,WHITE,v4_white_MLLB_000_y103_0924,2.6,2.608,15,60,47,ince,True,,60.0,28.0,42.0,942.0,1002.0,1.07,33.371,31.178,0.7776,True,,True,,935.0,2.5,9.5
2026-09-24 20:13:10,MLLB_000_y1.0.3,WHITE,v4_white_MLLB_000_y103_0924,2.6,2.608,15,60,49,ince,False,iki-OK-arasi-monotonluk,,,,,,,,,,,,True,,935.0,2.5,9.5
2026-09-24 20:13:10,MLLB_000_y1.0.3,WHITE,v4_white_MLLB_000_y103_0924,2.6,2.608,15,60,50,ince,False,iki-OK-arasi-monotonluk,,,,,,,,,,,,True,,935.0,2.5,9.5
2026-09-24 20:13:10,MLLB_000_y1.0.3,WHITE,v4_white_MLLB_000_y103_0924,2.6,2.608,15,60,51,ince,False,iki-OK-arasi-monotonluk,,,,,,,,,,,,True,,935.0,2.5,9.5
2026-09-24 20:13:26,MLLB_000_y1.0.3,WHITE,v4_white_MLLB_000_y103_0924,2.6,2.608,15,60,53,ince,True,,58.0,28.0,38.0,944.0,1002.0,1.529,47.654,31.164,0.7782,True,,True,,935.0,2.5,9.5
2026-09-24 20:13:42,MLLB_000_y1.0.3,WHITE,v4_white_MLLB_000_y103_0924,2.6,2.608,15,60,54,ince,True,,58.0,28.0,38.0,944.0,1002.0,1.765,55.004,31.171,0.778,True,,True,,935.0,2.5,9.5
2026-09-24 20:13:58,MLLB_000_y1.0.3,WHITE,v4_white_MLLB_000_y103_0924,2.6,2.608,15,60,55,ince,True,,58.0,28.0,38.0,944.0,1002.0,2.701,84.152,31.151,0.7778,True,,False,FLAS,935.0,2.5,9.5
2026-09-24 20:13:59,MLLB_000_y1.0.3,WHITE,v4_white_MLLB_000_y103_0924,2.6,2.608,15,60,,bitti,False,,,,,,,,,,,,,,,935.0,2.5,9.5
2026-09-24 20:14:20,MLLB_000_y1.0.3,WHITE,v4_white_MLLB_000_y103_0924,2.6,2.608,100,100,12,kaba,True,,38.0,28.0,18.0,964.0,1002.0,1.063,237.702,223.577,0.7778,True,,True,,935.0,2.5,9.5
2026-09-24 20:14:36,MLLB_000_y1.0.3,WHITE,v4_white_MLLB_000_y103_0924,2.6,2.608,100,100,16,kaba,True,,38.0,28.0,18.0,964.0,1002.0,1.064,237.819,223.434,0.7781,True,,True,,935.0,2.5,9.5
2026-09-24 20:14:52,MLLB_000_y1.0.3,WHITE,v4_white_MLLB_000_y103_0924,2.6,2.608,100,100,20,kaba,True,,38.0,28.0,18.0,964.0,1002.0,1.064,237.702,223.504,0.7778,True,,True,,935.0,2.5,9.5
2026-09-24 20:15:08,MLLB_000_y1.0.3,WHITE,v4_white_MLLB_000_y103_0924,2.6,2.608,100,100,24,kaba,True,,38.0,28.0,18.0,964.0,1002.0,1.066,238.526,223.723,0.7779,True,,True,,935.0,2.5,9.5
2026-09-24 20:15:24,MLLB_000_y1.0.3,WHITE,v4_white_MLLB_000_y103_0924,2.6,2.608,100,100,28,kaba,True,,38.0,28.0,18.0,964.0,1002.0,1.065,237.813,223.38,0.7778,True,,True,,935.0,2.5,9.5
2026-09-24 20:15:40,MLLB_000_y1.0.3,WHITE,v4_white_MLLB_000_y103_0924,2.6,2.608,100,100,32,kaba,True,,38.0,28.0,18.0,964.0,1002.0,1.067,238.472,223.554,0.777,True,,True,,935.0,2.5,9.5
2026-09-24 20:15:56,MLLB_000_y1.0.3,WHITE,v4_white_MLLB_000_y103_0924,2.6,2.608,100,100,36,kaba,True,,38.0,28.0,18.0,964.0,1002.0,1.063,237.745,223.618,0.7778,True,,True,,935.0,2.5,9.5
2026-09-24 20:16:12,MLLB_000_y1.0.3,WHITE,v4_white_MLLB_000_y103_0924,2.6,2.608,100,100,40,kaba,True,,38.0,28.0,18.0,964.0,1002.0,1.064,237.702,223.475,0.7777,True,,True,,935.0,2.5,9.5
2026-09-24 20:16:28,MLLB_000_y1.0.3,WHITE,v4_white_MLLB_000_y103_0924,2.6,2.608,100,100,44,kaba,True,,38.0,28.0,18.0,964.0,1002.0,1.067,238.472,223.587,0.7777,True,,True,,935.0,2.5,9.5
2026-09-24 20:16:44,MLLB_000_y1.0.3,WHITE,v4_white_MLLB_000_y103_0924,2.6,2.608,100,100,48,kaba,True,,38.0,28.0,18.0,964.0,1002.0,1.064,237.702,223.483,0.7775,True,,True,,935.0,2.5,9.5
2026-09-24 20:17:00,MLLB_000_y1.0.3,WHITE,v4_white_MLLB_000_y103_0924,2.6,2.608,100,100,52,kaba,True,,38.0,28.0,18.0,964.0,1002.0,1.064,237.702,223.493,0.7784,True,,True,,935.0,2.5,9.5
2026-09-24 20:17:16,MLLB_000_y1.0.3,WHITE,v4_white_MLLB_000_y103_0924,2.6,2.608,100,100,56,kaba,True,,38.0,28.0,18.0,964.0,1002.0,1.063,237.849,223.778,0.7782,True,,True,,935.0,2.5,9.5
2026-09-24 20:17:32,MLLB_000_y1.0.3,WHITE,v4_white_MLLB_000_y103_0924,2.6,2.608,100,100,58,kaba,True,,38.0,28.0,18.0,964.0,1002.0,1.063,237.814,223.784,0.7778,True,,True,,935.0,2.5,9.5
2026-09-24 20:17:33,MLLB_000_y1.0.3,WHITE,v4_white_MLLB_000_y103_0924,2.6,2.608,100,100,13,ince,False,iki-OK-arasi-monotonluk,,,,,,,,,,,,True,,935.0,2.5,9.5
2026-09-24 20:17:33,MLLB_000_y1.0.3,WHITE,v4_white_MLLB_000_y103_0924,2.6,2.608,100,100,14,ince,False,iki-OK-arasi-monotonluk,,,,,,,,,,,,True,,935.0,2.5,9.5
2026-09-24 20:17:33,MLLB_000_y1.0.3,WHITE,v4_white_MLLB_000_y103_0924,2.6,2.608,100,100,15,ince,False,iki-OK-arasi-monotonluk,,,,,,,,,,,,True,,935.0,2.5,9.5
2026-09-24 20:17:33,MLLB_000_y1.0.3,WHITE,v4_white_MLLB_000_y103_0924,2.6,2.608,100,100,17,ince,False,iki-OK-arasi-monotonluk,,,,,,,,,,,,True,,935.0,2.5,9.5
2026-09-24 20:17:33,MLLB_000_y1.0.3,WHITE,v4_white_MLLB_000_y103_0924,2.6,2.608,100,100,18,ince,False,iki-OK-arasi-monotonluk,,,,,,,,,,,,True,,935.0,2.5,9.5
2026-09-24 20:17:33,MLLB_000_y1.0.3,WHITE,v4_white_MLLB_000_y103_0924,2.6,2.608,100,100,19,ince,False,iki-OK-arasi-monotonluk,,,,,,,,,,,,True,,935.0,2.5,9.5
2026-09-24 20:17:33,MLLB_000_y1.0.3,WHITE,v4_white_MLLB_000_y103_0924,2.6,2.608,100,100,21,ince,False,iki-OK-arasi-monotonluk,,,,,,,,,,,,True,,935.0,2.5,9.5
2026-09-24 20:17:33,MLLB_000_y1.0.3,WHITE,v4_white_MLLB_000_y103_0924,2.6,2.608,100,100,22,ince,False,iki-OK-arasi-monotonluk,,,,,,,,,,,,True,,935.0,2.5,9.5
2026-09-24 20:17:33,MLLB_000_y1.0.3,WHITE,v4_white_MLLB_000_y103_0924,2.6,2.608,100,100,23,ince,False,iki-OK-arasi-monotonluk,,,,,,,,,,,,True,,935.0,2.5,9.5
2026-09-24 20:17:33,MLLB_000_y1.0.3,WHITE,v4_white_MLLB_000_y103_0924,2.6,2.608,100,100,25,ince,False,iki-OK-arasi-monotonluk,,,,,,,,,,,,True,,935.0,2.5,9.5
2026-09-24 20:17:33,MLLB_000_y1.0.3,WHITE,v4_white_MLLB_000_y103_0924,2.6,2.608,100,100,26,ince,False,iki-OK-arasi-monotonluk,,,,,,,,,,,,True,,935.0,2.5,9.5
2026-09-24 20:17:33,MLLB_000_y1.0.3,WHITE,v4_white_MLLB_000_y103_0924,2.6,2.608,100,100,27,ince,False,iki-OK-arasi-monotonluk,,,,,,,,,,,,True,,935.0,2.5,9.5
2026-09-24 20:17:33,MLLB_000_y1.0.3,WHITE,v4_white_MLLB_000_y103_0924,2.6,2.608,100,100,29,ince,False,iki-OK-arasi-monotonluk,,,,,,,,,,,,True,,935.0,2.5,9.5
2026-09-24 20:17:33,MLLB_000_y1.0.3,WHITE,v4_white_MLLB_000_y103_0924,2.6,2.608,100,100,30,ince,False,iki-OK-arasi-monotonluk,,,,,,,,,,,,True,,935.0,2.5,9.5
2026-09-24 20:17:33,MLLB_000_y1.0.3,WHITE,v4_white_MLLB_000_y103_0924,2.6,2.608,100,100,31,ince,False,iki-OK-arasi-monotonluk,,,,,,,,,,,,True,,935.0,2.5,9.5
2026-09-24 20:17:33,MLLB_000_y1.0.3,WHITE,v4_white_MLLB_000_y103_0924,2.6,2.608,100,100,33,ince,False,iki-OK-arasi-monotonluk,,,,,,,,,,,,True,,935.0,2.5,9.5
2026-09-24 20:17:33,MLLB_000_y1.0.3,WHITE,v4_white_MLLB_000_y103_0924,2.6,2.608,100,100,34,ince,False,iki-OK-arasi-monotonluk,,,,,,,,,,,,True,,935.0,2.5,9.5
2026-09-24 20:17:33,MLLB_000_y1.0.3,WHITE,v4_white_MLLB_000_y103_0924,2.6,2.608,100,100,35,ince,False,iki-OK-arasi-monotonluk,,,,,,,,,,,,True,,935.0,2.5,9.5
2026-09-24 20:17:33,MLLB_000_y1.0.3,WHITE,v4_white_MLLB_000_y103_0924,2.6,2.608,100,100,37,ince,False,iki-OK-arasi-monotonluk,,,,,,,,,,,,True,,935.0,2.5,9.5
2026-09-24 20:17:33,MLLB_000_y1.0.3,WHITE,v4_white_MLLB_000_y103_0924,2.6,2.608,100,100,38,ince,False,iki-OK-arasi-monotonluk,,,,,,,,,,,,True,,935.0,2.5,9.5
2026-09-24 20:17:33,MLLB_000_y1.0.3,WHITE,v4_white_MLLB_000_y103_0924,2.6,2.608,100,100,39,ince,False,iki-OK-arasi-monotonluk,,,,,,,,,,,,True,,935.0,2.5,9.5
2026-09-24 20:17:33,MLLB_000_y1.0.3,WHITE,v4_white_MLLB_000_y103_0924,2.6,2.608,100,100,41,ince,False,iki-OK-arasi-monotonluk,,,,,,,,,,,,True,,935.0,2.5,9.5
2026-09-24 20:17:33,MLLB_000_y1.0.3,WHITE,v4_white_MLLB_000_y103_0924,2.6,2.608,100,100,42,ince,False,iki-OK-arasi-monotonluk,,,,,,,,,,,,True,,935.0,2.5,9.5
2026-09-24 20:17:33,MLLB_000_y1.0.3,WHITE,v4_white_MLLB_000_y103_0924,2.6,2.608,100,100,43,ince,False,iki-OK-arasi-monotonluk,,,,,,,,,,,,True,,935.0,2.5,9.5
2026-09-24 20:17:33,MLLB_000_y1.0.3,WHITE,v4_white_MLLB_000_y103_0924,2.6,2.608,100,100,45,ince,False,iki-OK-arasi-monotonluk,,,,,,,,,,,,True,,935.0,2.5,9.5
2026-09-24 20:17:33,MLLB_000_y1.0.3,WHITE,v4_white_MLLB_000_y103_0924,2.6,2.608,100,100,46,ince,False,iki-OK-arasi-monotonluk,,,,,,,,,,,,True,,935.0,2.5,9.5
2026-09-24 20:17:33,MLLB_000_y1.0.3,WHITE,v4_white_MLLB_000_y103_0924,2.6,2.608,100,100,47,ince,False,iki-OK-arasi-monotonluk,,,,,,,,,,,,True,,935.0,2.5,9.5
2026-09-24 20:17:33,MLLB_000_y1.0.3,WHITE,v4_white_MLLB_000_y103_0924,2.6,2.608,100,100,49,ince,False,iki-OK-arasi-monotonluk,,,,,,,,,,,,True,,935.0,2.5,9.5
2026-09-24 20:17:33,MLLB_000_y1.0.3,WHITE,v4_white_MLLB_000_y103_0924,2.6,2.608,100,100,50,ince,False,iki-OK-arasi-monotonluk,,,,,,,,,,,,True,,935.0,2.5,9.5
2026-09-24 20:17:33,MLLB_000_y1.0.3,WHITE,v4_white_MLLB_000_y103_0924,2.6,2.608,100,100,51,ince,False,iki-OK-arasi-monotonluk,,,,,,,,,,,,True,,935.0,2.5,9.5
2026-09-24 20:17:33,MLLB_000_y1.0.3,WHITE,v4_white_MLLB_000_y103_0924,2.6,2.608,100,100,53,ince,False,iki-OK-arasi-monotonluk,,,,,,,,,,,,True,,935.0,2.5,9.5
2026-09-24 20:17:33,MLLB_000_y1.0.3,WHITE,v4_white_MLLB_000_y103_0924,2.6,2.608,100,100,54,ince,False,iki-OK-arasi-monotonluk,,,,,,,,,,,,True,,935.0,2.5,9.5
2026-09-24 20:17:33,MLLB_000_y1.0.3,WHITE,v4_white_MLLB_000_y103_0924,2.6,2.608,100,100,55,ince,False,iki-OK-arasi-monotonluk,,,,,,,,,,,,True,,935.0,2.5,9.5
2026-09-24 20:17:33,MLLB_000_y1.0.3,WHITE,v4_white_MLLB_000_y103_0924,2.6,2.608,100,100,57,ince,False,iki-OK-arasi-monotonluk,,,,,,,,,,,,True,,935.0,2.5,9.5
2026-09-24 20:17:33,MLLB_000_y1.0.3,WHITE,v4_white_MLLB_000_y103_0924,2.6,2.608,100,100,,bitti,False,,,,,,,,,,,,,,,935.0,2.5,9.5
2026-09-24 20:17:48,MLLB_000_y1.0.3,WHITE,v4_white_MLLB_000_y103_0924,2.6,2.608,100,80,12,kaba,True,,38.0,28.0,18.0,964.0,1002.0,1.063,237.873,223.834,0.7776,True,,True,,935.0,2.5,9.5
2026-09-24 20:18:04,MLLB_000_y1.0.3,WHITE,v4_white_MLLB_000_y103_0924,2.6,2.608,100,80,16,kaba,True,,38.0,28.0,18.0,964.0,1002.0,1.066,238.472,223.654,0.7779,True,,True,,935.0,2.5,9.5
2026-09-24 20:18:20,MLLB_000_y1.0.3,WHITE,v4_white_MLLB_000_y103_0924,2.6,2.608,100,80,20,kaba,True,,38.0,28.0,18.0,964.0,1002.0,1.067,238.472,223.572,0.7773,True,,True,,935.0,2.5,9.5
2026-09-24 20:18:36,MLLB_000_y1.0.3,WHITE,v4_white_MLLB_000_y103_0924,2.6,2.608,100,80,24,kaba,True,,38.0,28.0,18.0,964.0,1002.0,1.067,238.638,223.73,0.7777,True,,True,,935.0,2.5,9.5
2026-09-24 20:18:52,MLLB_000_y1.0.3,WHITE,v4_white_MLLB_000_y103_0924,2.6,2.608,100,80,28,kaba,True,,38.0,28.0,18.0,964.0,1002.0,1.069,239.242,223.725,0.778,True,,True,,935.0,2.5,9.5
2026-09-24 20:19:08,MLLB_000_y1.0.3,WHITE,v4_white_MLLB_000_y103_0924,2.6,2.608,100,80,32,kaba,True,,38.0,28.0,18.0,964.0,1002.0,1.065,238.472,223.832,0.7781,True,,True,,935.0,2.5,9.5
2026-09-24 20:19:24,MLLB_000_y1.0.3,WHITE,v4_white_MLLB_000_y103_0924,2.6,2.608,100,80,36,kaba,True,,38.0,28.0,18.0,964.0,1002.0,1.065,238.472,223.876,0.7776,True,,True,,935.0,2.5,9.5
2026-09-24 20:19:40,MLLB_000_y1.0.3,WHITE,v4_white_MLLB_000_y103_0924,2.6,2.608,100,80,40,kaba,True,,38.0,28.0,18.0,964.0,1002.0,1.063,237.805,223.772,0.7779,True,,True,,935.0,2.5,9.5
2026-09-24 20:19:56,MLLB_000_y1.0.3,WHITE,v4_white_MLLB_000_y103_0924,2.6,2.608,100,80,44,kaba,True,,38.0,28.0,18.0,964.0,1002.0,1.066,238.472,223.702,0.7781,True,,True,,935.0,2.5,9.5
2026-09-24 20:20:12,MLLB_000_y1.0.3,WHITE,v4_white_MLLB_000_y103_0924,2.6,2.608,100,80,48,kaba,True,,38.0,28.0,18.0,964.0,1002.0,1.066,238.472,223.705,0.7781,True,,True,,935.0,2.5,9.5
2026-09-24 20:20:28,MLLB_000_y1.0.3,WHITE,v4_white_MLLB_000_y103_0924,2.6,2.608,100,80,52,kaba,True,,38.0,28.0,18.0,964.0,1002.0,1.066,238.472,223.712,0.778,True,,True,,935.0,2.5,9.5
2026-09-24 20:20:44,MLLB_000_y1.0.3,WHITE,v4_white_MLLB_000_y103_0924,2.6,2.608,100,80,56,kaba,True,,38.0,28.0,18.0,964.0,1002.0,1.066,238.472,223.716,0.7778,True,,True,,935.0,2.5,9.5
2026-09-24 20:21:00,MLLB_000_y1.0.3,WHITE,v4_white_MLLB_000_y103_0924,2.6,2.608,100,80,58,kaba,True,,38.0,28.0,18.0,964.0,1002.0,1.066,238.472,223.696,0.7779,True,,True,,935.0,2.5,9.5
2026-09-24 20:21:01,MLLB_000_y1.0.3,WHITE,v4_white_MLLB_000_y103_0924,2.6,2.608,100,80,13,ince,False,iki-OK-arasi-monotonluk,,,,,,,,,,,,True,,935.0,2.5,9.5
2026-09-24 20:21:01,MLLB_000_y1.0.3,WHITE,v4_white_MLLB_000_y103_0924,2.6,2.608,100,80,14,ince,False,iki-OK-arasi-monotonluk,,,,,,,,,,,,True,,935.0,2.5,9.5
2026-09-24 20:21:01,MLLB_000_y1.0.3,WHITE,v4_white_MLLB_000_y103_0924,2.6,2.608,100,80,15,ince,False,iki-OK-arasi-monotonluk,,,,,,,,,,,,True,,935.0,2.5,9.5
2026-09-24 20:21:01,MLLB_000_y1.0.3,WHITE,v4_white_MLLB_000_y103_0924,2.6,2.608,100,80,17,ince,False,iki-OK-arasi-monotonluk,,,,,,,,,,,,True,,935.0,2.5,9.5
2026-09-24 20:21:01,MLLB_000_y1.0.3,WHITE,v4_white_MLLB_000_y103_0924,2.6,2.608,100,80,18,ince,False,iki-OK-arasi-monotonluk,,,,,,,,,,,,True,,935.0,2.5,9.5
2026-09-24 20:21:01,MLLB_000_y1.0.3,WHITE,v4_white_MLLB_000_y103_0924,2.6,2.608,100,80,19,ince,False,iki-OK-arasi-monotonluk,,,,,,,,,,,,True,,935.0,2.5,9.5
2026-09-24 20:21:01,MLLB_000_y1.0.3,WHITE,v4_white_MLLB_000_y103_0924,2.6,2.608,100,80,21,ince,False,iki-OK-arasi-monotonluk,,,,,,,,,,,,True,,935.0,2.5,9.5
2026-09-24 20:21:01,MLLB_000_y1.0.3,WHITE,v4_white_MLLB_000_y103_0924,2.6,2.608,100,80,22,ince,False,iki-OK-arasi-monotonluk,,,,,,,,,,,,True,,935.0,2.5,9.5
2026-09-24 20:21:01,MLLB_000_y1.0.3,WHITE,v4_white_MLLB_000_y103_0924,2.6,2.608,100,80,23,ince,False,iki-OK-arasi-monotonluk,,,,,,,,,,,,True,,935.0,2.5,9.5
2026-09-24 20:21:01,MLLB_000_y1.0.3,WHITE,v4_white_MLLB_000_y103_0924,2.6,2.608,100,80,25,ince,False,iki-OK-arasi-monotonluk,,,,,,,,,,,,True,,935.0,2.5,9.5
2026-09-24 20:21:01,MLLB_000_y1.0.3,WHITE,v4_white_MLLB_000_y103_0924,2.6,2.608,100,80,26,ince,False,iki-OK-arasi-monotonluk,,,,,,,,,,,,True,,935.0,2.5,9.5
2026-09-24 20:21:01,MLLB_000_y1.0.3,WHITE,v4_white_MLLB_000_y103_0924,2.6,2.608,100,80,27,ince,False,iki-OK-arasi-monotonluk,,,,,,,,,,,,True,,935.0,2.5,9.5
2026-09-24 20:21:01,MLLB_000_y1.0.3,WHITE,v4_white_MLLB_000_y103_0924,2.6,2.608,100,80,29,ince,False,iki-OK-arasi-monotonluk,,,,,,,,,,,,True,,935.0,2.5,9.5
2026-09-24 20:21:01,MLLB_000_y1.0.3,WHITE,v4_white_MLLB_000_y103_0924,2.6,2.608,100,80,30,ince,False,iki-OK-arasi-monotonluk,,,,,,,,,,,,True,,935.0,2.5,9.5
2026-09-24 20:21:01,MLLB_000_y1.0.3,WHITE,v4_white_MLLB_000_y103_0924,2.6,2.608,100,80,31,ince,False,iki-OK-arasi-monotonluk,,,,,,,,,,,,True,,935.0,2.5,9.5
2026-09-24 20:21:01,MLLB_000_y1.0.3,WHITE,v4_white_MLLB_000_y103_0924,2.6,2.608,100,80,33,ince,False,iki-OK-arasi-monotonluk,,,,,,,,,,,,True,,935.0,2.5,9.5
2026-09-24 20:21:01,MLLB_000_y1.0.3,WHITE,v4_white_MLLB_000_y103_0924,2.6,2.608,100,80,34,ince,False,iki-OK-arasi-monotonluk,,,,,,,,,,,,True,,935.0,2.5,9.5
2026-09-24 20:21:01,MLLB_000_y1.0.3,WHITE,v4_white_MLLB_000_y103_0924,2.6,2.608,100,80,35,ince,False,iki-OK-arasi-monotonluk,,,,,,,,,,,,True,,935.0,2.5,9.5
2026-09-24 20:21:01,MLLB_000_y1.0.3,WHITE,v4_white_MLLB_000_y103_0924,2.6,2.608,100,80,37,ince,False,iki-OK-arasi-monotonluk,,,,,,,,,,,,True,,935.0,2.5,9.5
2026-09-24 20:21:01,MLLB_000_y1.0.3,WHITE,v4_white_MLLB_000_y103_0924,2.6,2.608,100,80,38,ince,False,iki-OK-arasi-monotonluk,,,,,,,,,,,,True,,935.0,2.5,9.5
2026-09-24 20:21:01,MLLB_000_y1.0.3,WHITE,v4_white_MLLB_000_y103_0924,2.6,2.608,100,80,39,ince,False,iki-OK-arasi-monotonluk,,,,,,,,,,,,True,,935.0,2.5,9.5
2026-09-24 20:21:01,MLLB_000_y1.0.3,WHITE,v4_white_MLLB_000_y103_0924,2.6,2.608,100,80,41,ince,False,iki-OK-arasi-monotonluk,,,,,,,,,,,,True,,935.0,2.5,9.5
2026-09-24 20:21:01,MLLB_000_y1.0.3,WHITE,v4_white_MLLB_000_y103_0924,2.6,2.608,100,80,42,ince,False,iki-OK-arasi-monotonluk,,,,,,,,,,,,True,,935.0,2.5,9.5
2026-09-24 20:21:01,MLLB_000_y1.0.3,WHITE,v4_white_MLLB_000_y103_0924,2.6,2.608,100,80,43,ince,False,iki-OK-arasi-monotonluk,,,,,,,,,,,,True,,935.0,2.5,9.5
2026-09-24 20:21:01,MLLB_000_y1.0.3,WHITE,v4_white_MLLB_000_y103_0924,2.6,2.608,100,80,45,ince,False,iki-OK-arasi-monotonluk,,,,,,,,,,,,True,,935.0,2.5,9.5
2026-09-24 20:21:01,MLLB_000_y1.0.3,WHITE,v4_white_MLLB_000_y103_0924,2.6,2.608,100,80,46,ince,False,iki-OK-arasi-monotonluk,,,,,,,,,,,,True,,935.0,2.5,9.5
2026-09-24 20:21:01,MLLB_000_y1.0.3,WHITE,v4_white_MLLB_000_y103_0924,2.6,2.608,100,80,47,ince,False,iki-OK-arasi-monotonluk,,,,,,,,,,,,True,,935.0,2.5,9.5
2026-09-24 20:21:01,MLLB_000_y1.0.3,WHITE,v4_white_MLLB_000_y103_0924,2.6,2.608,100,80,49,ince,False,iki-OK-arasi-monotonluk,,,,,,,,,,,,True,,935.0,2.5,9.5
2026-09-24 20:21:01,MLLB_000_y1.0.3,WHITE,v4_white_MLLB_000_y103_0924,2.6,2.608,100,80,50,ince,False,iki-OK-arasi-monotonluk,,,,,,,,,,,,True,,935.0,2.5,9.5
2026-09-24 20:21:01,MLLB_000_y1.0.3,WHITE,v4_white_MLLB_000_y103_0924,2.6,2.608,100,80,51,ince,False,iki-OK-arasi-monotonluk,,,,,,,,,,,,True,,935.0,2.5,9.5
2026-09-24 20:21:01,MLLB_000_y1.0.3,WHITE,v4_white_MLLB_000_y103_0924,2.6,2.608,100,80,53,ince,False,iki-OK-arasi-monotonluk,,,,,,,,,,,,True,,935.0,2.5,9.5
2026-09-24 20:21:01,MLLB_000_y1.0.3,WHITE,v4_white_MLLB_000_y103_0924,2.6,2.608,100,80,54,ince,False,iki-OK-arasi-monotonluk,,,,,,,,,,,,True,,935.0,2.5,9.5
2026-09-24 20:21:01,MLLB_000_y1.0.3,WHITE,v4_white_MLLB_000_y103_0924,2.6,2.608,100,80,55,ince,False,iki-OK-arasi-monotonluk,,,,,,,,,,,,True,,935.0,2.5,9.5
2026-09-24 20:21:01,MLLB_000_y1.0.3,WHITE,v4_white_MLLB_000_y103_0924,2.6,2.608,100,80,57,ince,False,iki-OK-arasi-monotonluk,,,,,,,,,,,,True,,935.0,2.5,9.5
2026-09-24 20:21:01,MLLB_000_y1.0.3,WHITE,v4_white_MLLB_000_y103_0924,2.6,2.608,100,80,,bitti,False,,,,,,,,,,,,,,,935.0,2.5,9.5
2026-09-24 20:21:13,MLLB_000_y1.0.3,WHITE,v4_white_MLLB_000_y103_0924,2.6,2.608,100,60,12,kaba,True,,38.0,28.0,18.0,964.0,1002.0,1.066,238.472,223.624,0.7777,True,,True,,935.0,2.5,9.5
2026-09-24 20:21:28,MLLB_000_y1.0.3,WHITE,v4_white_MLLB_000_y103_0924,2.6,2.608,100,60,16,kaba,True,,38.0,28.0,18.0,964.0,1002.0,1.066,238.472,223.611,0.7776,True,,True,,935.0,2.5,9.5
2026-09-24 20:21:44,MLLB_000_y1.0.3,WHITE,v4_white_MLLB_000_y103_0924,2.6,2.608,100,60,20,kaba,True,,38.0,28.0,18.0,964.0,1002.0,1.07,239.242,223.609,0.7777,True,,True,,935.0,2.5,9.5
2026-09-24 20:22:00,MLLB_000_y1.0.3,WHITE,v4_white_MLLB_000_y103_0924,2.6,2.608,100,60,24,kaba,True,,38.0,28.0,18.0,964.0,1002.0,1.063,237.702,223.531,0.7779,True,,True,,935.0,2.5,9.5
2026-09-24 20:22:16,MLLB_000_y1.0.3,WHITE,v4_white_MLLB_000_y103_0924,2.6,2.608,100,60,28,kaba,True,,38.0,28.0,18.0,964.0,1002.0,1.063,237.719,223.652,0.7778,True,,True,,935.0,2.5,9.5
2026-09-24 20:22:32,MLLB_000_y1.0.3,WHITE,v4_white_MLLB_000_y103_0924,2.6,2.608,100,60,32,kaba,True,,38.0,28.0,18.0,964.0,1002.0,1.062,237.724,223.829,0.7776,True,,True,,935.0,2.5,9.5
2026-09-24 20:22:48,MLLB_000_y1.0.3,WHITE,v4_white_MLLB_000_y103_0924,2.6,2.608,100,60,36,kaba,True,,38.0,28.0,18.0,964.0,1002.0,1.067,238.56,223.666,0.7778,True,,True,,935.0,2.5,9.5
2026-09-24 20:23:04,MLLB_000_y1.0.3,WHITE,v4_white_MLLB_000_y103_0924,2.6,2.608,100,60,40,kaba,True,,38.0,28.0,18.0,964.0,1002.0,1.067,238.472,223.581,0.7782,True,,True,,935.0,2.5,9.5
2026-09-24 20:23:20,MLLB_000_y1.0.3,WHITE,v4_white_MLLB_000_y103_0924,2.6,2.608,100,60,44,kaba,True,,38.0,28.0,18.0,964.0,1002.0,1.067,238.472,223.523,0.7774,True,,True,,935.0,2.5,9.5
2026-09-24 20:23:36,MLLB_000_y1.0.3,WHITE,v4_white_MLLB_000_y103_0924,2.6,2.608,100,60,48,kaba,True,,38.0,28.0,18.0,964.0,1002.0,1.064,237.889,223.589,0.7775,True,,True,,935.0,2.5,9.5
2026-09-24 20:23:52,MLLB_000_y1.0.3,WHITE,v4_white_MLLB_000_y103_0924,2.6,2.608,100,60,52,kaba,True,,38.0,28.0,18.0,964.0,1002.0,1.067,238.472,223.536,0.778,True,,True,,935.0,2.5,9.5
2026-09-24 20:24:08,MLLB_000_y1.0.3,WHITE,v4_white_MLLB_000_y103_0924,2.6,2.608,100,60,56,kaba,True,,38.0,28.0,18.0,964.0,1002.0,1.063,237.702,223.596,0.7782,True,,True,,935.0,2.5,9.5
2026-09-24 20:24:24,MLLB_000_y1.0.3,WHITE,v4_white_MLLB_000_y103_0924,2.6,2.608,100,60,58,kaba,True,,38.0,28.0,18.0,964.0,1002.0,1.066,238.472,223.604,0.7784,True,,True,,935.0,2.5,9.5
2026-09-24 20:24:25,MLLB_000_y1.0.3,WHITE,v4_white_MLLB_000_y103_0924,2.6,2.608,100,60,13,ince,False,iki-OK-arasi-monotonluk,,,,,,,,,,,,True,,935.0,2.5,9.5
2026-09-24 20:24:25,MLLB_000_y1.0.3,WHITE,v4_white_MLLB_000_y103_0924,2.6,2.608,100,60,14,ince,False,iki-OK-arasi-monotonluk,,,,,,,,,,,,True,,935.0,2.5,9.5
2026-09-24 20:24:25,MLLB_000_y1.0.3,WHITE,v4_white_MLLB_000_y103_0924,2.6,2.608,100,60,15,ince,False,iki-OK-arasi-monotonluk,,,,,,,,,,,,True,,935.0,2.5,9.5
2026-09-24 20:24:25,MLLB_000_y1.0.3,WHITE,v4_white_MLLB_000_y103_0924,2.6,2.608,100,60,17,ince,False,iki-OK-arasi-monotonluk,,,,,,,,,,,,True,,935.0,2.5,9.5
2026-09-24 20:24:25,MLLB_000_y1.0.3,WHITE,v4_white_MLLB_000_y103_0924,2.6,2.608,100,60,18,ince,False,iki-OK-arasi-monotonluk,,,,,,,,,,,,True,,935.0,2.5,9.5
2026-09-24 20:24:25,MLLB_000_y1.0.3,WHITE,v4_white_MLLB_000_y103_0924,2.6,2.608,100,60,19,ince,False,iki-OK-arasi-monotonluk,,,,,,,,,,,,True,,935.0,2.5,9.5
2026-09-24 20:24:25,MLLB_000_y1.0.3,WHITE,v4_white_MLLB_000_y103_0924,2.6,2.608,100,60,21,ince,False,iki-OK-arasi-monotonluk,,,,,,,,,,,,True,,935.0,2.5,9.5
2026-09-24 20:24:25,MLLB_000_y1.0.3,WHITE,v4_white_MLLB_000_y103_0924,2.6,2.608,100,60,22,ince,False,iki-OK-arasi-monotonluk,,,,,,,,,,,,True,,935.0,2.5,9.5
2026-09-24 20:24:25,MLLB_000_y1.0.3,WHITE,v4_white_MLLB_000_y103_0924,2.6,2.608,100,60,23,ince,False,iki-OK-arasi-monotonluk,,,,,,,,,,,,True,,935.0,2.5,9.5
2026-09-24 20:24:25,MLLB_000_y1.0.3,WHITE,v4_white_MLLB_000_y103_0924,2.6,2.608,100,60,25,ince,False,iki-OK-arasi-monotonluk,,,,,,,,,,,,True,,935.0,2.5,9.5
2026-09-24 20:24:25,MLLB_000_y1.0.3,WHITE,v4_white_MLLB_000_y103_0924,2.6,2.608,100,60,26,ince,False,iki-OK-arasi-monotonluk,,,,,,,,,,,,True,,935.0,2.5,9.5
2026-09-24 20:24:25,MLLB_000_y1.0.3,WHITE,v4_white_MLLB_000_y103_0924,2.6,2.608,100,60,27,ince,False,iki-OK-arasi-monotonluk,,,,,,,,,,,,True,,935.0,2.5,9.5
2026-09-24 20:24:25,MLLB_000_y1.0.3,WHITE,v4_white_MLLB_000_y103_0924,2.6,2.608,100,60,29,ince,False,iki-OK-arasi-monotonluk,,,,,,,,,,,,True,,935.0,2.5,9.5
2026-09-24 20:24:25,MLLB_000_y1.0.3,WHITE,v4_white_MLLB_000_y103_0924,2.6,2.608,100,60,30,ince,False,iki-OK-arasi-monotonluk,,,,,,,,,,,,True,,935.0,2.5,9.5
2026-09-24 20:24:25,MLLB_000_y1.0.3,WHITE,v4_white_MLLB_000_y103_0924,2.6,2.608,100,60,31,ince,False,iki-OK-arasi-monotonluk,,,,,,,,,,,,True,,935.0,2.5,9.5
2026-09-24 20:24:25,MLLB_000_y1.0.3,WHITE,v4_white_MLLB_000_y103_0924,2.6,2.608,100,60,33,ince,False,iki-OK-arasi-monotonluk,,,,,,,,,,,,True,,935.0,2.5,9.5
2026-09-24 20:24:25,MLLB_000_y1.0.3,WHITE,v4_white_MLLB_000_y103_0924,2.6,2.608,100,60,34,ince,False,iki-OK-arasi-monotonluk,,,,,,,,,,,,True,,935.0,2.5,9.5
2026-09-24 20:24:25,MLLB_000_y1.0.3,WHITE,v4_white_MLLB_000_y103_0924,2.6,2.608,100,60,35,ince,False,iki-OK-arasi-monotonluk,,,,,,,,,,,,True,,935.0,2.5,9.5
2026-09-24 20:24:25,MLLB_000_y1.0.3,WHITE,v4_white_MLLB_000_y103_0924,2.6,2.608,100,60,37,ince,False,iki-OK-arasi-monotonluk,,,,,,,,,,,,True,,935.0,2.5,9.5
2026-09-24 20:24:25,MLLB_000_y1.0.3,WHITE,v4_white_MLLB_000_y103_0924,2.6,2.608,100,60,38,ince,False,iki-OK-arasi-monotonluk,,,,,,,,,,,,True,,935.0,2.5,9.5
2026-09-24 20:24:25,MLLB_000_y1.0.3,WHITE,v4_white_MLLB_000_y103_0924,2.6,2.608,100,60,39,ince,False,iki-OK-arasi-monotonluk,,,,,,,,,,,,True,,935.0,2.5,9.5
2026-09-24 20:24:25,MLLB_000_y1.0.3,WHITE,v4_white_MLLB_000_y103_0924,2.6,2.608,100,60,41,ince,False,iki-OK-arasi-monotonluk,,,,,,,,,,,,True,,935.0,2.5,9.5
2026-09-24 20:24:25,MLLB_000_y1.0.3,WHITE,v4_white_MLLB_000_y103_0924,2.6,2.608,100,60,42,ince,False,iki-OK-arasi-monotonluk,,,,,,,,,,,,True,,935.0,2.5,9.5
2026-09-24 20:24:25,MLLB_000_y1.0.3,WHITE,v4_white_MLLB_000_y103_0924,2.6,2.608,100,60,43,ince,False,iki-OK-arasi-monotonluk,,,,,,,,,,,,True,,935.0,2.5,9.5
2026-09-24 20:24:25,MLLB_000_y1.0.3,WHITE,v4_white_MLLB_000_y103_0924,2.6,2.608,100,60,45,ince,False,iki-OK-arasi-monotonluk,,,,,,,,,,,,True,,935.0,2.5,9.5
2026-09-24 20:24:25,MLLB_000_y1.0.3,WHITE,v4_white_MLLB_000_y103_0924,2.6,2.608,100,60,46,ince,False,iki-OK-arasi-monotonluk,,,,,,,,,,,,True,,935.0,2.5,9.5
2026-09-24 20:24:25,MLLB_000_y1.0.3,WHITE,v4_white_MLLB_000_y103_0924,2.6,2.608,100,60,47,ince,False,iki-OK-arasi-monotonluk,,,,,,,,,,,,True,,935.0,2.5,9.5
2026-09-24 20:24:25,MLLB_000_y1.0.3,WHITE,v4_white_MLLB_000_y103_0924,2.6,2.608,100,60,49,ince,False,iki-OK-arasi-monotonluk,,,,,,,,,,,,True,,935.0,2.5,9.5
2026-09-24 20:24:25,MLLB_000_y1.0.3,WHITE,v4_white_MLLB_000_y103_0924,2.6,2.608,100,60,50,ince,False,iki-OK-arasi-monotonluk,,,,,,,,,,,,True,,935.0,2.5,9.5
2026-09-24 20:24:25,MLLB_000_y1.0.3,WHITE,v4_white_MLLB_000_y103_0924,2.6,2.608,100,60,51,ince,False,iki-OK-arasi-monotonluk,,,,,,,,,,,,True,,935.0,2.5,9.5
2026-09-24 20:24:25,MLLB_000_y1.0.3,WHITE,v4_white_MLLB_000_y103_0924,2.6,2.608,100,60,53,ince,False,iki-OK-arasi-monotonluk,,,,,,,,,,,,True,,935.0,2.5,9.5
2026-09-24 20:24:25,MLLB_000_y1.0.3,WHITE,v4_white_MLLB_000_y103_0924,2.6,2.608,100,60,54,ince,False,iki-OK-arasi-monotonluk,,,,,,,,,,,,True,,935.0,2.5,9.5
2026-09-24 20:24:25,MLLB_000_y1.0.3,WHITE,v4_white_MLLB_000_y103_0924,2.6,2.608,100,60,55,ince,False,iki-OK-arasi-monotonluk,,,,,,,,,,,,True,,935.0,2.5,9.5
2026-09-24 20:24:25,MLLB_000_y1.0.3,WHITE,v4_white_MLLB_000_y103_0924,2.6,2.608,100,60,57,ince,False,iki-OK-arasi-monotonluk,,,,,,,,,,,,True,,935.0,2.5,9.5
2026-09-24 20:24:25,MLLB_000_y1.0.3,WHITE,v4_white_MLLB_000_y103_0924,2.6,2.608,100,60,,bitti,False,,,,,,,,,,,,,,,935.0,2.5,9.5
